inst#,actual,predicted,error,distribution,,
1,1:high,1:high,,*1,0,0
2,2:medium,2:medium,,0,*1,0
3,3:low,3:low,,0,0,*1
4,3:low,2:medium,+,0,*1,0
5,2:medium,2:medium,,0,*1,0
6,2:medium,3:low,+,0,0,*1
7,2:medium,1:high,+,*1,0,0
8,2:medium,1:high,+,*1,0,0
9,2:medium,1:high,+,*1,0,0
10,2:medium,1:high,+,*1,0,0
11,3:low,1:high,+,*1,0,0
12,3:low,1:high,+,*1,0,0
13,2:medium,1:high,+,*1,0,0
14,1:high,1:high,,*1,0,0
15,3:low,2:medium,+,0,*1,0
16,3:low,3:low,,0,0,*1
17,3:low,1:high,+,*1,0,0
18,3:low,2:medium,+,0,*1,0
19,3:low,3:low,,0,0,*1
20,2:medium,2:medium,,0,*0.997,0.003
21,3:low,3:low,,0,0,*1
22,3:low,3:low,,0,0,*1
23,3:low,3:low,,0,0,*1
24,2:medium,3:low,+,0,0,*1
25,2:medium,3:low,+,0,0,*1
26,3:low,3:low,,0,0,*1
27,2:medium,3:low,+,0,0,*1
28,3:low,2:medium,+,0,*0.907,0.093
29,3:low,3:low,,0,0,*1
30,2:medium,2:medium,,0,*0.995,0.005
31,3:low,3:low,,0,0,*1
32,3:low,3:low,,0,0,*1
33,2:medium,3:low,+,0.034,0,*0.966
34,3:low,3:low,,0,0,*1
35,3:low,3:low,,0,0,*1
36,3:low,3:low,,0,0,*1
37,3:low,3:low,,0,0,*1
38,3:low,3:low,,0,0,*1
39,2:medium,3:low,+,0,0,*1
40,2:medium,3:low,+,0,0,*1
41,2:medium,3:low,+,0,0.023,*0.977
42,2:medium,2:medium,,0,*1,0
43,3:low,2:medium,+,0,*1,0
44,2:medium,2:medium,,0,*1,0
45,2:medium,2:medium,,0,*1,0
46,3:low,2:medium,+,0,*0.986,0.014
47,3:low,3:low,,0,0,*1
48,3:low,3:low,,0,0,*1
