inst#,actual,predicted,error,distribution,,
1,1:high,1:high,,*1,0,0
2,2:medium,2:medium,,0,*1,0
3,3:low,2:medium,+,0,*0.997,0.003
4,3:low,2:medium,+,0,*1,0
5,2:medium,2:medium,,0,*0.924,0.076
6,2:medium,3:low,+,0,0,*1
7,2:medium,1:high,+,*1,0,0
8,2:medium,1:high,+,*1,0,0
9,2:medium,1:high,+,*1,0,0
10,2:medium,1:high,+,*1,0,0
11,3:low,1:high,+,*1,0,0
12,3:low,1:high,+,*1,0,0
13,2:medium,1:high,+,*1,0,0
14,1:high,1:high,,*1,0,0
15,3:low,2:medium,+,0,*1,0
16,3:low,2:medium,+,0,*1,0
17,3:low,1:high,+,*1,0,0
18,3:low,2:medium,+,0,*1,0
19,3:low,2:medium,+,0,*1,0
20,2:medium,3:low,+,0,0,*1
21,3:low,3:low,,0,0,*1
22,3:low,3:low,,0,0.017,*0.983
23,3:low,3:low,,0,0,*1
24,2:medium,3:low,+,0,0.252,*0.748
25,2:medium,3:low,+,0,0.005,*0.995
26,3:low,2:medium,+,0,*0.965,0.035
27,2:medium,3:low,+,0,0.016,*0.984
28,3:low,3:low,,0,0,*1
29,3:low,3:low,,0,0.056,*0.944
30,2:medium,2:medium,,0.086,*0.914,0
31,3:low,3:low,,0,0,*1
32,3:low,2:medium,+,0,*0.991,0.009
33,2:medium,2:medium,,0,*0.992,0.008
34,3:low,3:low,,0,0,*1
35,3:low,3:low,,0,0,*1
36,3:low,3:low,,0,0,*1
37,3:low,3:low,,0,0,*1
38,3:low,3:low,,0,0,*1
39,2:medium,2:medium,,0,*0.974,0.026
40,2:medium,3:low,+,0,0,*1
41,2:medium,2:medium,,0,*1,0
42,2:medium,2:medium,,0,*0.874,0.126
43,3:low,3:low,,0,0,*1
44,2:medium,2:medium,,0,*1,0
45,2:medium,2:medium,,0,*1,0
46,3:low,2:medium,+,0,*1,0
47,3:low,3:low,,0,0.398,*0.602
48,3:low,3:low,,0,0,*1
