inst#,actual,predicted,error,distribution,,
1,1:high,1:high,,*1,0,0
2,2:medium,2:medium,,0.001,*0.999,0
3,3:low,2:medium,+,0,*0.987,0.013
4,3:low,2:medium,+,0,*1,0
5,2:medium,2:medium,,0,*1,0
6,2:medium,3:low,+,0,0.01,*0.99
7,2:medium,1:high,+,*1,0,0
8,2:medium,1:high,+,*1,0,0
9,2:medium,1:high,+,*1,0,0
10,2:medium,1:high,+,*1,0,0
11,3:low,1:high,+,*1,0,0
12,3:low,1:high,+,*1,0,0
13,2:medium,1:high,+,*1,0,0
14,1:high,1:high,,*1,0,0
15,3:low,2:medium,+,0,*1,0
16,3:low,2:medium,+,0,*1,0
17,3:low,1:high,+,*1,0,0
18,3:low,2:medium,+,0,*1,0
19,3:low,2:medium,+,0,*1,0
20,2:medium,2:medium,,0,*1,0
21,3:low,3:low,,0,0.001,*0.999
22,3:low,2:medium,+,0,*1,0
23,3:low,2:medium,+,0,*0.981,0.019
24,2:medium,2:medium,,0,*0.899,0.101
25,2:medium,2:medium,,0,*0.999,0.001
26,3:low,2:medium,+,0,*1,0
27,2:medium,2:medium,,0,*1,0
28,3:low,2:medium,+,0,*1,0
29,3:low,3:low,,0,0,*1
30,2:medium,2:medium,,0,*1,0
31,3:low,2:medium,+,0,*0.956,0.044
32,3:low,2:medium,+,0,*1,0
33,2:medium,2:medium,,0,*1,0
34,3:low,2:medium,+,0,*1,0
35,3:low,2:medium,+,0,*1,0
36,3:low,3:low,,0,0,*1
37,3:low,2:medium,+,0,*1,0
38,3:low,2:medium,+,0,*1,0
39,2:medium,2:medium,,0,*1,0
40,2:medium,2:medium,,0,*0.994,0.006
41,2:medium,3:low,+,0,0.271,*0.729
42,2:medium,2:medium,,0,*1,0
43,3:low,2:medium,+,0,*1,0
44,2:medium,2:medium,,0,*1,0
45,2:medium,2:medium,,0,*1,0
46,3:low,2:medium,+,0,*1,0
47,3:low,2:medium,+,0,*1,0
48,3:low,2:medium,+,0,*1,0
