inst#,actual,predicted,error,distribution,,
1,1:high,1:high,,*1,0,0
2,2:medium,1:high,+,*0.995,0,0.005
3,3:low,2:medium,+,0,*1,0
4,3:low,2:medium,+,0,*1,0
5,2:medium,2:medium,,0,*1,0
6,2:medium,2:medium,,0,*0.997,0.003
7,2:medium,1:high,+,*1,0,0
8,2:medium,1:high,+,*1,0,0
9,2:medium,1:high,+,*1,0,0
10,2:medium,1:high,+,*1,0,0
11,3:low,1:high,+,*1,0,0
12,3:low,1:high,+,*1,0,0
13,2:medium,1:high,+,*1,0,0
14,1:high,1:high,,*1,0,0
15,3:low,2:medium,+,0,*1,0
16,3:low,2:medium,+,0,*1,0
17,3:low,1:high,+,*1,0,0
18,3:low,3:low,,0,0.221,*0.779
19,3:low,3:low,,0,0.026,*0.974
20,2:medium,2:medium,,0,*1,0
21,3:low,2:medium,+,0,*0.904,0.096
22,3:low,2:medium,+,0,*0.888,0.112
23,3:low,2:medium,+,0,*0.919,0.081
24,2:medium,2:medium,,0,*1,0
25,2:medium,2:medium,,0,*1,0
26,3:low,2:medium,+,0,*1,0
27,2:medium,2:medium,,0,*1,0
28,3:low,2:medium,+,0,*1,0
29,3:low,2:medium,+,0,*1,0
30,2:medium,2:medium,,0,*1,0
31,3:low,2:medium,+,0,*1,0
32,3:low,2:medium,+,0,*0.843,0.157
33,2:medium,2:medium,,0,*1,0
34,3:low,3:low,,0,0,*1
35,3:low,3:low,,0,0,*1
36,3:low,3:low,,0,0.013,*0.987
37,3:low,2:medium,+,0,*1,0
38,3:low,2:medium,+,0,*1,0
39,2:medium,2:medium,,0,*0.999,0.001
40,2:medium,2:medium,,0,*1,0
41,2:medium,2:medium,,0,*1,0
42,2:medium,2:medium,,0,*1,0
43,3:low,2:medium,+,0,*1,0
44,2:medium,2:medium,,0,*1,0
45,2:medium,2:medium,,0,*1,0
46,3:low,2:medium,+,0,*1,0
47,3:low,2:medium,+,0,*1,0
48,3:low,3:low,,0,0.006,*0.994
