inst#,actual,predicted,error,prediction
1,2:medium,2:medium,,0.769
2,3:low,2:medium,+,0.692
3,3:low,2:medium,+,0.692
4,2:medium,2:medium,,0.808
5,2:medium,2:medium,,0.615
6,2:medium,2:medium,,0.538
7,2:medium,2:medium,,0.423
8,2:medium,2:medium,,0.654
9,2:medium,2:medium,,0.5
10,2:medium,2:medium,,0.538
11,2:medium,2:medium,,0.577
12,2:medium,2:medium,,0.538
13,2:medium,2:medium,,0.577
14,2:medium,2:medium,,0.5
15,2:medium,2:medium,,0.731
16,2:medium,2:medium,,0.5
17,1:high,1:high,,0.462
18,2:medium,2:medium,,0.538
19,2:medium,2:medium,,0.538
20,2:medium,2:medium,,0.538
21,2:medium,2:medium,,0.5
22,3:low,2:medium,+,0.615
23,3:low,2:medium,+,0.615
24,2:medium,2:medium,,0.577
25,1:high,2:medium,+,0.577
26,2:medium,2:medium,,0.731
27,2:medium,2:medium,,0.615
28,2:medium,2:medium,,0.731
29,2:medium,2:medium,,0.654
30,2:medium,2:medium,,0.538
31,2:medium,2:medium,,0.692
32,2:medium,2:medium,,0.462
33,1:high,2:medium,+,0.692
34,2:medium,3:low,+,0.538
35,2:medium,2:medium,,0.5
36,2:medium,2:medium,,0.5
37,2:medium,1:high,+,0.731
38,2:medium,2:medium,,0.462
39,3:low,2:medium,+,0.654
40,3:low,2:medium,+,0.615
41,3:low,2:medium,+,0.577
42,2:medium,2:medium,,0.577
43,2:medium,2:medium,,0.538
44,2:medium,2:medium,,0.577
45,2:medium,2:medium,,0.538
46,2:medium,2:medium,,0.5
47,2:medium,2:medium,,0.5
48,3:low,2:medium,+,0.615

