inst#,actual,predicted,error,prediction
1,2:medium,2:medium,,0.822
2,3:low,2:medium,+,0.534
3,3:low,2:medium,+,0.675
4,2:medium,2:medium,,0.679
5,2:medium,2:medium,,0.651
6,2:medium,1:high,+,0.539
7,2:medium,2:medium,,0.462
8,2:medium,2:medium,,0.69
9,2:medium,2:medium,,0.613
10,2:medium,2:medium,,0.488
11,2:medium,2:medium,,0.712
12,2:medium,2:medium,,0.473
13,2:medium,2:medium,,0.626
14,2:medium,2:medium,,0.64
15,2:medium,2:medium,,0.658
16,2:medium,1:high,+,0.401
17,1:high,2:medium,+,0.514
18,2:medium,2:medium,,0.68
19,2:medium,2:medium,,0.617
20,2:medium,2:medium,,0.587
21,2:medium,2:medium,,0.53
22,3:low,2:medium,+,0.902
23,3:low,2:medium,+,0.532
24,2:medium,2:medium,,0.579
25,1:high,3:low,+,0.51
26,2:medium,2:medium,,0.521
27,2:medium,2:medium,,0.663
28,2:medium,3:low,+,0.563
29,2:medium,3:low,+,0.591
30,2:medium,2:medium,,0.538
31,2:medium,2:medium,,0.544
32,2:medium,2:medium,,0.563
33,1:high,2:medium,+,0.584
34,2:medium,3:low,+,0.474
35,2:medium,2:medium,,0.531
36,2:medium,3:low,+,0.495
37,2:medium,1:high,+,0.557
38,2:medium,2:medium,,0.617
39,3:low,2:medium,+,0.779
40,3:low,2:medium,+,0.554
41,3:low,2:medium,+,0.542
42,2:medium,3:low,+,0.483
43,2:medium,2:medium,,0.519
44,2:medium,2:medium,,0.553
45,2:medium,2:medium,,0.686
46,2:medium,2:medium,,0.671
47,2:medium,2:medium,,0.612
48,3:low,2:medium,+,0.476

