inst#,actual,predicted,error,prediction
1,2:medium,2:medium,,0.583
2,3:low,3:low,,0.425
3,3:low,2:medium,+,0.521
4,2:medium,2:medium,,0.57
5,2:medium,2:medium,,0.507
6,2:medium,2:medium,,0.575
7,2:medium,2:medium,,0.467
8,2:medium,2:medium,,0.532
9,2:medium,2:medium,,0.548
10,2:medium,2:medium,,0.497
11,2:medium,2:medium,,0.471
12,2:medium,2:medium,,0.526
13,2:medium,2:medium,,0.514
14,2:medium,2:medium,,0.488
15,2:medium,2:medium,,0.502
16,2:medium,2:medium,,0.481
17,1:high,3:low,+,0.573
18,2:medium,2:medium,,0.484
19,2:medium,2:medium,,0.422
20,2:medium,2:medium,,0.443
21,2:medium,2:medium,,0.484
22,3:low,2:medium,+,0.55
23,3:low,2:medium,+,0.55
24,2:medium,2:medium,,0.508
25,1:high,2:medium,+,0.459
26,2:medium,2:medium,,0.456
27,2:medium,2:medium,,0.468
28,2:medium,2:medium,,0.459
29,2:medium,2:medium,,0.431
30,2:medium,2:medium,,0.518
31,2:medium,2:medium,,0.52
32,2:medium,2:medium,,0.527
33,1:high,2:medium,+,0.391
34,2:medium,2:medium,,0.43
35,2:medium,2:medium,,0.463
36,2:medium,2:medium,,0.523
37,2:medium,1:high,+,0.6
38,2:medium,2:medium,,0.484
39,3:low,2:medium,+,0.522
40,3:low,2:medium,+,0.504
41,3:low,2:medium,+,0.487
42,2:medium,2:medium,,0.509
43,2:medium,2:medium,,0.473
44,2:medium,2:medium,,0.476
45,2:medium,2:medium,,0.516
46,2:medium,2:medium,,0.525
47,2:medium,2:medium,,0.531
48,3:low,2:medium,+,0.531

