inst#,actual,predicted,error,prediction
1,2:medium,2:medium,,0.699
2,3:low,2:medium,+,0.633
3,3:low,2:medium,+,0.674
4,2:medium,2:medium,,0.497
5,2:medium,2:medium,,0.667
6,2:medium,1:high,+,0.482
7,2:medium,2:medium,,0.629
8,2:medium,2:medium,,0.75
9,2:medium,2:medium,,0.781
10,2:medium,2:medium,,0.454
11,2:medium,2:medium,,0.833
12,2:medium,2:medium,,0.581
13,2:medium,2:medium,,0.683
14,2:medium,2:medium,,0.721
15,2:medium,2:medium,,0.66
16,2:medium,1:high,+,0.59
17,1:high,1:high,,0.476
18,2:medium,2:medium,,0.769
19,2:medium,2:medium,,0.625
20,2:medium,2:medium,,0.617
21,2:medium,2:medium,,0.561
22,3:low,2:medium,+,0.732
23,3:low,3:low,,0.613
24,2:medium,2:medium,,0.567
25,1:high,3:low,+,0.588
26,2:medium,2:medium,,0.501
27,2:medium,2:medium,,0.553
28,2:medium,3:low,+,0.602
29,2:medium,3:low,+,0.539
30,2:medium,3:low,+,0.498
31,2:medium,2:medium,,0.521
32,2:medium,2:medium,,0.556
33,1:high,2:medium,+,0.443
34,2:medium,2:medium,,0.453
35,2:medium,2:medium,,0.5
36,2:medium,3:low,+,0.43
37,2:medium,1:high,+,0.439
38,2:medium,1:high,+,0.398
39,3:low,3:low,,0.69
40,3:low,2:medium,+,0.501
41,3:low,2:medium,+,0.522
42,2:medium,2:medium,,0.623
43,2:medium,2:medium,,0.699
44,2:medium,2:medium,,0.769
45,2:medium,2:medium,,0.776
46,2:medium,2:medium,,0.807
47,2:medium,2:medium,,0.785
48,3:low,2:medium,+,0.751

