inst#,actual,predicted,error,prediction
1,2:medium,2:medium,,0.596
2,3:low,2:medium,+,0.669
3,3:low,2:medium,+,0.688
4,2:medium,1:high,+,0.672
5,2:medium,2:medium,,0.592
6,2:medium,1:high,+,0.364
7,2:medium,2:medium,,0.499
8,2:medium,2:medium,,0.344
9,2:medium,2:medium,,0.494
10,2:medium,1:high,+,0.664
11,2:medium,2:medium,,0.467
12,2:medium,3:low,+,0.377
13,2:medium,2:medium,,0.579
14,2:medium,2:medium,,0.538
15,2:medium,2:medium,,0.774
16,2:medium,1:high,+,0.4
17,1:high,2:medium,+,0.578
18,2:medium,2:medium,,0.57
19,2:medium,3:low,+,0.468
20,2:medium,2:medium,,0.736
21,2:medium,2:medium,,0.581
22,3:low,2:medium,+,0.843
23,3:low,2:medium,+,0.553
24,2:medium,2:medium,,0.748
25,1:high,2:medium,+,0.77
26,2:medium,2:medium,,0.741
27,2:medium,2:medium,,0.904
28,2:medium,2:medium,,0.678
29,2:medium,2:medium,,0.496
30,2:medium,2:medium,,0.617
31,2:medium,2:medium,,0.603
32,2:medium,2:medium,,0.637
33,1:high,3:low,+,0.519
34,2:medium,2:medium,,0.56
35,2:medium,2:medium,,0.563
36,2:medium,2:medium,,0.547
37,2:medium,1:high,+,0.8
38,2:medium,1:high,+,0.746
39,3:low,2:medium,+,0.572
40,3:low,2:medium,+,0.593
41,3:low,2:medium,+,0.647
42,2:medium,2:medium,,0.579
43,2:medium,2:medium,,0.606
44,2:medium,2:medium,,0.701
45,2:medium,2:medium,,0.805
46,2:medium,2:medium,,0.805
47,2:medium,2:medium,,0.687
48,3:low,2:medium,+,0.614

