inst#,actual,predicted,error,prediction
1,2:medium,2:medium,,0.865
2,3:low,2:medium,+,0.662
3,3:low,2:medium,+,0.75
4,2:medium,2:medium,,0.748
5,2:medium,2:medium,,0.634
6,2:medium,2:medium,,0.361
7,2:medium,2:medium,,0.622
8,2:medium,2:medium,,0.778
9,2:medium,2:medium,,0.651
10,2:medium,2:medium,,0.518
11,2:medium,2:medium,,0.575
12,2:medium,2:medium,,0.518
13,2:medium,2:medium,,0.662
14,2:medium,2:medium,,0.691
15,2:medium,2:medium,,0.69
16,2:medium,1:high,+,0.339
17,1:high,2:medium,+,0.54
18,2:medium,2:medium,,0.806
19,2:medium,3:low,+,0.553
20,2:medium,3:low,+,0.582
21,2:medium,2:medium,,0.52
22,3:low,2:medium,+,0.852
23,3:low,2:medium,+,0.518
24,2:medium,2:medium,,0.594
25,1:high,2:medium,+,0.575
26,2:medium,2:medium,,0.576
27,2:medium,3:low,+,0.523
28,2:medium,2:medium,,0.577
29,2:medium,2:medium,,0.72
30,2:medium,2:medium,,0.69
31,2:medium,2:medium,,0.634
32,2:medium,2:medium,,0.651
33,1:high,3:low,+,0.521
34,2:medium,3:low,+,0.578
35,2:medium,2:medium,,0.552
36,2:medium,3:low,+,0.537
37,2:medium,1:high,+,0.517
38,2:medium,2:medium,,0.666
39,3:low,2:medium,+,0.523
40,3:low,2:medium,+,0.637
41,3:low,2:medium,+,0.735
42,2:medium,2:medium,,0.684
43,2:medium,2:medium,,0.668
44,2:medium,2:medium,,0.812
45,2:medium,2:medium,,0.724
46,2:medium,2:medium,,0.782
47,2:medium,2:medium,,0.638
48,3:low,2:medium,+,0.697

