inst#,actual,predicted,error,prediction
1,2:medium,2:medium,,0.619
2,3:low,2:medium,+,0.633
3,3:low,2:medium,+,0.696
4,2:medium,2:medium,,0.699
5,2:medium,2:medium,,0.729
6,2:medium,2:medium,,0.486
7,2:medium,2:medium,,0.441
8,2:medium,2:medium,,0.605
9,2:medium,2:medium,,0.595
10,2:medium,2:medium,,0.639
11,2:medium,2:medium,,0.671
12,2:medium,2:medium,,0.602
13,2:medium,2:medium,,0.589
14,2:medium,2:medium,,0.561
15,2:medium,2:medium,,0.642
16,2:medium,2:medium,,0.563
17,1:high,2:medium,+,0.397
18,2:medium,2:medium,,0.688
19,2:medium,2:medium,,0.598
20,2:medium,2:medium,,0.544
21,2:medium,2:medium,,0.59
22,3:low,2:medium,+,0.656
23,3:low,2:medium,+,0.694
24,2:medium,2:medium,,0.741
25,1:high,2:medium,+,0.663
26,2:medium,2:medium,,0.561
27,2:medium,2:medium,,0.574
28,2:medium,2:medium,,0.525
29,2:medium,2:medium,,0.692
30,2:medium,2:medium,,0.683
31,2:medium,2:medium,,0.614
32,2:medium,2:medium,,0.606
33,1:high,2:medium,+,0.576
34,2:medium,2:medium,,0.465
35,2:medium,2:medium,,0.515
36,2:medium,2:medium,,0.448
37,2:medium,1:high,+,0.599
38,2:medium,2:medium,,0.488
39,3:low,3:low,,0.466
40,3:low,2:medium,+,0.619
41,3:low,2:medium,+,0.564
42,2:medium,2:medium,,0.528
43,2:medium,2:medium,,0.601
44,2:medium,2:medium,,0.585
45,2:medium,2:medium,,0.666
46,2:medium,2:medium,,0.592
47,2:medium,2:medium,,0.479
48,3:low,2:medium,+,0.441

