inst#,actual,predicted,error,prediction
1,2:medium,2:medium,,0.75
2,3:low,2:medium,+,0.563
3,3:low,2:medium,+,0.875
4,2:medium,2:medium,,0.688
5,2:medium,2:medium,,0.563
6,2:medium,2:medium,,0.563
7,2:medium,2:medium,,0.563
8,2:medium,2:medium,,0.688
9,2:medium,2:medium,,0.625
10,2:medium,2:medium,,0.5
11,2:medium,2:medium,,0.563
12,2:medium,2:medium,,0.563
13,2:medium,2:medium,,0.438
14,2:medium,3:low,+,0.5
15,2:medium,2:medium,,0.75
16,2:medium,2:medium,,0.5
17,1:high,1:high,,0.438
18,2:medium,2:medium,,0.813
19,2:medium,3:low,+,0.563
20,2:medium,3:low,+,0.563
21,2:medium,3:low,+,0.625
22,3:low,2:medium,+,0.75
23,3:low,3:low,,0.563
24,2:medium,2:medium,,0.5
25,1:high,3:low,+,0.625
26,2:medium,2:medium,,0.625
27,2:medium,2:medium,,0.625
28,2:medium,2:medium,,0.688
29,2:medium,2:medium,,0.688
30,2:medium,2:medium,,0.563
31,2:medium,2:medium,,0.5
32,2:medium,2:medium,,0.5
33,1:high,2:medium,+,0.438
34,2:medium,2:medium,,0.688
35,2:medium,2:medium,,0.688
36,2:medium,2:medium,,0.688
37,2:medium,1:high,+,0.688
38,2:medium,3:low,+,0.438
39,3:low,2:medium,+,0.438
40,3:low,2:medium,+,0.563
41,3:low,2:medium,+,0.5
42,2:medium,2:medium,,0.625
43,2:medium,3:low,+,0.438
44,2:medium,3:low,+,0.438
45,2:medium,2:medium,,0.688
46,2:medium,2:medium,,0.625
47,2:medium,2:medium,,0.688
48,3:low,2:medium,+,0.75

