inst#,actual,predicted,error,prediction
1,2:medium,2:medium,,0.955
2,3:low,2:medium,+,0.593
3,3:low,2:medium,+,0.745
4,2:medium,2:medium,,0.902
5,2:medium,2:medium,,0.728
6,2:medium,2:medium,,0.914
7,2:medium,2:medium,,0.632
8,2:medium,2:medium,,0.831
9,2:medium,2:medium,,0.858
10,2:medium,2:medium,,0.855
11,2:medium,2:medium,,0.694
12,2:medium,2:medium,,0.894
13,2:medium,2:medium,,0.681
14,2:medium,2:medium,,0.622
15,2:medium,2:medium,,0.766
16,2:medium,2:medium,,0.681
17,1:high,3:low,+,0.807
18,2:medium,2:medium,,0.675
19,2:medium,2:medium,,0.549
20,2:medium,2:medium,,0.497
21,2:medium,2:medium,,0.61
22,3:low,2:medium,+,0.777
23,3:low,2:medium,+,0.85
24,2:medium,2:medium,,0.62
25,1:high,2:medium,+,0.56
26,2:medium,2:medium,,0.743
27,2:medium,2:medium,,0.74
28,2:medium,2:medium,,0.738
29,2:medium,2:medium,,0.643
30,2:medium,2:medium,,0.582
31,2:medium,2:medium,,0.828
32,2:medium,2:medium,,0.714
33,1:high,2:medium,+,0.592
34,2:medium,2:medium,,0.538
35,2:medium,2:medium,,0.561
36,2:medium,2:medium,,0.7
37,2:medium,1:high,+,0.9
38,2:medium,2:medium,,0.636
39,3:low,2:medium,+,0.877
40,3:low,2:medium,+,0.682
41,3:low,3:low,,0.541
42,2:medium,2:medium,,0.57
43,2:medium,2:medium,,0.534
44,2:medium,2:medium,,0.54
45,2:medium,2:medium,,0.845
46,2:medium,2:medium,,0.851
47,2:medium,2:medium,,0.847
48,3:low,2:medium,+,0.806

