inst#,actual,predicted,error,prediction
1,2:medium,2:medium,,0.77
2,3:low,2:medium,+,0.741
3,3:low,2:medium,+,0.717
4,2:medium,2:medium,,0.602
5,2:medium,2:medium,,0.674
6,2:medium,2:medium,,0.437
7,2:medium,2:medium,,0.399
8,2:medium,2:medium,,0.448
9,2:medium,2:medium,,0.492
10,2:medium,2:medium,,0.398
11,2:medium,2:medium,,0.565
12,2:medium,2:medium,,0.494
13,2:medium,2:medium,,0.614
14,2:medium,2:medium,,0.485
15,2:medium,2:medium,,0.631
16,2:medium,1:high,+,0.5
17,1:high,2:medium,+,0.431
18,2:medium,2:medium,,0.565
19,2:medium,2:medium,,0.608
20,2:medium,3:low,+,0.574
21,2:medium,2:medium,,0.607
22,3:low,2:medium,+,0.775
23,3:low,2:medium,+,0.61
24,2:medium,2:medium,,0.627
25,1:high,2:medium,+,0.486
26,2:medium,2:medium,,0.595
27,2:medium,2:medium,,0.54
28,2:medium,2:medium,,0.537
29,2:medium,2:medium,,0.574
30,2:medium,2:medium,,0.591
31,2:medium,2:medium,,0.567
32,2:medium,2:medium,,0.565
33,1:high,2:medium,+,0.491
34,2:medium,3:low,+,0.39
35,2:medium,3:low,+,0.404
36,2:medium,2:medium,,0.414
37,2:medium,1:high,+,0.716
38,2:medium,3:low,+,0.432
39,3:low,2:medium,+,0.526
40,3:low,2:medium,+,0.626
41,3:low,2:medium,+,0.564
42,2:medium,2:medium,,0.493
43,2:medium,2:medium,,0.598
44,2:medium,2:medium,,0.577
45,2:medium,2:medium,,0.564
46,2:medium,2:medium,,0.666
47,2:medium,2:medium,,0.647
48,3:low,2:medium,+,0.581

