inst#,actual,predicted,error,prediction
1,2:medium,2:medium,,1
2,3:low,2:medium,+,1
3,3:low,2:medium,+,1
4,2:medium,2:medium,,1
5,2:medium,2:medium,,1
6,2:medium,1:high,+,1
7,2:medium,2:medium,,1
8,2:medium,2:medium,,1
9,2:medium,2:medium,,0.997
10,2:medium,1:high,+,1
11,2:medium,2:medium,,1
12,2:medium,3:low,+,1
13,2:medium,2:medium,,1
14,2:medium,2:medium,,0.927
15,2:medium,2:medium,,1
16,2:medium,1:high,+,1
17,1:high,2:medium,+,1
18,2:medium,2:medium,,1
19,2:medium,3:low,+,1
20,2:medium,2:medium,,1
21,2:medium,2:medium,,1
22,3:low,2:medium,+,1
23,3:low,3:low,,0.946
24,2:medium,2:medium,,1
25,1:high,2:medium,+,1
26,2:medium,3:low,+,0.814
27,2:medium,2:medium,,1
28,2:medium,2:medium,,1
29,2:medium,3:low,+,1
30,2:medium,2:medium,,1
31,2:medium,2:medium,,1
32,2:medium,2:medium,,1
33,1:high,3:low,+,1
34,2:medium,3:low,+,1
35,2:medium,2:medium,,0.992
36,2:medium,3:low,+,1
37,2:medium,1:high,+,1
38,2:medium,2:medium,,1
39,3:low,3:low,,1
40,3:low,2:medium,+,1
41,3:low,2:medium,+,1
42,2:medium,2:medium,,1
43,2:medium,2:medium,,1
44,2:medium,2:medium,,1
45,2:medium,2:medium,,1
46,2:medium,2:medium,,1
47,2:medium,2:medium,,1
48,3:low,2:medium,+,1

