inst#,actual,predicted,error,prediction
1,2:medium,2:medium,,0.789
2,3:low,2:medium,+,0.713
3,3:low,2:medium,+,0.886
4,2:medium,1:high,+,0.528
5,2:medium,2:medium,,0.683
6,2:medium,1:high,+,0.597
7,2:medium,2:medium,,0.741
8,2:medium,2:medium,,0.665
9,2:medium,2:medium,,0.694
10,2:medium,1:high,+,0.477
11,2:medium,2:medium,,0.684
12,2:medium,2:medium,,0.482
13,2:medium,2:medium,,0.722
14,2:medium,2:medium,,0.636
15,2:medium,2:medium,,0.887
16,2:medium,1:high,+,0.547
17,1:high,2:medium,+,0.48
18,2:medium,2:medium,,0.722
19,2:medium,2:medium,,0.615
20,2:medium,3:low,+,0.486
21,2:medium,2:medium,,0.809
22,3:low,2:medium,+,0.828
23,3:low,2:medium,+,0.742
24,2:medium,2:medium,,0.664
25,1:high,2:medium,+,0.665
26,2:medium,2:medium,,0.655
27,2:medium,2:medium,,0.704
28,2:medium,2:medium,,0.578
29,2:medium,2:medium,,0.731
30,2:medium,2:medium,,0.655
31,2:medium,2:medium,,0.646
32,2:medium,2:medium,,0.53
33,1:high,2:medium,+,0.713
34,2:medium,3:low,+,0.465
35,2:medium,2:medium,,0.5
36,2:medium,2:medium,,0.586
37,2:medium,1:high,+,0.548
38,2:medium,1:high,+,0.598
39,3:low,2:medium,+,0.501
40,3:low,2:medium,+,0.636
41,3:low,2:medium,+,0.664
42,2:medium,2:medium,,0.54
43,2:medium,2:medium,,0.684
44,2:medium,2:medium,,0.645
45,2:medium,2:medium,,0.733
46,2:medium,2:medium,,0.722
47,2:medium,2:medium,,0.732
48,3:low,2:medium,+,0.588

