inst#,actual,predicted,error,prediction
1,2:medium,2:medium,,0.931
2,3:low,2:medium,+,0.585
3,3:low,2:medium,+,0.749
4,2:medium,2:medium,,0.91
5,2:medium,2:medium,,0.743
6,2:medium,2:medium,,0.72
7,2:medium,2:medium,,0.716
8,2:medium,2:medium,,0.748
9,2:medium,2:medium,,0.756
10,2:medium,2:medium,,0.723
11,2:medium,2:medium,,0.633
12,2:medium,2:medium,,0.754
13,2:medium,2:medium,,0.661
14,2:medium,2:medium,,0.656
15,2:medium,2:medium,,0.657
16,2:medium,2:medium,,0.64
17,1:high,3:low,+,0.744
18,2:medium,2:medium,,0.666
19,2:medium,2:medium,,0.677
20,2:medium,2:medium,,0.602
21,2:medium,2:medium,,0.632
22,3:low,2:medium,+,0.694
23,3:low,2:medium,+,0.841
24,2:medium,2:medium,,0.814
25,1:high,2:medium,+,0.789
26,2:medium,2:medium,,0.588
27,2:medium,2:medium,,0.656
28,2:medium,2:medium,,0.571
29,2:medium,2:medium,,0.64
30,2:medium,2:medium,,0.753
31,2:medium,2:medium,,0.636
32,2:medium,2:medium,,0.513
33,1:high,2:medium,+,0.579
34,2:medium,2:medium,,0.377
35,2:medium,2:medium,,0.519
36,2:medium,2:medium,,0.769
37,2:medium,1:high,+,0.751
38,2:medium,3:low,+,0.48
39,3:low,3:low,,0.539
40,3:low,2:medium,+,0.711
41,3:low,2:medium,+,0.783
42,2:medium,2:medium,,0.734
43,2:medium,2:medium,,0.777
44,2:medium,2:medium,,0.776
45,2:medium,2:medium,,0.837
46,2:medium,2:medium,,0.826
47,2:medium,2:medium,,0.854
48,3:low,2:medium,+,0.81

