inst#,actual,predicted,error,prediction
1,2:medium,2:medium,,0.925
2,3:low,2:medium,+,0.512
3,3:low,2:medium,+,0.787
4,2:medium,2:medium,,0.854
5,2:medium,2:medium,,0.759
6,2:medium,2:medium,,0.474
7,2:medium,2:medium,,0.509
8,2:medium,2:medium,,0.75
9,2:medium,2:medium,,0.78
10,2:medium,2:medium,,0.625
11,2:medium,2:medium,,0.727
12,2:medium,2:medium,,0.545
13,2:medium,2:medium,,0.866
14,2:medium,2:medium,,0.807
15,2:medium,2:medium,,0.734
16,2:medium,2:medium,,0.62
17,1:high,3:low,+,0.541
18,2:medium,2:medium,,0.633
19,2:medium,2:medium,,0.646
20,2:medium,2:medium,,0.73
21,2:medium,2:medium,,0.626
22,3:low,2:medium,+,0.906
23,3:low,2:medium,+,0.632
24,2:medium,2:medium,,0.752
25,1:high,2:medium,+,0.561
26,2:medium,2:medium,,0.512
27,2:medium,2:medium,,0.641
28,2:medium,2:medium,,0.584
29,2:medium,2:medium,,0.599
30,2:medium,2:medium,,0.683
31,2:medium,2:medium,,0.655
32,2:medium,2:medium,,0.619
33,1:high,2:medium,+,0.611
34,2:medium,2:medium,,0.575
35,2:medium,2:medium,,0.589
36,2:medium,2:medium,,0.629
37,2:medium,1:high,+,0.993
38,2:medium,2:medium,,0.732
39,3:low,2:medium,+,0.595
40,3:low,2:medium,+,0.731
41,3:low,2:medium,+,0.709
42,2:medium,2:medium,,0.728
43,2:medium,2:medium,,0.711
44,2:medium,2:medium,,0.658
45,2:medium,2:medium,,0.701
46,2:medium,2:medium,,0.727
47,2:medium,2:medium,,0.736
48,3:low,2:medium,+,0.745

