inst#,actual,predicted,error,prediction
1,2:medium,2:medium,,0.772
2,3:low,3:low,,0.567
3,3:low,2:medium,+,0.794
4,2:medium,2:medium,,0.764
5,2:medium,2:medium,,0.757
6,2:medium,2:medium,,0.437
7,2:medium,2:medium,,0.534
8,2:medium,2:medium,,0.705
9,2:medium,2:medium,,0.666
10,2:medium,2:medium,,0.624
11,2:medium,2:medium,,0.612
12,2:medium,2:medium,,0.537
13,2:medium,2:medium,,0.859
14,2:medium,2:medium,,0.745
15,2:medium,2:medium,,0.644
16,2:medium,2:medium,,0.553
17,1:high,1:high,,0.51
18,2:medium,2:medium,,0.701
19,2:medium,3:low,+,0.561
20,2:medium,3:low,+,0.601
21,2:medium,2:medium,,0.603
22,3:low,2:medium,+,0.659
23,3:low,2:medium,+,0.609
24,2:medium,2:medium,,0.842
25,1:high,2:medium,+,0.685
26,2:medium,2:medium,,0.55
27,2:medium,2:medium,,0.61
28,2:medium,2:medium,,0.516
29,2:medium,2:medium,,0.694
30,2:medium,2:medium,,0.751
31,2:medium,2:medium,,0.529
32,2:medium,2:medium,,0.702
33,1:high,2:medium,+,0.536
34,2:medium,3:low,+,0.476
35,2:medium,2:medium,,0.503
36,2:medium,2:medium,,0.586
37,2:medium,1:high,+,0.543
38,2:medium,3:low,+,0.442
39,3:low,3:low,,0.463
40,3:low,2:medium,+,0.697
41,3:low,2:medium,+,0.717
42,2:medium,2:medium,,0.598
43,2:medium,2:medium,,0.693
44,2:medium,2:medium,,0.728
45,2:medium,2:medium,,0.676
46,2:medium,2:medium,,0.63
47,2:medium,2:medium,,0.501
48,3:low,3:low,,0.421

