inst#,actual,predicted,error,prediction
1,2:medium,2:medium,,0.666
2,3:low,2:medium,+,0.684
3,3:low,2:medium,+,0.714
4,2:medium,2:medium,,0.642
5,2:medium,2:medium,,0.685
6,2:medium,1:high,+,0.499
7,2:medium,2:medium,,0.678
8,2:medium,2:medium,,0.779
9,2:medium,2:medium,,0.74
10,2:medium,2:medium,,0.617
11,2:medium,2:medium,,0.797
12,2:medium,2:medium,,0.664
13,2:medium,2:medium,,0.746
14,2:medium,2:medium,,0.78
15,2:medium,2:medium,,0.76
16,2:medium,2:medium,,0.535
17,1:high,1:high,,0.5
18,2:medium,2:medium,,0.789
19,2:medium,2:medium,,0.634
20,2:medium,2:medium,,0.652
21,2:medium,2:medium,,0.598
22,3:low,2:medium,+,0.708
23,3:low,3:low,,0.652
24,2:medium,2:medium,,0.55
25,1:high,3:low,+,0.65
26,2:medium,2:medium,,0.548
27,2:medium,2:medium,,0.596
28,2:medium,3:low,+,0.556
29,2:medium,3:low,+,0.517
30,2:medium,3:low,+,0.5
31,2:medium,2:medium,,0.57
32,2:medium,2:medium,,0.519
33,1:high,2:medium,+,0.534
34,2:medium,2:medium,,0.477
35,2:medium,2:medium,,0.512
36,2:medium,3:low,+,0.455
37,2:medium,2:medium,,0.556
38,2:medium,3:low,+,0.507
39,3:low,3:low,,0.748
40,3:low,2:medium,+,0.624
41,3:low,2:medium,+,0.54
42,2:medium,2:medium,,0.758
43,2:medium,2:medium,,0.79
44,2:medium,2:medium,,0.835
45,2:medium,2:medium,,0.897
46,2:medium,2:medium,,0.884
47,2:medium,2:medium,,0.915
48,3:low,2:medium,+,0.881

