inst#,actual,predicted,error,prediction
1,2:medium,2:medium,,0.81
2,3:low,2:medium,+,0.883
3,3:low,2:medium,+,0.809
4,2:medium,2:medium,,0.679
5,2:medium,2:medium,,0.835
6,2:medium,2:medium,,0.548
7,2:medium,2:medium,,0.77
8,2:medium,2:medium,,0.783
9,2:medium,2:medium,,0.732
10,2:medium,1:high,+,0.383
11,2:medium,2:medium,,0.758
12,2:medium,2:medium,,0.601
13,2:medium,2:medium,,0.678
14,2:medium,2:medium,,0.758
15,2:medium,2:medium,,0.836
16,2:medium,2:medium,,0.522
17,1:high,2:medium,+,0.614
18,2:medium,2:medium,,0.653
19,2:medium,2:medium,,0.628
20,2:medium,2:medium,,0.574
21,2:medium,2:medium,,0.601
22,3:low,2:medium,+,0.574
23,3:low,2:medium,+,0.707
24,2:medium,2:medium,,0.758
25,1:high,2:medium,+,0.654
26,2:medium,2:medium,,0.784
27,2:medium,2:medium,,0.705
28,2:medium,2:medium,,0.758
29,2:medium,2:medium,,0.81
30,2:medium,2:medium,,0.706
31,2:medium,2:medium,,0.731
32,2:medium,2:medium,,0.653
33,1:high,2:medium,+,0.758
34,2:medium,2:medium,,0.601
35,2:medium,2:medium,,0.574
36,2:medium,2:medium,,0.574
37,2:medium,1:high,+,0.571
38,2:medium,1:high,+,0.465
39,3:low,2:medium,+,0.626
40,3:low,2:medium,+,0.626
41,3:low,2:medium,+,0.574
42,2:medium,2:medium,,0.522
43,2:medium,2:medium,,0.599
44,2:medium,2:medium,,0.627
45,2:medium,2:medium,,0.653
46,2:medium,2:medium,,0.522
47,2:medium,2:medium,,0.652
48,3:low,2:medium,+,0.549

