inst#,actual,predicted,error,prediction
1,2:medium,2:medium,,0.676
2,3:low,2:medium,+,0.655
3,3:low,2:medium,+,0.755
4,2:medium,1:high,+,0.76
5,2:medium,2:medium,,0.457
6,2:medium,1:high,+,0.713
7,2:medium,1:high,+,0.523
8,2:medium,1:high,+,0.493
9,2:medium,1:high,+,0.472
10,2:medium,1:high,+,0.767
11,2:medium,1:high,+,0.481
12,2:medium,1:high,+,0.453
13,2:medium,1:high,+,0.473
14,2:medium,1:high,+,0.489
15,2:medium,2:medium,,0.824
16,2:medium,1:high,+,0.471
17,1:high,2:medium,+,0.628
18,2:medium,2:medium,,0.715
19,2:medium,2:medium,,0.501
20,2:medium,2:medium,,0.497
21,2:medium,2:medium,,0.582
22,3:low,2:medium,+,0.748
23,3:low,2:medium,+,0.696
24,2:medium,2:medium,,0.683
25,1:high,2:medium,+,0.807
26,2:medium,2:medium,,0.578
27,2:medium,2:medium,,0.781
28,2:medium,2:medium,,0.57
29,2:medium,2:medium,,0.624
30,2:medium,2:medium,,0.697
31,2:medium,2:medium,,0.526
32,2:medium,2:medium,,0.537
33,1:high,2:medium,+,0.513
34,2:medium,2:medium,,0.515
35,2:medium,2:medium,,0.567
36,2:medium,2:medium,,0.464
37,2:medium,1:high,+,0.854
38,2:medium,1:high,+,0.667
39,3:low,3:low,,0.479
40,3:low,2:medium,+,0.723
41,3:low,2:medium,+,0.645
42,2:medium,2:medium,,0.801
43,2:medium,2:medium,,0.803
44,2:medium,2:medium,,0.798
45,2:medium,2:medium,,0.794
46,2:medium,2:medium,,0.793
47,2:medium,2:medium,,0.824
48,3:low,2:medium,+,0.775

