inst#,actual,predicted,error,prediction
1,2:medium,2:medium,,0.87
2,3:low,3:low,,0.545
3,3:low,2:medium,+,0.787
4,2:medium,2:medium,,0.879
5,2:medium,2:medium,,0.779
6,2:medium,2:medium,,0.725
7,2:medium,2:medium,,0.647
8,2:medium,2:medium,,0.795
9,2:medium,2:medium,,0.826
10,2:medium,2:medium,,0.717
11,2:medium,2:medium,,0.632
12,2:medium,2:medium,,0.777
13,2:medium,2:medium,,0.763
14,2:medium,2:medium,,0.707
15,2:medium,2:medium,,0.748
16,2:medium,2:medium,,0.733
17,1:high,2:medium,+,0.61
18,2:medium,2:medium,,0.705
19,2:medium,2:medium,,0.543
20,2:medium,2:medium,,0.63
21,2:medium,2:medium,,0.732
22,3:low,2:medium,+,0.796
23,3:low,2:medium,+,0.803
24,2:medium,2:medium,,0.748
25,1:high,2:medium,+,0.568
26,2:medium,2:medium,,0.58
27,2:medium,2:medium,,0.618
28,2:medium,2:medium,,0.55
29,2:medium,3:low,+,0.52
30,2:medium,2:medium,,0.759
31,2:medium,2:medium,,0.729
32,2:medium,2:medium,,0.767
33,1:high,3:low,+,0.467
34,2:medium,2:medium,,0.582
35,2:medium,2:medium,,0.584
36,2:medium,2:medium,,0.775
37,2:medium,1:high,+,0.72
38,2:medium,2:medium,,0.667
39,3:low,2:medium,+,0.772
40,3:low,2:medium,+,0.75
41,3:low,2:medium,+,0.664
42,2:medium,2:medium,,0.739
43,2:medium,2:medium,,0.708
44,2:medium,2:medium,,0.714
45,2:medium,2:medium,,0.827
46,2:medium,2:medium,,0.833
47,2:medium,2:medium,,0.837
48,3:low,2:medium,+,0.848

