inst#,actual,predicted,error,prediction
1,2:medium,2:medium,,0.756
2,3:low,2:medium,+,0.698
3,3:low,2:medium,+,0.796
4,2:medium,1:high,+,0.802
5,2:medium,2:medium,,0.548
6,2:medium,1:high,+,0.576
7,2:medium,1:high,+,0.46
8,2:medium,1:high,+,0.393
9,2:medium,1:high,+,0.394
10,2:medium,1:high,+,0.801
11,2:medium,1:high,+,0.433
12,2:medium,1:high,+,0.393
13,2:medium,1:high,+,0.446
14,2:medium,2:medium,,0.417
15,2:medium,2:medium,,0.738
16,2:medium,1:high,+,0.418
17,1:high,2:medium,+,0.611
18,2:medium,2:medium,,0.705
19,2:medium,2:medium,,0.51
20,2:medium,2:medium,,0.641
21,2:medium,2:medium,,0.622
22,3:low,2:medium,+,0.774
23,3:low,2:medium,+,0.729
24,2:medium,2:medium,,0.767
25,1:high,2:medium,+,0.832
26,2:medium,2:medium,,0.567
27,2:medium,2:medium,,0.871
28,2:medium,2:medium,,0.707
29,2:medium,2:medium,,0.667
30,2:medium,2:medium,,0.635
31,2:medium,2:medium,,0.61
32,2:medium,2:medium,,0.574
33,1:high,3:low,+,0.513
34,2:medium,2:medium,,0.536
35,2:medium,2:medium,,0.589
36,2:medium,3:low,+,0.475
37,2:medium,1:high,+,0.654
38,2:medium,1:high,+,0.632
39,3:low,3:low,,0.538
40,3:low,2:medium,+,0.702
41,3:low,2:medium,+,0.613
42,2:medium,2:medium,,0.654
43,2:medium,2:medium,,0.667
44,2:medium,2:medium,,0.758
45,2:medium,2:medium,,0.719
46,2:medium,2:medium,,0.732
47,2:medium,2:medium,,0.707
48,3:low,2:medium,+,0.654

