inst#,actual,predicted,error,prediction
1,2:medium,2:medium,,0.743
2,3:low,2:medium,+,0.695
3,3:low,2:medium,+,0.785
4,2:medium,1:high,+,0.973
5,2:medium,1:high,+,0.622
6,2:medium,1:high,+,0.824
7,2:medium,1:high,+,0.626
8,2:medium,1:high,+,0.604
9,2:medium,1:high,+,0.605
10,2:medium,1:high,+,0.973
11,2:medium,1:high,+,0.622
12,2:medium,1:high,+,0.633
13,2:medium,1:high,+,0.611
14,2:medium,1:high,+,0.605
15,2:medium,2:medium,,0.785
16,2:medium,2:medium,,0.434
17,1:high,2:medium,+,0.607
18,2:medium,2:medium,,0.734
19,2:medium,3:low,+,0.543
20,2:medium,3:low,+,0.514
21,2:medium,2:medium,,0.615
22,3:low,2:medium,+,0.703
23,3:low,2:medium,+,0.773
24,2:medium,2:medium,,0.702
25,1:high,2:medium,+,0.741
26,2:medium,2:medium,,0.538
27,2:medium,2:medium,,0.856
28,2:medium,2:medium,,0.732
29,2:medium,2:medium,,0.785
30,2:medium,2:medium,,0.711
31,2:medium,2:medium,,0.704
32,2:medium,2:medium,,0.659
33,1:high,2:medium,+,0.727
34,2:medium,3:low,+,0.392
35,2:medium,2:medium,,0.525
36,2:medium,2:medium,,0.606
37,2:medium,1:high,+,0.889
38,2:medium,1:high,+,0.874
39,3:low,2:medium,+,0.546
40,3:low,2:medium,+,0.613
41,3:low,3:low,,0.523
42,2:medium,2:medium,,0.674
43,2:medium,2:medium,,0.771
44,2:medium,2:medium,,0.802
45,2:medium,2:medium,,0.743
46,2:medium,2:medium,,0.803
47,2:medium,2:medium,,0.743
48,3:low,2:medium,+,0.696

