inst#,actual,predicted,error,prediction
1,2:medium,2:medium,,0.992
2,3:low,3:low,,0.781
3,3:low,2:medium,+,1
4,2:medium,2:medium,,1
5,2:medium,2:medium,,1
6,2:medium,2:medium,,0.908
7,2:medium,2:medium,,1
8,2:medium,2:medium,,0.945
9,2:medium,2:medium,,0.998
10,2:medium,3:low,+,0.573
11,2:medium,2:medium,,1
12,2:medium,3:low,+,1
13,2:medium,2:medium,,1
14,2:medium,2:medium,,0.681
15,2:medium,2:medium,,1
16,2:medium,2:medium,,0.508
17,1:high,2:medium,+,1
18,2:medium,2:medium,,1
19,2:medium,3:low,+,0.866
20,2:medium,3:low,+,0.959
21,2:medium,2:medium,,0.972
22,3:low,2:medium,+,1
23,3:low,2:medium,+,0.953
24,2:medium,2:medium,,1
25,1:high,2:medium,+,1
26,2:medium,3:low,+,0.863
27,2:medium,2:medium,,0.988
28,2:medium,2:medium,,0.99
29,2:medium,2:medium,,0.995
30,2:medium,2:medium,,0.81
31,2:medium,3:low,+,0.992
32,2:medium,2:medium,,0.976
33,1:high,2:medium,+,0.928
34,2:medium,2:medium,,0.963
35,2:medium,2:medium,,0.985
36,2:medium,2:medium,,0.581
37,2:medium,2:medium,,1
38,2:medium,2:medium,,1
39,3:low,2:medium,+,0.925
40,3:low,2:medium,+,1
41,3:low,2:medium,+,1
42,2:medium,2:medium,,1
43,2:medium,2:medium,,1
44,2:medium,2:medium,,1
45,2:medium,2:medium,,1
46,2:medium,2:medium,,1
47,2:medium,2:medium,,1
48,3:low,2:medium,+,1

