inst#,actual,predicted,error,distribution,,
1,2:medium,2:medium,,0,*1,0
2,2:medium,2:medium,,0,*1,0
3,2:medium,2:medium,,0.095,*0.905,0
4,2:medium,2:medium,,0,*1,0
5,2:medium,2:medium,,0,*1,0
6,2:medium,2:medium,,0,*1,0
7,2:medium,2:medium,,0.115,*0.885,0
8,2:medium,2:medium,,0,*1,0
9,2:medium,2:medium,,0,*1,0
10,2:medium,2:medium,,0,*1,0
11,2:medium,2:medium,,0,*1,0
12,2:medium,2:medium,,0.278,*0.722,0
13,2:medium,2:medium,,0.023,*0.977,0
14,2:medium,1:low,+,*1,0,0
15,2:medium,1:low,+,*0.999,0,0.001
16,2:medium,1:low,+,*1,0,0
17,2:medium,1:low,+,*1,0,0
18,2:medium,1:low,+,*1,0,0
19,2:medium,1:low,+,*1,0,0
20,2:medium,1:low,+,*1,0,0
21,2:medium,1:low,+,*0.999,0.001,0
22,2:medium,1:low,+,*1,0,0
23,2:medium,1:low,+,*1,0,0
24,2:medium,1:low,+,*1,0,0
25,2:medium,1:low,+,*0.985,0.015,0
26,2:medium,1:low,+,*1,0,0
27,2:medium,1:low,+,*1,0,0
28,2:medium,1:low,+,*1,0,0
29,2:medium,1:low,+,*1,0,0
30,2:medium,1:low,+,*1,0,0
31,2:medium,1:low,+,*1,0,0
32,2:medium,1:low,+,*1,0,0
33,2:medium,1:low,+,*1,0,0
34,2:medium,1:low,+,*1,0,0
35,2:medium,1:low,+,*1,0,0
36,2:medium,1:low,+,*1,0,0
37,2:medium,1:low,+,*0.999,0.001,0
38,2:medium,2:medium,,0.003,*0.958,0.04
39,2:medium,3:high,+,0.046,0.003,*0.951
40,2:medium,1:low,+,*1,0,0
41,2:medium,1:low,+,*1,0,0
42,2:medium,1:low,+,*1,0,0
43,2:medium,3:high,+,0.116,0,*0.884
44,2:medium,1:low,+,*0.526,0,0.474
45,2:medium,2:medium,,0.056,*0.939,0.005
46,2:medium,1:low,+,*0.971,0,0.029
47,2:medium,1:low,+,*1,0,0
48,2:medium,1:low,+,*0.996,0,0.004
49,2:medium,1:low,+,*0.998,0.002,0
50,2:medium,1:low,+,*1,0,0
51,2:medium,2:medium,,0.077,*0.923,0
52,2:medium,2:medium,,0,*1,0
53,2:medium,2:medium,,0,*1,0
54,2:medium,2:medium,,0,*1,0
55,2:medium,2:medium,,0,*1,0
56,2:medium,2:medium,,0,*1,0
57,2:medium,3:high,+,0.042,0.011,*0.947
58,2:medium,3:high,+,0,0,*1
59,2:medium,3:high,+,0,0,*1
60,2:medium,3:high,+,0,0,*1
61,2:medium,3:high,+,0.003,0,*0.997
62,2:medium,3:high,+,0,0,*0.999
63,2:medium,3:high,+,0.069,0.009,*0.922
64,2:medium,3:high,+,0.275,0.314,*0.411
65,2:medium,1:low,+,*0.636,0,0.364
66,2:medium,3:high,+,0,0.388,*0.611
67,2:medium,2:medium,,0,*1,0
68,2:medium,2:medium,,0,*1,0
69,2:medium,2:medium,,0.001,*0.998,0.001
70,2:medium,2:medium,,0,*1,0
71,2:medium,2:medium,,0,*1,0
72,2:medium,2:medium,,0,*1,0
73,2:medium,2:medium,,0,*1,0
74,2:medium,2:medium,,0,*1,0
75,2:medium,3:high,+,0,0,*1
76,2:medium,3:high,+,0,0.474,*0.526
77,2:medium,1:low,+,*0.909,0.089,0.001
78,2:medium,3:high,+,0.008,0.077,*0.915
79,2:medium,2:medium,,0.002,*0.96,0.038
80,2:medium,3:high,+,0,0.067,*0.933
81,2:medium,3:high,+,0,0,*1
82,2:medium,3:high,+,0,0,*1
83,3:high,3:high,,0,0.004,*0.996
84,3:high,3:high,,0,0,*1
85,3:high,3:high,,0,0,*1
86,3:high,2:medium,+,0,*1,0
87,3:high,2:medium,+,0,*1,0
88,3:high,3:high,,0,0,*1
89,3:high,3:high,,0,0,*1
90,2:medium,3:high,+,0,0.001,*0.999
91,2:medium,2:medium,,0,*0.977,0.023
92,2:medium,3:high,+,0,0,*1
93,2:medium,3:high,+,0,0,*1
94,2:medium,3:high,+,0,0,*1
95,2:medium,3:high,+,0,0,*1
96,2:medium,3:high,+,0,0,*1
97,2:medium,3:high,+,0,0,*1
98,2:medium,3:high,+,0,0,*1
99,2:medium,3:high,+,0,0,*1
100,2:medium,3:high,+,0,0,*1
101,2:medium,2:medium,,0.001,*0.983,0.016
102,2:medium,2:medium,,0.001,*0.959,0.04
103,1:low,2:medium,+,0,*0.997,0.003
104,1:low,2:medium,+,0,*1,0
105,1:low,2:medium,+,0,*1,0
106,1:low,2:medium,+,0,*1,0
107,1:low,2:medium,+,0.003,*0.997,0
108,1:low,2:medium,+,0.003,*0.938,0.059
109,1:low,2:medium,+,0,*1,0
110,1:low,3:high,+,0.005,0,*0.995
111,1:low,3:high,+,0,0,*1
112,1:low,3:high,+,0,0,*1
113,1:low,3:high,+,0,0,*1
114,1:low,3:high,+,0,0,*1
115,1:low,2:medium,+,0,*1,0
116,1:low,2:medium,+,0,*1,0
117,1:low,2:medium,+,0,*1,0
118,1:low,2:medium,+,0,*1,0
119,1:low,2:medium,+,0,*1,0
120,1:low,2:medium,+,0,*0.971,0.029
121,1:low,2:medium,+,0.001,*0.959,0.04
122,1:low,2:medium,+,0.305,*0.349,0.346
123,1:low,2:medium,+,0.003,*0.941,0.056
124,1:low,1:low,,*1,0,0
125,1:low,1:low,,*1,0,0
126,1:low,1:low,,*0.785,0.214,0
127,1:low,1:low,,*0.659,0.341,0
128,1:low,1:low,,*0.628,0.372,0
129,1:low,2:medium,+,0,*1,0
130,1:low,2:medium,+,0,*1,0
131,1:low,2:medium,+,0,*1,0
132,1:low,2:medium,+,0.003,*0.997,0
133,1:low,2:medium,+,0.003,*0.997,0
134,2:medium,2:medium,,0,*1,0
135,2:medium,2:medium,,0,*1,0
136,2:medium,2:medium,,0,*1,0
137,2:medium,2:medium,,0,*1,0
138,2:medium,2:medium,,0,*1,0
139,2:medium,2:medium,,0,*1,0
140,2:medium,2:medium,,0,*1,0
141,3:high,3:high,,0,0,*1
142,3:high,3:high,,0,0.002,*0.998
143,3:high,3:high,,0,0,*1
144,3:high,3:high,,0,0,*1
145,3:high,3:high,,0,0,*1
146,3:high,3:high,,0,0,*1
147,3:high,2:medium,+,0,*1,0
148,3:high,3:high,,0,0.195,*0.804
149,3:high,2:medium,+,0,*1,0
150,3:high,2:medium,+,0,*0.968,0.032
151,3:high,2:medium,+,0,*0.627,0.373
152,3:high,2:medium,+,0,*1,0
153,3:high,3:high,,0,0.189,*0.811
154,3:high,3:high,,0,0.001,*0.999
155,3:high,2:medium,+,0,*0.999,0.001
156,3:high,2:medium,+,0,*1,0
157,3:high,2:medium,+,0,*1,0
158,3:high,2:medium,+,0,*0.999,0.001
159,3:high,2:medium,+,0,*1,0
160,3:high,2:medium,+,0,*1,0
161,3:high,2:medium,+,0,*1,0
162,3:high,2:medium,+,0,*1,0
163,3:high,2:medium,+,0,*1,0
164,2:medium,2:medium,,0,*1,0
165,2:medium,2:medium,,0,*1,0
166,2:medium,2:medium,,0,*0.999,0.001
167,2:medium,2:medium,,0,*1,0
168,2:medium,2:medium,,0,*1,0
169,2:medium,2:medium,,0.002,*0.998,0
170,2:medium,2:medium,,0,*1,0
171,2:medium,2:medium,,0,*0.999,0
172,2:medium,3:high,+,0.003,0.029,*0.967
173,2:medium,2:medium,,0.076,*0.915,0.01
174,2:medium,2:medium,,0,*1,0
175,1:low,2:medium,+,0,*1,0
176,1:low,3:high,+,0,0.015,*0.985
177,1:low,2:medium,+,0,*1,0
178,1:low,2:medium,+,0,*1,0
179,1:low,2:medium,+,0,*1,0
180,1:low,2:medium,+,0,*1,0
181,1:low,2:medium,+,0,*1,0
182,1:low,2:medium,+,0,*1,0
183,1:low,1:low,,*0.412,0.2,0.388
184,1:low,2:medium,+,0,*1,0
185,1:low,2:medium,+,0.051,*0.944,0.004
186,1:low,2:medium,+,0.007,*0.993,0
187,1:low,2:medium,+,0,*1,0
188,1:low,2:medium,+,0,*1,0
189,1:low,2:medium,+,0.003,*0.997,0
190,1:low,1:low,,*0.997,0.003,0
191,1:low,2:medium,+,0.011,*0.919,0.071
192,1:low,2:medium,+,0,*1,0
193,1:low,2:medium,+,0.002,*0.998,0
194,1:low,2:medium,+,0,*1,0
195,1:low,2:medium,+,0,*1,0
196,1:low,2:medium,+,0.049,*0.951,0
197,1:low,1:low,,*0.36,0.321,0.319
198,1:low,2:medium,+,0.097,*0.903,0
199,1:low,2:medium,+,0.201,*0.795,0.004
200,1:low,1:low,,*0.998,0.002,0
201,1:low,1:low,,*0.723,0.277,0
202,1:low,2:medium,+,0,*1,0
203,1:low,2:medium,+,0,*1,0
204,1:low,2:medium,+,0.001,*0.999,0
205,1:low,2:medium,+,0.001,*0.999,0
206,1:low,2:medium,+,0.001,*0.999,0
207,1:low,2:medium,+,0,*1,0
208,1:low,2:medium,+,0,*1,0
209,1:low,3:high,+,0,0,*1
210,1:low,3:high,+,0,0,*1
211,1:low,3:high,+,0,0,*1
212,1:low,3:high,+,0,0.053,*0.947
213,2:medium,3:high,+,0,0.007,*0.993
214,2:medium,3:high,+,0,0.009,*0.991
215,2:medium,3:high,+,0,0.009,*0.991
216,2:medium,3:high,+,0,0.142,*0.858
217,2:medium,2:medium,,0,*1,0
218,2:medium,2:medium,,0,*1,0
219,2:medium,2:medium,,0,*1,0
220,2:medium,2:medium,,0.012,*0.859,0.129
221,2:medium,3:high,+,0,0.474,*0.526
222,2:medium,3:high,+,0,0.031,*0.969
223,2:medium,2:medium,,0,*0.986,0.014
224,3:high,2:medium,+,0,*0.862,0.138
225,3:high,2:medium,+,0,*0.855,0.145
226,3:high,3:high,,0,0.341,*0.659
227,3:high,3:high,,0,0.341,*0.659
228,3:high,2:medium,+,0,*0.993,0.007
229,3:high,2:medium,+,0,*1,0
230,3:high,2:medium,+,0,*0.521,0.479
231,3:high,2:medium,+,0.004,*0.953,0.043
232,3:high,2:medium,+,0.04,*0.956,0.004
233,3:high,3:high,,0,0.006,*0.994
234,3:high,2:medium,+,0,*0.545,0.455
235,3:high,2:medium,+,0.309,*0.355,0.336
236,2:medium,1:low,+,*1,0,0
237,2:medium,2:medium,,0.188,*0.802,0.01
238,2:medium,3:high,+,0.285,0,*0.715
239,2:medium,3:high,+,0,0,*1
240,2:medium,1:low,+,*0.964,0.002,0.034
241,2:medium,1:low,+,*1,0,0
242,2:medium,2:medium,,0,*1,0
243,2:medium,1:low,+,*0.561,0.439,0
244,2:medium,2:medium,,0.045,*0.953,0.002
245,2:medium,2:medium,,0.003,*0.978,0.019
246,2:medium,3:high,+,0.205,0.02,*0.775
247,2:medium,3:high,+,0,0,*1
248,2:medium,3:high,+,0,0,*1
249,2:medium,3:high,+,0,0,*1
250,1:low,3:high,+,0,0,*1
251,1:low,2:medium,+,0,*0.982,0.018
252,1:low,3:high,+,0.068,0.006,*0.926
253,2:medium,1:low,+,*0.999,0.001,0
254,2:medium,3:high,+,0.008,0.052,*0.94
255,2:medium,3:high,+,0,0.018,*0.982
256,2:medium,3:high,+,0.016,0.025,*0.959
257,2:medium,3:high,+,0,0,*1
258,2:medium,3:high,+,0.022,0,*0.978
259,2:medium,1:low,+,*0.997,0.003,0
260,2:medium,2:medium,,0,*1,0
261,2:medium,2:medium,,0.007,*0.993,0
262,2:medium,1:low,+,*0.608,0.392,0
263,2:medium,1:low,+,*0.999,0.001,0
264,2:medium,2:medium,,0,*1,0
265,2:medium,2:medium,,0,*1,0
266,2:medium,2:medium,,0,*1,0
267,2:medium,2:medium,,0,*1,0
268,2:medium,2:medium,,0,*0.997,0.003
269,2:medium,2:medium,,0,*1,0
270,2:medium,2:medium,,0,*1,0
271,2:medium,2:medium,,0,*1,0
272,2:medium,2:medium,,0.002,*0.938,0.059
273,2:medium,3:high,+,0,0.483,*0.517
274,2:medium,3:high,+,0,0,*1
275,2:medium,3:high,+,0,0,*1
276,2:medium,3:high,+,0,0,*1
277,2:medium,3:high,+,0,0,*1
278,2:medium,3:high,+,0,0,*1
279,2:medium,3:high,+,0,0,*1
280,2:medium,3:high,+,0,0,*1
281,2:medium,3:high,+,0.291,0.143,*0.567
282,2:medium,1:low,+,*1,0,0
283,2:medium,1:low,+,*0.95,0,0.05
284,2:medium,3:high,+,0,0,*1
285,2:medium,3:high,+,0,0.014,*0.986
286,2:medium,2:medium,,0,*0.996,0.004
287,2:medium,3:high,+,0,0.062,*0.938
288,2:medium,2:medium,,0,*1,0
289,2:medium,2:medium,,0,*1,0
290,2:medium,2:medium,,0,*1,0
291,2:medium,2:medium,,0,*1,0
292,2:medium,2:medium,,0,*1,0
293,2:medium,2:medium,,0,*0.965,0.035
294,2:medium,2:medium,,0,*0.954,0.046
295,2:medium,2:medium,,0,*0.998,0.002
296,3:high,2:medium,+,0,*0.998,0.002
297,3:high,3:high,,0,0,*1
298,3:high,3:high,,0,0,*1
299,3:high,3:high,,0,0.006,*0.994
300,3:high,3:high,,0,0.003,*0.997
301,3:high,3:high,,0,0,*1
302,3:high,3:high,,0,0,*1
303,3:high,3:high,,0,0,*1
304,3:high,3:high,,0,0,*1
305,3:high,3:high,,0,0,*1
306,3:high,3:high,,0,0,*1
307,3:high,3:high,,0,0,*1
308,3:high,3:high,,0,0,*1
309,3:high,3:high,,0,0,*1
310,3:high,3:high,,0,0,*1
311,3:high,3:high,,0,0,*1
312,3:high,3:high,,0,0,*1
313,3:high,3:high,,0,0,*1
314,3:high,3:high,,0,0,*1
315,3:high,2:medium,+,0,*1,0
316,3:high,3:high,,0,0,*1
317,3:high,3:high,,0,0,*1
318,3:high,2:medium,+,0,*1,0
319,3:high,3:high,,0,0.44,*0.56
320,3:high,2:medium,+,0,*0.995,0.005
321,3:high,3:high,,0,0.035,*0.965
322,3:high,2:medium,+,0,*1,0
323,3:high,2:medium,+,0,*0.999,0.001
324,3:high,2:medium,+,0,*0.998,0.002
325,3:high,2:medium,+,0,*0.792,0.208
326,3:high,3:high,,0,0.025,*0.975
327,3:high,3:high,,0,0.001,*0.999
328,3:high,2:medium,+,0,*1,0
329,3:high,2:medium,+,0,*0.998,0.002
330,3:high,2:medium,+,0,*1,0
331,3:high,2:medium,+,0,*1,0
332,3:high,2:medium,+,0,*0.677,0.323
333,3:high,3:high,,0,0,*1
334,2:medium,2:medium,,0,*1,0
335,2:medium,3:high,+,0,0.01,*0.99
336,2:medium,2:medium,,0,*1,0
337,2:medium,3:high,+,0,0,*1
338,2:medium,3:high,+,0.308,0.112,*0.581
339,2:medium,3:high,+,0,0,*1
340,2:medium,3:high,+,0,0,*1
341,2:medium,3:high,+,0,0,*1
342,2:medium,3:high,+,0.03,0.002,*0.968
343,2:medium,3:high,+,0,0,*1
344,2:medium,2:medium,,0,*1,0
345,2:medium,2:medium,,0,*0.998,0.002
346,2:medium,2:medium,,0,*1,0
347,2:medium,2:medium,,0,*0.998,0.002
348,2:medium,2:medium,,0,*0.724,0.276
349,2:medium,3:high,+,0,0,*1
350,2:medium,3:high,+,0,0,*1
351,2:medium,3:high,+,0,0,*1
352,2:medium,3:high,+,0,0.205,*0.795
353,3:high,3:high,,0,0,*1
354,3:high,3:high,,0,0,*1
355,3:high,3:high,,0,0,*1
356,3:high,3:high,,0,0,*1
357,3:high,3:high,,0,0,*1
358,3:high,3:high,,0,0,*1
359,3:high,3:high,,0,0,*1
360,3:high,3:high,,0,0,*1
361,3:high,3:high,,0,0,*1
362,3:high,3:high,,0,0,*1
363,3:high,3:high,,0,0,*1
364,3:high,3:high,,0,0,*1
365,3:high,3:high,,0,0,*1
366,3:high,3:high,,0,0,*1
367,3:high,3:high,,0,0,*1
368,3:high,3:high,,0,0.009,*0.991
369,3:high,3:high,,0,0,*1
370,3:high,3:high,,0,0,*1
371,3:high,3:high,,0,0.07,*0.93
372,3:high,2:medium,+,0,*1,0
373,3:high,2:medium,+,0,*0.979,0.021
374,3:high,2:medium,+,0,*1,0
375,3:high,2:medium,+,0,*1,0
376,3:high,2:medium,+,0,*0.884,0.116
377,3:high,2:medium,+,0,*0.884,0.116
378,3:high,3:high,,0,0.371,*0.629
379,3:high,2:medium,+,0,*0.997,0.003
380,3:high,2:medium,+,0,*0.999,0.001
381,3:high,3:high,,0,0.436,*0.564
382,3:high,2:medium,+,0,*1,0
383,3:high,3:high,,0,0.003,*0.997
384,3:high,2:medium,+,0,*0.917,0.083
385,3:high,2:medium,+,0,*0.662,0.338
386,3:high,3:high,,0,0.076,*0.924
387,3:high,3:high,,0,0,*1
388,3:high,3:high,,0,0,*1
389,3:high,3:high,,0,0,*1
390,3:high,3:high,,0,0,*1
391,3:high,3:high,,0,0,*1
392,3:high,2:medium,+,0,*0.92,0.08
393,3:high,2:medium,+,0,*0.994,0.006
394,3:high,3:high,,0,0,*1
395,3:high,3:high,,0,0,*1
396,3:high,2:medium,+,0,*1,0
397,3:high,2:medium,+,0,*0.917,0.083
398,3:high,2:medium,+,0,*0.979,0.021
399,3:high,2:medium,+,0,*0.999,0.001
400,3:high,2:medium,+,0,*1,0
401,3:high,2:medium,+,0,*1,0
402,3:high,2:medium,+,0,*1,0
403,3:high,2:medium,+,0,*0.952,0.048
404,3:high,2:medium,+,0,*1,0
405,3:high,2:medium,+,0,*1,0
406,3:high,2:medium,+,0,*0.956,0.044
407,3:high,2:medium,+,0,*0.986,0.014
408,3:high,2:medium,+,0,*1,0
409,3:high,2:medium,+,0,*1,0
410,3:high,2:medium,+,0,*1,0
411,3:high,3:high,,0,0.004,*0.996
412,3:high,2:medium,+,0,*0.948,0.052
413,3:high,2:medium,+,0,*1,0
414,3:high,3:high,,0,0,*1
415,3:high,3:high,,0,0,*1
416,3:high,3:high,,0,0.001,*0.999
417,3:high,3:high,,0,0,*1
418,3:high,3:high,,0,0,*1
419,3:high,3:high,,0,0,*1
420,3:high,3:high,,0,0.005,*0.995
421,3:high,3:high,,0,0,*1
422,2:medium,3:high,+,0,0,*1
423,2:medium,3:high,+,0,0.001,*0.999
424,2:medium,3:high,+,0,0,*1
425,2:medium,3:high,+,0,0,*1
426,2:medium,3:high,+,0,0,*1
427,2:medium,3:high,+,0,0,*1
428,2:medium,3:high,+,0,0,*1
429,2:medium,3:high,+,0,0,*1
430,3:high,3:high,,0,0,*1
431,3:high,3:high,,0,0.016,*0.984
432,3:high,3:high,,0,0,*1
433,3:high,3:high,,0,0,*1
434,3:high,3:high,,0,0,*1
435,3:high,3:high,,0,0,*1
436,3:high,3:high,,0,0.229,*0.771
437,3:high,3:high,,0,0.001,*0.999
438,3:high,3:high,,0,0,*1
439,3:high,3:high,,0,0,*1
440,3:high,3:high,,0,0,*1
441,3:high,3:high,,0,0,*1
442,3:high,3:high,,0,0,*1
443,3:high,3:high,,0,0,*1
444,3:high,3:high,,0,0,*1
445,3:high,3:high,,0,0,*1
446,3:high,3:high,,0,0,*1
447,3:high,2:medium,+,0,*0.998,0.002
448,3:high,3:high,,0,0,*1
449,3:high,3:high,,0,0.016,*0.984
450,3:high,3:high,,0,0.011,*0.989
451,3:high,3:high,,0,0.006,*0.994
452,3:high,3:high,,0,0,*1
453,3:high,3:high,,0,0,*1
454,3:high,3:high,,0,0,*1
455,3:high,3:high,,0,0,*1
456,3:high,3:high,,0,0,*1
457,3:high,3:high,,0,0,*1
458,3:high,3:high,,0,0.009,*0.991
459,3:high,3:high,,0,0,*1
460,3:high,3:high,,0,0,*1
461,3:high,3:high,,0,0,*1
462,3:high,3:high,,0,0,*1
463,3:high,3:high,,0,0,*1
464,3:high,3:high,,0,0,*1
465,3:high,3:high,,0,0,*1
466,3:high,3:high,,0,0,*1
467,3:high,3:high,,0,0,*1
468,3:high,3:high,,0,0,*1
469,3:high,3:high,,0,0,*1
470,3:high,3:high,,0,0,*1
471,3:high,3:high,,0,0,*1
472,3:high,3:high,,0,0,*1
473,3:high,3:high,,0,0,*1
474,3:high,3:high,,0,0,*1
475,3:high,3:high,,0,0,*1
476,3:high,3:high,,0,0,*1
477,3:high,3:high,,0,0,*1
478,3:high,3:high,,0,0,*1
479,3:high,3:high,,0,0,*1
480,3:high,3:high,,0,0,*1
481,3:high,3:high,,0,0,*1
482,3:high,3:high,,0,0.001,*0.999
483,3:high,3:high,,0,0,*1
484,3:high,3:high,,0,0,*1
485,3:high,3:high,,0,0,*1
486,3:high,3:high,,0,0,*1
487,3:high,3:high,,0,0,*1
488,3:high,3:high,,0,0,*1
489,2:medium,3:high,+,0,0,*1
490,2:medium,3:high,+,0,0,*1
491,2:medium,3:high,+,0,0,*1
492,2:medium,3:high,+,0,0.274,*0.726
493,2:medium,3:high,+,0,0,*1
494,2:medium,3:high,+,0,0,*1
495,2:medium,3:high,+,0,0,*1
496,2:medium,3:high,+,0,0,*1
497,2:medium,3:high,+,0,0,*1
498,2:medium,3:high,+,0,0,*1
499,2:medium,2:medium,,0,*0.527,0.473
500,2:medium,2:medium,,0,*0.95,0.05
501,2:medium,3:high,+,0,0,*1
502,2:medium,3:high,+,0.025,0.001,*0.974
503,2:medium,3:high,+,0,0,*1
504,2:medium,1:low,+,*1,0,0
505,2:medium,1:low,+,*1,0,0
506,2:medium,1:low,+,*0.918,0.082,0
507,2:medium,2:medium,,0.105,*0.895,0
508,2:medium,2:medium,,0.003,*0.849,0.148
509,1:low,3:high,+,0.002,0.047,*0.951
510,2:medium,1:low,+,*0.931,0.066,0.003
511,2:medium,1:low,+,*0.952,0.044,0.004
512,2:medium,1:low,+,*1,0,0
513,2:medium,1:low,+,*1,0,0
514,2:medium,2:medium,,0,*1,0
515,2:medium,2:medium,,0,*0.852,0.148
516,2:medium,2:medium,,0,*1,0
517,3:high,3:high,,0,0.002,*0.998
518,3:high,3:high,,0,0.025,*0.975
519,3:high,3:high,,0,0,*1
520,3:high,3:high,,0,0,*1
521,3:high,3:high,,0,0,*1
522,3:high,3:high,,0,0,*1
523,3:high,3:high,,0,0,*1
524,3:high,3:high,,0,0.016,*0.984
525,3:high,3:high,,0,0.008,*0.992
526,3:high,3:high,,0,0,*1
527,3:high,3:high,,0,0,*1
528,3:high,3:high,,0,0,*1
529,3:high,3:high,,0,0,*1
530,3:high,3:high,,0,0,*1
531,3:high,3:high,,0,0,*1
532,3:high,3:high,,0,0,*1
533,3:high,3:high,,0,0.001,*0.999
534,3:high,3:high,,0,0.359,*0.641
535,3:high,3:high,,0,0.359,*0.641
536,3:high,3:high,,0,0.001,*0.999
537,3:high,3:high,,0,0,*1
538,3:high,3:high,,0,0,*1
539,3:high,2:medium,+,0,*0.995,0.005
540,3:high,2:medium,+,0,*0.933,0.067
541,3:high,2:medium,+,0,*1,0
542,3:high,2:medium,+,0,*1,0
543,3:high,3:high,,0,0.357,*0.643
544,3:high,2:medium,+,0,*0.585,0.415
545,3:high,2:medium,+,0,*0.998,0.002
546,3:high,2:medium,+,0,*1,0
547,3:high,2:medium,+,0,*1,0
548,3:high,2:medium,+,0,*0.997,0.003
549,3:high,2:medium,+,0,*1,0
550,3:high,2:medium,+,0.004,*0.954,0.043
551,3:high,3:high,,0.006,0.162,*0.832
552,3:high,1:low,+,*0.998,0,0.002
553,3:high,2:medium,+,0.006,*0.994,0
554,2:medium,3:high,+,0,0.204,*0.796
555,2:medium,3:high,+,0,0.007,*0.993
556,2:medium,3:high,+,0,0.007,*0.993
557,2:medium,2:medium,,0,*0.978,0.022
558,2:medium,2:medium,,0,*0.928,0.072
559,2:medium,3:high,+,0,0,*1
560,2:medium,3:high,+,0,0,*1
561,1:low,2:medium,+,0,*0.995,0.005
562,1:low,2:medium,+,0,*0.999,0.001
563,1:low,2:medium,+,0,*1,0
564,1:low,2:medium,+,0,*1,0
565,1:low,2:medium,+,0,*1,0
566,1:low,2:medium,+,0,*0.999,0.001
567,1:low,2:medium,+,0,*0.735,0.265
568,1:low,3:high,+,0,0.048,*0.952
569,1:low,2:medium,+,0,*0.995,0.005
570,1:low,2:medium,+,0,*0.999,0.001
571,1:low,2:medium,+,0,*1,0
572,1:low,3:high,+,0,0.001,*0.999
573,1:low,3:high,+,0,0.128,*0.872
574,1:low,3:high,+,0,0.006,*0.994
575,1:low,3:high,+,0,0,*1
576,1:low,3:high,+,0,0,*1
577,1:low,3:high,+,0,0,*1
578,1:low,3:high,+,0,0,*1
579,1:low,3:high,+,0,0,*1
580,1:low,3:high,+,0,0,*1
581,1:low,3:high,+,0,0,*1
582,1:low,3:high,+,0,0,*1
583,1:low,3:high,+,0,0,*1
584,1:low,3:high,+,0,0,*1
585,1:low,3:high,+,0,0,*1
586,1:low,3:high,+,0,0,*1
587,1:low,3:high,+,0,0,*1
588,1:low,3:high,+,0,0,*1
589,1:low,3:high,+,0,0,*1
590,1:low,3:high,+,0.013,0.002,*0.985
591,1:low,3:high,+,0,0,*1
592,1:low,3:high,+,0.002,0,*0.998
593,1:low,3:high,+,0.001,0,*0.999
594,1:low,3:high,+,0.003,0,*0.997
595,1:low,3:high,+,0.077,0.008,*0.915
596,1:low,2:medium,+,0.005,*0.995,0
597,1:low,2:medium,+,0.485,*0.515,0
598,1:low,2:medium,+,0,*1,0
599,1:low,2:medium,+,0,*1,0
600,1:low,2:medium,+,0,*1,0
601,1:low,3:high,+,0,0,*1
602,1:low,3:high,+,0,0,*1
603,1:low,3:high,+,0,0,*1
604,1:low,3:high,+,0,0,*1
605,1:low,3:high,+,0,0,*1
606,1:low,3:high,+,0,0,*1
607,1:low,3:high,+,0,0,*1
608,1:low,3:high,+,0,0,*1
609,1:low,3:high,+,0,0.014,*0.986
610,1:low,3:high,+,0,0,*1
611,1:low,3:high,+,0,0,*1
612,1:low,3:high,+,0,0,*1
613,1:low,3:high,+,0,0,*1
614,1:low,3:high,+,0,0,*1
615,1:low,3:high,+,0,0,*1
616,1:low,3:high,+,0,0,*1
617,1:low,3:high,+,0,0,*1
618,1:low,3:high,+,0,0,*1
619,1:low,3:high,+,0,0,*1
620,1:low,3:high,+,0,0,*1
621,1:low,3:high,+,0,0,*1
622,1:low,3:high,+,0,0,*1
623,1:low,3:high,+,0,0,*1
624,1:low,3:high,+,0,0,*1
625,1:low,3:high,+,0,0,*1
626,1:low,3:high,+,0,0,*1
627,1:low,3:high,+,0,0,*1
628,1:low,3:high,+,0,0,*1
629,1:low,3:high,+,0,0,*1
630,1:low,3:high,+,0,0.001,*0.999
631,1:low,3:high,+,0,0,*1
632,1:low,3:high,+,0,0,*1
633,1:low,3:high,+,0,0.009,*0.991
634,1:low,3:high,+,0,0,*1
635,1:low,3:high,+,0,0,*1
636,1:low,3:high,+,0,0,*1
637,1:low,3:high,+,0,0,*1
638,1:low,3:high,+,0,0,*1
639,1:low,3:high,+,0,0,*1
640,1:low,3:high,+,0,0,*1
641,1:low,3:high,+,0,0,*1
642,1:low,3:high,+,0.001,0,*0.999
643,1:low,1:low,,*0.946,0.001,0.053
644,1:low,1:low,,*0.932,0,0.068
645,1:low,1:low,,*0.7,0,0.3
646,1:low,3:high,+,0,0,*1
647,1:low,3:high,+,0,0.139,*0.861
648,1:low,3:high,+,0,0.01,*0.99
649,1:low,3:high,+,0,0.005,*0.995
650,1:low,2:medium,+,0,*0.948,0.052
651,1:low,3:high,+,0,0.005,*0.995
652,1:low,3:high,+,0,0,*0.999
653,1:low,3:high,+,0,0.005,*0.995
654,2:medium,3:high,+,0,0.005,*0.995
655,2:medium,3:high,+,0,0.005,*0.995
656,2:medium,3:high,+,0,0.067,*0.933
657,1:low,3:high,+,0,0.432,*0.568
658,1:low,2:medium,+,0,*0.948,0.052
659,1:low,3:high,+,0,0,*1
660,1:low,2:medium,+,0,*0.985,0.015
661,1:low,2:medium,+,0,*0.868,0.132
662,1:low,2:medium,+,0,*0.957,0.043
663,1:low,3:high,+,0,0.229,*0.771
664,1:low,2:medium,+,0,*0.894,0.106
665,1:low,3:high,+,0.002,0.052,*0.946
666,1:low,1:low,,*0.988,0,0.012
667,1:low,1:low,,*1,0,0
668,1:low,1:low,,*0.968,0.007,0.024
669,1:low,3:high,+,0,0,*1
670,1:low,2:medium,+,0.033,*0.962,0.005
671,1:low,1:low,,*0.861,0.011,0.128
672,1:low,3:high,+,0.017,0.001,*0.981
673,1:low,3:high,+,0.026,0.002,*0.973
674,1:low,1:low,,*0.993,0,0.007
675,1:low,1:low,,*0.99,0.01,0
676,1:low,1:low,,*1,0,0
677,1:low,1:low,,*1,0,0
678,1:low,1:low,,*1,0,0
679,1:low,3:high,+,0.001,0.015,*0.984
680,1:low,3:high,+,0,0.001,*0.999
681,1:low,3:high,+,0,0.221,*0.779
682,1:low,3:high,+,0,0.198,*0.802
683,1:low,3:high,+,0,0,*1
684,1:low,3:high,+,0.004,0.021,*0.975
685,1:low,3:high,+,0,0,*1
686,1:low,3:high,+,0,0,*0.999
687,1:low,3:high,+,0.076,0.001,*0.923
688,1:low,1:low,,*0.992,0,0.008
689,1:low,1:low,,*0.999,0,0.001
690,1:low,3:high,+,0.229,0.358,*0.413
691,1:low,1:low,,*1,0,0
692,1:low,3:high,+,0.001,0,*0.999
693,1:low,3:high,+,0,0,*1
694,1:low,3:high,+,0,0,*1
695,1:low,3:high,+,0,0,*1
696,1:low,3:high,+,0,0,*1
697,2:medium,3:high,+,0,0,*1
698,2:medium,3:high,+,0,0.005,*0.995
699,2:medium,3:high,+,0,0,*1
700,2:medium,3:high,+,0,0,*1
701,2:medium,3:high,+,0,0,*1
702,2:medium,3:high,+,0,0,*1
703,2:medium,3:high,+,0,0.003,*0.997
704,2:medium,2:medium,,0,*0.719,0.281
705,2:medium,3:high,+,0,0.002,*0.998
706,2:medium,2:medium,,0,*0.981,0.019
707,2:medium,3:high,+,0,0,*1
708,2:medium,2:medium,,0,*1,0
709,2:medium,3:high,+,0.015,0.086,*0.899
710,2:medium,3:high,+,0,0,*1
711,2:medium,3:high,+,0,0,*1
712,2:medium,3:high,+,0,0,*1
713,2:medium,3:high,+,0,0,*1
714,2:medium,3:high,+,0,0.002,*0.998
715,2:medium,2:medium,,0,*0.993,0.007
716,2:medium,3:high,+,0,0.002,*0.998
717,1:low,1:low,,*0.519,0.169,0.311
718,1:low,3:high,+,0,0.316,*0.683
