inst#,actual,predicted,error,distribution,,
1,2:medium,2:medium,,0,*1,0
2,2:medium,2:medium,,0,*1,0
3,2:medium,2:medium,,0,*1,0
4,2:medium,2:medium,,0,*1,0
5,2:medium,2:medium,,0,*1,0
6,2:medium,2:medium,,0,*1,0
7,2:medium,2:medium,,0,*1,0
8,2:medium,2:medium,,0,*1,0
9,2:medium,2:medium,,0,*1,0
10,2:medium,2:medium,,0,*1,0
11,2:medium,2:medium,,0,*1,0
12,2:medium,2:medium,,0,*1,0
13,2:medium,2:medium,,0.004,*0.996,0
14,2:medium,1:low,+,*1,0,0
15,2:medium,1:low,+,*1,0,0
16,2:medium,1:low,+,*1,0,0
17,2:medium,1:low,+,*1,0,0
18,2:medium,1:low,+,*1,0,0
19,2:medium,1:low,+,*1,0,0
20,2:medium,1:low,+,*1,0,0
21,2:medium,1:low,+,*1,0,0
22,2:medium,1:low,+,*1,0,0
23,2:medium,1:low,+,*1,0,0
24,2:medium,1:low,+,*1,0,0
25,2:medium,1:low,+,*1,0,0
26,2:medium,1:low,+,*1,0,0
27,2:medium,1:low,+,*1,0,0
28,2:medium,1:low,+,*1,0,0
29,2:medium,1:low,+,*1,0,0
30,2:medium,1:low,+,*0.988,0.012,0
31,2:medium,1:low,+,*1,0,0
32,2:medium,1:low,+,*0.996,0.004,0
33,2:medium,1:low,+,*1,0,0
34,2:medium,1:low,+,*1,0,0
35,2:medium,1:low,+,*1,0,0
36,2:medium,1:low,+,*1,0,0
37,2:medium,1:low,+,*1,0,0
38,2:medium,2:medium,,0,*1,0
39,2:medium,2:medium,,0,*1,0
40,2:medium,2:medium,,0,*1,0
41,2:medium,2:medium,,0,*1,0
42,2:medium,2:medium,,0.09,*0.91,0
43,2:medium,3:high,+,0.012,0.137,*0.851
44,2:medium,2:medium,,0,*1,0
45,2:medium,2:medium,,0,*1,0
46,2:medium,2:medium,,0.003,*0.997,0
47,2:medium,2:medium,,0,*1,0
48,2:medium,2:medium,,0,*1,0
49,2:medium,2:medium,,0,*1,0
50,2:medium,2:medium,,0,*1,0
51,2:medium,2:medium,,0,*1,0
52,2:medium,2:medium,,0,*1,0
53,2:medium,2:medium,,0,*1,0
54,2:medium,2:medium,,0,*0.979,0.021
55,2:medium,2:medium,,0,*1,0
56,2:medium,2:medium,,0,*1,0
57,2:medium,3:high,+,0,0,*1
58,2:medium,3:high,+,0,0,*1
59,2:medium,3:high,+,0,0,*1
60,2:medium,3:high,+,0,0,*1
61,2:medium,3:high,+,0,0,*1
62,2:medium,3:high,+,0,0,*1
63,2:medium,3:high,+,0,0,*1
64,2:medium,2:medium,,0,*1,0
65,2:medium,2:medium,,0,*1,0
66,2:medium,2:medium,,0,*1,0
67,2:medium,2:medium,,0,*1,0
68,2:medium,2:medium,,0,*1,0
69,2:medium,2:medium,,0,*1,0
70,2:medium,2:medium,,0,*1,0
71,2:medium,1:low,+,*1,0,0
72,2:medium,2:medium,,0,*1,0
73,2:medium,2:medium,,0,*1,0
74,2:medium,2:medium,,0,*1,0
75,2:medium,1:low,+,*1,0,0
76,2:medium,3:high,+,0,0,*1
77,2:medium,3:high,+,0.01,0.001,*0.989
78,2:medium,1:low,+,*1,0,0
79,2:medium,1:low,+,*1,0,0
80,2:medium,2:medium,,0,*1,0
81,2:medium,3:high,+,0,0,*1
82,2:medium,2:medium,,0,*0.505,0.495
83,3:high,3:high,,0,0,*1
84,3:high,3:high,,0,0,*1
85,3:high,3:high,,0,0,*1
86,3:high,3:high,,0,0,*1
87,3:high,3:high,,0,0,*1
88,3:high,3:high,,0,0,*1
89,3:high,3:high,,0,0,*1
90,2:medium,3:high,+,0,0,*1
91,2:medium,3:high,+,0,0,*1
92,2:medium,3:high,+,0,0,*1
93,2:medium,3:high,+,0,0,*1
94,2:medium,3:high,+,0,0,*1
95,2:medium,3:high,+,0,0,*1
96,2:medium,3:high,+,0,0,*1
97,2:medium,3:high,+,0,0,*1
98,2:medium,3:high,+,0,0,*1
99,2:medium,3:high,+,0,0,*1
100,2:medium,3:high,+,0,0,*1
101,2:medium,2:medium,,0,*1,0
102,2:medium,2:medium,,0,*1,0
103,1:low,2:medium,+,0,*1,0
104,1:low,2:medium,+,0,*1,0
105,1:low,2:medium,+,0,*1,0
106,1:low,2:medium,+,0,*1,0
107,1:low,2:medium,+,0,*1,0
108,1:low,2:medium,+,0,*1,0
109,1:low,2:medium,+,0,*1,0
110,1:low,2:medium,+,0,*1,0
111,1:low,3:high,+,0,0,*1
112,1:low,3:high,+,0,0,*1
113,1:low,2:medium,+,0,*1,0
114,1:low,2:medium,+,0,*1,0
115,1:low,2:medium,+,0,*1,0
116,1:low,2:medium,+,0,*1,0
117,1:low,2:medium,+,0,*1,0
118,1:low,2:medium,+,0,*1,0
119,1:low,2:medium,+,0,*1,0
120,1:low,2:medium,+,0,*1,0
121,1:low,2:medium,+,0,*1,0
122,1:low,2:medium,+,0,*1,0
123,1:low,2:medium,+,0,*1,0
124,1:low,2:medium,+,0,*1,0
125,1:low,1:low,,*1,0,0
126,1:low,2:medium,+,0.077,*0.923,0
127,1:low,1:low,,*1,0,0
128,1:low,1:low,,*1,0,0
129,1:low,1:low,,*0.755,0.245,0
130,1:low,1:low,,*0.999,0.001,0
131,1:low,1:low,,*1,0,0
132,1:low,1:low,,*1,0,0
133,1:low,1:low,,*1,0,0
134,2:medium,2:medium,,0.109,*0.891,0
135,2:medium,1:low,+,*1,0,0
136,2:medium,1:low,+,*0.973,0.027,0
137,2:medium,2:medium,,0,*1,0
138,2:medium,2:medium,,0,*1,0
139,2:medium,1:low,+,*1,0,0
140,2:medium,2:medium,,0,*1,0
141,3:high,3:high,,0,0,*1
142,3:high,3:high,,0,0,*1
143,3:high,3:high,,0,0,*1
144,3:high,3:high,,0,0,*1
145,3:high,3:high,,0,0,*1
146,3:high,3:high,,0,0,*1
147,3:high,2:medium,+,0,*1,0
148,3:high,2:medium,+,0,*1,0
149,3:high,2:medium,+,0,*1,0
150,3:high,2:medium,+,0,*0.589,0.411
151,3:high,2:medium,+,0,*1,0
152,3:high,2:medium,+,0,*1,0
153,3:high,3:high,,0,0,*1
154,3:high,3:high,,0,0,*1
155,3:high,2:medium,+,0,*1,0
156,3:high,2:medium,+,0,*1,0
157,3:high,2:medium,+,0,*1,0
158,3:high,2:medium,+,0,*1,0
159,3:high,2:medium,+,0,*1,0
160,3:high,2:medium,+,0,*1,0
161,3:high,2:medium,+,0,*1,0
162,3:high,2:medium,+,0,*1,0
163,3:high,2:medium,+,0,*1,0
164,2:medium,2:medium,,0,*1,0
165,2:medium,2:medium,,0,*1,0
166,2:medium,2:medium,,0,*1,0
167,2:medium,2:medium,,0,*1,0
168,2:medium,2:medium,,0,*1,0
169,2:medium,2:medium,,0,*1,0
170,2:medium,2:medium,,0,*1,0
171,2:medium,2:medium,,0,*1,0
172,2:medium,2:medium,,0,*1,0
173,2:medium,2:medium,,0,*1,0
174,2:medium,2:medium,,0,*1,0
175,1:low,2:medium,+,0,*1,0
176,1:low,1:low,,*1,0,0
177,1:low,2:medium,+,0,*1,0
178,1:low,2:medium,+,0,*1,0
179,1:low,2:medium,+,0,*1,0
180,1:low,2:medium,+,0,*1,0
181,1:low,2:medium,+,0,*1,0
182,1:low,2:medium,+,0,*1,0
183,1:low,2:medium,+,0,*1,0
184,1:low,2:medium,+,0,*1,0
185,1:low,2:medium,+,0,*1,0
186,1:low,2:medium,+,0,*1,0
187,1:low,2:medium,+,0,*1,0
188,1:low,2:medium,+,0,*1,0
189,1:low,2:medium,+,0,*1,0
190,1:low,2:medium,+,0,*1,0
191,1:low,2:medium,+,0,*1,0
192,1:low,2:medium,+,0,*1,0
193,1:low,1:low,,*1,0,0
194,1:low,2:medium,+,0,*1,0
195,1:low,2:medium,+,0,*1,0
196,1:low,1:low,,*1,0,0
197,1:low,1:low,,*1,0,0
198,1:low,1:low,,*1,0,0
199,1:low,1:low,,*1,0,0
200,1:low,1:low,,*1,0,0
201,1:low,1:low,,*1,0,0
202,1:low,1:low,,*1,0,0
203,1:low,1:low,,*1,0,0
204,1:low,1:low,,*1,0,0
205,1:low,1:low,,*1,0,0
206,1:low,1:low,,*1,0,0
207,1:low,1:low,,*1,0,0
208,1:low,1:low,,*1,0,0
209,1:low,1:low,,*1,0,0
210,1:low,3:high,+,0,0,*1
211,1:low,3:high,+,0,0,*1
212,1:low,3:high,+,0,0,*1
213,2:medium,3:high,+,0,0.001,*0.999
214,2:medium,3:high,+,0,0.045,*0.955
215,2:medium,2:medium,,0,*0.987,0.013
216,2:medium,2:medium,,0,*0.998,0.002
217,2:medium,2:medium,,0,*1,0
218,2:medium,2:medium,,0,*1,0
219,2:medium,2:medium,,0,*1,0
220,2:medium,2:medium,,0,*1,0
221,2:medium,2:medium,,0,*1,0
222,2:medium,2:medium,,0,*1,0
223,2:medium,2:medium,,0,*1,0
224,3:high,2:medium,+,0,*1,0
225,3:high,2:medium,+,0,*0.992,0.008
226,3:high,2:medium,+,0,*1,0
227,3:high,2:medium,+,0,*0.84,0.16
228,3:high,2:medium,+,0,*0.999,0.001
229,3:high,2:medium,+,0,*1,0
230,3:high,2:medium,+,0,*1,0
231,3:high,2:medium,+,0,*1,0
232,3:high,2:medium,+,0,*1,0
233,3:high,2:medium,+,0,*1,0
234,3:high,2:medium,+,0,*1,0
235,3:high,2:medium,+,0,*1,0
236,2:medium,2:medium,,0,*1,0
237,2:medium,2:medium,,0,*1,0
238,2:medium,3:high,+,0,0.001,*0.999
239,2:medium,3:high,+,0,0,*1
240,2:medium,3:high,+,0.025,0,*0.975
241,2:medium,2:medium,,0,*1,0
242,2:medium,1:low,+,*1,0,0
243,2:medium,2:medium,,0,*1,0
244,2:medium,1:low,+,*1,0,0
245,2:medium,1:low,+,*1,0,0
246,2:medium,1:low,+,*1,0,0
247,2:medium,1:low,+,*1,0,0
248,2:medium,3:high,+,0,0,*1
249,2:medium,3:high,+,0,0,*1
250,1:low,3:high,+,0,0,*1
251,1:low,2:medium,+,0,*1,0
252,1:low,2:medium,+,0.004,*0.996,0
253,2:medium,1:low,+,*1,0,0
254,2:medium,1:low,+,*0.892,0,0.108
255,2:medium,3:high,+,0,0,*1
256,2:medium,3:high,+,0,0,*1
257,2:medium,3:high,+,0,0,*1
258,2:medium,1:low,+,*1,0,0
259,2:medium,1:low,+,*1,0,0
260,2:medium,1:low,+,*1,0,0
261,2:medium,1:low,+,*0.505,0.495,0
262,2:medium,2:medium,,0,*1,0
263,2:medium,1:low,+,*0.999,0.001,0
264,2:medium,1:low,+,*0.751,0.249,0
265,2:medium,1:low,+,*1,0,0
266,2:medium,1:low,+,*1,0,0
267,2:medium,2:medium,,0,*1,0
268,2:medium,2:medium,,0,*1,0
269,2:medium,2:medium,,0,*1,0
270,2:medium,2:medium,,0,*1,0
271,2:medium,2:medium,,0,*0.655,0.345
272,2:medium,3:high,+,0,0,*1
273,2:medium,3:high,+,0,0,*1
274,2:medium,3:high,+,0,0,*1
275,2:medium,3:high,+,0,0,*1
276,2:medium,3:high,+,0,0,*1
277,2:medium,3:high,+,0,0,*1
278,2:medium,3:high,+,0,0,*1
279,2:medium,3:high,+,0,0,*1
280,2:medium,2:medium,,0,*1,0
281,2:medium,2:medium,,0,*1,0
282,2:medium,1:low,+,*1,0,0
283,2:medium,3:high,+,0,0.166,*0.834
284,2:medium,3:high,+,0,0.169,*0.831
285,2:medium,2:medium,,0,*0.989,0.011
286,2:medium,3:high,+,0,0,*1
287,2:medium,3:high,+,0,0,*1
288,2:medium,3:high,+,0,0,*1
289,2:medium,2:medium,,0,*1,0
290,2:medium,3:high,+,0,0,*1
291,2:medium,3:high,+,0,0.009,*0.991
292,2:medium,3:high,+,0,0.001,*0.999
293,2:medium,3:high,+,0,0.014,*0.986
294,2:medium,3:high,+,0,0.005,*0.995
295,2:medium,3:high,+,0,0,*1
296,3:high,3:high,,0,0.001,*0.999
297,3:high,3:high,,0,0,*1
298,3:high,3:high,,0,0,*1
299,3:high,3:high,,0,0,*1
300,3:high,3:high,,0,0,*1
301,3:high,3:high,,0,0,*1
302,3:high,3:high,,0,0,*1
303,3:high,3:high,,0,0,*1
304,3:high,3:high,,0,0,*1
305,3:high,3:high,,0,0,*1
306,3:high,3:high,,0,0,*1
307,3:high,3:high,,0,0,*1
308,3:high,3:high,,0,0,*1
309,3:high,3:high,,0,0,*1
310,3:high,3:high,,0,0,*1
311,3:high,3:high,,0,0,*1
312,3:high,3:high,,0,0,*1
313,3:high,3:high,,0,0,*1
314,3:high,3:high,,0,0,*1
315,3:high,2:medium,+,0,*1,0
316,3:high,3:high,,0,0,*1
317,3:high,3:high,,0,0,*1
318,3:high,2:medium,+,0,*1,0
319,3:high,2:medium,+,0,*1,0
320,3:high,3:high,,0,0,*1
321,3:high,2:medium,+,0,*1,0
322,3:high,3:high,,0,0,*1
323,3:high,1:low,+,*0.582,0.416,0.001
324,3:high,2:medium,+,0,*1,0
325,3:high,3:high,,0,0,*1
326,3:high,3:high,,0,0.141,*0.859
327,3:high,3:high,,0,0.006,*0.994
328,3:high,2:medium,+,0,*1,0
329,3:high,2:medium,+,0,*0.999,0.001
330,3:high,2:medium,+,0,*1,0
331,3:high,2:medium,+,0,*1,0
332,3:high,3:high,,0,0,*1
333,3:high,3:high,,0,0,*1
334,2:medium,3:high,+,0,0.217,*0.783
335,2:medium,3:high,+,0,0,*1
336,2:medium,3:high,+,0,0,*1
337,2:medium,3:high,+,0,0,*1
338,2:medium,2:medium,,0,*1,0
339,2:medium,2:medium,,0,*1,0
340,2:medium,2:medium,,0,*1,0
341,2:medium,3:high,+,0,0,*1
342,2:medium,3:high,+,0,0,*1
343,2:medium,3:high,+,0,0,*1
344,2:medium,2:medium,,0,*1,0
345,2:medium,2:medium,,0,*1,0
346,2:medium,3:high,+,0,0,*1
347,2:medium,3:high,+,0,0.015,*0.985
348,2:medium,3:high,+,0,0,*1
349,2:medium,3:high,+,0,0,*1
350,2:medium,2:medium,,0,*1,0
351,2:medium,3:high,+,0,0,*1
352,2:medium,2:medium,,0,*0.945,0.055
353,3:high,3:high,,0,0,*1
354,3:high,3:high,,0,0,*1
355,3:high,3:high,,0,0,*1
356,3:high,3:high,,0,0,*1
357,3:high,3:high,,0,0,*1
358,3:high,3:high,,0,0,*1
359,3:high,3:high,,0,0,*1
360,3:high,3:high,,0,0,*1
361,3:high,3:high,,0,0,*1
362,3:high,3:high,,0,0,*1
363,3:high,3:high,,0,0,*1
364,3:high,3:high,,0,0,*1
365,3:high,3:high,,0,0,*1
366,3:high,3:high,,0,0,*1
367,3:high,3:high,,0,0.049,*0.951
368,3:high,3:high,,0,0.001,*0.999
369,3:high,3:high,,0,0,*1
370,3:high,3:high,,0,0,*1
371,3:high,2:medium,+,0,*0.505,0.495
372,3:high,2:medium,+,0,*1,0
373,3:high,3:high,,0,0.008,*0.992
374,3:high,3:high,,0,0,*1
375,3:high,3:high,,0,0,*1
376,3:high,3:high,,0,0,*1
377,3:high,3:high,,0,0,*1
378,3:high,3:high,,0,0,*1
379,3:high,3:high,,0,0,*1
380,3:high,3:high,,0,0.054,*0.946
381,3:high,3:high,,0,0,*1
382,3:high,3:high,,0,0,*1
383,3:high,3:high,,0,0.238,*0.762
384,3:high,3:high,,0,0,*1
385,3:high,3:high,,0,0,*1
386,3:high,3:high,,0,0,*1
387,3:high,3:high,,0,0,*1
388,3:high,3:high,,0,0,*1
389,3:high,3:high,,0,0,*1
390,3:high,3:high,,0,0,*1
391,3:high,2:medium,+,0,*1,0
392,3:high,2:medium,+,0,*1,0
393,3:high,2:medium,+,0,*1,0
394,3:high,2:medium,+,0,*1,0
395,3:high,2:medium,+,0,*1,0
396,3:high,2:medium,+,0,*1,0
397,3:high,2:medium,+,0,*1,0
398,3:high,2:medium,+,0,*1,0
399,3:high,2:medium,+,0,*1,0
400,3:high,2:medium,+,0,*1,0
401,3:high,3:high,,0,0,*1
402,3:high,2:medium,+,0,*1,0
403,3:high,2:medium,+,0,*1,0
404,3:high,2:medium,+,0,*1,0
405,3:high,3:high,,0,0.212,*0.788
406,3:high,2:medium,+,0,*1,0
407,3:high,2:medium,+,0,*1,0
408,3:high,3:high,,0,0.003,*0.997
409,3:high,2:medium,+,0,*1,0
410,3:high,2:medium,+,0,*1,0
411,3:high,2:medium,+,0,*1,0
412,3:high,3:high,,0,0,*1
413,3:high,3:high,,0,0,*1
414,3:high,3:high,,0,0,*1
415,3:high,3:high,,0,0,*1
416,3:high,3:high,,0,0,*1
417,3:high,3:high,,0,0,*1
418,3:high,3:high,,0,0,*1
419,3:high,3:high,,0,0,*1
420,3:high,3:high,,0,0,*1
421,3:high,3:high,,0,0,*1
422,2:medium,3:high,+,0,0.002,*0.998
423,2:medium,2:medium,,0,*1,0
424,2:medium,2:medium,,0,*1,0
425,2:medium,3:high,+,0,0.003,*0.997
426,2:medium,2:medium,,0,*1,0
427,2:medium,3:high,+,0,0.255,*0.745
428,2:medium,3:high,+,0,0.034,*0.966
429,2:medium,2:medium,,0,*0.985,0.015
430,3:high,2:medium,+,0,*1,0
431,3:high,2:medium,+,0,*1,0
432,3:high,2:medium,+,0,*0.967,0.033
433,3:high,3:high,,0,0,*1
434,3:high,3:high,,0,0,*1
435,3:high,3:high,,0,0,*1
436,3:high,3:high,,0,0,*1
437,3:high,3:high,,0,0,*1
438,3:high,3:high,,0,0,*1
439,3:high,2:medium,+,0,*0.909,0.091
440,3:high,3:high,,0,0,*1
441,3:high,3:high,,0,0,*1
442,3:high,2:medium,+,0,*0.931,0.069
443,3:high,3:high,,0,0,*1
444,3:high,3:high,,0,0,*1
445,3:high,3:high,,0,0,*1
446,3:high,3:high,,0,0,*1
447,3:high,3:high,,0,0,*1
448,3:high,3:high,,0,0,*1
449,3:high,3:high,,0,0,*1
450,3:high,3:high,,0,0,*1
451,3:high,3:high,,0,0,*1
452,3:high,3:high,,0,0,*1
453,3:high,3:high,,0,0,*1
454,3:high,3:high,,0,0,*1
455,3:high,3:high,,0,0,*1
456,3:high,3:high,,0,0,*1
457,3:high,3:high,,0,0,*1
458,3:high,3:high,,0,0,*1
459,3:high,3:high,,0,0,*1
460,3:high,3:high,,0,0,*1
461,3:high,3:high,,0,0,*1
462,3:high,3:high,,0,0,*1
463,3:high,3:high,,0,0,*1
464,3:high,3:high,,0,0,*1
465,3:high,3:high,,0,0,*1
466,3:high,3:high,,0,0,*1
467,3:high,3:high,,0,0,*1
468,3:high,3:high,,0,0,*1
469,3:high,3:high,,0,0,*1
470,3:high,3:high,,0,0,*1
471,3:high,3:high,,0,0,*1
472,3:high,3:high,,0,0,*1
473,3:high,3:high,,0,0,*1
474,3:high,3:high,,0,0,*1
475,3:high,3:high,,0,0,*1
476,3:high,3:high,,0,0,*1
477,3:high,3:high,,0,0,*1
478,3:high,3:high,,0,0,*1
479,3:high,3:high,,0,0,*1
480,3:high,3:high,,0,0,*1
481,3:high,3:high,,0,0,*1
482,3:high,3:high,,0,0,*1
483,3:high,3:high,,0,0,*1
484,3:high,3:high,,0,0,*1
485,3:high,3:high,,0,0,*1
486,3:high,3:high,,0,0,*1
487,3:high,3:high,,0,0,*1
488,3:high,3:high,,0,0,*1
489,2:medium,3:high,+,0,0,*1
490,2:medium,3:high,+,0,0,*1
491,2:medium,3:high,+,0,0,*1
492,2:medium,3:high,+,0,0,*1
493,2:medium,3:high,+,0,0,*1
494,2:medium,3:high,+,0,0,*1
495,2:medium,3:high,+,0,0,*1
496,2:medium,3:high,+,0,0,*1
497,2:medium,3:high,+,0,0,*1
498,2:medium,3:high,+,0,0,*1
499,2:medium,3:high,+,0,0.002,*0.998
500,2:medium,3:high,+,0,0,*1
501,2:medium,3:high,+,0,0,*1
502,2:medium,3:high,+,0,0,*1
503,2:medium,3:high,+,0,0,*1
504,2:medium,2:medium,,0.059,*0.941,0
505,2:medium,1:low,+,*1,0,0
506,2:medium,1:low,+,*1,0,0
507,2:medium,2:medium,,0.053,*0.947,0
508,2:medium,2:medium,,0,*1,0
509,1:low,3:high,+,0,0,*1
510,2:medium,3:high,+,0.331,0,*0.669
511,2:medium,1:low,+,*1,0,0
512,2:medium,1:low,+,*1,0,0
513,2:medium,1:low,+,*1,0,0
514,2:medium,2:medium,,0,*1,0
515,2:medium,2:medium,,0,*1,0
516,2:medium,2:medium,,0,*1,0
517,3:high,3:high,,0,0,*1
518,3:high,2:medium,+,0,*1,0
519,3:high,2:medium,+,0,*1,0
520,3:high,3:high,,0,0,*1
521,3:high,3:high,,0,0,*1
522,3:high,3:high,,0,0,*1
523,3:high,3:high,,0,0,*1
524,3:high,3:high,,0,0,*1
525,3:high,3:high,,0,0,*1
526,3:high,3:high,,0,0,*1
527,3:high,3:high,,0,0,*1
528,3:high,3:high,,0,0,*1
529,3:high,3:high,,0,0,*1
530,3:high,3:high,,0,0.016,*0.984
531,3:high,3:high,,0,0,*1
532,3:high,3:high,,0,0,*1
533,3:high,3:high,,0,0,*1
534,3:high,3:high,,0,0,*1
535,3:high,3:high,,0,0,*1
536,3:high,3:high,,0,0,*1
537,3:high,3:high,,0,0,*1
538,3:high,3:high,,0,0,*1
539,3:high,3:high,,0,0,*1
540,3:high,3:high,,0,0,*1
541,3:high,3:high,,0,0,*1
542,3:high,2:medium,+,0,*0.971,0.029
543,3:high,2:medium,+,0,*0.999,0.001
544,3:high,3:high,,0,0,*1
545,3:high,2:medium,+,0,*1,0
546,3:high,2:medium,+,0,*1,0
547,3:high,2:medium,+,0,*1,0
548,3:high,2:medium,+,0,*1,0
549,3:high,2:medium,+,0,*1,0
550,3:high,2:medium,+,0,*1,0
551,3:high,2:medium,+,0,*1,0
552,3:high,3:high,,0,0,*1
553,3:high,2:medium,+,0,*1,0
554,2:medium,2:medium,,0,*1,0
555,2:medium,3:high,+,0,0,*1
556,2:medium,3:high,+,0,0,*1
557,2:medium,3:high,+,0,0.442,*0.558
558,2:medium,3:high,+,0,0,*1
559,2:medium,3:high,+,0,0,*1
560,2:medium,3:high,+,0,0,*1
561,1:low,3:high,+,0,0,*1
562,1:low,2:medium,+,0,*1,0
563,1:low,2:medium,+,0,*1,0
564,1:low,2:medium,+,0,*1,0
565,1:low,2:medium,+,0,*1,0
566,1:low,2:medium,+,0,*1,0
567,1:low,2:medium,+,0,*1,0
568,1:low,2:medium,+,0,*0.805,0.195
569,1:low,2:medium,+,0,*1,0
570,1:low,2:medium,+,0,*1,0
571,1:low,2:medium,+,0,*1,0
572,1:low,3:high,+,0,0,*1
573,1:low,3:high,+,0,0,*1
574,1:low,3:high,+,0,0,*1
575,1:low,3:high,+,0,0,*1
576,1:low,3:high,+,0,0,*1
577,1:low,3:high,+,0,0,*1
578,1:low,3:high,+,0,0,*1
579,1:low,3:high,+,0,0,*1
580,1:low,3:high,+,0,0,*1
581,1:low,3:high,+,0,0,*1
582,1:low,3:high,+,0,0,*1
583,1:low,2:medium,+,0,*0.978,0.022
584,1:low,2:medium,+,0,*1,0
585,1:low,3:high,+,0,0,*1
586,1:low,3:high,+,0,0.497,*0.503
587,1:low,2:medium,+,0,*1,0
588,1:low,2:medium,+,0,*1,0
589,1:low,2:medium,+,0,*1,0
590,1:low,2:medium,+,0,*1,0
591,1:low,2:medium,+,0,*1,0
592,1:low,2:medium,+,0.147,*0.853,0
593,1:low,2:medium,+,0,*1,0
594,1:low,1:low,,*1,0,0
595,1:low,1:low,,*1,0,0
596,1:low,1:low,,*0.921,0.079,0
597,1:low,2:medium,+,0,*1,0
598,1:low,1:low,,*1,0,0
599,1:low,2:medium,+,0,*1,0
600,1:low,2:medium,+,0,*1,0
601,1:low,2:medium,+,0,*0.964,0.036
602,1:low,3:high,+,0,0,*1
603,1:low,3:high,+,0,0,*1
604,1:low,3:high,+,0,0,*1
605,1:low,3:high,+,0,0,*1
606,1:low,3:high,+,0,0,*1
607,1:low,3:high,+,0,0,*1
608,1:low,3:high,+,0,0,*1
609,1:low,3:high,+,0,0,*1
610,1:low,3:high,+,0,0,*1
611,1:low,3:high,+,0,0,*1
612,1:low,3:high,+,0,0,*1
613,1:low,3:high,+,0,0,*1
614,1:low,3:high,+,0,0,*1
615,1:low,3:high,+,0,0,*1
616,1:low,2:medium,+,0,*1,0
617,1:low,2:medium,+,0,*1,0
618,1:low,2:medium,+,0,*1,0
619,1:low,3:high,+,0,0.001,*0.999
620,1:low,3:high,+,0,0,*1
621,1:low,3:high,+,0,0,*1
622,1:low,3:high,+,0,0,*1
623,1:low,3:high,+,0,0,*1
624,1:low,3:high,+,0,0,*1
625,1:low,3:high,+,0,0,*1
626,1:low,3:high,+,0,0,*1
627,1:low,3:high,+,0,0,*1
628,1:low,3:high,+,0,0,*1
629,1:low,3:high,+,0,0,*1
630,1:low,3:high,+,0,0,*1
631,1:low,3:high,+,0,0,*1
632,1:low,3:high,+,0,0,*1
633,1:low,3:high,+,0,0,*1
634,1:low,3:high,+,0,0,*1
635,1:low,3:high,+,0,0,*1
636,1:low,3:high,+,0,0,*1
637,1:low,3:high,+,0,0,*1
638,1:low,1:low,,*0.999,0,0.001
639,1:low,3:high,+,0.001,0,*0.999
640,1:low,3:high,+,0,0,*1
641,1:low,3:high,+,0,0,*1
642,1:low,2:medium,+,0,*1,0
643,1:low,2:medium,+,0,*1,0
644,1:low,3:high,+,0,0,*1
645,1:low,3:high,+,0,0,*1
646,1:low,3:high,+,0,0,*1
647,1:low,3:high,+,0,0,*1
648,1:low,3:high,+,0,0,*1
649,1:low,3:high,+,0,0,*1
650,1:low,2:medium,+,0,*0.997,0.003
651,1:low,2:medium,+,0,*1,0
652,1:low,2:medium,+,0,*1,0
653,1:low,2:medium,+,0,*1,0
654,2:medium,2:medium,,0,*1,0
655,2:medium,2:medium,,0,*1,0
656,2:medium,2:medium,,0,*1,0
657,1:low,3:high,+,0.001,0,*0.999
658,1:low,2:medium,+,0,*1,0
659,1:low,2:medium,+,0.002,*0.997,0
660,1:low,2:medium,+,0,*1,0
661,1:low,2:medium,+,0,*1,0
662,1:low,2:medium,+,0,*1,0
663,1:low,2:medium,+,0.009,*0.991,0
664,1:low,3:high,+,0,0,*1
665,1:low,2:medium,+,0.068,*0.932,0
666,1:low,2:medium,+,0.001,*0.993,0.006
667,1:low,2:medium,+,0,*1,0
668,1:low,2:medium,+,0.054,*0.946,0
669,1:low,3:high,+,0,0,*1
670,1:low,2:medium,+,0,*1,0
671,1:low,1:low,,*1,0,0
672,1:low,1:low,,*1,0,0
673,1:low,1:low,,*1,0,0
674,1:low,1:low,,*1,0,0
675,1:low,2:medium,+,0.001,*0.999,0
676,1:low,1:low,,*1,0,0
677,1:low,1:low,,*1,0,0
678,1:low,1:low,,*1,0,0
679,1:low,2:medium,+,0,*1,0
680,1:low,3:high,+,0,0.009,*0.991
681,1:low,2:medium,+,0,*1,0
682,1:low,2:medium,+,0,*1,0
683,1:low,2:medium,+,0,*0.969,0.031
684,1:low,2:medium,+,0,*1,0
685,1:low,2:medium,+,0,*1,0
686,1:low,2:medium,+,0,*1,0
687,1:low,2:medium,+,0,*1,0
688,1:low,2:medium,+,0,*1,0
689,1:low,2:medium,+,0,*0.618,0.382
690,1:low,3:high,+,0,0,*1
691,1:low,3:high,+,0,0,*1
692,1:low,3:high,+,0,0,*1
693,1:low,3:high,+,0,0,*1
694,1:low,3:high,+,0,0,*1
695,1:low,3:high,+,0,0,*1
696,1:low,2:medium,+,0,*1,0
697,2:medium,2:medium,,0,*1,0
698,2:medium,2:medium,,0,*0.577,0.423
699,2:medium,2:medium,,0,*1,0
700,2:medium,2:medium,,0,*1,0
701,2:medium,2:medium,,0,*1,0
702,2:medium,2:medium,,0,*0.917,0.083
703,2:medium,2:medium,,0,*1,0
704,2:medium,2:medium,,0,*1,0
705,2:medium,2:medium,,0,*1,0
706,2:medium,2:medium,,0,*1,0
707,2:medium,3:high,+,0,0,*1
708,2:medium,3:high,+,0,0,*1
709,2:medium,3:high,+,0,0,*1
710,2:medium,3:high,+,0,0,*1
711,2:medium,3:high,+,0,0,*1
712,2:medium,3:high,+,0,0,*1
713,2:medium,3:high,+,0,0,*1
714,2:medium,2:medium,,0,*1,0
715,2:medium,2:medium,,0,*1,0
716,2:medium,3:high,+,0,0.448,*0.552
717,1:low,3:high,+,0,0,*1
718,1:low,3:high,+,0,0,*1
