inst#,actual,predicted,error,prediction
1,2:medium,1:low,+,0.832
2,2:medium,1:low,+,0.59
3,2:medium,1:low,+,0.605
4,2:medium,1:low,+,0.62
5,1:low,1:low,,0.645
6,2:medium,1:low,+,0.904
7,2:medium,1:low,+,0.913
8,2:medium,1:low,+,0.695
9,2:medium,1:low,+,0.841
10,1:low,1:low,,0.72
11,2:medium,1:low,+,0.769
12,2:medium,1:low,+,0.777
13,2:medium,1:low,+,0.784
14,2:medium,1:low,+,0.768
15,2:medium,1:low,+,0.762
16,2:medium,1:low,+,0.77
17,2:medium,1:low,+,0.834
18,2:medium,1:low,+,0.834
19,2:medium,1:low,+,0.946
20,2:medium,1:low,+,0.962
21,2:medium,1:low,+,0.857
22,2:medium,1:low,+,0.962
23,2:medium,1:low,+,0.89
24,2:medium,1:low,+,0.873
25,2:medium,1:low,+,0.873
26,2:medium,1:low,+,0.889
27,2:medium,1:low,+,0.937
28,2:medium,1:low,+,0.857
29,2:medium,1:low,+,0.962
30,2:medium,1:low,+,0.906
31,2:medium,1:low,+,0.85
32,2:medium,1:low,+,0.93
33,2:medium,1:low,+,0.914
34,2:medium,1:low,+,0.946
35,2:medium,1:low,+,0.863
36,2:medium,1:low,+,0.863
37,2:medium,1:low,+,0.879
38,2:medium,1:low,+,0.895
39,2:medium,1:low,+,0.847
40,2:medium,1:low,+,0.895
41,2:medium,1:low,+,0.937
42,2:medium,1:low,+,0.912
43,2:medium,1:low,+,0.912
44,2:medium,1:low,+,0.912
45,2:medium,1:low,+,0.833
46,2:medium,1:low,+,0.897
47,2:medium,1:low,+,0.88
48,2:medium,1:low,+,0.912
49,2:medium,1:low,+,0.88
50,2:medium,1:low,+,0.873
51,2:medium,1:low,+,0.873
52,2:medium,1:low,+,0.874
53,2:medium,1:low,+,0.874
54,2:medium,1:low,+,0.89
55,2:medium,1:low,+,0.874
56,2:medium,1:low,+,0.874
57,2:medium,1:low,+,0.89
58,2:medium,1:low,+,0.937
59,2:medium,1:low,+,0.937
60,2:medium,1:low,+,0.921
61,1:low,1:low,,0.906
62,2:medium,1:low,+,0.89
63,2:medium,1:low,+,0.897
64,2:medium,1:low,+,0.889
65,1:low,1:low,,0.928
66,1:low,1:low,,0.905
67,1:low,1:low,,0.857
68,1:low,1:low,,0.889
69,1:low,1:low,,0.89
70,1:low,1:low,,0.921
71,1:low,1:low,,0.858
72,1:low,1:low,,0.858
73,1:low,1:low,,0.839
74,1:low,1:low,,0.839
75,1:low,1:low,,0.871
76,1:low,1:low,,0.849
77,1:low,1:low,,0.88
78,1:low,1:low,,0.928
79,1:low,1:low,,0.962
80,1:low,1:low,,0.962
81,1:low,1:low,,0.962
82,1:low,1:low,,0.962
83,1:low,1:low,,0.962
84,1:low,1:low,,0.962
85,1:low,1:low,,0.962
86,1:low,1:low,,0.962
87,1:low,1:low,,0.849
88,1:low,1:low,,0.912
89,1:low,1:low,,0.896
90,1:low,1:low,,0.88
91,1:low,1:low,,0.896
92,1:low,1:low,,0.946
93,1:low,1:low,,0.912
94,1:low,1:low,,0.874
95,1:low,1:low,,0.857
96,1:low,1:low,,0.921
97,1:low,1:low,,0.905
98,1:low,1:low,,0.93
99,1:low,1:low,,0.962
100,1:low,1:low,,0.93
101,1:low,1:low,,0.914
102,1:low,1:low,,0.921
103,1:low,1:low,,0.921
104,1:low,1:low,,0.946
105,1:low,1:low,,0.864
106,1:low,1:low,,0.872
107,1:low,1:low,,0.839
108,1:low,1:low,,0.864
109,1:low,1:low,,0.928
110,1:low,1:low,,0.855
111,1:low,1:low,,0.896
112,1:low,1:low,,0.896
113,1:low,1:low,,0.912
114,1:low,1:low,,0.872
115,1:low,1:low,,0.872
116,1:low,1:low,,0.881
117,1:low,1:low,,0.855
118,1:low,1:low,,0.93
119,1:low,1:low,,0.937
120,1:low,1:low,,0.912
121,1:low,1:low,,0.911
122,1:low,1:low,,0.93
123,1:low,1:low,,0.864
124,1:low,1:low,,0.921
125,1:low,1:low,,0.946
126,1:low,1:low,,0.872
127,1:low,2:medium,+,0.96
128,1:low,1:low,,0.953
129,1:low,1:low,,0.697
130,1:low,1:low,,0.697
131,1:low,1:low,,0.946
132,1:low,1:low,,0.946
133,1:low,1:low,,0.962
134,1:low,1:low,,0.953
135,1:low,1:low,,0.962
136,1:low,1:low,,0.93
137,1:low,1:low,,0.938
138,1:low,1:low,,0.938
139,1:low,1:low,,0.946
140,1:low,1:low,,0.922
141,1:low,1:low,,0.915
142,1:low,1:low,,0.962
143,1:low,1:low,,0.962
144,1:low,1:low,,0.962
145,1:low,1:low,,0.962
146,1:low,1:low,,0.962
147,1:low,1:low,,0.93
148,1:low,1:low,,0.946
149,1:low,1:low,,0.962
150,1:low,1:low,,0.914
151,1:low,1:low,,0.946
152,1:low,1:low,,0.962
153,1:low,1:low,,0.946
154,1:low,1:low,,0.962
155,1:low,1:low,,0.962
156,1:low,1:low,,0.962
157,1:low,1:low,,0.962
158,1:low,1:low,,0.962
159,1:low,1:low,,0.946
160,1:low,1:low,,0.867
161,1:low,1:low,,0.914
162,1:low,1:low,,0.809
163,1:low,1:low,,0.946
164,1:low,1:low,,0.962
165,1:low,1:low,,0.89
166,1:low,1:low,,0.962
167,1:low,1:low,,0.898
168,1:low,1:low,,0.962
169,1:low,1:low,,0.962
170,1:low,1:low,,0.962
171,1:low,1:low,,0.962
172,1:low,1:low,,0.946
173,1:low,1:low,,0.962
174,1:low,1:low,,0.962
175,1:low,1:low,,0.962
176,1:low,1:low,,0.93

