inst#,actual,predicted,error,prediction
1,2:medium,1:low,+,0.689
2,2:medium,1:low,+,0.6
3,2:medium,1:low,+,0.726
4,2:medium,1:low,+,0.982
5,1:low,1:low,,0.87
6,2:medium,1:low,+,0.978
7,2:medium,1:low,+,0.834
8,2:medium,2:medium,,0.546
9,2:medium,1:low,+,0.94
10,1:low,2:medium,+,0.739
11,2:medium,1:low,+,0.777
12,2:medium,1:low,+,0.745
13,2:medium,1:low,+,0.953
14,2:medium,1:low,+,0.939
15,2:medium,1:low,+,0.968
16,2:medium,1:low,+,0.981
17,2:medium,1:low,+,0.968
18,2:medium,1:low,+,0.989
19,2:medium,1:low,+,0.997
20,2:medium,1:low,+,0.994
21,2:medium,1:low,+,0.935
22,2:medium,1:low,+,0.997
23,2:medium,1:low,+,0.997
24,2:medium,1:low,+,0.904
25,2:medium,1:low,+,0.939
26,2:medium,1:low,+,0.997
27,2:medium,1:low,+,0.985
28,2:medium,1:low,+,0.998
29,2:medium,1:low,+,0.968
30,2:medium,1:low,+,0.966
31,2:medium,1:low,+,0.907
32,2:medium,1:low,+,0.999
33,2:medium,1:low,+,0.998
34,2:medium,1:low,+,0.998
35,2:medium,1:low,+,0.999
36,2:medium,1:low,+,0.977
37,2:medium,1:low,+,1
38,2:medium,1:low,+,1
39,2:medium,1:low,+,0.999
40,2:medium,1:low,+,0.998
41,2:medium,1:low,+,0.908
42,2:medium,1:low,+,0.908
43,2:medium,1:low,+,0.908
44,2:medium,1:low,+,0.908
45,2:medium,1:low,+,0.904
46,2:medium,1:low,+,0.947
47,2:medium,1:low,+,0.942
48,2:medium,1:low,+,0.908
49,2:medium,1:low,+,0.942
50,2:medium,1:low,+,0.904
51,2:medium,1:low,+,0.904
52,2:medium,1:low,+,0.942
53,2:medium,1:low,+,0.942
54,2:medium,1:low,+,0.942
55,2:medium,1:low,+,0.942
56,2:medium,1:low,+,0.942
57,2:medium,1:low,+,0.942
58,2:medium,1:low,+,0.942
59,2:medium,1:low,+,0.942
60,2:medium,1:low,+,0.942
61,1:low,1:low,,0.942
62,2:medium,1:low,+,0.904
63,2:medium,1:low,+,0.904
64,2:medium,1:low,+,0.904
65,1:low,1:low,,0.942
66,1:low,1:low,,0.942
67,1:low,1:low,,0.904
68,1:low,1:low,,0.904
69,1:low,1:low,,0.942
70,1:low,1:low,,0.942
71,1:low,1:low,,0.904
72,1:low,1:low,,0.904
73,1:low,1:low,,0.904
74,1:low,1:low,,0.904
75,1:low,1:low,,0.904
76,1:low,1:low,,0.959
77,1:low,1:low,,0.961
78,1:low,1:low,,0.961
79,1:low,1:low,,0.846
80,1:low,1:low,,0.907
81,1:low,1:low,,0.907
82,1:low,1:low,,0.907
83,1:low,1:low,,0.846
84,1:low,1:low,,0.846
85,1:low,1:low,,0.915
86,1:low,1:low,,0.961
87,1:low,1:low,,0.961
88,1:low,1:low,,0.87
89,1:low,1:low,,0.908
90,1:low,1:low,,0.972
91,1:low,1:low,,0.985
92,1:low,1:low,,0.948
93,1:low,1:low,,0.942
94,1:low,1:low,,0.904
95,1:low,1:low,,0.985
96,1:low,1:low,,0.985
97,1:low,1:low,,0.985
98,1:low,1:low,,0.745
99,1:low,1:low,,0.915
100,1:low,1:low,,0.745
101,1:low,1:low,,0.915
102,1:low,1:low,,0.985
103,1:low,1:low,,0.985
104,1:low,1:low,,0.985
105,1:low,1:low,,0.985
106,1:low,1:low,,0.985
107,1:low,1:low,,0.985
108,1:low,1:low,,0.985
109,1:low,1:low,,0.985
110,1:low,1:low,,0.985
111,1:low,1:low,,0.985
112,1:low,1:low,,0.985
113,1:low,1:low,,0.985
114,1:low,1:low,,0.985
115,1:low,1:low,,0.985
116,1:low,1:low,,0.985
117,1:low,1:low,,0.985
118,1:low,1:low,,0.948
119,1:low,1:low,,0.997
120,1:low,1:low,,0.997
121,1:low,1:low,,0.997
122,1:low,1:low,,0.948
123,1:low,1:low,,0.985
124,1:low,1:low,,0.758
125,1:low,1:low,,0.985
126,1:low,1:low,,0.797
127,1:low,2:medium,+,0.985
128,1:low,1:low,,0.87
129,1:low,2:medium,+,0.635
130,1:low,2:medium,+,0.635
131,1:low,1:low,,0.999
132,1:low,1:low,,0.991
133,1:low,1:low,,0.991
134,1:low,1:low,,0.991
135,1:low,1:low,,0.973
136,1:low,1:low,,0.973
137,1:low,1:low,,0.991
138,1:low,1:low,,0.991
139,1:low,1:low,,0.995
140,1:low,1:low,,0.999
141,1:low,1:low,,0.999
142,1:low,1:low,,0.991
143,1:low,1:low,,0.995
144,1:low,1:low,,1
145,1:low,1:low,,1
146,1:low,1:low,,0.999
147,1:low,1:low,,0.999
148,1:low,1:low,,0.999
149,1:low,1:low,,0.995
150,1:low,1:low,,0.983
151,1:low,1:low,,0.983
152,1:low,1:low,,0.959
153,1:low,1:low,,0.973
154,1:low,1:low,,0.941
155,1:low,1:low,,1
156,1:low,1:low,,1
157,1:low,1:low,,0.941
158,1:low,1:low,,1
159,1:low,1:low,,1
160,1:low,1:low,,0.987
161,1:low,1:low,,0.999
162,1:low,2:medium,+,0.635
163,1:low,1:low,,0.904
164,1:low,1:low,,0.908
165,1:low,1:low,,0.966
166,1:low,1:low,,0.915
167,1:low,1:low,,0.908
168,1:low,1:low,,0.983
169,1:low,1:low,,0.994
170,1:low,1:low,,0.999
171,1:low,1:low,,0.983
172,1:low,1:low,,0.999
173,1:low,1:low,,0.983
174,1:low,1:low,,0.941
175,1:low,1:low,,0.941
176,1:low,1:low,,0.983

