inst#,actual,predicted,error,prediction
1,2:medium,1:low,+,0.753
2,2:medium,1:low,+,0.508
3,2:medium,1:low,+,0.773
4,2:medium,1:low,+,0.813
5,1:low,1:low,,0.691
6,2:medium,1:low,+,0.924
7,2:medium,1:low,+,0.735
8,2:medium,2:medium,,0.562
9,2:medium,1:low,+,0.92
10,1:low,2:medium,+,0.571
11,2:medium,1:low,+,0.943
12,2:medium,1:low,+,0.883
13,2:medium,1:low,+,0.943
14,2:medium,1:low,+,0.88
15,2:medium,1:low,+,0.963
16,2:medium,1:low,+,0.969
17,2:medium,1:low,+,0.885
18,2:medium,1:low,+,0.977
19,2:medium,1:low,+,0.969
20,2:medium,1:low,+,0.963
21,2:medium,1:low,+,0.947
22,2:medium,1:low,+,0.963
23,2:medium,1:low,+,0.953
24,2:medium,1:low,+,0.901
25,2:medium,1:low,+,0.952
26,2:medium,1:low,+,0.85
27,2:medium,1:low,+,0.954
28,2:medium,1:low,+,0.955
29,2:medium,1:low,+,0.96
30,2:medium,1:low,+,0.951
31,2:medium,1:low,+,0.781
32,2:medium,1:low,+,0.954
33,2:medium,1:low,+,0.953
34,2:medium,1:low,+,0.961
35,2:medium,1:low,+,0.727
36,2:medium,1:low,+,0.94
37,2:medium,1:low,+,0.953
38,2:medium,1:low,+,0.944
39,2:medium,1:low,+,0.723
40,2:medium,1:low,+,0.943
41,2:medium,1:low,+,0.92
42,2:medium,1:low,+,0.792
43,2:medium,1:low,+,0.717
44,2:medium,1:low,+,0.679
45,2:medium,1:low,+,0.632
46,2:medium,1:low,+,0.656
47,2:medium,1:low,+,0.655
48,2:medium,1:low,+,0.683
49,2:medium,1:low,+,0.623
50,2:medium,1:low,+,0.609
51,2:medium,1:low,+,0.617
52,2:medium,1:low,+,0.626
53,2:medium,1:low,+,0.634
54,2:medium,1:low,+,0.619
55,2:medium,1:low,+,0.618
56,2:medium,1:low,+,0.606
57,2:medium,1:low,+,0.621
58,2:medium,1:low,+,0.644
59,2:medium,1:low,+,0.632
60,2:medium,1:low,+,0.639
61,1:low,1:low,,0.62
62,2:medium,1:low,+,0.643
63,2:medium,1:low,+,0.674
64,2:medium,1:low,+,0.627
65,1:low,1:low,,0.651
66,1:low,1:low,,0.645
67,1:low,1:low,,0.62
68,1:low,1:low,,0.632
69,1:low,1:low,,0.649
70,1:low,1:low,,0.641
71,1:low,1:low,,0.638
72,1:low,1:low,,0.627
73,1:low,1:low,,0.652
74,1:low,1:low,,0.66
75,1:low,1:low,,0.654
76,1:low,1:low,,0.652
77,1:low,1:low,,0.694
78,1:low,1:low,,0.802
79,1:low,1:low,,0.914
80,1:low,1:low,,0.955
81,1:low,1:low,,0.981
82,1:low,1:low,,0.979
83,1:low,1:low,,0.966
84,1:low,1:low,,0.959
85,1:low,1:low,,0.863
86,1:low,1:low,,0.849
87,1:low,1:low,,0.783
88,1:low,1:low,,0.76
89,1:low,1:low,,0.68
90,1:low,1:low,,0.659
91,1:low,1:low,,0.728
92,1:low,1:low,,0.998
93,1:low,1:low,,0.664
94,1:low,1:low,,0.646
95,1:low,1:low,,0.711
96,1:low,1:low,,0.724
97,1:low,1:low,,0.698
98,1:low,1:low,,0.994
99,1:low,1:low,,0.967
100,1:low,1:low,,0.996
101,1:low,1:low,,0.982
102,1:low,1:low,,0.726
103,1:low,1:low,,0.908
104,1:low,1:low,,0.972
105,1:low,1:low,,0.721
106,1:low,1:low,,0.68
107,1:low,1:low,,0.699
108,1:low,1:low,,0.712
109,1:low,1:low,,0.9
110,1:low,1:low,,0.698
111,1:low,1:low,,0.897
112,1:low,1:low,,0.735
113,1:low,1:low,,0.735
114,1:low,1:low,,0.708
115,1:low,1:low,,0.726
116,1:low,1:low,,0.72
117,1:low,1:low,,0.703
118,1:low,1:low,,0.999
119,1:low,1:low,,0.98
120,1:low,1:low,,0.971
121,1:low,1:low,,0.96
122,1:low,1:low,,0.918
123,1:low,1:low,,0.58
124,1:low,1:low,,0.979
125,1:low,1:low,,0.911
126,1:low,1:low,,0.869
127,1:low,2:medium,+,0.998
128,1:low,1:low,,0.986
129,1:low,1:low,,0.831
130,1:low,1:low,,0.894
131,1:low,1:low,,0.856
132,1:low,1:low,,0.928
133,1:low,1:low,,0.926
134,1:low,1:low,,0.872
135,1:low,1:low,,0.964
136,1:low,1:low,,0.849
137,1:low,1:low,,0.721
138,1:low,1:low,,0.829
139,1:low,1:low,,0.997
140,1:low,1:low,,0.984
141,1:low,1:low,,0.924
142,1:low,1:low,,0.924
143,1:low,1:low,,0.996
144,1:low,1:low,,0.998
145,1:low,1:low,,0.998
146,1:low,1:low,,0.995
147,1:low,1:low,,0.995
148,1:low,1:low,,0.995
149,1:low,1:low,,0.919
150,1:low,1:low,,0.923
151,1:low,1:low,,0.801
152,1:low,1:low,,0.999
153,1:low,1:low,,0.958
154,1:low,1:low,,0.981
155,1:low,1:low,,0.998
156,1:low,1:low,,0.995
157,1:low,1:low,,0.968
158,1:low,1:low,,0.983
159,1:low,1:low,,0.99
160,1:low,1:low,,0.911
161,1:low,1:low,,0.983
162,1:low,1:low,,0.699
163,1:low,1:low,,0.69
164,1:low,1:low,,0.849
165,1:low,1:low,,0.519
166,1:low,1:low,,0.987
167,1:low,1:low,,0.631
168,1:low,1:low,,0.996
169,1:low,1:low,,0.99
170,1:low,1:low,,0.998
171,1:low,1:low,,0.998
172,1:low,1:low,,0.913
173,1:low,1:low,,0.995
174,1:low,1:low,,0.979
175,1:low,1:low,,0.826
176,1:low,1:low,,0.906

