inst#,actual,predicted,error,prediction
1,2:medium,1:low,+,0.887
2,2:medium,1:low,+,0.813
3,2:medium,1:low,+,0.849
4,2:medium,1:low,+,0.917
5,1:low,1:low,,0.91
6,2:medium,1:low,+,0.909
7,2:medium,1:low,+,0.863
8,2:medium,1:low,+,0.906
9,2:medium,1:low,+,0.91
10,1:low,1:low,,0.894
11,2:medium,1:low,+,0.898
12,2:medium,1:low,+,0.897
13,2:medium,1:low,+,0.895
14,2:medium,1:low,+,0.891
15,2:medium,1:low,+,0.897
16,2:medium,1:low,+,0.896
17,2:medium,1:low,+,0.889
18,2:medium,1:low,+,0.893
19,2:medium,1:low,+,0.893
20,2:medium,1:low,+,0.8
21,2:medium,1:low,+,0.77
22,2:medium,1:low,+,0.907
23,2:medium,1:low,+,0.904
24,2:medium,1:low,+,0.762
25,2:medium,1:low,+,0.792
26,2:medium,1:low,+,0.905
27,2:medium,1:low,+,0.903
28,2:medium,1:low,+,0.903
29,2:medium,1:low,+,0.907
30,2:medium,1:low,+,0.827
31,2:medium,1:low,+,0.852
32,2:medium,1:low,+,0.856
33,2:medium,1:low,+,0.909
34,2:medium,1:low,+,0.929
35,2:medium,1:low,+,0.88
36,2:medium,1:low,+,0.893
37,2:medium,1:low,+,0.902
38,2:medium,1:low,+,0.862
39,2:medium,1:low,+,0.896
40,2:medium,1:low,+,0.899
41,2:medium,1:low,+,0.925
42,2:medium,1:low,+,0.902
43,2:medium,1:low,+,0.879
44,2:medium,1:low,+,0.858
45,2:medium,1:low,+,0.829
46,2:medium,1:low,+,0.821
47,2:medium,1:low,+,0.849
48,2:medium,1:low,+,0.855
49,2:medium,1:low,+,0.835
50,2:medium,1:low,+,0.826
51,2:medium,1:low,+,0.829
52,2:medium,1:low,+,0.828
53,2:medium,1:low,+,0.834
54,2:medium,1:low,+,0.827
55,2:medium,1:low,+,0.824
56,2:medium,1:low,+,0.82
57,2:medium,1:low,+,0.824
58,2:medium,1:low,+,0.832
59,2:medium,1:low,+,0.833
60,2:medium,1:low,+,0.839
61,1:low,1:low,,0.834
62,2:medium,1:low,+,0.834
63,2:medium,1:low,+,0.824
64,2:medium,1:low,+,0.827
65,1:low,1:low,,0.844
66,1:low,1:low,,0.842
67,1:low,1:low,,0.834
68,1:low,1:low,,0.836
69,1:low,1:low,,0.842
70,1:low,1:low,,0.847
71,1:low,1:low,,0.835
72,1:low,1:low,,0.828
73,1:low,1:low,,0.832
74,1:low,1:low,,0.833
75,1:low,1:low,,0.83
76,1:low,1:low,,0.844
77,1:low,1:low,,0.88
78,1:low,1:low,,0.925
79,1:low,1:low,,0.956
80,1:low,1:low,,0.976
81,1:low,1:low,,0.985
82,1:low,1:low,,0.984
83,1:low,1:low,,0.977
84,1:low,1:low,,0.968
85,1:low,1:low,,0.952
86,1:low,1:low,,0.942
87,1:low,1:low,,0.922
88,1:low,1:low,,0.906
89,1:low,1:low,,0.869
90,1:low,1:low,,0.841
91,1:low,1:low,,0.83
92,1:low,1:low,,0.85
93,1:low,1:low,,0.854
94,1:low,1:low,,0.834
95,1:low,1:low,,0.83
96,1:low,1:low,,0.838
97,1:low,1:low,,0.819
98,1:low,1:low,,0.861
99,1:low,1:low,,0.842
100,1:low,1:low,,0.86
101,1:low,1:low,,0.847
102,1:low,1:low,,0.832
103,1:low,1:low,,0.839
104,1:low,1:low,,0.839
105,1:low,1:low,,0.828
106,1:low,1:low,,0.827
107,1:low,1:low,,0.829
108,1:low,1:low,,0.836
109,1:low,1:low,,0.833
110,1:low,1:low,,0.831
111,1:low,1:low,,0.831
112,1:low,1:low,,0.84
113,1:low,1:low,,0.834
114,1:low,1:low,,0.836
115,1:low,1:low,,0.841
116,1:low,1:low,,0.84
117,1:low,1:low,,0.839
118,1:low,1:low,,0.874
119,1:low,1:low,,0.867
120,1:low,1:low,,0.833
121,1:low,1:low,,0.813
122,1:low,1:low,,0.888
123,1:low,1:low,,0.866
124,1:low,1:low,,0.814
125,1:low,1:low,,0.833
126,1:low,1:low,,0.639
127,1:low,2:medium,+,1
128,1:low,1:low,,0.89
129,1:low,1:low,,0.742
130,1:low,1:low,,0.82
131,1:low,1:low,,0.909
132,1:low,1:low,,0.895
133,1:low,1:low,,0.903
134,1:low,1:low,,0.88
135,1:low,1:low,,0.968
136,1:low,1:low,,0.96
137,1:low,1:low,,0.921
138,1:low,1:low,,0.944
139,1:low,1:low,,0.967
140,1:low,1:low,,0.975
141,1:low,1:low,,0.973
142,1:low,1:low,,0.97
143,1:low,1:low,,0.954
144,1:low,1:low,,0.978
145,1:low,1:low,,0.978
146,1:low,1:low,,0.977
147,1:low,1:low,,0.97
148,1:low,1:low,,0.972
149,1:low,1:low,,0.973
150,1:low,1:low,,0.971
151,1:low,1:low,,0.949
152,1:low,1:low,,0.999
153,1:low,1:low,,0.971
154,1:low,1:low,,0.981
155,1:low,1:low,,0.988
156,1:low,1:low,,0.974
157,1:low,1:low,,0.982
158,1:low,1:low,,0.966
159,1:low,1:low,,0.938
160,1:low,1:low,,0.938
161,1:low,1:low,,0.933
162,1:low,1:low,,0.571
163,1:low,1:low,,0.897
164,1:low,1:low,,0.924
165,1:low,1:low,,0.849
166,1:low,1:low,,0.997
167,1:low,1:low,,0.902
168,1:low,1:low,,0.995
169,1:low,1:low,,0.985
170,1:low,1:low,,0.992
171,1:low,1:low,,0.996
172,1:low,1:low,,0.948
173,1:low,1:low,,0.995
174,1:low,1:low,,0.987
175,1:low,1:low,,0.974
176,1:low,1:low,,0.965

