inst#,actual,predicted,error,prediction
1,2:medium,1:low,+,0.835
2,2:medium,1:low,+,0.668
3,2:medium,1:low,+,0.722
4,2:medium,1:low,+,0.713
5,1:low,1:low,,0.768
6,2:medium,1:low,+,0.823
7,2:medium,1:low,+,0.843
8,2:medium,1:low,+,0.541
9,2:medium,1:low,+,0.917
10,1:low,1:low,,0.53
11,2:medium,1:low,+,0.854
12,2:medium,1:low,+,0.865
13,2:medium,1:low,+,0.888
14,2:medium,1:low,+,0.839
15,2:medium,1:low,+,0.914
16,2:medium,1:low,+,0.919
17,2:medium,1:low,+,0.838
18,2:medium,1:low,+,0.964
19,2:medium,1:low,+,0.951
20,2:medium,1:low,+,0.959
21,2:medium,1:low,+,0.833
22,2:medium,1:low,+,0.958
23,2:medium,1:low,+,0.822
24,2:medium,1:low,+,0.793
25,2:medium,1:low,+,0.94
26,2:medium,1:low,+,0.748
27,2:medium,1:low,+,0.901
28,2:medium,1:low,+,0.876
29,2:medium,1:low,+,0.954
30,2:medium,1:low,+,0.875
31,2:medium,1:low,+,0.765
32,2:medium,1:low,+,0.899
33,2:medium,1:low,+,0.86
34,2:medium,1:low,+,0.906
35,2:medium,1:low,+,0.725
36,2:medium,1:low,+,0.79
37,2:medium,1:low,+,0.89
38,2:medium,1:low,+,0.876
39,2:medium,1:low,+,0.727
40,2:medium,1:low,+,0.8
41,2:medium,1:low,+,0.941
42,2:medium,1:low,+,0.841
43,2:medium,1:low,+,0.788
44,2:medium,1:low,+,0.727
45,2:medium,1:low,+,0.607
46,2:medium,1:low,+,0.578
47,2:medium,1:low,+,0.658
48,2:medium,1:low,+,0.727
49,2:medium,1:low,+,0.653
50,2:medium,1:low,+,0.642
51,2:medium,1:low,+,0.638
52,2:medium,1:low,+,0.654
53,2:medium,1:low,+,0.662
54,2:medium,1:low,+,0.65
55,2:medium,1:low,+,0.647
56,2:medium,1:low,+,0.638
57,2:medium,1:low,+,0.646
58,2:medium,1:low,+,0.653
59,2:medium,1:low,+,0.661
60,2:medium,1:low,+,0.681
61,1:low,1:low,,0.652
62,2:medium,1:low,+,0.65
63,2:medium,1:low,+,0.59
64,2:medium,1:low,+,0.653
65,1:low,1:low,,0.667
66,1:low,1:low,,0.68
67,1:low,1:low,,0.645
68,1:low,1:low,,0.645
69,1:low,1:low,,0.676
70,1:low,1:low,,0.675
71,1:low,1:low,,0.648
72,1:low,1:low,,0.575
73,1:low,1:low,,0.588
74,1:low,1:low,,0.593
75,1:low,1:low,,0.583
76,1:low,1:low,,0.658
77,1:low,1:low,,0.754
78,1:low,1:low,,0.837
79,1:low,1:low,,0.913
80,1:low,1:low,,0.94
81,1:low,1:low,,0.985
82,1:low,1:low,,0.984
83,1:low,1:low,,0.974
84,1:low,1:low,,0.938
85,1:low,1:low,,0.887
86,1:low,1:low,,0.877
87,1:low,1:low,,0.835
88,1:low,1:low,,0.813
89,1:low,1:low,,0.714
90,1:low,1:low,,0.669
91,1:low,1:low,,0.583
92,1:low,1:low,,0.893
93,1:low,1:low,,0.709
94,1:low,1:low,,0.587
95,1:low,1:low,,0.598
96,1:low,1:low,,0.603
97,1:low,1:low,,0.584
98,1:low,1:low,,0.843
99,1:low,1:low,,0.813
100,1:low,1:low,,0.844
101,1:low,1:low,,0.838
102,1:low,1:low,,0.603
103,1:low,1:low,,0.666
104,1:low,1:low,,0.825
105,1:low,1:low,,0.608
106,1:low,1:low,,0.566
107,1:low,1:low,,0.569
108,1:low,1:low,,0.606
109,1:low,1:low,,0.72
110,1:low,1:low,,0.598
111,1:low,1:low,,0.725
112,1:low,1:low,,0.612
113,1:low,1:low,,0.599
114,1:low,1:low,,0.606
115,1:low,1:low,,0.622
116,1:low,1:low,,0.614
117,1:low,1:low,,0.606
118,1:low,1:low,,0.832
119,1:low,1:low,,0.954
120,1:low,1:low,,0.978
121,1:low,1:low,,0.969
122,1:low,1:low,,0.813
123,1:low,1:low,,0.511
124,1:low,1:low,,0.985
125,1:low,1:low,,0.758
126,1:low,1:low,,0.876
127,1:low,2:medium,+,0.998
128,1:low,1:low,,0.954
129,1:low,1:low,,0.846
130,1:low,1:low,,0.907
131,1:low,1:low,,0.796
132,1:low,1:low,,0.969
133,1:low,1:low,,0.9
134,1:low,1:low,,0.774
135,1:low,1:low,,0.975
136,1:low,1:low,,0.896
137,1:low,1:low,,0.552
138,1:low,1:low,,0.627
139,1:low,1:low,,0.997
140,1:low,1:low,,0.925
141,1:low,1:low,,0.963
142,1:low,1:low,,0.935
143,1:low,1:low,,0.997
144,1:low,1:low,,0.998
145,1:low,1:low,,0.992
146,1:low,1:low,,0.996
147,1:low,1:low,,0.995
148,1:low,1:low,,0.994
149,1:low,1:low,,0.928
150,1:low,1:low,,0.844
151,1:low,1:low,,0.852
152,1:low,1:low,,0.999
153,1:low,1:low,,0.912
154,1:low,1:low,,0.928
155,1:low,1:low,,0.966
156,1:low,1:low,,0.987
157,1:low,1:low,,0.922
158,1:low,1:low,,0.967
159,1:low,1:low,,0.974
160,1:low,1:low,,0.922
161,1:low,1:low,,0.968
162,1:low,1:low,,0.782
163,1:low,1:low,,0.686
164,1:low,1:low,,0.85
165,1:low,2:medium,+,0.507
166,1:low,1:low,,0.99
167,1:low,1:low,,0.594
168,1:low,1:low,,0.971
169,1:low,1:low,,0.913
170,1:low,1:low,,0.999
171,1:low,1:low,,0.999
172,1:low,1:low,,0.904
173,1:low,1:low,,0.996
174,1:low,1:low,,0.98
175,1:low,1:low,,0.847
176,1:low,1:low,,0.887

