inst#,actual,predicted,error,prediction
1,2:medium,1:low,+,0.913
2,2:medium,1:low,+,0.861
3,2:medium,1:low,+,0.893
4,2:medium,1:low,+,0.9
5,1:low,1:low,,0.793
6,2:medium,1:low,+,0.671
7,2:medium,1:low,+,0.779
8,2:medium,1:low,+,0.513
9,2:medium,1:low,+,0.588
10,1:low,1:low,,0.572
11,2:medium,2:medium,,0.51
12,2:medium,1:low,+,0.663
13,2:medium,1:low,+,0.569
14,2:medium,1:low,+,0.595
15,2:medium,1:low,+,0.748
16,2:medium,1:low,+,0.698
17,2:medium,1:low,+,0.694
18,2:medium,1:low,+,0.905
19,2:medium,1:low,+,0.996
20,2:medium,1:low,+,0.996
21,2:medium,1:low,+,0.98
22,2:medium,1:low,+,0.994
23,2:medium,1:low,+,0.921
24,2:medium,1:low,+,0.952
25,2:medium,1:low,+,0.953
26,2:medium,1:low,+,0.989
27,2:medium,1:low,+,0.964
28,2:medium,1:low,+,0.995
29,2:medium,1:low,+,0.979
30,2:medium,1:low,+,0.943
31,2:medium,1:low,+,0.933
32,2:medium,1:low,+,0.966
33,2:medium,1:low,+,0.963
34,2:medium,1:low,+,0.974
35,2:medium,1:low,+,0.845
36,2:medium,1:low,+,0.781
37,2:medium,1:low,+,0.813
38,2:medium,1:low,+,0.848
39,2:medium,1:low,+,0.848
40,2:medium,1:low,+,0.856
41,2:medium,1:low,+,0.826
42,2:medium,1:low,+,0.735
43,2:medium,1:low,+,0.755
44,2:medium,1:low,+,0.739
45,2:medium,1:low,+,0.549
46,2:medium,2:medium,,0.57
47,2:medium,1:low,+,0.63
48,2:medium,1:low,+,0.734
49,2:medium,1:low,+,0.572
50,2:medium,1:low,+,0.638
51,2:medium,1:low,+,0.593
52,2:medium,1:low,+,0.621
53,2:medium,1:low,+,0.616
54,2:medium,1:low,+,0.619
55,2:medium,1:low,+,0.626
56,2:medium,1:low,+,0.615
57,2:medium,1:low,+,0.614
58,2:medium,1:low,+,0.656
59,2:medium,1:low,+,0.611
60,2:medium,1:low,+,0.613
61,1:low,1:low,,0.615
62,2:medium,1:low,+,0.608
63,2:medium,2:medium,,0.545
64,2:medium,1:low,+,0.626
65,1:low,1:low,,0.707
66,1:low,1:low,,0.601
67,1:low,1:low,,0.615
68,1:low,1:low,,0.634
69,1:low,1:low,,0.624
70,1:low,1:low,,0.605
71,1:low,1:low,,0.555
72,1:low,1:low,,0.533
73,1:low,1:low,,0.511
74,1:low,1:low,,0.538
75,1:low,1:low,,0.607
76,1:low,1:low,,0.607
77,1:low,1:low,,0.736
78,1:low,1:low,,0.846
79,1:low,1:low,,0.997
80,1:low,1:low,,0.998
81,1:low,1:low,,0.999
82,1:low,1:low,,0.982
83,1:low,1:low,,0.981
84,1:low,1:low,,0.998
85,1:low,1:low,,0.996
86,1:low,1:low,,0.928
87,1:low,1:low,,0.775
88,1:low,1:low,,0.758
89,1:low,1:low,,0.705
90,1:low,1:low,,0.62
91,1:low,1:low,,0.696
92,1:low,1:low,,0.853
93,1:low,1:low,,0.658
94,1:low,1:low,,0.557
95,1:low,1:low,,0.55
96,1:low,1:low,,0.553
97,1:low,1:low,,0.586
98,1:low,1:low,,0.797
99,1:low,1:low,,0.7
100,1:low,1:low,,0.851
101,1:low,1:low,,0.762
102,1:low,1:low,,0.6
103,1:low,1:low,,0.585
104,1:low,1:low,,0.823
105,1:low,1:low,,0.584
106,1:low,1:low,,0.563
107,1:low,1:low,,0.601
108,1:low,1:low,,0.59
109,1:low,1:low,,0.783
110,1:low,1:low,,0.653
111,1:low,1:low,,0.823
112,1:low,1:low,,0.676
113,1:low,1:low,,0.814
114,1:low,1:low,,0.697
115,1:low,1:low,,0.696
116,1:low,1:low,,0.69
117,1:low,1:low,,0.625
118,1:low,1:low,,0.763
119,1:low,1:low,,0.883
120,1:low,1:low,,0.869
121,1:low,1:low,,0.799
122,1:low,1:low,,0.797
123,1:low,1:low,,0.714
124,1:low,1:low,,0.814
125,1:low,1:low,,0.817
126,1:low,1:low,,0.848
127,1:low,2:medium,+,0.948
128,1:low,1:low,,0.876
129,1:low,1:low,,0.898
130,1:low,1:low,,0.919
131,1:low,1:low,,0.675
132,1:low,1:low,,0.85
133,1:low,1:low,,0.823
134,1:low,1:low,,0.799
135,1:low,1:low,,0.882
136,1:low,1:low,,0.866
137,1:low,1:low,,0.798
138,1:low,1:low,,0.798
139,1:low,1:low,,0.841
140,1:low,1:low,,0.765
141,1:low,1:low,,0.816
142,1:low,1:low,,0.842
143,1:low,1:low,,0.888
144,1:low,1:low,,0.96
145,1:low,1:low,,0.999
146,1:low,1:low,,0.927
147,1:low,1:low,,0.982
148,1:low,1:low,,0.982
149,1:low,1:low,,0.945
150,1:low,1:low,,0.82
151,1:low,1:low,,0.858
152,1:low,1:low,,0.876
153,1:low,1:low,,0.851
154,1:low,1:low,,0.777
155,1:low,1:low,,0.966
156,1:low,1:low,,0.978
157,1:low,1:low,,0.715
158,1:low,1:low,,0.997
159,1:low,1:low,,0.999
160,1:low,1:low,,0.85
161,1:low,1:low,,0.981
162,1:low,1:low,,0.926
163,1:low,1:low,,0.786
164,1:low,1:low,,0.757
165,1:low,1:low,,0.656
166,1:low,1:low,,0.765
167,1:low,1:low,,0.847
168,1:low,1:low,,0.784
169,1:low,1:low,,0.739
170,1:low,1:low,,0.959
171,1:low,1:low,,0.957
172,1:low,1:low,,0.903
173,1:low,1:low,,0.897
174,1:low,1:low,,0.785
175,1:low,1:low,,0.773
176,1:low,1:low,,0.83

