inst#,actual,predicted,error,prediction
1,2:medium,1:low,+,1
2,2:medium,2:medium,,0.627
3,2:medium,2:medium,,0.605
4,2:medium,1:low,+,0.999
5,1:low,2:medium,+,0.762
6,2:medium,1:low,+,0.998
7,2:medium,1:low,+,0.999
8,2:medium,2:medium,,1
9,2:medium,1:low,+,0.909
10,1:low,2:medium,+,1
11,2:medium,2:medium,,1
12,2:medium,1:low,+,0.879
13,2:medium,2:medium,,0.899
14,2:medium,1:low,+,0.996
15,2:medium,1:low,+,0.999
16,2:medium,1:low,+,1
17,2:medium,1:low,+,0.996
18,2:medium,1:low,+,1
19,2:medium,1:low,+,1
20,2:medium,1:low,+,1
21,2:medium,1:low,+,0.986
22,2:medium,1:low,+,1
23,2:medium,1:low,+,1
24,2:medium,1:low,+,0.989
25,2:medium,1:low,+,1
26,2:medium,1:low,+,0.999
27,2:medium,1:low,+,1
28,2:medium,1:low,+,0.999
29,2:medium,1:low,+,1
30,2:medium,1:low,+,0.996
31,2:medium,1:low,+,0.955
32,2:medium,1:low,+,1
33,2:medium,1:low,+,1
34,2:medium,1:low,+,1
35,2:medium,1:low,+,0.995
36,2:medium,1:low,+,1
37,2:medium,1:low,+,1
38,2:medium,1:low,+,1
39,2:medium,1:low,+,0.999
40,2:medium,1:low,+,0.995
41,2:medium,1:low,+,1
42,2:medium,1:low,+,1
43,2:medium,1:low,+,1
44,2:medium,1:low,+,0.999
45,2:medium,2:medium,,0.501
46,2:medium,2:medium,,0.696
47,2:medium,1:low,+,1
48,2:medium,1:low,+,0.999
49,2:medium,1:low,+,0.999
50,2:medium,1:low,+,0.999
51,2:medium,2:medium,,0.501
52,2:medium,1:low,+,1
53,2:medium,1:low,+,0.999
54,2:medium,1:low,+,0.999
55,2:medium,1:low,+,0.999
56,2:medium,1:low,+,0.999
57,2:medium,1:low,+,1
58,2:medium,1:low,+,0.999
59,2:medium,1:low,+,1
60,2:medium,1:low,+,0.999
61,1:low,1:low,,0.999
62,2:medium,2:medium,,0.501
63,2:medium,2:medium,,0.696
64,2:medium,1:low,+,0.999
65,1:low,1:low,,0.994
66,1:low,1:low,,0.999
67,1:low,1:low,,0.999
68,1:low,2:medium,+,0.501
69,1:low,1:low,,0.999
70,1:low,1:low,,0.999
71,1:low,2:medium,+,0.501
72,1:low,2:medium,+,0.501
73,1:low,2:medium,+,0.905
74,1:low,2:medium,+,0.501
75,1:low,2:medium,+,0.696
76,1:low,2:medium,+,0.501
77,1:low,1:low,,1
78,1:low,1:low,,0.996
79,1:low,1:low,,1
80,1:low,1:low,,1
81,1:low,1:low,,1
82,1:low,1:low,,1
83,1:low,1:low,,1
84,1:low,1:low,,1
85,1:low,1:low,,0.999
86,1:low,1:low,,0.999
87,1:low,1:low,,0.996
88,1:low,1:low,,1
89,1:low,2:medium,+,0.914
90,1:low,2:medium,+,0.501
91,1:low,1:low,,0.67
92,1:low,1:low,,1
93,1:low,1:low,,0.999
94,1:low,2:medium,+,0.501
95,1:low,1:low,,0.67
96,1:low,1:low,,0.67
97,1:low,1:low,,0.67
98,1:low,1:low,,1
99,1:low,1:low,,0.974
100,1:low,1:low,,1
101,1:low,1:low,,0.999
102,1:low,1:low,,0.67
103,1:low,1:low,,0.67
104,1:low,1:low,,0.974
105,1:low,1:low,,0.67
106,1:low,2:medium,+,0.547
107,1:low,1:low,,0.627
108,1:low,1:low,,0.67
109,1:low,1:low,,0.67
110,1:low,2:medium,+,0.824
111,1:low,1:low,,0.67
112,1:low,1:low,,0.67
113,1:low,1:low,,0.67
114,1:low,2:medium,+,0.824
115,1:low,1:low,,0.67
116,1:low,1:low,,0.67
117,1:low,2:medium,+,0.89
118,1:low,1:low,,1
119,1:low,1:low,,1
120,1:low,1:low,,1
121,1:low,1:low,,1
122,1:low,1:low,,1
123,1:low,2:medium,+,0.957
124,1:low,1:low,,1
125,1:low,1:low,,0.999
126,1:low,1:low,,0.991
127,1:low,2:medium,+,1
128,1:low,1:low,,1
129,1:low,1:low,,1
130,1:low,1:low,,1
131,1:low,1:low,,1
132,1:low,1:low,,1
133,1:low,1:low,,1
134,1:low,1:low,,0.994
135,1:low,1:low,,1
136,1:low,1:low,,1
137,1:low,2:medium,+,0.961
138,1:low,1:low,,0.998
139,1:low,1:low,,1
140,1:low,1:low,,1
141,1:low,1:low,,1
142,1:low,1:low,,1
143,1:low,1:low,,1
144,1:low,1:low,,1
145,1:low,1:low,,1
146,1:low,1:low,,1
147,1:low,1:low,,1
148,1:low,1:low,,1
149,1:low,1:low,,1
150,1:low,1:low,,1
151,1:low,1:low,,1
152,1:low,1:low,,1
153,1:low,1:low,,1
154,1:low,1:low,,1
155,1:low,1:low,,1
156,1:low,1:low,,1
157,1:low,1:low,,1
158,1:low,1:low,,1
159,1:low,1:low,,1
160,1:low,1:low,,0.917
161,1:low,1:low,,1
162,1:low,1:low,,1
163,1:low,1:low,,1
164,1:low,1:low,,1
165,1:low,2:medium,+,0.993
166,1:low,1:low,,1
167,1:low,1:low,,0.999
168,1:low,1:low,,1
169,1:low,1:low,,1
170,1:low,1:low,,1
171,1:low,1:low,,1
172,1:low,1:low,,0.947
173,1:low,1:low,,1
174,1:low,1:low,,1
175,1:low,1:low,,0.999
176,1:low,1:low,,1

