inst#,actual,predicted,error,prediction
1,1:high,1:high,,0.996
2,1:high,1:high,,0.93
3,1:high,1:high,,0.996
4,1:high,1:high,,0.969
5,1:high,1:high,,0.995
6,1:high,1:high,,0.995
7,1:high,1:high,,0.995
8,1:high,1:high,,0.838
9,1:high,1:high,,0.996
10,1:high,1:high,,0.982
11,1:high,1:high,,0.996
12,1:high,1:high,,0.982
13,1:high,1:high,,0.982
14,1:high,1:high,,0.982
15,1:high,1:high,,0.982
16,1:high,1:high,,0.982
17,1:high,1:high,,0.982
18,1:high,1:high,,0.903
19,1:high,1:high,,0.917
20,1:high,1:high,,0.93
21,1:high,1:high,,0.89
22,3:low,2:medium,+,0.523
23,2:medium,2:medium,,0.515
24,3:low,2:medium,+,0.405
25,3:low,2:medium,+,0.65
26,3:low,3:low,,0.571
27,3:low,3:low,,0.483
28,2:medium,2:medium,,0.674
29,2:medium,2:medium,,0.652
30,3:low,2:medium,+,0.598
31,3:low,2:medium,+,0.479
32,3:low,3:low,,0.479
33,3:low,2:medium,+,0.618
34,3:low,3:low,,0.535
35,3:low,3:low,,0.548
36,3:low,2:medium,+,0.546
37,2:medium,2:medium,,0.55
38,2:medium,2:medium,,0.692
39,2:medium,2:medium,,0.536
40,2:medium,2:medium,,0.63
41,2:medium,2:medium,,0.541
42,2:medium,2:medium,,0.685
43,2:medium,3:low,+,0.462
44,3:low,3:low,,0.492
45,3:low,3:low,,0.479
46,2:medium,2:medium,,0.487
47,1:high,2:medium,+,0.433
48,3:low,2:medium,+,0.51

