inst#,actual,predicted,error,prediction
1,1:high,1:high,,0.997
2,1:high,1:high,,0.997
3,1:high,1:high,,0.996
4,1:high,1:high,,0.994
5,1:high,1:high,,0.995
6,1:high,1:high,,0.997
7,1:high,1:high,,0.969
8,1:high,1:high,,0.706
9,1:high,1:high,,0.993
10,1:high,1:high,,0.993
11,1:high,1:high,,0.992
12,1:high,1:high,,0.982
13,1:high,1:high,,0.993
14,1:high,1:high,,0.964
15,1:high,1:high,,0.976
16,1:high,1:high,,0.978
17,1:high,1:high,,0.635
18,1:high,1:high,,0.451
19,1:high,1:high,,0.969
20,1:high,1:high,,0.965
21,1:high,1:high,,0.966
22,3:low,3:low,,0.773
23,2:medium,3:low,+,0.816
24,3:low,3:low,,0.841
25,3:low,2:medium,+,0.517
26,3:low,3:low,,0.852
27,3:low,3:low,,0.824
28,2:medium,2:medium,,0.633
29,2:medium,2:medium,,0.557
30,3:low,3:low,,0.746
31,3:low,3:low,,0.785
32,3:low,3:low,,0.775
33,3:low,3:low,,0.781
34,3:low,3:low,,0.778
35,3:low,3:low,,0.773
36,3:low,3:low,,0.76
37,2:medium,3:low,+,0.572
38,2:medium,2:medium,,0.595
39,2:medium,2:medium,,0.616
40,2:medium,2:medium,,0.642
41,2:medium,3:low,+,0.741
42,2:medium,2:medium,,0.672
43,2:medium,2:medium,,0.58
44,3:low,3:low,,0.736
45,3:low,3:low,,0.792
46,2:medium,3:low,+,0.759
47,1:high,3:low,+,0.713
48,3:low,3:low,,0.743

