inst#,actual,predicted,error,prediction
1,1:high,1:high,,0.988
2,1:high,1:high,,0.988
3,1:high,1:high,,0.985
4,1:high,1:high,,0.985
5,1:high,1:high,,0.985
6,1:high,1:high,,0.987
7,1:high,1:high,,0.984
8,1:high,1:high,,0.563
9,1:high,1:high,,0.956
10,1:high,1:high,,0.985
11,1:high,1:high,,0.981
12,1:high,1:high,,0.985
13,1:high,1:high,,0.981
14,1:high,1:high,,0.988
15,1:high,1:high,,0.984
16,1:high,1:high,,0.984
17,1:high,1:high,,0.931
18,1:high,1:high,,0.987
19,1:high,1:high,,0.988
20,1:high,1:high,,0.988
21,1:high,1:high,,0.988
22,3:low,3:low,,0.5
23,2:medium,3:low,+,0.552
24,3:low,3:low,,0.526
25,3:low,2:medium,+,0.503
26,3:low,3:low,,0.547
27,3:low,2:medium,+,0.523
28,2:medium,2:medium,,0.791
29,2:medium,2:medium,,0.703
30,3:low,3:low,,0.52
31,3:low,3:low,,0.471
32,3:low,2:medium,+,0.524
33,3:low,3:low,,0.495
34,3:low,3:low,,0.496
35,3:low,2:medium,+,0.496
36,3:low,3:low,,0.535
37,2:medium,2:medium,,0.524
38,2:medium,2:medium,,0.748
39,2:medium,2:medium,,0.755
40,2:medium,2:medium,,0.759
41,2:medium,3:low,+,0.526
42,2:medium,2:medium,,0.687
43,2:medium,3:low,+,0.541
44,3:low,3:low,,0.566
45,3:low,3:low,,0.492
46,2:medium,2:medium,,0.584
47,1:high,1:high,,0.494
48,3:low,3:low,,0.494

