inst#,actual,predicted,error,prediction
1,1:high,1:high,,1
2,1:high,1:high,,0.939
3,1:high,1:high,,0.941
4,1:high,1:high,,0.97
5,1:high,1:high,,0.954
6,1:high,1:high,,0.954
7,1:high,1:high,,1
8,1:high,1:high,,0.728
9,1:high,1:high,,0.834
10,1:high,1:high,,0.941
11,1:high,1:high,,0.97
12,1:high,1:high,,0.941
13,1:high,1:high,,0.97
14,1:high,1:high,,1
15,1:high,1:high,,0.94
16,1:high,1:high,,0.969
17,1:high,1:high,,0.847
18,1:high,1:high,,0.864
19,1:high,1:high,,1
20,1:high,1:high,,1
21,1:high,1:high,,1
22,3:low,3:low,,0.464
23,2:medium,3:low,+,0.615
24,3:low,3:low,,0.645
25,3:low,2:medium,+,0.56
26,3:low,3:low,,0.701
27,3:low,3:low,,0.586
28,2:medium,2:medium,,0.835
29,2:medium,2:medium,,0.792
30,3:low,3:low,,0.585
31,3:low,3:low,,0.526
32,3:low,3:low,,0.612
33,3:low,3:low,,0.614
34,3:low,3:low,,0.464
35,3:low,3:low,,0.584
36,3:low,3:low,,0.613
37,2:medium,2:medium,,0.548
38,2:medium,2:medium,,0.82
39,2:medium,2:medium,,0.82
40,2:medium,2:medium,,0.744
41,2:medium,3:low,+,0.494
42,2:medium,2:medium,,0.759
43,2:medium,3:low,+,0.553
44,3:low,3:low,,0.674
45,3:low,3:low,,0.645
46,2:medium,2:medium,,0.678
47,1:high,2:medium,+,0.4
48,3:low,2:medium,+,0.592

