inst#,actual,predicted,error,prediction
1,1:high,1:high,,1
2,1:high,1:high,,1
3,1:high,1:high,,1
4,1:high,1:high,,1
5,1:high,1:high,,0.962
6,1:high,1:high,,0.962
7,1:high,1:high,,0.962
8,1:high,1:high,,0.692
9,1:high,1:high,,1
10,1:high,1:high,,0.923
11,1:high,1:high,,0.962
12,1:high,1:high,,0.962
13,1:high,1:high,,0.885
14,1:high,1:high,,0.962
15,1:high,1:high,,0.962
16,1:high,1:high,,1
17,1:high,1:high,,0.962
18,1:high,1:high,,0.731
19,1:high,1:high,,0.962
20,1:high,1:high,,1
21,1:high,1:high,,0.923
22,3:low,2:medium,+,0.577
23,2:medium,3:low,+,0.577
24,3:low,3:low,,0.577
25,3:low,3:low,,0.5
26,3:low,3:low,,0.538
27,3:low,3:low,,0.615
28,2:medium,2:medium,,0.615
29,2:medium,2:medium,,0.615
30,3:low,3:low,,0.538
31,3:low,2:medium,+,0.462
32,3:low,3:low,,0.577
33,3:low,3:low,,0.577
34,3:low,2:medium,+,0.538
35,3:low,3:low,,0.5
36,3:low,2:medium,+,0.462
37,2:medium,3:low,+,0.5
38,2:medium,2:medium,,0.577
39,2:medium,2:medium,,0.654
40,2:medium,2:medium,,0.692
41,2:medium,2:medium,,0.5
42,2:medium,3:low,+,0.538
43,2:medium,3:low,+,0.577
44,3:low,3:low,,0.615
45,3:low,3:low,,0.654
46,2:medium,2:medium,,0.538
47,1:high,2:medium,+,0.538
48,3:low,2:medium,+,0.538

