inst#,actual,predicted,error,prediction
1,1:high,1:high,,0.961
2,1:high,1:high,,0.685
3,1:high,1:high,,0.93
4,1:high,1:high,,0.914
5,1:high,1:high,,0.937
6,1:high,1:high,,0.945
7,1:high,1:high,,0.97
8,1:high,2:medium,+,0.421
9,1:high,1:high,,0.962
10,1:high,1:high,,0.97
11,1:high,1:high,,0.954
12,1:high,1:high,,0.962
13,1:high,1:high,,0.968
14,1:high,1:high,,0.98
15,1:high,1:high,,0.965
16,1:high,1:high,,0.972
17,1:high,1:high,,0.746
18,1:high,1:high,,0.724
19,1:high,1:high,,0.667
20,1:high,1:high,,0.867
21,1:high,1:high,,0.686
22,3:low,3:low,,0.752
23,2:medium,3:low,+,0.774
24,3:low,3:low,,0.461
25,3:low,3:low,,0.615
26,3:low,3:low,,0.808
27,3:low,3:low,,0.797
28,2:medium,3:low,+,0.483
29,2:medium,3:low,+,0.514
30,3:low,3:low,,0.818
31,3:low,3:low,,0.787
32,3:low,3:low,,0.774
33,3:low,3:low,,0.652
34,3:low,3:low,,0.724
35,3:low,3:low,,0.811
36,3:low,3:low,,0.712
37,2:medium,3:low,+,0.666
38,2:medium,2:medium,,0.375
39,2:medium,1:high,+,0.54
40,2:medium,2:medium,,0.52
41,2:medium,3:low,+,0.692
42,2:medium,3:low,+,0.488
43,2:medium,3:low,+,0.82
44,3:low,3:low,,0.913
45,3:low,3:low,,0.911
46,2:medium,2:medium,,0.402
47,1:high,3:low,+,0.479
48,3:low,3:low,,0.705

