inst#,actual,predicted,error,prediction
1,1:high,1:high,,0.93
2,1:high,1:high,,0.94
3,1:high,1:high,,0.96
4,1:high,1:high,,0.93
5,1:high,1:high,,0.92
6,1:high,1:high,,0.9
7,1:high,1:high,,0.96
8,1:high,1:high,,0.68
9,1:high,1:high,,0.99
10,1:high,1:high,,0.97
11,1:high,1:high,,0.95
12,1:high,1:high,,0.96
13,1:high,1:high,,0.93
14,1:high,1:high,,0.91
15,1:high,1:high,,0.939
16,1:high,1:high,,0.91
17,1:high,1:high,,0.97
18,1:high,1:high,,0.699
19,1:high,1:high,,0.879
20,1:high,1:high,,0.97
21,1:high,1:high,,0.799
22,3:low,2:medium,+,0.619
23,2:medium,2:medium,,0.58
24,3:low,3:low,,0.437
25,3:low,2:medium,+,0.716
26,3:low,3:low,,0.5
27,3:low,2:medium,+,0.571
28,2:medium,2:medium,,0.811
29,2:medium,2:medium,,0.725
30,3:low,2:medium,+,0.571
31,3:low,2:medium,+,0.524
32,3:low,2:medium,+,0.542
33,3:low,2:medium,+,0.571
34,3:low,2:medium,+,0.639
35,3:low,2:medium,+,0.523
36,3:low,2:medium,+,0.562
37,2:medium,2:medium,,0.58
38,2:medium,2:medium,,0.802
39,2:medium,2:medium,,0.64
40,2:medium,2:medium,,0.706
41,2:medium,2:medium,,0.504
42,2:medium,2:medium,,0.735
43,2:medium,2:medium,,0.715
44,3:low,3:low,,0.5
45,3:low,2:medium,+,0.514
46,2:medium,2:medium,,0.43
47,1:high,2:medium,+,0.353
48,3:low,2:medium,+,0.62

