inst#,actual,predicted,error,prediction
1,1:high,1:high,,0.976
2,1:high,1:high,,0.983
3,1:high,1:high,,0.983
4,1:high,1:high,,0.983
5,1:high,1:high,,0.983
6,1:high,1:high,,0.983
7,1:high,1:high,,0.983
8,1:high,1:high,,0.822
9,1:high,1:high,,0.983
10,1:high,1:high,,0.976
11,1:high,1:high,,0.983
12,1:high,1:high,,0.983
13,1:high,1:high,,0.983
14,1:high,1:high,,0.983
15,1:high,1:high,,0.976
16,1:high,1:high,,0.983
17,1:high,1:high,,0.983
18,1:high,1:high,,0.93
19,1:high,1:high,,0.93
20,1:high,1:high,,0.983
21,1:high,1:high,,0.93
22,3:low,2:medium,+,0.607
23,2:medium,2:medium,,0.601
24,3:low,2:medium,+,0.499
25,3:low,2:medium,+,0.65
26,3:low,3:low,,0.493
27,3:low,2:medium,+,0.5
28,2:medium,2:medium,,0.709
29,2:medium,2:medium,,0.624
30,3:low,3:low,,0.503
31,3:low,2:medium,+,0.628
32,3:low,3:low,,0.477
33,3:low,2:medium,+,0.453
34,3:low,2:medium,+,0.492
35,3:low,3:low,,0.538
36,3:low,3:low,,0.487
37,2:medium,2:medium,,0.558
38,2:medium,2:medium,,0.436
39,2:medium,2:medium,,0.537
40,2:medium,2:medium,,0.606
41,2:medium,3:low,+,0.552
42,2:medium,2:medium,,0.537
43,2:medium,2:medium,,0.603
44,3:low,2:medium,+,0.516
45,3:low,3:low,,0.584
46,2:medium,2:medium,,0.464
47,1:high,2:medium,+,0.457
48,3:low,2:medium,+,0.579

