inst#,actual,predicted,error,prediction
1,1:high,1:high,,1
2,1:high,1:high,,1
3,1:high,1:high,,1
4,1:high,1:high,,1
5,1:high,1:high,,1
6,1:high,1:high,,1
7,1:high,1:high,,1
8,1:high,1:high,,0.625
9,1:high,1:high,,1
10,1:high,1:high,,1
11,1:high,1:high,,1
12,1:high,1:high,,1
13,1:high,1:high,,1
14,1:high,1:high,,1
15,1:high,1:high,,1
16,1:high,1:high,,1
17,1:high,1:high,,0.75
18,1:high,1:high,,1
19,1:high,1:high,,1
20,1:high,1:high,,1
21,1:high,1:high,,1
22,3:low,3:low,,0.563
23,2:medium,2:medium,,0.5
24,3:low,2:medium,+,0.5
25,3:low,2:medium,+,0.563
26,3:low,2:medium,+,0.5
27,3:low,2:medium,+,0.563
28,2:medium,2:medium,,0.5
29,2:medium,3:low,+,0.438
30,3:low,3:low,,0.563
31,3:low,2:medium,+,0.563
32,3:low,3:low,,0.5
33,3:low,2:medium,+,0.438
34,3:low,2:medium,+,0.5
35,3:low,3:low,,0.563
36,3:low,2:medium,+,0.5
37,2:medium,2:medium,,0.563
38,2:medium,2:medium,,0.5
39,2:medium,2:medium,,0.5
40,2:medium,2:medium,,0.563
41,2:medium,2:medium,,0.5
42,2:medium,2:medium,,0.563
43,2:medium,2:medium,,0.438
44,3:low,3:low,,0.563
45,3:low,2:medium,+,0.688
46,2:medium,2:medium,,0.438
47,1:high,2:medium,+,0.75
48,3:low,3:low,,0.625

