inst#,actual,predicted,error,prediction
1,1:high,1:high,,0.887
2,1:high,1:high,,0.834
3,1:high,1:high,,0.828
4,1:high,1:high,,0.893
5,1:high,1:high,,0.846
6,1:high,1:high,,0.862
7,1:high,1:high,,0.92
8,1:high,1:high,,0.737
9,1:high,1:high,,0.896
10,1:high,1:high,,0.927
11,1:high,1:high,,0.895
12,1:high,1:high,,0.909
13,1:high,1:high,,0.92
14,1:high,1:high,,0.957
15,1:high,1:high,,0.918
16,1:high,1:high,,0.93
17,1:high,1:high,,0.943
18,1:high,1:high,,0.933
19,1:high,1:high,,0.939
20,1:high,1:high,,0.974
21,1:high,1:high,,0.93
22,3:low,3:low,,0.874
23,2:medium,3:low,+,0.875
24,3:low,3:low,,0.887
25,3:low,3:low,,0.623
26,3:low,3:low,,0.904
27,3:low,3:low,,0.886
28,2:medium,3:low,+,0.448
29,2:medium,3:low,+,0.493
30,3:low,3:low,,0.914
31,3:low,3:low,,0.926
32,3:low,3:low,,0.91
33,3:low,3:low,,0.924
34,3:low,3:low,,0.876
35,3:low,3:low,,0.915
36,3:low,3:low,,0.823
37,2:medium,3:low,+,0.636
38,2:medium,2:medium,,0.433
39,2:medium,2:medium,,0.48
40,2:medium,2:medium,,0.47
41,2:medium,3:low,+,0.836
42,2:medium,3:low,+,0.503
43,2:medium,3:low,+,0.813
44,3:low,3:low,,0.942
45,3:low,3:low,,0.942
46,2:medium,3:low,+,0.603
47,1:high,3:low,+,0.585
48,3:low,3:low,,0.743

