inst#,actual,predicted,error,prediction
1,1:high,1:high,,0.994
2,1:high,1:high,,0.984
3,1:high,1:high,,0.983
4,1:high,1:high,,0.974
5,1:high,1:high,,0.964
6,1:high,1:high,,0.964
7,1:high,1:high,,0.974
8,1:high,1:high,,0.808
9,1:high,1:high,,0.994
10,1:high,1:high,,0.994
11,1:high,1:high,,0.995
12,1:high,1:high,,0.995
13,1:high,1:high,,0.973
14,1:high,1:high,,0.995
15,1:high,1:high,,0.994
16,1:high,1:high,,0.995
17,1:high,1:high,,0.984
18,1:high,1:high,,0.972
19,1:high,1:high,,0.983
20,1:high,1:high,,0.994
21,1:high,1:high,,0.972
22,3:low,2:medium,+,0.504
23,2:medium,3:low,+,0.488
24,3:low,1:high,+,0.443
25,3:low,2:medium,+,0.57
26,3:low,3:low,,0.541
27,3:low,3:low,,0.492
28,2:medium,2:medium,,0.6
29,2:medium,2:medium,,0.542
30,3:low,2:medium,+,0.53
31,3:low,2:medium,+,0.476
32,3:low,3:low,,0.508
33,3:low,2:medium,+,0.459
34,3:low,3:low,,0.494
35,3:low,3:low,,0.603
36,3:low,2:medium,+,0.582
37,2:medium,2:medium,,0.515
38,2:medium,2:medium,,0.596
39,2:medium,2:medium,,0.469
40,2:medium,2:medium,,0.682
41,2:medium,2:medium,,0.504
42,2:medium,2:medium,,0.622
43,2:medium,2:medium,,0.5
44,3:low,3:low,,0.515
45,3:low,3:low,,0.583
46,2:medium,2:medium,,0.45
47,1:high,2:medium,+,0.581
48,3:low,2:medium,+,0.597

