inst#,actual,predicted,error,prediction
1,1:high,1:high,,1
2,1:high,1:high,,1
3,1:high,1:high,,1
4,1:high,1:high,,1
5,1:high,1:high,,1
6,1:high,1:high,,1
7,1:high,1:high,,1
8,1:high,2:medium,+,0.838
9,1:high,1:high,,1
10,1:high,1:high,,1
11,1:high,1:high,,1
12,1:high,1:high,,1
13,1:high,1:high,,1
14,1:high,1:high,,1
15,1:high,1:high,,1
16,1:high,1:high,,1
17,1:high,1:high,,0.905
18,1:high,1:high,,0.998
19,1:high,1:high,,1
20,1:high,1:high,,1
21,1:high,1:high,,1
22,3:low,3:low,,0.862
23,2:medium,3:low,+,0.929
24,3:low,3:low,,0.948
25,3:low,2:medium,+,0.735
26,3:low,3:low,,0.942
27,3:low,3:low,,0.938
28,2:medium,2:medium,,0.865
29,2:medium,2:medium,,0.856
30,3:low,3:low,,0.921
31,3:low,3:low,,0.906
32,3:low,3:low,,0.96
33,3:low,3:low,,0.943
34,3:low,3:low,,0.89
35,3:low,3:low,,0.939
36,3:low,3:low,,0.931
37,2:medium,2:medium,,0.587
38,2:medium,2:medium,,0.918
39,2:medium,2:medium,,0.912
40,2:medium,2:medium,,0.906
41,2:medium,3:low,+,0.806
42,2:medium,2:medium,,0.876
43,2:medium,3:low,+,0.55
44,3:low,3:low,,0.928
45,3:low,3:low,,0.931
46,2:medium,3:low,+,0.734
47,1:high,2:medium,+,0.71
48,3:low,3:low,,0.613

