inst#,actual,predicted,error,prediction
1,1:high,1:high,,0.992
2,1:high,1:high,,0.992
3,1:high,1:high,,0.992
4,1:high,1:high,,0.968
5,1:high,1:high,,0.969
6,1:high,1:high,,0.992
7,1:high,1:high,,0.992
8,1:high,1:high,,0.733
9,1:high,1:high,,0.968
10,1:high,1:high,,0.992
11,1:high,1:high,,0.992
12,1:high,1:high,,0.992
13,1:high,1:high,,0.992
14,1:high,1:high,,0.904
15,1:high,1:high,,0.992
16,1:high,1:high,,0.992
17,1:high,1:high,,0.867
18,1:high,1:high,,0.952
19,1:high,1:high,,0.993
20,1:high,1:high,,0.993
21,1:high,1:high,,0.993
22,3:low,2:medium,+,0.51
23,2:medium,3:low,+,0.566
24,3:low,3:low,,0.604
25,3:low,2:medium,+,0.564
26,3:low,3:low,,0.609
27,3:low,3:low,,0.638
28,2:medium,2:medium,,0.627
29,2:medium,2:medium,,0.533
30,3:low,3:low,,0.615
31,3:low,3:low,,0.533
32,3:low,3:low,,0.572
33,3:low,3:low,,0.639
34,3:low,3:low,,0.512
35,3:low,3:low,,0.614
36,3:low,2:medium,+,0.486
37,2:medium,2:medium,,0.483
38,2:medium,2:medium,,0.491
39,2:medium,2:medium,,0.558
40,2:medium,2:medium,,0.628
41,2:medium,2:medium,,0.531
42,2:medium,2:medium,,0.589
43,2:medium,2:medium,,0.557
44,3:low,3:low,,0.601
45,3:low,3:low,,0.595
46,2:medium,1:high,+,0.634
47,1:high,2:medium,+,0.584
48,3:low,3:low,,0.575

