inst#,actual,predicted,error,prediction
1,1:high,1:high,,1
2,1:high,1:high,,1
3,1:high,1:high,,1
4,1:high,1:high,,1
5,1:high,1:high,,1
6,1:high,1:high,,1
7,1:high,1:high,,1
8,1:high,2:medium,+,0.646
9,1:high,1:high,,1
10,1:high,1:high,,1
11,1:high,1:high,,1
12,1:high,1:high,,1
13,1:high,1:high,,1
14,1:high,1:high,,1
15,1:high,1:high,,1
16,1:high,1:high,,1
17,1:high,1:high,,1
18,1:high,1:high,,1
19,1:high,1:high,,1
20,1:high,1:high,,1
21,1:high,1:high,,1
22,3:low,2:medium,+,0.509
23,2:medium,3:low,+,0.684
24,3:low,3:low,,0.641
25,3:low,3:low,,0.617
26,3:low,3:low,,0.568
27,3:low,3:low,,0.739
28,2:medium,2:medium,,0.754
29,2:medium,2:medium,,0.58
30,3:low,3:low,,0.783
31,3:low,3:low,,0.536
32,3:low,3:low,,0.731
33,3:low,3:low,,0.761
34,3:low,3:low,,0.752
35,3:low,3:low,,0.751
36,3:low,2:medium,+,0.57
37,2:medium,2:medium,,0.64
38,2:medium,2:medium,,0.543
39,2:medium,2:medium,,0.75
40,2:medium,2:medium,,0.717
41,2:medium,2:medium,,0.556
42,2:medium,2:medium,,0.771
43,2:medium,2:medium,,0.658
44,3:low,3:low,,0.622
45,3:low,3:low,,0.606
46,2:medium,3:low,+,0.936
47,1:high,2:medium,+,0.63
48,3:low,2:medium,+,0.522

