inst#,actual,predicted,error,prediction
1,1:high,1:high,,0.973
2,1:high,1:high,,0.947
3,1:high,1:high,,1
4,1:high,1:high,,0.973
5,1:high,1:high,,1
6,1:high,1:high,,0.973
7,1:high,1:high,,0.973
8,1:high,1:high,,0.653
9,1:high,1:high,,0.947
10,1:high,1:high,,0.973
11,1:high,1:high,,0.973
12,1:high,1:high,,0.973
13,1:high,1:high,,1
14,1:high,1:high,,0.919
15,1:high,1:high,,0.946
16,1:high,1:high,,0.973
17,1:high,1:high,,0.866
18,1:high,1:high,,0.84
19,1:high,1:high,,0.893
20,1:high,1:high,,0.92
21,1:high,1:high,,0.92
22,3:low,2:medium,+,0.547
23,2:medium,2:medium,,0.573
24,3:low,2:medium,+,0.495
25,3:low,2:medium,+,0.651
26,3:low,2:medium,+,0.548
27,3:low,2:medium,+,0.573
28,2:medium,2:medium,,0.704
29,2:medium,2:medium,,0.73
30,3:low,2:medium,+,0.547
31,3:low,2:medium,+,0.494
32,3:low,2:medium,+,0.626
33,3:low,2:medium,+,0.652
34,3:low,2:medium,+,0.573
35,3:low,2:medium,+,0.521
36,3:low,2:medium,+,0.495
37,2:medium,2:medium,,0.546
38,2:medium,2:medium,,0.703
39,2:medium,2:medium,,0.546
40,2:medium,2:medium,,0.625
41,2:medium,2:medium,,0.52
42,2:medium,2:medium,,0.65
43,2:medium,2:medium,,0.625
44,3:low,3:low,,0.496
45,3:low,3:low,,0.522
46,2:medium,1:high,+,0.492
47,1:high,2:medium,+,0.41
48,3:low,2:medium,+,0.598

