inst#,actual,predicted,error,prediction
1,1:high,1:high,,1
2,1:high,1:high,,1
3,1:high,1:high,,1
4,1:high,1:high,,1
5,1:high,1:high,,1
6,1:high,1:high,,1
7,1:high,1:high,,1
8,1:high,1:high,,0.993
9,1:high,1:high,,1
10,1:high,1:high,,1
11,1:high,1:high,,1
12,1:high,1:high,,1
13,1:high,1:high,,1
14,1:high,1:high,,1
15,1:high,1:high,,1
16,1:high,1:high,,1
17,1:high,1:high,,1
18,1:high,1:high,,0.992
19,1:high,1:high,,0.998
20,1:high,1:high,,1
21,1:high,1:high,,1
22,3:low,3:low,,0.649
23,2:medium,2:medium,,0.989
24,3:low,3:low,,0.921
25,3:low,2:medium,+,0.684
26,3:low,2:medium,+,0.655
27,3:low,3:low,,0.812
28,2:medium,2:medium,,1
29,2:medium,2:medium,,1
30,3:low,2:medium,+,0.928
31,3:low,3:low,,0.74
32,3:low,2:medium,+,0.97
33,3:low,2:medium,+,0.965
34,3:low,3:low,,0.732
35,3:low,3:low,,0.995
36,3:low,2:medium,+,0.989
37,2:medium,2:medium,,0.99
38,2:medium,2:medium,,1
39,2:medium,2:medium,,1
40,2:medium,2:medium,,1
41,2:medium,3:low,+,0.807
42,2:medium,2:medium,,1
43,2:medium,2:medium,,0.994
44,3:low,3:low,,0.686
45,3:low,2:medium,+,0.629
46,2:medium,2:medium,,1
47,1:high,2:medium,+,0.918
48,3:low,2:medium,+,1

