inst#,actual,predicted,error,prediction
1,1:high,1:high,,0.6
2,1:high,1:high,,0.6
3,1:high,1:high,,0.6
4,1:high,1:high,,0.6
5,1:high,1:high,,0.6
6,1:high,1:high,,0.6
7,1:high,1:high,,0.6
8,1:high,2:medium,+,0.541
9,1:high,1:high,,0.6
10,1:high,1:high,,0.6
11,1:high,1:high,,0.6
12,1:high,1:high,,0.6
13,1:high,1:high,,0.6
14,1:high,1:high,,0.6
15,1:high,1:high,,0.6
16,1:high,1:high,,0.6
17,1:high,1:high,,0.596
18,1:high,1:high,,0.6
19,1:high,1:high,,0.6
20,1:high,1:high,,0.6
21,1:high,1:high,,0.6
22,3:low,3:low,,0.54
23,2:medium,3:low,+,0.574
24,3:low,3:low,,0.581
25,3:low,2:medium,+,0.5
26,3:low,3:low,,0.572
27,3:low,3:low,,0.57
28,2:medium,2:medium,,0.555
29,2:medium,2:medium,,0.548
30,3:low,3:low,,0.575
31,3:low,3:low,,0.545
32,3:low,3:low,,0.578
33,3:low,3:low,,0.57
34,3:low,3:low,,0.545
35,3:low,3:low,,0.572
36,3:low,3:low,,0.548
37,2:medium,2:medium,,0.438
38,2:medium,2:medium,,0.549
39,2:medium,2:medium,,0.549
40,2:medium,2:medium,,0.547
41,2:medium,3:low,+,0.512
42,2:medium,2:medium,,0.542
43,2:medium,3:low,+,0.446
44,3:low,3:low,,0.564
45,3:low,3:low,,0.565
46,2:medium,3:low,+,0.579
47,1:high,2:medium,+,0.465
48,3:low,3:low,,0.48

