inst#,actual,predicted,error,prediction
1,1:high,1:high,,1
2,1:high,1:high,,1
3,1:high,1:high,,1
4,1:high,1:high,,1
5,1:high,1:high,,1
6,1:high,1:high,,1
7,1:high,1:high,,1
8,1:high,2:medium,+,1
9,1:high,1:high,,1
10,1:high,1:high,,1
11,1:high,1:high,,1
12,1:high,1:high,,1
13,1:high,1:high,,1
14,1:high,1:high,,1
15,1:high,1:high,,1
16,1:high,1:high,,1
17,1:high,1:high,,1
18,1:high,1:high,,1
19,1:high,1:high,,1
20,1:high,1:high,,1
21,1:high,1:high,,1
22,3:low,2:medium,+,1
23,2:medium,2:medium,,1
24,3:low,2:medium,+,1
25,3:low,2:medium,+,1
26,3:low,3:low,,0.851
27,3:low,2:medium,+,1
28,2:medium,2:medium,,1
29,2:medium,2:medium,,1
30,3:low,2:medium,+,1
31,3:low,3:low,,0.968
32,3:low,2:medium,+,1
33,3:low,2:medium,+,1
34,3:low,2:medium,+,0.724
35,3:low,3:low,,1
36,3:low,2:medium,+,1
37,2:medium,2:medium,,1
38,2:medium,2:medium,,1
39,2:medium,2:medium,,1
40,2:medium,2:medium,,1
41,2:medium,2:medium,,0.994
42,2:medium,2:medium,,1
43,2:medium,3:low,+,0.799
44,3:low,3:low,,0.977
45,3:low,2:medium,+,1
46,2:medium,2:medium,,1
47,1:high,3:low,+,0.701
48,3:low,2:medium,+,1

