inst#,actual,predicted,error,prediction
1,1:high,1:high,,0.979
2,1:high,1:high,,0.978
3,1:high,1:high,,0.978
4,1:high,1:high,,0.978
5,1:high,1:high,,0.978
6,1:high,1:high,,0.978
7,1:high,1:high,,0.978
8,1:high,1:high,,0.686
9,1:high,1:high,,0.979
10,1:high,1:high,,0.978
11,1:high,1:high,,0.978
12,1:high,1:high,,0.978
13,1:high,1:high,,0.978
14,1:high,1:high,,0.957
15,1:high,1:high,,0.956
16,1:high,1:high,,0.957
17,1:high,1:high,,0.849
18,1:high,1:high,,0.937
19,1:high,1:high,,0.956
20,1:high,1:high,,0.974
21,1:high,1:high,,0.956
22,3:low,2:medium,+,0.54
23,2:medium,2:medium,,0.533
24,3:low,2:medium,+,0.517
25,3:low,2:medium,+,0.587
26,3:low,2:medium,+,0.556
27,3:low,2:medium,+,0.51
28,2:medium,2:medium,,0.65
29,2:medium,2:medium,,0.626
30,3:low,2:medium,+,0.532
31,3:low,2:medium,+,0.55
32,3:low,2:medium,+,0.577
33,3:low,2:medium,+,0.493
34,3:low,2:medium,+,0.563
35,3:low,2:medium,+,0.487
36,3:low,2:medium,+,0.525
37,2:medium,2:medium,,0.55
38,2:medium,2:medium,,0.645
39,2:medium,2:medium,,0.658
40,2:medium,2:medium,,0.673
41,2:medium,2:medium,,0.535
42,2:medium,2:medium,,0.598
43,2:medium,2:medium,,0.576
44,3:low,2:medium,+,0.493
45,3:low,2:medium,+,0.521
46,2:medium,1:high,+,0.358
47,1:high,2:medium,+,0.539
48,3:low,2:medium,+,0.462

