inst#,actual,predicted,error,prediction
1,1:high,1:high,,0.987
2,1:high,1:high,,0.986
3,1:high,1:high,,0.967
4,1:high,1:high,,0.984
5,1:high,1:high,,0.968
6,1:high,1:high,,0.968
7,1:high,1:high,,0.986
8,1:high,1:high,,0.59
9,1:high,1:high,,0.955
10,1:high,1:high,,0.966
11,1:high,1:high,,0.936
12,1:high,1:high,,0.966
13,1:high,1:high,,0.936
14,1:high,1:high,,0.958
15,1:high,1:high,,0.955
16,1:high,1:high,,0.955
17,1:high,1:high,,0.797
18,1:high,1:high,,0.923
19,1:high,1:high,,0.93
20,1:high,1:high,,0.987
21,1:high,1:high,,0.939
22,3:low,2:medium,+,0.508
23,2:medium,2:medium,,0.471
24,3:low,3:low,,0.486
25,3:low,2:medium,+,0.537
26,3:low,3:low,,0.514
27,3:low,3:low,,0.504
28,2:medium,2:medium,,0.521
29,2:medium,2:medium,,0.494
30,3:low,3:low,,0.456
31,3:low,2:medium,+,0.47
32,3:low,3:low,,0.432
33,3:low,3:low,,0.489
34,3:low,2:medium,+,0.453
35,3:low,2:medium,+,0.444
36,3:low,2:medium,+,0.428
37,2:medium,3:low,+,0.434
38,2:medium,2:medium,,0.667
39,2:medium,2:medium,,0.665
40,2:medium,2:medium,,0.528
41,2:medium,2:medium,,0.524
42,2:medium,2:medium,,0.534
43,2:medium,2:medium,,0.484
44,3:low,3:low,,0.497
45,3:low,2:medium,+,0.485
46,2:medium,1:high,+,0.416
47,1:high,2:medium,+,0.531
48,3:low,2:medium,+,0.468

