inst#,actual,predicted,error,prediction
1,1:high,1:high,,0.982
2,1:high,1:high,,0.982
3,1:high,1:high,,0.982
4,1:high,1:high,,0.982
5,1:high,1:high,,0.982
6,1:high,1:high,,0.982
7,1:high,1:high,,0.982
8,1:high,1:high,,0.91
9,1:high,1:high,,0.982
10,1:high,1:high,,0.982
11,1:high,1:high,,0.982
12,1:high,1:high,,0.982
13,1:high,1:high,,0.982
14,1:high,1:high,,0.982
15,1:high,1:high,,0.982
16,1:high,1:high,,0.982
17,1:high,1:high,,0.982
18,1:high,1:high,,0.982
19,1:high,1:high,,0.982
20,1:high,1:high,,0.982
21,1:high,1:high,,0.982
22,3:low,3:low,,0.547
23,2:medium,3:low,+,0.625
24,3:low,1:high,+,0.659
25,3:low,2:medium,+,0.569
26,3:low,3:low,,0.691
27,3:low,3:low,,0.531
28,2:medium,2:medium,,0.604
29,2:medium,2:medium,,0.536
30,3:low,3:low,,0.519
31,3:low,3:low,,0.569
32,3:low,3:low,,0.647
33,3:low,3:low,,0.356
34,3:low,3:low,,0.629
35,3:low,3:low,,0.593
36,3:low,3:low,,0.545
37,2:medium,3:low,+,0.553
38,2:medium,2:medium,,0.547
39,2:medium,1:high,+,0.519
40,2:medium,2:medium,,0.596
41,2:medium,3:low,+,0.659
42,2:medium,2:medium,,0.419
43,2:medium,2:medium,,0.681
44,3:low,3:low,,0.565
45,3:low,3:low,,0.573
46,2:medium,3:low,+,0.421
47,1:high,2:medium,+,0.366
48,3:low,2:medium,+,0.507

