inst#,actual,predicted,error,prediction
1,1:high,1:high,,1
2,1:high,1:high,,1
3,1:high,1:high,,1
4,1:high,1:high,,1
5,1:high,1:high,,1
6,1:high,1:high,,1
7,1:high,1:high,,1
8,1:high,2:medium,+,0.882
9,1:high,1:high,,1
10,1:high,1:high,,1
11,1:high,1:high,,1
12,1:high,1:high,,1
13,1:high,1:high,,1
14,1:high,1:high,,1
15,1:high,1:high,,1
16,1:high,1:high,,1
17,1:high,1:high,,0.714
18,1:high,1:high,,1
19,1:high,1:high,,1
20,1:high,1:high,,1
21,1:high,1:high,,1
22,3:low,3:low,,0.864
23,2:medium,3:low,+,0.942
24,3:low,3:low,,0.95
25,3:low,2:medium,+,0.516
26,3:low,3:low,,0.93
27,3:low,3:low,,0.939
28,2:medium,2:medium,,0.677
29,2:medium,2:medium,,0.649
30,3:low,3:low,,0.94
31,3:low,3:low,,0.895
32,3:low,3:low,,0.945
33,3:low,3:low,,0.93
34,3:low,3:low,,0.885
35,3:low,3:low,,0.934
36,3:low,3:low,,0.824
37,2:medium,2:medium,,0.526
38,2:medium,2:medium,,0.847
39,2:medium,2:medium,,0.86
40,2:medium,2:medium,,0.855
41,2:medium,3:low,+,0.736
42,2:medium,2:medium,,0.707
43,2:medium,3:low,+,0.586
44,3:low,3:low,,0.897
45,3:low,3:low,,0.919
46,2:medium,2:medium,,0.391
47,1:high,2:medium,+,0.662
48,3:low,3:low,,0.671

