inst#,actual,predicted,error,prediction
1,3:low,3:low,,0.941
2,3:low,3:low,,0.96
3,2:medium,3:low,+,0.941
4,3:low,3:low,,0.912
5,3:low,3:low,,0.96
6,3:low,3:low,,0.93
7,3:low,3:low,,0.93
8,3:low,3:low,,0.941
9,3:low,3:low,,0.96
10,3:low,3:low,,0.653
11,3:low,3:low,,0.96
12,2:medium,3:low,+,0.93
13,2:medium,3:low,+,0.792
14,2:medium,3:low,+,0.942
15,2:medium,3:low,+,0.96
16,3:low,3:low,,0.941
17,3:low,3:low,,0.93
18,3:low,3:low,,0.942
19,1:high,3:low,+,0.808
20,1:high,3:low,+,0.652
21,1:high,3:low,+,0.622
22,1:high,3:low,+,0.622
23,1:high,3:low,+,0.675
24,1:high,3:low,+,0.631
25,1:high,3:low,+,0.631
26,1:high,3:low,+,0.649
27,1:high,3:low,+,0.649
28,1:high,3:low,+,0.556
29,1:high,3:low,+,0.649
30,1:high,3:low,+,0.631
31,1:high,3:low,+,0.649
32,1:high,3:low,+,0.735
33,1:high,3:low,+,0.735
34,1:high,3:low,+,0.649
35,1:high,3:low,+,0.649
36,1:high,3:low,+,0.649
37,1:high,3:low,+,0.603
38,1:high,3:low,+,0.649
39,1:high,3:low,+,0.603
40,1:high,3:low,+,0.603
41,1:high,3:low,+,0.631
42,1:high,3:low,+,0.603
43,1:high,3:low,+,0.883
44,1:high,3:low,+,0.657
45,2:medium,3:low,+,0.603
46,3:low,3:low,,0.783
47,2:medium,3:low,+,0.747
48,1:high,3:low,+,0.581

