inst#,actual,predicted,error,prediction
1,3:low,3:low,,0.898
2,3:low,3:low,,0.944
3,2:medium,3:low,+,0.855
4,3:low,3:low,,0.909
5,3:low,3:low,,0.905
6,3:low,3:low,,0.957
7,3:low,3:low,,0.962
8,3:low,3:low,,0.963
9,3:low,3:low,,0.945
10,3:low,3:low,,0.883
11,3:low,3:low,,0.827
12,2:medium,3:low,+,0.886
13,2:medium,3:low,+,0.842
14,2:medium,3:low,+,0.838
15,2:medium,3:low,+,0.843
16,3:low,3:low,,0.859
17,3:low,3:low,,0.88
18,3:low,3:low,,0.864
19,1:high,3:low,+,0.875
20,1:high,3:low,+,0.894
21,1:high,3:low,+,0.772
22,1:high,3:low,+,0.795
23,1:high,3:low,+,0.746
24,1:high,3:low,+,0.74
25,1:high,3:low,+,0.764
26,1:high,3:low,+,0.721
27,1:high,3:low,+,0.741
28,1:high,3:low,+,0.75
29,1:high,3:low,+,0.764
30,1:high,3:low,+,0.741
31,1:high,3:low,+,0.78
32,1:high,3:low,+,0.78
33,1:high,3:low,+,0.788
34,1:high,3:low,+,0.764
35,1:high,3:low,+,0.795
36,1:high,3:low,+,0.764
37,1:high,3:low,+,0.732
38,1:high,3:low,+,0.779
39,1:high,3:low,+,0.775
40,1:high,3:low,+,0.756
41,1:high,3:low,+,0.776
42,1:high,3:low,+,0.755
43,1:high,3:low,+,0.895
44,1:high,3:low,+,0.76
45,2:medium,3:low,+,0.781
46,3:low,3:low,,0.743
47,2:medium,3:low,+,0.714
48,1:high,3:low,+,0.769

