inst#,actual,predicted,error,prediction
1,3:low,3:low,,0.981
2,3:low,3:low,,0.981
3,2:medium,3:low,+,0.925
4,3:low,3:low,,0.732
5,3:low,3:low,,0.952
6,3:low,3:low,,0.898
7,3:low,3:low,,0.949
8,3:low,3:low,,0.87
9,3:low,3:low,,0.859
10,3:low,3:low,,0.847
11,3:low,3:low,,0.738
12,2:medium,3:low,+,0.741
13,2:medium,3:low,+,0.737
14,2:medium,3:low,+,0.842
15,2:medium,3:low,+,0.837
16,3:low,3:low,,0.896
17,3:low,3:low,,0.836
18,3:low,3:low,,0.878
19,1:high,3:low,+,0.809
20,1:high,3:low,+,0.628
21,1:high,3:low,+,0.668
22,1:high,3:low,+,0.668
23,1:high,3:low,+,0.668
24,1:high,3:low,+,0.694
25,1:high,3:low,+,0.722
26,1:high,3:low,+,0.751
27,1:high,3:low,+,0.751
28,1:high,3:low,+,0.738
29,1:high,3:low,+,0.751
30,1:high,3:low,+,0.694
31,1:high,3:low,+,0.722
32,1:high,3:low,+,0.722
33,1:high,3:low,+,0.722
34,1:high,3:low,+,0.723
35,1:high,3:low,+,0.723
36,1:high,3:low,+,0.723
37,1:high,3:low,+,0.666
38,1:high,3:low,+,0.694
39,1:high,3:low,+,0.666
40,1:high,3:low,+,0.666
41,1:high,3:low,+,0.694
42,1:high,3:low,+,0.694
43,1:high,3:low,+,0.919
44,1:high,3:low,+,0.537
45,2:medium,3:low,+,0.542
46,3:low,3:low,,0.616
47,2:medium,3:low,+,0.588
48,1:high,3:low,+,0.549

