inst#,actual,predicted,error,prediction
1,3:low,3:low,,1
2,3:low,3:low,,1
3,2:medium,3:low,+,1
4,3:low,3:low,,1
5,3:low,3:low,,1
6,3:low,3:low,,1
7,3:low,3:low,,1
8,3:low,3:low,,1
9,3:low,3:low,,1
10,3:low,3:low,,1
11,3:low,3:low,,1
12,2:medium,3:low,+,1
13,2:medium,3:low,+,1
14,2:medium,3:low,+,1
15,2:medium,3:low,+,1
16,3:low,3:low,,1
17,3:low,3:low,,1
18,3:low,3:low,,1
19,1:high,3:low,+,1
20,1:high,3:low,+,1
21,1:high,3:low,+,1
22,1:high,3:low,+,1
23,1:high,3:low,+,1
24,1:high,3:low,+,1
25,1:high,3:low,+,1
26,1:high,3:low,+,1
27,1:high,3:low,+,1
28,1:high,3:low,+,1
29,1:high,3:low,+,1
30,1:high,3:low,+,1
31,1:high,3:low,+,1
32,1:high,3:low,+,1
33,1:high,3:low,+,1
34,1:high,3:low,+,1
35,1:high,3:low,+,1
36,1:high,3:low,+,1
37,1:high,3:low,+,1
38,1:high,3:low,+,1
39,1:high,3:low,+,1
40,1:high,3:low,+,1
41,1:high,3:low,+,1
42,1:high,3:low,+,1
43,1:high,3:low,+,1
44,1:high,3:low,+,1
45,2:medium,3:low,+,1
46,3:low,3:low,,1
47,2:medium,3:low,+,1
48,1:high,1:high,,1

