inst#,actual,predicted,error,prediction
1,3:low,3:low,,0.948
2,3:low,3:low,,0.948
3,2:medium,3:low,+,0.851
4,3:low,3:low,,0.851
5,3:low,3:low,,0.948
6,3:low,3:low,,0.948
7,3:low,3:low,,0.948
8,3:low,3:low,,0.948
9,3:low,3:low,,0.948
10,3:low,3:low,,0.909
11,3:low,3:low,,0.896
12,2:medium,3:low,+,0.948
13,2:medium,3:low,+,0.854
14,2:medium,3:low,+,0.948
15,2:medium,3:low,+,0.948
16,3:low,3:low,,0.948
17,3:low,3:low,,0.906
18,3:low,3:low,,0.906
19,1:high,3:low,+,0.951
20,1:high,3:low,+,0.698
21,1:high,3:low,+,0.698
22,1:high,3:low,+,0.696
23,1:high,3:low,+,0.696
24,1:high,3:low,+,0.696
25,1:high,3:low,+,0.696
26,1:high,3:low,+,0.696
27,1:high,3:low,+,0.696
28,1:high,3:low,+,0.696
29,1:high,3:low,+,0.696
30,1:high,3:low,+,0.696
31,1:high,3:low,+,0.696
32,1:high,3:low,+,0.696
33,1:high,3:low,+,0.696
34,1:high,3:low,+,0.696
35,1:high,3:low,+,0.696
36,1:high,3:low,+,0.696
37,1:high,3:low,+,0.696
38,1:high,3:low,+,0.696
39,1:high,3:low,+,0.696
40,1:high,3:low,+,0.696
41,1:high,3:low,+,0.696
42,1:high,3:low,+,0.696
43,1:high,3:low,+,0.899
44,1:high,3:low,+,0.551
45,2:medium,3:low,+,0.656
46,3:low,3:low,,0.696
47,2:medium,3:low,+,0.696
48,1:high,3:low,+,0.551

