inst#,actual,predicted,error,prediction
1,3:low,3:low,,0.926
2,3:low,3:low,,0.926
3,2:medium,3:low,+,0.926
4,3:low,3:low,,0.926
5,3:low,3:low,,0.926
6,3:low,3:low,,0.926
7,3:low,3:low,,0.926
8,3:low,3:low,,0.926
9,3:low,3:low,,0.926
10,3:low,3:low,,0.881
11,3:low,3:low,,0.826
12,2:medium,3:low,+,0.881
13,2:medium,3:low,+,0.826
14,2:medium,3:low,+,0.881
15,2:medium,3:low,+,0.881
16,3:low,3:low,,0.926
17,3:low,3:low,,0.926
18,3:low,3:low,,0.926
19,1:high,3:low,+,0.926
20,1:high,3:low,+,0.881
21,1:high,3:low,+,0.881
22,1:high,3:low,+,0.881
23,1:high,3:low,+,0.881
24,1:high,3:low,+,0.881
25,1:high,3:low,+,0.881
26,1:high,3:low,+,0.881
27,1:high,3:low,+,0.881
28,1:high,3:low,+,0.881
29,1:high,3:low,+,0.881
30,1:high,3:low,+,0.881
31,1:high,3:low,+,0.881
32,1:high,3:low,+,0.881
33,1:high,3:low,+,0.881
34,1:high,3:low,+,0.881
35,1:high,3:low,+,0.881
36,1:high,3:low,+,0.881
37,1:high,3:low,+,0.881
38,1:high,3:low,+,0.881
39,1:high,3:low,+,0.881
40,1:high,3:low,+,0.881
41,1:high,3:low,+,0.881
42,1:high,3:low,+,0.881
43,1:high,3:low,+,0.826
44,1:high,3:low,+,0.826
45,2:medium,3:low,+,0.881
46,3:low,3:low,,0.826
47,2:medium,3:low,+,0.881
48,1:high,3:low,+,0.826

