inst#,actual,predicted,error,prediction
1,3:low,3:low,,0.939
2,3:low,3:low,,0.969
3,2:medium,3:low,+,0.951
4,3:low,3:low,,0.954
5,3:low,3:low,,0.903
6,3:low,3:low,,0.955
7,3:low,3:low,,0.957
8,3:low,3:low,,0.929
9,3:low,3:low,,0.942
10,3:low,3:low,,0.851
11,3:low,3:low,,0.833
12,2:medium,3:low,+,0.909
13,2:medium,3:low,+,0.917
14,2:medium,3:low,+,0.904
15,2:medium,3:low,+,0.913
16,3:low,3:low,,0.851
17,3:low,3:low,,0.927
18,3:low,3:low,,0.937
19,1:high,3:low,+,0.971
20,1:high,3:low,+,0.935
21,1:high,3:low,+,0.908
22,1:high,3:low,+,0.917
23,1:high,3:low,+,0.843
24,1:high,3:low,+,0.85
25,1:high,3:low,+,0.875
26,1:high,3:low,+,0.86
27,1:high,3:low,+,0.868
28,1:high,3:low,+,0.942
29,1:high,3:low,+,0.873
30,1:high,3:low,+,0.909
31,1:high,3:low,+,0.928
32,1:high,3:low,+,0.941
33,1:high,3:low,+,0.907
34,1:high,3:low,+,0.886
35,1:high,3:low,+,0.875
36,1:high,3:low,+,0.886
37,1:high,3:low,+,0.897
38,1:high,3:low,+,0.873
39,1:high,3:low,+,0.88
40,1:high,3:low,+,0.825
41,1:high,3:low,+,0.829
42,1:high,3:low,+,0.858
43,1:high,3:low,+,0.961
44,1:high,3:low,+,0.961
45,2:medium,3:low,+,0.901
46,3:low,3:low,,0.899
47,2:medium,3:low,+,0.923
48,1:high,3:low,+,0.785

