inst#,actual,predicted,error,prediction
1,3:low,3:low,,1
2,3:low,3:low,,1
3,2:medium,3:low,+,1
4,3:low,3:low,,1
5,3:low,3:low,,0.938
6,3:low,3:low,,0.938
7,3:low,3:low,,1
8,3:low,3:low,,0.875
9,3:low,3:low,,1
10,3:low,3:low,,0.875
11,3:low,3:low,,0.813
12,2:medium,3:low,+,0.938
13,2:medium,3:low,+,0.75
14,2:medium,3:low,+,0.938
15,2:medium,3:low,+,0.938
16,3:low,3:low,,0.938
17,3:low,3:low,,0.875
18,3:low,3:low,,0.938
19,1:high,3:low,+,0.938
20,1:high,3:low,+,0.688
21,1:high,3:low,+,0.75
22,1:high,3:low,+,0.75
23,1:high,3:low,+,0.688
24,1:high,3:low,+,0.688
25,1:high,3:low,+,0.5
26,1:high,3:low,+,0.625
27,1:high,3:low,+,0.625
28,1:high,3:low,+,0.625
29,1:high,3:low,+,0.625
30,1:high,3:low,+,0.625
31,1:high,3:low,+,0.625
32,1:high,3:low,+,0.625
33,1:high,3:low,+,0.563
34,1:high,3:low,+,0.688
35,1:high,3:low,+,0.75
36,1:high,3:low,+,0.75
37,1:high,3:low,+,0.688
38,1:high,3:low,+,0.625
39,1:high,3:low,+,0.563
40,1:high,3:low,+,0.563
41,1:high,3:low,+,0.625
42,1:high,3:low,+,0.563
43,1:high,3:low,+,0.938
44,1:high,3:low,+,0.563
45,2:medium,3:low,+,0.625
46,3:low,3:low,,0.75
47,2:medium,3:low,+,0.688
48,1:high,1:high,,0.875

