inst#,actual,predicted,error,prediction
1,3:low,3:low,,0.923
2,3:low,3:low,,0.962
3,2:medium,3:low,+,0.846
4,3:low,3:low,,0.923
5,3:low,3:low,,1
6,3:low,3:low,,0.923
7,3:low,3:low,,0.923
8,3:low,3:low,,1
9,3:low,3:low,,0.923
10,3:low,3:low,,0.769
11,3:low,3:low,,0.962
12,2:medium,3:low,+,0.962
13,2:medium,3:low,+,0.808
14,2:medium,3:low,+,1
15,2:medium,3:low,+,1
16,3:low,3:low,,0.962
17,3:low,3:low,,0.923
18,3:low,3:low,,0.962
19,1:high,3:low,+,0.808
20,1:high,3:low,+,0.769
21,1:high,3:low,+,0.692
22,1:high,3:low,+,0.692
23,1:high,3:low,+,0.692
24,1:high,3:low,+,0.654
25,1:high,3:low,+,0.654
26,1:high,3:low,+,0.615
27,1:high,3:low,+,0.615
28,1:high,3:low,+,0.615
29,1:high,3:low,+,0.654
30,1:high,3:low,+,0.654
31,1:high,3:low,+,0.615
32,1:high,3:low,+,0.615
33,1:high,3:low,+,0.692
34,1:high,3:low,+,0.654
35,1:high,3:low,+,0.654
36,1:high,3:low,+,0.654
37,1:high,3:low,+,0.654
38,1:high,3:low,+,0.654
39,1:high,3:low,+,0.615
40,1:high,3:low,+,0.654
41,1:high,3:low,+,0.654
42,1:high,3:low,+,0.654
43,1:high,3:low,+,0.731
44,1:high,3:low,+,0.692
45,2:medium,3:low,+,0.731
46,3:low,3:low,,0.577
47,2:medium,3:low,+,0.577
48,1:high,3:low,+,0.615

