inst#,actual,predicted,error,prediction
1,3:low,3:low,,0.997
2,3:low,3:low,,0.984
3,2:medium,3:low,+,0.945
4,3:low,3:low,,0.721
5,3:low,3:low,,0.997
6,3:low,3:low,,0.997
7,3:low,3:low,,0.997
8,3:low,3:low,,0.984
9,3:low,3:low,,0.984
10,3:low,3:low,,0.683
11,3:low,3:low,,0.748
12,2:medium,3:low,+,0.774
13,2:medium,3:low,+,0.629
14,2:medium,3:low,+,0.748
15,2:medium,3:low,+,0.721
16,3:low,3:low,,0.984
17,3:low,3:low,,0.813
18,3:low,3:low,,0.748
19,1:high,3:low,+,0.735
20,1:high,3:low,+,0.512
21,1:high,3:low,+,0.525
22,1:high,3:low,+,0.71
23,1:high,3:low,+,0.618
24,1:high,3:low,+,0.618
25,1:high,3:low,+,0.591
26,1:high,3:low,+,0.591
27,1:high,3:low,+,0.591
28,1:high,3:low,+,0.486
29,1:high,3:low,+,0.591
30,1:high,3:low,+,0.591
31,1:high,3:low,+,0.591
32,1:high,3:low,+,0.591
33,1:high,3:low,+,0.591
34,1:high,3:low,+,0.591
35,1:high,3:low,+,0.591
36,1:high,3:low,+,0.591
37,1:high,3:low,+,0.591
38,1:high,3:low,+,0.591
39,1:high,3:low,+,0.591
40,1:high,3:low,+,0.591
41,1:high,3:low,+,0.618
42,1:high,3:low,+,0.591
43,1:high,3:low,+,0.722
44,1:high,1:high,,0.605
45,2:medium,1:high,+,0.605
46,3:low,3:low,,0.709
47,2:medium,3:low,+,0.683
48,1:high,1:high,,0.724

