inst#,actual,predicted,error,prediction
1,3:low,3:low,,0.959
2,3:low,3:low,,0.959
3,2:medium,3:low,+,0.959
4,3:low,3:low,,0.932
5,3:low,3:low,,0.959
6,3:low,3:low,,0.959
7,3:low,3:low,,0.959
8,3:low,3:low,,0.959
9,3:low,3:low,,0.959
10,3:low,3:low,,0.932
11,3:low,3:low,,0.959
12,2:medium,3:low,+,0.959
13,2:medium,3:low,+,0.878
14,2:medium,3:low,+,0.959
15,2:medium,3:low,+,0.959
16,3:low,3:low,,0.959
17,3:low,3:low,,0.851
18,3:low,3:low,,0.851
19,1:high,3:low,+,0.959
20,1:high,3:low,+,0.852
21,1:high,3:low,+,0.852
22,1:high,3:low,+,0.852
23,1:high,3:low,+,0.852
24,1:high,3:low,+,0.852
25,1:high,3:low,+,0.798
26,1:high,3:low,+,0.798
27,1:high,3:low,+,0.798
28,1:high,3:low,+,0.852
29,1:high,3:low,+,0.852
30,1:high,3:low,+,0.852
31,1:high,3:low,+,0.852
32,1:high,3:low,+,0.852
33,1:high,3:low,+,0.852
34,1:high,3:low,+,0.852
35,1:high,3:low,+,0.852
36,1:high,3:low,+,0.852
37,1:high,3:low,+,0.852
38,1:high,3:low,+,0.852
39,1:high,3:low,+,0.852
40,1:high,3:low,+,0.852
41,1:high,3:low,+,0.852
42,1:high,3:low,+,0.852
43,1:high,3:low,+,0.959
44,1:high,3:low,+,0.798
45,2:medium,3:low,+,0.825
46,3:low,3:low,,0.852
47,2:medium,3:low,+,0.852
48,1:high,3:low,+,0.825

