inst#,actual,predicted,error,prediction
1,3:low,3:low,,0.983
2,3:low,3:low,,0.983
3,2:medium,3:low,+,0.879
4,3:low,3:low,,0.866
5,3:low,3:low,,0.983
6,3:low,3:low,,0.973
7,3:low,3:low,,0.983
8,3:low,3:low,,0.983
9,3:low,3:low,,0.952
10,3:low,3:low,,0.808
11,3:low,3:low,,0.784
12,2:medium,3:low,+,0.786
13,2:medium,3:low,+,0.738
14,2:medium,3:low,+,0.791
15,2:medium,3:low,+,0.794
16,3:low,3:low,,0.973
17,3:low,3:low,,0.765
18,3:low,3:low,,0.791
19,1:high,3:low,+,0.913
20,1:high,3:low,+,0.6
21,1:high,3:low,+,0.604
22,1:high,3:low,+,0.624
23,1:high,3:low,+,0.615
24,1:high,3:low,+,0.615
25,1:high,3:low,+,0.615
26,1:high,3:low,+,0.615
27,1:high,3:low,+,0.615
28,1:high,3:low,+,0.615
29,1:high,3:low,+,0.607
30,1:high,3:low,+,0.61
31,1:high,3:low,+,0.61
32,1:high,3:low,+,0.61
33,1:high,3:low,+,0.61
34,1:high,3:low,+,0.61
35,1:high,3:low,+,0.61
36,1:high,3:low,+,0.61
37,1:high,3:low,+,0.61
38,1:high,3:low,+,0.607
39,1:high,3:low,+,0.607
40,1:high,3:low,+,0.607
41,1:high,3:low,+,0.618
42,1:high,3:low,+,0.607
43,1:high,3:low,+,0.955
44,1:high,2:medium,+,0.494
45,2:medium,3:low,+,0.459
46,3:low,3:low,,0.648
47,2:medium,3:low,+,0.648
48,1:high,3:low,+,0.462

