inst#,actual,predicted,error,prediction
1,3:low,3:low,,1
2,3:low,3:low,,1
3,2:medium,3:low,+,1
4,3:low,3:low,,0.946
5,3:low,3:low,,0.987
6,3:low,3:low,,0.921
7,3:low,3:low,,0.898
8,3:low,3:low,,0.932
9,3:low,3:low,,0.964
10,3:low,3:low,,1
11,3:low,3:low,,0.995
12,2:medium,3:low,+,1
13,2:medium,3:low,+,0.96
14,2:medium,3:low,+,0.935
15,2:medium,3:low,+,0.985
16,3:low,3:low,,0.961
17,3:low,3:low,,0.921
18,3:low,3:low,,0.967
19,1:high,?,,?
20,1:high,?,,?
21,1:high,?,,?
22,1:high,?,,?
23,1:high,?,,?
24,1:high,?,,?
25,1:high,?,,?
26,1:high,?,,?
27,1:high,?,,?
28,1:high,?,,?
29,1:high,?,,?
30,1:high,?,,?
31,1:high,?,,?
32,1:high,?,,?
33,1:high,?,,?
34,1:high,?,,?
35,1:high,?,,?
36,1:high,?,,?
37,1:high,?,,?
38,1:high,?,,?
39,1:high,?,,?
40,1:high,?,,?
41,1:high,?,,?
42,1:high,?,,?
43,1:high,3:low,+,1
44,1:high,3:low,+,1
45,2:medium,3:low,+,1
46,3:low,3:low,,1
47,2:medium,3:low,+,1
48,1:high,3:low,+,0.987

