inst#,actual,predicted,error,prediction
1,3:low,3:low,,0.6
2,3:low,3:low,,0.6
3,2:medium,3:low,+,0.6
4,3:low,3:low,,0.6
5,3:low,3:low,,0.559
6,3:low,3:low,,0.595
7,3:low,3:low,,0.59
8,3:low,3:low,,0.594
9,3:low,3:low,,0.6
10,3:low,3:low,,0.6
11,3:low,3:low,,0.599
12,2:medium,3:low,+,0.599
13,2:medium,3:low,+,0.599
14,2:medium,3:low,+,0.594
15,2:medium,3:low,+,0.6
16,3:low,3:low,,0.6
17,3:low,3:low,,0.6
18,3:low,3:low,,0.6
19,1:high,1:high,,0.333
20,1:high,1:high,,0.333
21,1:high,1:high,,0.333
22,1:high,1:high,,0.333
23,1:high,1:high,,0.333
24,1:high,1:high,,0.333
25,1:high,1:high,,0.333
26,1:high,1:high,,0.333
27,1:high,1:high,,0.333
28,1:high,1:high,,0.333
29,1:high,1:high,,0.333
30,1:high,1:high,,0.333
31,1:high,1:high,,0.333
32,1:high,1:high,,0.333
33,1:high,1:high,,0.333
34,1:high,1:high,,0.333
35,1:high,1:high,,0.333
36,1:high,1:high,,0.333
37,1:high,1:high,,0.333
38,1:high,1:high,,0.333
39,1:high,1:high,,0.333
40,1:high,1:high,,0.333
41,1:high,1:high,,0.333
42,1:high,1:high,,0.333
43,1:high,3:low,+,0.6
44,1:high,3:low,+,0.6
45,2:medium,3:low,+,0.6
46,3:low,3:low,,0.6
47,2:medium,3:low,+,0.6
48,1:high,3:low,+,0.596

