inst#,actual,predicted,error,prediction
1,3:low,3:low,,0.969
2,3:low,3:low,,0.969
3,2:medium,3:low,+,0.947
4,3:low,3:low,,0.86
5,3:low,3:low,,0.969
6,3:low,3:low,,0.947
7,3:low,3:low,,0.947
8,3:low,3:low,,0.948
9,3:low,3:low,,0.97
10,3:low,3:low,,0.759
11,3:low,3:low,,0.707
12,2:medium,3:low,+,0.782
13,2:medium,3:low,+,0.637
14,2:medium,3:low,+,0.805
15,2:medium,3:low,+,0.789
16,3:low,3:low,,0.883
17,3:low,3:low,,0.78
18,3:low,3:low,,0.817
19,1:high,3:low,+,0.824
20,1:high,3:low,+,0.548
21,1:high,3:low,+,0.592
22,1:high,3:low,+,0.615
23,1:high,3:low,+,0.592
24,1:high,3:low,+,0.615
25,1:high,3:low,+,0.593
26,1:high,3:low,+,0.637
27,1:high,3:low,+,0.615
28,1:high,3:low,+,0.592
29,1:high,3:low,+,0.615
30,1:high,3:low,+,0.556
31,1:high,3:low,+,0.57
32,1:high,3:low,+,0.614
33,1:high,3:low,+,0.599
34,1:high,3:low,+,0.636
35,1:high,3:low,+,0.636
36,1:high,3:low,+,0.599
37,1:high,3:low,+,0.578
38,1:high,3:low,+,0.593
39,1:high,3:low,+,0.571
40,1:high,3:low,+,0.57
41,1:high,3:low,+,0.571
42,1:high,3:low,+,0.571
43,1:high,3:low,+,0.917
44,1:high,3:low,+,0.498
45,2:medium,3:low,+,0.468
46,3:low,3:low,,0.592
47,2:medium,3:low,+,0.571
48,1:high,3:low,+,0.379

