inst#,actual,predicted,error,prediction
1,3:low,3:low,,0.98
2,3:low,3:low,,0.98
3,2:medium,3:low,+,0.98
4,3:low,3:low,,0.911
5,3:low,3:low,,0.97
6,3:low,3:low,,0.95
7,3:low,3:low,,0.97
8,3:low,3:low,,0.98
9,3:low,3:low,,0.969
10,3:low,3:low,,0.713
11,3:low,3:low,,0.98
12,2:medium,3:low,+,0.97
13,2:medium,3:low,+,0.93
14,2:medium,3:low,+,0.97
15,2:medium,3:low,+,0.97
16,3:low,3:low,,0.98
17,3:low,3:low,,0.772
18,3:low,3:low,,0.635
19,1:high,3:low,+,0.969
20,1:high,3:low,+,0.87
21,1:high,3:low,+,0.88
22,1:high,3:low,+,0.88
23,1:high,3:low,+,0.88
24,1:high,3:low,+,0.88
25,1:high,3:low,+,0.772
26,1:high,3:low,+,0.772
27,1:high,3:low,+,0.772
28,1:high,3:low,+,0.88
29,1:high,3:low,+,0.88
30,1:high,3:low,+,0.88
31,1:high,3:low,+,0.88
32,1:high,3:low,+,0.87
33,1:high,3:low,+,0.851
34,1:high,3:low,+,0.87
35,1:high,3:low,+,0.88
36,1:high,3:low,+,0.88
37,1:high,3:low,+,0.851
38,1:high,3:low,+,0.88
39,1:high,3:low,+,0.88
40,1:high,3:low,+,0.88
41,1:high,3:low,+,0.88
42,1:high,3:low,+,0.88
43,1:high,3:low,+,0.96
44,1:high,3:low,+,0.719
45,2:medium,3:low,+,0.653
46,3:low,3:low,,0.9
47,2:medium,3:low,+,0.9
48,1:high,3:low,+,0.748

