inst#,actual,predicted,error,prediction
1,3:low,3:low,,0.994
2,3:low,3:low,,0.964
3,2:medium,3:low,+,0.706
4,3:low,3:low,,0.838
5,3:low,3:low,,0.971
6,3:low,3:low,,0.972
7,3:low,3:low,,0.99
8,3:low,3:low,,0.996
9,3:low,3:low,,0.997
10,3:low,2:medium,+,0.583
11,3:low,3:low,,0.701
12,2:medium,2:medium,,0.615
13,2:medium,2:medium,,0.717
14,2:medium,3:low,+,0.757
15,2:medium,3:low,+,0.906
16,3:low,3:low,,0.889
17,3:low,3:low,,0.95
18,3:low,3:low,,0.99
19,1:high,3:low,+,0.947
20,1:high,3:low,+,0.423
21,1:high,3:low,+,0.543
22,1:high,3:low,+,0.544
23,1:high,3:low,+,0.547
24,1:high,3:low,+,0.619
25,1:high,3:low,+,0.663
26,1:high,3:low,+,0.677
27,1:high,3:low,+,0.725
28,1:high,3:low,+,0.665
29,1:high,3:low,+,0.707
30,1:high,3:low,+,0.703
31,1:high,3:low,+,0.721
32,1:high,3:low,+,0.735
33,1:high,3:low,+,0.791
34,1:high,3:low,+,0.655
35,1:high,3:low,+,0.707
36,1:high,3:low,+,0.725
37,1:high,3:low,+,0.636
38,1:high,3:low,+,0.574
39,1:high,3:low,+,0.54
40,1:high,3:low,+,0.566
41,1:high,3:low,+,0.584
42,1:high,3:low,+,0.551
43,1:high,3:low,+,0.871
44,1:high,2:medium,+,0.841
45,2:medium,2:medium,,0.862
46,3:low,2:medium,+,0.87
47,2:medium,2:medium,,0.915
48,1:high,3:low,+,0.383

