inst#,actual,predicted,error,prediction
1,3:high,3:high,,0.574
2,3:high,3:high,,0.51
3,3:high,2:medium,+,0.344
4,3:high,2:medium,+,0.442
5,3:high,2:medium,+,0.576
6,3:high,2:medium,+,0.583
7,3:high,2:medium,+,0.546
8,3:high,2:medium,+,0.567
9,3:high,2:medium,+,0.442
10,3:high,2:medium,+,0.563
11,3:high,3:high,,0.424
12,3:high,2:medium,+,0.551
13,3:high,2:medium,+,0.563
14,3:high,2:medium,+,0.549
15,3:high,2:medium,+,0.64
16,3:high,2:medium,+,0.771
17,3:high,2:medium,+,0.544
18,3:high,2:medium,+,0.44
19,3:high,2:medium,+,0.498
20,2:medium,2:medium,,0.458
21,2:medium,2:medium,,0.676
22,2:medium,2:medium,,0.423
23,2:medium,3:high,+,0.378
24,2:medium,2:medium,,0.365
25,2:medium,2:medium,,0.584
26,2:medium,1:low,+,0.38
27,2:medium,2:medium,,0.415
28,2:medium,3:high,+,0.406
29,2:medium,2:medium,,0.371
30,2:medium,2:medium,,0.393
31,1:low,2:medium,+,0.394
32,1:low,2:medium,+,0.47
33,1:low,2:medium,+,0.383
34,1:low,3:high,+,0.385
35,1:low,2:medium,+,0.775
36,1:low,2:medium,+,0.657
37,1:low,2:medium,+,0.391
38,1:low,2:medium,+,0.365
39,1:low,3:high,+,0.458
40,1:low,2:medium,+,0.42
41,1:low,2:medium,+,0.46
42,1:low,2:medium,+,0.413
43,1:low,2:medium,+,0.417
44,1:low,2:medium,+,0.412
45,1:low,2:medium,+,0.394
46,1:low,3:high,+,0.368
47,1:low,3:high,+,0.398
48,1:low,2:medium,+,0.447
49,1:low,1:low,,0.398
50,1:low,2:medium,+,0.4
51,1:low,2:medium,+,0.642
52,1:low,1:low,,0.457
53,1:low,2:medium,+,0.728
54,1:low,2:medium,+,0.552
55,1:low,2:medium,+,0.599
56,1:low,2:medium,+,0.78
57,1:low,2:medium,+,0.519
58,1:low,2:medium,+,0.667
59,1:low,2:medium,+,0.834
60,1:low,2:medium,+,0.767
61,1:low,2:medium,+,0.786
62,1:low,2:medium,+,0.754
63,1:low,2:medium,+,0.703
64,1:low,2:medium,+,0.795
65,1:low,1:low,,0.387
66,1:low,2:medium,+,0.856
67,1:low,3:high,+,0.569
68,1:low,3:high,+,0.574
69,2:medium,3:high,+,0.477
70,2:medium,2:medium,,0.619
71,2:medium,2:medium,,0.534
72,2:medium,3:high,+,0.494

