inst#,actual,predicted,error,prediction
1,3:high,3:high,,0.78
2,3:high,3:high,,0.571
3,3:high,2:medium,+,0.616
4,3:high,2:medium,+,0.513
5,3:high,2:medium,+,0.693
6,3:high,2:medium,+,0.5
7,3:high,2:medium,+,0.596
8,3:high,2:medium,+,0.744
9,3:high,2:medium,+,0.489
10,3:high,2:medium,+,0.707
11,3:high,2:medium,+,0.799
12,3:high,2:medium,+,0.803
13,3:high,2:medium,+,0.85
14,3:high,2:medium,+,0.816
15,3:high,2:medium,+,0.952
16,3:high,2:medium,+,0.935
17,3:high,2:medium,+,0.734
18,3:high,2:medium,+,0.623
19,3:high,2:medium,+,0.608
20,2:medium,2:medium,,0.659
21,2:medium,2:medium,,0.864
22,2:medium,2:medium,,0.899
23,2:medium,2:medium,,0.917
24,2:medium,2:medium,,0.944
25,2:medium,2:medium,,0.889
26,2:medium,2:medium,,0.86
27,2:medium,2:medium,,0.775
28,2:medium,2:medium,,0.665
29,2:medium,2:medium,,0.757
30,2:medium,2:medium,,0.768
31,1:low,2:medium,+,0.915
32,1:low,2:medium,+,0.884
33,1:low,2:medium,+,0.853
34,1:low,2:medium,+,0.906
35,1:low,2:medium,+,0.898
36,1:low,2:medium,+,0.914
37,1:low,2:medium,+,0.684
38,1:low,2:medium,+,0.833
39,1:low,2:medium,+,0.841
40,1:low,2:medium,+,0.86
41,1:low,2:medium,+,0.928
42,1:low,2:medium,+,0.856
43,1:low,2:medium,+,0.919
44,1:low,2:medium,+,0.966
45,1:low,2:medium,+,0.85
46,1:low,2:medium,+,0.89
47,1:low,2:medium,+,0.813
48,1:low,2:medium,+,0.907
49,1:low,2:medium,+,0.784
50,1:low,2:medium,+,0.786
51,1:low,2:medium,+,0.863
52,1:low,2:medium,+,0.724
53,1:low,2:medium,+,0.852
54,1:low,2:medium,+,0.899
55,1:low,2:medium,+,0.844
56,1:low,2:medium,+,0.82
57,1:low,2:medium,+,0.901
58,1:low,2:medium,+,0.901
59,1:low,2:medium,+,0.89
60,1:low,2:medium,+,0.83
61,1:low,2:medium,+,0.763
62,1:low,2:medium,+,0.74
63,1:low,2:medium,+,0.744
64,1:low,2:medium,+,0.748
65,1:low,3:high,+,0.57
66,1:low,3:high,+,0.603
67,1:low,3:high,+,0.676
68,1:low,3:high,+,0.634
69,2:medium,3:high,+,0.595
70,2:medium,3:high,+,0.566
71,2:medium,3:high,+,0.575
72,2:medium,3:high,+,0.56

