inst#,actual,predicted,error,prediction
1,3:high,3:high,,0.709
2,3:high,3:high,,0.545
3,3:high,3:high,,0.455
4,3:high,3:high,,0.418
5,3:high,2:medium,+,0.545
6,3:high,2:medium,+,0.436
7,3:high,2:medium,+,0.455
8,3:high,2:medium,+,0.527
9,3:high,3:high,,0.564
10,3:high,2:medium,+,0.764
11,3:high,2:medium,+,0.691
12,3:high,2:medium,+,0.836
13,3:high,2:medium,+,0.836
14,3:high,2:medium,+,0.891
15,3:high,2:medium,+,0.945
16,3:high,2:medium,+,0.927
17,3:high,2:medium,+,0.818
18,3:high,2:medium,+,0.673
19,3:high,2:medium,+,0.691
20,2:medium,2:medium,,0.582
21,2:medium,2:medium,,0.727
22,2:medium,2:medium,,0.727
23,2:medium,2:medium,,0.764
24,2:medium,2:medium,,0.764
25,2:medium,2:medium,,0.818
26,2:medium,2:medium,,0.655
27,2:medium,2:medium,,0.636
28,2:medium,2:medium,,0.527
29,2:medium,2:medium,,0.636
30,2:medium,2:medium,,0.473
31,1:low,2:medium,+,0.836
32,1:low,2:medium,+,0.782
33,1:low,2:medium,+,0.782
34,1:low,2:medium,+,0.818
35,1:low,2:medium,+,0.982
36,1:low,2:medium,+,0.945
37,1:low,2:medium,+,0.691
38,1:low,2:medium,+,0.636
39,1:low,2:medium,+,0.527
40,1:low,2:medium,+,0.491
41,1:low,2:medium,+,0.727
42,1:low,2:medium,+,0.745
43,1:low,2:medium,+,0.745
44,1:low,2:medium,+,0.764
45,1:low,2:medium,+,0.764
46,1:low,2:medium,+,0.636
47,1:low,2:medium,+,0.527
48,1:low,2:medium,+,0.618
49,1:low,2:medium,+,0.673
50,1:low,2:medium,+,0.673
51,1:low,2:medium,+,0.891
52,1:low,2:medium,+,0.673
53,1:low,2:medium,+,0.636
54,1:low,2:medium,+,0.727
55,1:low,2:medium,+,0.891
56,1:low,2:medium,+,0.855
57,1:low,2:medium,+,0.855
58,1:low,2:medium,+,0.873
59,1:low,2:medium,+,0.855
60,1:low,2:medium,+,0.873
61,1:low,2:medium,+,0.8
62,1:low,2:medium,+,0.818
63,1:low,2:medium,+,0.873
64,1:low,2:medium,+,0.764
65,1:low,3:high,+,0.527
66,1:low,2:medium,+,0.527
67,1:low,3:high,+,0.782
68,1:low,3:high,+,0.691
69,2:medium,3:high,+,0.618
70,2:medium,3:high,+,0.636
71,2:medium,3:high,+,0.655
72,2:medium,3:high,+,0.618

