inst#,actual,predicted,error,prediction
1,3:high,3:high,,0.859
2,3:high,3:high,,0.609
3,3:high,2:medium,+,0.469
4,3:high,2:medium,+,0.453
5,3:high,2:medium,+,0.641
6,3:high,2:medium,+,0.547
7,3:high,2:medium,+,0.688
8,3:high,2:medium,+,0.766
9,3:high,3:high,,0.5
10,3:high,2:medium,+,0.844
11,3:high,2:medium,+,0.75
12,3:high,2:medium,+,0.813
13,3:high,2:medium,+,0.828
14,3:high,2:medium,+,0.891
15,3:high,2:medium,+,0.922
16,3:high,2:medium,+,0.969
17,3:high,2:medium,+,0.875
18,3:high,2:medium,+,0.797
19,3:high,2:medium,+,0.703
20,2:medium,2:medium,,0.719
21,2:medium,2:medium,,0.813
22,2:medium,2:medium,,0.813
23,2:medium,2:medium,,0.781
24,2:medium,2:medium,,0.813
25,2:medium,2:medium,,0.844
26,2:medium,2:medium,,0.766
27,2:medium,2:medium,,0.688
28,2:medium,2:medium,,0.719
29,2:medium,2:medium,,0.734
30,2:medium,2:medium,,0.625
31,1:low,2:medium,+,0.813
32,1:low,2:medium,+,0.813
33,1:low,2:medium,+,0.828
34,1:low,2:medium,+,0.859
35,1:low,2:medium,+,0.984
36,1:low,2:medium,+,0.969
37,1:low,2:medium,+,0.797
38,1:low,2:medium,+,0.75
39,1:low,2:medium,+,0.734
40,1:low,2:medium,+,0.625
41,1:low,2:medium,+,0.797
42,1:low,2:medium,+,0.75
43,1:low,2:medium,+,0.75
44,1:low,2:medium,+,0.797
45,1:low,2:medium,+,0.797
46,1:low,2:medium,+,0.719
47,1:low,2:medium,+,0.719
48,1:low,2:medium,+,0.891
49,1:low,2:medium,+,0.734
50,1:low,2:medium,+,0.719
51,1:low,2:medium,+,0.953
52,1:low,2:medium,+,0.703
53,1:low,2:medium,+,0.828
54,1:low,2:medium,+,0.828
55,1:low,2:medium,+,0.906
56,1:low,2:medium,+,0.875
57,1:low,2:medium,+,0.922
58,1:low,2:medium,+,0.906
59,1:low,2:medium,+,0.891
60,1:low,2:medium,+,0.875
61,1:low,2:medium,+,0.828
62,1:low,2:medium,+,0.844
63,1:low,2:medium,+,0.859
64,1:low,2:medium,+,0.781
65,1:low,3:high,+,0.734
66,1:low,2:medium,+,0.516
67,1:low,3:high,+,0.859
68,1:low,3:high,+,0.828
69,2:medium,3:high,+,0.703
70,2:medium,3:high,+,0.766
71,2:medium,3:high,+,0.734
72,2:medium,3:high,+,0.703

