inst#,actual,predicted,error,prediction
1,3:high,3:high,,1
2,3:high,3:high,,0.997
3,3:high,3:high,,1
4,3:high,3:high,,0.678
5,3:high,2:medium,+,1
6,3:high,2:medium,+,1
7,3:high,2:medium,+,1
8,3:high,2:medium,+,1
9,3:high,3:high,,0.826
10,3:high,2:medium,+,0.996
11,3:high,2:medium,+,1
12,3:high,2:medium,+,1
13,3:high,2:medium,+,1
14,3:high,2:medium,+,1
15,3:high,2:medium,+,1
16,3:high,2:medium,+,1
17,3:high,2:medium,+,1
18,3:high,2:medium,+,1
19,3:high,2:medium,+,1
20,2:medium,2:medium,,1
21,2:medium,2:medium,,0.974
22,2:medium,2:medium,,1
23,2:medium,2:medium,,1
24,2:medium,2:medium,,1
25,2:medium,2:medium,,0.707
26,2:medium,1:low,+,0.961
27,2:medium,1:low,+,1
28,2:medium,1:low,+,0.895
29,2:medium,2:medium,,0.87
30,2:medium,3:high,+,1
31,1:low,2:medium,+,0.998
32,1:low,2:medium,+,1
33,1:low,2:medium,+,1
34,1:low,2:medium,+,1
35,1:low,2:medium,+,1
36,1:low,2:medium,+,1
37,1:low,2:medium,+,1
38,1:low,1:low,,0.999
39,1:low,1:low,,1
40,1:low,3:high,+,0.986
41,1:low,2:medium,+,0.987
42,1:low,2:medium,+,0.982
43,1:low,2:medium,+,1
44,1:low,2:medium,+,0.998
45,1:low,1:low,,0.691
46,1:low,1:low,,0.999
47,1:low,1:low,,0.895
48,1:low,1:low,,0.863
49,1:low,1:low,,0.877
50,1:low,1:low,,0.997
51,1:low,1:low,,0.998
52,1:low,1:low,,1
53,1:low,2:medium,+,0.96
54,1:low,2:medium,+,1
55,1:low,2:medium,+,1
56,1:low,2:medium,+,1
57,1:low,2:medium,+,1
58,1:low,2:medium,+,0.986
59,1:low,2:medium,+,1
60,1:low,2:medium,+,0.998
61,1:low,2:medium,+,1
62,1:low,2:medium,+,1
63,1:low,2:medium,+,1
64,1:low,2:medium,+,1
65,1:low,2:medium,+,1
66,1:low,2:medium,+,0.978
67,1:low,2:medium,+,0.998
68,1:low,2:medium,+,1
69,2:medium,2:medium,,1
70,2:medium,2:medium,,1
71,2:medium,3:high,+,0.998
72,2:medium,2:medium,,0.965

