inst#,actual,predicted,error,prediction
1,3:high,3:high,,0.841
2,3:high,3:high,,0.554
3,3:high,3:high,,0.624
4,3:high,2:medium,+,0.444
5,3:high,2:medium,+,0.555
6,3:high,2:medium,+,0.535
7,3:high,2:medium,+,0.732
8,3:high,2:medium,+,0.715
9,3:high,3:high,,0.615
10,3:high,3:high,,0.536
11,3:high,1:low,+,0.567
12,3:high,2:medium,+,0.78
13,3:high,2:medium,+,0.805
14,3:high,2:medium,+,0.647
15,3:high,2:medium,+,0.608
16,3:high,2:medium,+,0.725
17,3:high,2:medium,+,0.425
18,3:high,1:low,+,0.551
19,3:high,1:low,+,0.558
20,2:medium,2:medium,,0.412
21,2:medium,3:high,+,0.408
22,2:medium,1:low,+,0.689
23,2:medium,1:low,+,0.645
24,2:medium,1:low,+,0.372
25,2:medium,1:low,+,0.362
26,2:medium,2:medium,,0.421
27,2:medium,2:medium,,0.689
28,2:medium,1:low,+,0.615
29,2:medium,1:low,+,0.473
30,2:medium,3:high,+,0.613
31,1:low,1:low,,0.397
32,1:low,1:low,,0.613
33,1:low,1:low,,0.644
34,1:low,1:low,,0.659
35,1:low,2:medium,+,0.492
36,1:low,2:medium,+,0.482
37,1:low,1:low,,0.476
38,1:low,1:low,,0.536
39,1:low,1:low,,0.723
40,1:low,3:high,+,0.651
41,1:low,3:high,+,0.582
42,1:low,3:high,+,0.559
43,1:low,3:high,+,0.416
44,1:low,1:low,,0.41
45,1:low,2:medium,+,0.395
46,1:low,2:medium,+,0.57
47,1:low,1:low,,0.535
48,1:low,2:medium,+,0.673
49,1:low,2:medium,+,0.711
50,1:low,2:medium,+,0.76
51,1:low,2:medium,+,0.541
52,1:low,1:low,,0.737
53,1:low,2:medium,+,0.516
54,1:low,1:low,,0.502
55,1:low,2:medium,+,0.702
56,1:low,2:medium,+,0.708
57,1:low,2:medium,+,0.62
58,1:low,2:medium,+,0.588
59,1:low,1:low,,0.535
60,1:low,1:low,,0.512
61,1:low,1:low,,0.664
62,1:low,2:medium,+,0.63
63,1:low,2:medium,+,0.944
64,1:low,2:medium,+,0.951
65,1:low,2:medium,+,0.895
66,1:low,2:medium,+,0.927
67,1:low,2:medium,+,0.912
68,1:low,2:medium,+,0.885
69,2:medium,2:medium,,0.638
70,2:medium,2:medium,,0.494
71,2:medium,2:medium,,0.658
72,2:medium,2:medium,,0.584

