inst#,actual,predicted,error,prediction
1,2:medium,2:medium,,0.76
2,2:medium,2:medium,,0.64
3,2:medium,2:medium,,0.6
4,2:medium,2:medium,,0.52
5,2:medium,2:medium,,0.86
6,2:medium,2:medium,,0.6
7,2:medium,2:medium,,0.56
8,2:medium,1:low,+,0.5
9,2:medium,1:low,+,0.54
10,2:medium,2:medium,,0.7
11,2:medium,2:medium,,0.68
12,2:medium,2:medium,,0.68
13,2:medium,2:medium,,0.58
14,2:medium,2:medium,,0.42
15,2:medium,1:low,+,0.5
16,2:medium,1:low,+,0.62
17,2:medium,1:low,+,0.56
18,2:medium,1:low,+,0.58
19,2:medium,1:low,+,0.56
20,2:medium,1:low,+,0.56
21,2:medium,1:low,+,0.54
22,2:medium,1:low,+,0.5
23,2:medium,1:low,+,0.54
24,2:medium,1:low,+,0.52
25,2:medium,2:medium,,0.5
26,2:medium,2:medium,,0.5
27,2:medium,2:medium,,0.5
28,2:medium,2:medium,,0.38
29,2:medium,2:medium,,0.42
30,2:medium,2:medium,,0.56
31,2:medium,2:medium,,0.54
32,2:medium,2:medium,,0.42
33,2:medium,2:medium,,0.4
34,2:medium,2:medium,,0.42
35,2:medium,2:medium,,0.4
36,2:medium,2:medium,,0.5
37,2:medium,2:medium,,0.48
38,2:medium,2:medium,,0.62
39,2:medium,2:medium,,0.56
40,2:medium,2:medium,,0.46
41,2:medium,2:medium,,0.42
42,2:medium,1:low,+,0.4
43,2:medium,1:low,+,0.36
44,2:medium,2:medium,,0.52
45,2:medium,2:medium,,0.48
46,2:medium,2:medium,,0.48
47,2:medium,2:medium,,0.48
48,2:medium,2:medium,,0.48
49,2:medium,2:medium,,0.5
50,2:medium,2:medium,,0.62
51,2:medium,2:medium,,0.46
52,2:medium,2:medium,,0.52
53,2:medium,2:medium,,0.52
54,2:medium,2:medium,,0.42
55,2:medium,2:medium,,0.54
56,2:medium,2:medium,,0.64
57,2:medium,2:medium,,0.52
58,2:medium,3:high,+,0.46
59,2:medium,2:medium,,0.46
60,2:medium,3:high,+,0.46
61,2:medium,2:medium,,0.6
62,2:medium,2:medium,,0.56
63,2:medium,2:medium,,0.54
64,2:medium,2:medium,,0.64
65,2:medium,2:medium,,0.58
66,2:medium,2:medium,,0.54
67,2:medium,2:medium,,0.66
68,2:medium,2:medium,,0.58
69,2:medium,2:medium,,0.52
70,2:medium,2:medium,,0.66
71,2:medium,2:medium,,0.66
72,2:medium,2:medium,,0.8

