inst#,actual,predicted,error,distribution,,
1,3:low,3:low,,0,0.001,*0.999
2,3:low,3:low,,0,0,*1
3,2:medium,3:low,+,0,0.012,*0.988
4,3:low,3:low,,0,0.002,*0.998
5,3:low,3:low,,0,0,*1
6,2:medium,2:medium,,0,*1,0
7,3:low,3:low,,0,0.076,*0.924
8,3:low,3:low,,0,0,*1
9,2:medium,2:medium,,0,*1,0
10,2:medium,2:medium,,0,*1,0
11,3:low,2:medium,+,0,*1,0
12,3:low,3:low,,0,0,*1
13,3:low,2:medium,+,0,*1,0
14,3:low,3:low,,0,0,*1
15,3:low,2:medium,+,0,*1,0
16,3:low,2:medium,+,0,*1,0
17,3:low,3:low,,0,0.001,*0.999
18,2:medium,2:medium,,0,*1,0
19,2:medium,2:medium,,0,*1,0
20,3:low,2:medium,+,0,*1,0
21,3:low,3:low,,0,0.05,*0.95
22,2:medium,3:low,+,0,0,*1
23,3:low,2:medium,+,0,*1,0
24,3:low,3:low,,0,0.019,*0.981
25,3:low,2:medium,+,0,*1,0
26,2:medium,2:medium,,0,*1,0
27,3:low,2:medium,+,0,*0.983,0.017
28,3:low,2:medium,+,0,*1,0
29,3:low,1:high,+,*1,0,0
30,3:low,2:medium,+,0,*1,0
31,3:low,3:low,,0,0.004,*0.996
32,2:medium,3:low,+,0,0.1,*0.9
33,2:medium,2:medium,,0,*1,0
34,2:medium,2:medium,,0,*1,0
35,1:high,2:medium,+,0,*1,0
36,3:low,3:low,,0,0,*1
37,3:low,3:low,,0,0,*1
38,3:low,3:low,,0,0,*1
39,2:medium,3:low,+,0,0,*1
40,2:medium,2:medium,,0,*0.998,0.002
41,3:low,2:medium,+,0,*1,0
42,3:low,2:medium,+,0,*1,0
43,2:medium,2:medium,,0,*1,0
44,3:low,3:low,,0,0.001,*0.999
45,3:low,3:low,,0,0,*1
46,2:medium,3:low,+,0,0,*1
47,3:low,3:low,,0,0.005,*0.995
48,1:high,1:high,,*1,0,0
