inst#,actual,predicted,error,distribution,,
1,3:low,2:medium,+,0,*0.604,0.396
2,3:low,3:low,,0,0,*1
3,2:medium,3:low,+,0,0.008,*0.992
4,3:low,2:medium,+,0,*0.511,0.489
5,3:low,3:low,,0,0,*1
6,2:medium,3:low,+,0,0,*1
7,3:low,3:low,,0,0,*1
8,3:low,2:medium,+,0,*0.995,0.005
9,2:medium,2:medium,,0,*0.779,0.221
10,2:medium,2:medium,,0,*0.881,0.119
11,3:low,2:medium,+,0,*0.993,0.007
12,3:low,2:medium,+,0,*1,0
13,3:low,3:low,,0,0.076,*0.924
14,3:low,2:medium,+,0,*0.605,0.395
15,3:low,2:medium,+,0,*1,0
16,3:low,2:medium,+,0,*0.984,0.016
17,3:low,3:low,,0,0.096,*0.904
18,2:medium,2:medium,,0,*1,0
19,2:medium,2:medium,,0,*1,0
20,3:low,2:medium,+,0,*1,0
21,3:low,2:medium,+,0,*0.917,0.083
22,2:medium,2:medium,,0,*0.999,0.001
23,3:low,2:medium,+,0,*1,0
24,3:low,2:medium,+,0,*1,0
25,3:low,3:low,,0,0,*1
26,2:medium,3:low,+,0,0,*1
27,3:low,2:medium,+,0,*1,0
28,3:low,2:medium,+,0,*0.979,0.021
29,3:low,1:high,+,*0.999,0.001,0
30,3:low,2:medium,+,0,*0.823,0.177
31,3:low,3:low,,0,0.005,*0.995
32,2:medium,2:medium,,0,*1,0
33,2:medium,2:medium,,0,*1,0
34,2:medium,2:medium,,0,*1,0
35,1:high,2:medium,+,0,*1,0
36,3:low,3:low,,0,0.064,*0.936
37,3:low,3:low,,0,0,*1
38,3:low,3:low,,0,0,*1
39,2:medium,3:low,+,0,0,*1
40,2:medium,2:medium,,0,*0.997,0.003
41,3:low,3:low,,0,0.482,*0.518
42,3:low,3:low,,0,0,*1
43,2:medium,3:low,+,0,0,*1
44,3:low,3:low,,0,0.437,*0.563
45,3:low,2:medium,+,0,*0.985,0.015
46,2:medium,2:medium,,0,*1,0
47,3:low,3:low,,0,0,*1
48,1:high,1:high,,*1,0,0
