inst#,actual,predicted,error,prediction
1,2:medium,2:medium,,0.999
2,2:medium,2:medium,,0.979
3,2:medium,2:medium,,0.965
4,2:medium,2:medium,,0.995
5,2:medium,2:medium,,0.725
6,2:medium,2:medium,,0.906
7,2:medium,2:medium,,0.828
8,2:medium,2:medium,,0.966
9,2:medium,2:medium,,0.972
10,2:medium,2:medium,,0.969
11,2:medium,2:medium,,0.955
12,2:medium,2:medium,,0.98
13,2:medium,2:medium,,0.94
14,2:medium,2:medium,,0.92
15,2:medium,2:medium,,0.968
16,2:medium,2:medium,,0.782
17,2:medium,2:medium,,0.905
18,2:medium,2:medium,,0.836
19,2:medium,2:medium,,0.89
20,2:medium,2:medium,,0.973
21,2:medium,2:medium,,0.974
22,2:medium,2:medium,,0.992
23,2:medium,2:medium,,0.663
24,2:medium,2:medium,,0.541
25,2:medium,2:medium,,0.738
26,2:medium,2:medium,,0.939
27,2:medium,2:medium,,0.708
28,2:medium,1:low,+,0.936
29,2:medium,1:low,+,0.947
30,2:medium,1:low,+,0.871
31,2:medium,1:low,+,0.904
32,2:medium,1:low,+,0.885
33,2:medium,1:low,+,0.896
34,2:medium,1:low,+,0.9
35,2:medium,1:low,+,0.979
36,2:medium,1:low,+,0.987
37,2:medium,1:low,+,0.972
38,2:medium,1:low,+,0.872
39,2:medium,1:low,+,0.656
40,2:medium,1:low,+,0.694
41,2:medium,1:low,+,0.925
42,2:medium,1:low,+,0.614
43,2:medium,1:low,+,0.675
44,2:medium,2:medium,,0.574
45,2:medium,2:medium,,0.74
46,2:medium,2:medium,,0.57
47,2:medium,2:medium,,0.622
48,2:medium,2:medium,,0.679
49,2:medium,2:medium,,0.542
50,2:medium,2:medium,,0.577
51,2:medium,1:low,+,0.501
52,2:medium,1:low,+,0.673
53,2:medium,1:low,+,0.546
54,2:medium,1:low,+,0.843
55,2:medium,1:low,+,0.862
56,2:medium,1:low,+,0.926
57,2:medium,1:low,+,0.969
58,2:medium,1:low,+,0.923
59,2:medium,1:low,+,0.826
60,2:medium,1:low,+,0.769
61,2:medium,1:low,+,0.92
62,2:medium,1:low,+,0.932
63,2:medium,1:low,+,0.822
64,2:medium,1:low,+,0.854
65,2:medium,1:low,+,0.863
66,2:medium,1:low,+,0.848
67,2:medium,1:low,+,0.821
68,2:medium,1:low,+,0.677
69,2:medium,1:low,+,0.593
70,2:medium,1:low,+,0.581
71,2:medium,2:medium,,0.946
72,2:medium,2:medium,,0.802
73,2:medium,2:medium,,0.81
74,2:medium,2:medium,,0.626
75,2:medium,1:low,+,0.888
76,2:medium,1:low,+,0.966
77,2:medium,1:low,+,0.845
78,2:medium,1:low,+,0.553
79,2:medium,2:medium,,0.686
80,2:medium,1:low,+,0.781
81,2:medium,1:low,+,0.939
82,2:medium,1:low,+,0.937
83,2:medium,1:low,+,0.901
84,2:medium,1:low,+,0.732
85,2:medium,1:low,+,0.791
86,2:medium,1:low,+,0.676
87,2:medium,1:low,+,0.551
88,2:medium,1:low,+,0.834
89,2:medium,1:low,+,0.845
90,2:medium,1:low,+,0.586
91,2:medium,2:medium,,0.535
92,2:medium,1:low,+,0.79
93,2:medium,1:low,+,0.79
94,2:medium,1:low,+,0.759
95,2:medium,1:low,+,0.704
96,2:medium,1:low,+,0.816
97,2:medium,2:medium,,0.553
98,2:medium,1:low,+,0.856
99,2:medium,2:medium,,0.719
100,2:medium,2:medium,,0.707
101,2:medium,1:low,+,0.63
102,2:medium,1:low,+,0.87
103,2:medium,1:low,+,0.971
104,2:medium,1:low,+,0.95
105,2:medium,1:low,+,0.72
106,2:medium,1:low,+,0.893
107,2:medium,1:low,+,0.98
108,2:medium,1:low,+,0.939
109,2:medium,1:low,+,0.91
110,2:medium,1:low,+,0.924
111,2:medium,1:low,+,0.943
112,2:medium,1:low,+,0.992
113,2:medium,1:low,+,0.956
114,2:medium,1:low,+,0.885
115,2:medium,1:low,+,0.935
116,2:medium,1:low,+,0.972
117,2:medium,1:low,+,0.936
118,2:medium,1:low,+,0.943
119,2:medium,1:low,+,0.916
120,2:medium,1:low,+,0.925
121,2:medium,1:low,+,0.886
122,2:medium,1:low,+,0.827
123,2:medium,1:low,+,0.893
124,2:medium,1:low,+,0.768
125,2:medium,1:low,+,0.871
126,2:medium,1:low,+,0.896
127,2:medium,1:low,+,0.865
128,2:medium,1:low,+,0.876
129,2:medium,1:low,+,0.907
130,2:medium,1:low,+,0.983
131,2:medium,1:low,+,0.915
132,2:medium,1:low,+,0.952
133,2:medium,1:low,+,0.979
134,2:medium,1:low,+,0.843
135,2:medium,1:low,+,0.969
136,2:medium,1:low,+,0.989
137,2:medium,1:low,+,0.971
138,2:medium,1:low,+,0.953
139,2:medium,1:low,+,0.951
140,2:medium,1:low,+,0.9
141,2:medium,1:low,+,0.977
142,2:medium,1:low,+,0.93
143,2:medium,1:low,+,0.985
144,2:medium,1:low,+,0.969
145,2:medium,1:low,+,0.943
146,2:medium,1:low,+,0.927
147,2:medium,1:low,+,0.927
148,2:medium,1:low,+,0.927
149,2:medium,1:low,+,0.927
150,2:medium,1:low,+,0.927
151,2:medium,1:low,+,0.927
152,2:medium,1:low,+,0.927
153,2:medium,1:low,+,0.927
154,2:medium,1:low,+,0.927
155,2:medium,1:low,+,0.927
156,2:medium,1:low,+,0.927
157,2:medium,1:low,+,0.927
158,2:medium,1:low,+,0.927
159,2:medium,1:low,+,0.927
160,2:medium,1:low,+,0.927
161,2:medium,1:low,+,0.927
162,2:medium,3:high,+,0.576
163,2:medium,3:high,+,0.576
164,2:medium,3:high,+,0.576
165,2:medium,3:high,+,0.576
166,2:medium,3:high,+,0.485
167,2:medium,3:high,+,0.515
168,2:medium,3:high,+,0.848
169,2:medium,3:high,+,0.729
170,2:medium,3:high,+,0.515
171,2:medium,3:high,+,0.545
172,2:medium,3:high,+,0.782
173,2:medium,3:high,+,0.769
174,2:medium,3:high,+,0.788
175,2:medium,3:high,+,0.758
176,2:medium,3:high,+,0.758

