inst#,actual,predicted,error,prediction
1,2:medium,2:medium,,0.998
2,2:medium,2:medium,,0.981
3,2:medium,2:medium,,0.963
4,2:medium,2:medium,,0.998
5,2:medium,2:medium,,0.993
6,2:medium,2:medium,,0.997
7,2:medium,2:medium,,0.994
8,2:medium,2:medium,,0.997
9,2:medium,2:medium,,0.994
10,2:medium,2:medium,,0.988
11,2:medium,2:medium,,0.969
12,2:medium,2:medium,,0.978
13,2:medium,2:medium,,0.949
14,2:medium,2:medium,,0.924
15,2:medium,2:medium,,0.897
16,2:medium,2:medium,,0.796
17,2:medium,2:medium,,0.825
18,2:medium,2:medium,,0.646
19,2:medium,2:medium,,0.824
20,2:medium,2:medium,,0.937
21,2:medium,2:medium,,0.982
22,2:medium,2:medium,,0.99
23,2:medium,2:medium,,0.972
24,2:medium,2:medium,,0.977
25,2:medium,2:medium,,0.982
26,2:medium,2:medium,,0.899
27,2:medium,1:low,+,0.524
28,2:medium,1:low,+,0.87
29,2:medium,1:low,+,0.907
30,2:medium,1:low,+,0.757
31,2:medium,1:low,+,0.918
32,2:medium,1:low,+,0.79
33,2:medium,1:low,+,0.862
34,2:medium,1:low,+,0.845
35,2:medium,1:low,+,0.941
36,2:medium,1:low,+,0.861
37,2:medium,1:low,+,0.909
38,2:medium,1:low,+,0.894
39,2:medium,1:low,+,0.754
40,2:medium,1:low,+,0.897
41,2:medium,1:low,+,0.939
42,2:medium,1:low,+,0.84
43,2:medium,1:low,+,0.614
44,2:medium,2:medium,,0.535
45,2:medium,2:medium,,0.542
46,2:medium,1:low,+,0.805
47,2:medium,1:low,+,0.762
48,2:medium,1:low,+,0.915
49,2:medium,1:low,+,0.688
50,2:medium,1:low,+,0.53
51,2:medium,2:medium,,0.533
52,2:medium,2:medium,,0.621
53,2:medium,2:medium,,0.583
54,2:medium,2:medium,,0.593
55,2:medium,1:low,+,0.619
56,2:medium,1:low,+,0.61
57,2:medium,1:low,+,0.855
58,2:medium,1:low,+,0.594
59,2:medium,1:low,+,0.588
60,2:medium,2:medium,,0.55
61,2:medium,1:low,+,0.924
62,2:medium,1:low,+,0.59
63,2:medium,1:low,+,0.935
64,2:medium,1:low,+,0.529
65,2:medium,1:low,+,0.585
66,2:medium,1:low,+,0.55
67,2:medium,2:medium,,0.57
68,2:medium,1:low,+,0.54
69,2:medium,2:medium,,0.587
70,2:medium,2:medium,,0.583
71,2:medium,2:medium,,0.957
72,2:medium,2:medium,,0.946
73,2:medium,2:medium,,0.855
74,2:medium,1:low,+,0.607
75,2:medium,1:low,+,0.894
76,2:medium,1:low,+,0.907
77,2:medium,1:low,+,0.883
78,2:medium,1:low,+,0.808
79,2:medium,1:low,+,0.567
80,2:medium,1:low,+,0.746
81,2:medium,1:low,+,0.951
82,2:medium,1:low,+,0.937
83,2:medium,1:low,+,0.826
84,2:medium,1:low,+,0.655
85,2:medium,1:low,+,0.55
86,2:medium,1:low,+,0.801
87,2:medium,1:low,+,0.93
88,2:medium,1:low,+,0.766
89,2:medium,1:low,+,0.974
90,2:medium,1:low,+,0.755
91,2:medium,1:low,+,0.89
92,2:medium,1:low,+,0.808
93,2:medium,1:low,+,0.906
94,2:medium,1:low,+,0.6
95,2:medium,1:low,+,0.593
96,2:medium,1:low,+,0.569
97,2:medium,1:low,+,0.525
98,2:medium,1:low,+,0.669
99,2:medium,2:medium,,0.504
100,2:medium,2:medium,,0.938
101,2:medium,2:medium,,0.506
102,2:medium,1:low,+,0.971
103,2:medium,1:low,+,0.992
104,2:medium,1:low,+,0.979
105,2:medium,1:low,+,0.929
106,2:medium,1:low,+,0.916
107,2:medium,1:low,+,0.911
108,2:medium,1:low,+,0.874
109,2:medium,1:low,+,0.846
110,2:medium,1:low,+,0.906
111,2:medium,1:low,+,0.952
112,2:medium,1:low,+,0.931
113,2:medium,1:low,+,0.93
114,2:medium,1:low,+,0.809
115,2:medium,1:low,+,0.832
116,2:medium,1:low,+,0.919
117,2:medium,1:low,+,0.767
118,2:medium,1:low,+,0.764
119,2:medium,1:low,+,0.538
120,2:medium,1:low,+,0.564
121,2:medium,1:low,+,0.573
122,2:medium,2:medium,,0.533
123,2:medium,1:low,+,0.541
124,2:medium,1:low,+,0.552
125,2:medium,1:low,+,0.535
126,2:medium,1:low,+,0.604
127,2:medium,1:low,+,0.532
128,2:medium,1:low,+,0.605
129,2:medium,1:low,+,0.701
130,2:medium,1:low,+,0.978
131,2:medium,1:low,+,0.988
132,2:medium,1:low,+,0.909
133,2:medium,1:low,+,0.974
134,2:medium,1:low,+,0.971
135,2:medium,1:low,+,0.989
136,2:medium,1:low,+,0.979
137,2:medium,1:low,+,0.963
138,2:medium,1:low,+,0.971
139,2:medium,1:low,+,0.938
140,2:medium,1:low,+,0.904
141,2:medium,1:low,+,0.948
142,2:medium,1:low,+,0.621
143,2:medium,1:low,+,0.827
144,2:medium,1:low,+,0.706
145,2:medium,1:low,+,0.821
146,2:medium,1:low,+,0.887
147,2:medium,1:low,+,0.887
148,2:medium,1:low,+,0.887
149,2:medium,1:low,+,0.887
150,2:medium,1:low,+,0.887
151,2:medium,1:low,+,0.887
152,2:medium,1:low,+,0.887
153,2:medium,1:low,+,0.887
154,2:medium,1:low,+,0.887
155,2:medium,1:low,+,0.887
156,2:medium,1:low,+,0.887
157,2:medium,1:low,+,0.887
158,2:medium,1:low,+,0.887
159,2:medium,1:low,+,0.887
160,2:medium,1:low,+,0.887
161,2:medium,1:low,+,0.887
162,2:medium,3:high,+,0.58
163,2:medium,3:high,+,0.554
164,2:medium,3:high,+,0.562
165,2:medium,3:high,+,0.566
166,2:medium,3:high,+,0.562
167,2:medium,3:high,+,0.543
168,2:medium,2:medium,,0.797
169,2:medium,3:high,+,0.592
170,2:medium,3:high,+,0.544
171,2:medium,3:high,+,0.537
172,2:medium,3:high,+,0.55
173,2:medium,3:high,+,0.522
174,2:medium,3:high,+,0.553
175,2:medium,3:high,+,0.523
176,2:medium,3:high,+,0.532

