inst#,actual,predicted,error,prediction
1,2:medium,2:medium,,1
2,2:medium,2:medium,,0.988
3,2:medium,2:medium,,1
4,2:medium,2:medium,,0.944
5,2:medium,2:medium,,1
6,2:medium,2:medium,,0.944
7,2:medium,2:medium,,0.999
8,2:medium,2:medium,,0.999
9,2:medium,2:medium,,0.991
10,2:medium,2:medium,,1
11,2:medium,2:medium,,1
12,2:medium,2:medium,,1
13,2:medium,2:medium,,1
14,2:medium,2:medium,,1
15,2:medium,2:medium,,0.999
16,2:medium,2:medium,,0.999
17,2:medium,2:medium,,0.936
18,2:medium,1:low,+,0.629
19,2:medium,2:medium,,0.994
20,2:medium,2:medium,,1
21,2:medium,2:medium,,1
22,2:medium,2:medium,,1
23,2:medium,2:medium,,1
24,2:medium,2:medium,,0.989
25,2:medium,2:medium,,1
26,2:medium,2:medium,,1
27,2:medium,1:low,+,0.539
28,2:medium,1:low,+,0.934
29,2:medium,1:low,+,1
30,2:medium,2:medium,,0.805
31,2:medium,1:low,+,0.991
32,2:medium,1:low,+,0.999
33,2:medium,1:low,+,0.999
34,2:medium,1:low,+,1
35,2:medium,1:low,+,1
36,2:medium,1:low,+,1
37,2:medium,1:low,+,0.978
38,2:medium,1:low,+,0.978
39,2:medium,1:low,+,0.821
40,2:medium,1:low,+,0.585
41,2:medium,2:medium,,0.88
42,2:medium,1:low,+,0.821
43,2:medium,1:low,+,0.821
44,2:medium,2:medium,,0.998
45,2:medium,2:medium,,0.99
46,2:medium,2:medium,,0.508
47,2:medium,2:medium,,0.838
48,2:medium,1:low,+,0.691
49,2:medium,2:medium,,0.949
50,2:medium,1:low,+,0.969
51,2:medium,1:low,+,0.918
52,2:medium,2:medium,,0.988
53,2:medium,1:low,+,0.636
54,2:medium,2:medium,,0.977
55,2:medium,1:low,+,0.96
56,2:medium,1:low,+,0.978
57,2:medium,1:low,+,0.978
58,2:medium,1:low,+,0.978
59,2:medium,2:medium,,0.614
60,2:medium,2:medium,,0.614
61,2:medium,1:low,+,0.891
62,2:medium,1:low,+,0.891
63,2:medium,1:low,+,0.998
64,2:medium,1:low,+,0.994
65,2:medium,1:low,+,0.994
66,2:medium,1:low,+,0.983
67,2:medium,1:low,+,0.958
68,2:medium,1:low,+,0.991
69,2:medium,1:low,+,0.535
70,2:medium,1:low,+,0.766
71,2:medium,2:medium,,1
72,2:medium,2:medium,,1
73,2:medium,2:medium,,0.999
74,2:medium,2:medium,,0.687
75,2:medium,2:medium,,0.666
76,2:medium,1:low,+,0.998
77,2:medium,1:low,+,0.585
78,2:medium,1:low,+,0.821
79,2:medium,1:low,+,0.998
80,2:medium,2:medium,,0.892
81,2:medium,1:low,+,1
82,2:medium,1:low,+,0.999
83,2:medium,1:low,+,0.999
84,2:medium,1:low,+,0.939
85,2:medium,1:low,+,0.939
86,2:medium,1:low,+,0.96
87,2:medium,1:low,+,0.877
88,2:medium,1:low,+,0.994
89,2:medium,1:low,+,0.989
90,2:medium,1:low,+,0.725
91,2:medium,1:low,+,0.974
92,2:medium,1:low,+,0.96
93,2:medium,1:low,+,0.992
94,2:medium,1:low,+,0.996
95,2:medium,1:low,+,0.996
96,2:medium,1:low,+,0.996
97,2:medium,2:medium,,0.528
98,2:medium,1:low,+,0.93
99,2:medium,2:medium,,0.958
100,2:medium,2:medium,,0.561
101,2:medium,1:low,+,0.97
102,2:medium,1:low,+,0.998
103,2:medium,1:low,+,1
104,2:medium,1:low,+,0.999
105,2:medium,1:low,+,0.859
106,2:medium,1:low,+,0.999
107,2:medium,1:low,+,0.999
108,2:medium,1:low,+,0.999
109,2:medium,1:low,+,0.999
110,2:medium,1:low,+,0.999
111,2:medium,1:low,+,0.999
112,2:medium,1:low,+,1
113,2:medium,1:low,+,0.999
114,2:medium,1:low,+,0.999
115,2:medium,1:low,+,0.999
116,2:medium,1:low,+,1
117,2:medium,1:low,+,0.999
118,2:medium,1:low,+,0.995
119,2:medium,1:low,+,0.673
120,2:medium,2:medium,,0.954
121,2:medium,2:medium,,0.967
122,2:medium,2:medium,,0.663
123,2:medium,1:low,+,0.569
124,2:medium,2:medium,,0.663
125,2:medium,2:medium,,0.987
126,2:medium,2:medium,,0.8
127,2:medium,2:medium,,0.8
128,2:medium,2:medium,,0.791
129,2:medium,1:low,+,0.999
130,2:medium,1:low,+,1
131,2:medium,1:low,+,0.999
132,2:medium,1:low,+,0.999
133,2:medium,1:low,+,0.999
134,2:medium,1:low,+,0.999
135,2:medium,1:low,+,0.999
136,2:medium,1:low,+,0.999
137,2:medium,1:low,+,0.999
138,2:medium,1:low,+,0.999
139,2:medium,1:low,+,0.999
140,2:medium,1:low,+,0.999
141,2:medium,1:low,+,0.999
142,2:medium,2:medium,,0.608
143,2:medium,1:low,+,0.86
144,2:medium,1:low,+,0.827
145,2:medium,1:low,+,0.726
146,2:medium,1:low,+,1
147,2:medium,1:low,+,1
148,2:medium,1:low,+,1
149,2:medium,1:low,+,1
150,2:medium,1:low,+,1
151,2:medium,1:low,+,1
152,2:medium,1:low,+,1
153,2:medium,1:low,+,1
154,2:medium,1:low,+,1
155,2:medium,1:low,+,1
156,2:medium,1:low,+,1
157,2:medium,1:low,+,1
158,2:medium,1:low,+,1
159,2:medium,1:low,+,1
160,2:medium,1:low,+,1
161,2:medium,1:low,+,1
162,2:medium,3:high,+,0.998
163,2:medium,3:high,+,1
164,2:medium,3:high,+,0.998
165,2:medium,3:high,+,0.998
166,2:medium,3:high,+,1
167,2:medium,3:high,+,1
168,2:medium,3:high,+,0.994
169,2:medium,3:high,+,0.999
170,2:medium,3:high,+,1
171,2:medium,3:high,+,1
172,2:medium,3:high,+,0.999
173,2:medium,3:high,+,0.999
174,2:medium,3:high,+,0.999
175,2:medium,3:high,+,0.999
176,2:medium,3:high,+,0.999

