inst#,actual,predicted,error,prediction
1,2:medium,2:medium,,1
2,2:medium,2:medium,,1
3,2:medium,2:medium,,1
4,2:medium,2:medium,,1
5,2:medium,2:medium,,1
6,2:medium,2:medium,,1
7,2:medium,2:medium,,1
8,2:medium,2:medium,,1
9,2:medium,2:medium,,1
10,2:medium,2:medium,,1
11,2:medium,2:medium,,1
12,2:medium,2:medium,,1
13,2:medium,2:medium,,0.988
14,2:medium,2:medium,,0.988
15,2:medium,2:medium,,0.988
16,2:medium,2:medium,,0.988
17,2:medium,2:medium,,0.997
18,2:medium,1:low,+,0.996
19,2:medium,2:medium,,1
20,2:medium,2:medium,,1
21,2:medium,2:medium,,1
22,2:medium,2:medium,,1
23,2:medium,2:medium,,1
24,2:medium,2:medium,,1
25,2:medium,2:medium,,1
26,2:medium,2:medium,,1
27,2:medium,1:low,+,0.992
28,2:medium,1:low,+,0.999
29,2:medium,1:low,+,1
30,2:medium,1:low,+,0.897
31,2:medium,1:low,+,0.897
32,2:medium,1:low,+,1
33,2:medium,1:low,+,0.999
34,2:medium,1:low,+,1
35,2:medium,1:low,+,1
36,2:medium,1:low,+,1
37,2:medium,1:low,+,1
38,2:medium,1:low,+,0.998
39,2:medium,1:low,+,0.998
40,2:medium,1:low,+,1
41,2:medium,1:low,+,0.995
42,2:medium,1:low,+,0.998
43,2:medium,1:low,+,0.998
44,2:medium,1:low,+,1
45,2:medium,1:low,+,0.998
46,2:medium,1:low,+,0.999
47,2:medium,2:medium,,0.999
48,2:medium,1:low,+,0.999
49,2:medium,1:low,+,0.72
50,2:medium,2:medium,,0.95
51,2:medium,2:medium,,0.921
52,2:medium,1:low,+,0.917
53,2:medium,1:low,+,1
54,2:medium,1:low,+,0.998
55,2:medium,1:low,+,0.998
56,2:medium,1:low,+,0.993
57,2:medium,1:low,+,1
58,2:medium,1:low,+,0.998
59,2:medium,1:low,+,0.999
60,2:medium,1:low,+,0.999
61,2:medium,1:low,+,0.996
62,2:medium,1:low,+,0.996
63,2:medium,1:low,+,1
64,2:medium,1:low,+,1
65,2:medium,1:low,+,0.813
66,2:medium,1:low,+,0.998
67,2:medium,1:low,+,0.796
68,2:medium,2:medium,,0.937
69,2:medium,2:medium,,0.984
70,2:medium,1:low,+,0.767
71,2:medium,2:medium,,1
72,2:medium,2:medium,,0.998
73,2:medium,2:medium,,1
74,2:medium,1:low,+,0.999
75,2:medium,1:low,+,1
76,2:medium,1:low,+,1
77,2:medium,1:low,+,0.998
78,2:medium,1:low,+,0.998
79,2:medium,1:low,+,1
80,2:medium,1:low,+,0.998
81,2:medium,1:low,+,1
82,2:medium,1:low,+,1
83,2:medium,1:low,+,1
84,2:medium,1:low,+,0.999
85,2:medium,1:low,+,0.999
86,2:medium,1:low,+,0.998
87,2:medium,1:low,+,1
88,2:medium,1:low,+,1
89,2:medium,1:low,+,1
90,2:medium,1:low,+,1
91,2:medium,1:low,+,0.997
92,2:medium,1:low,+,1
93,2:medium,1:low,+,0.976
94,2:medium,1:low,+,1
95,2:medium,1:low,+,0.998
96,2:medium,1:low,+,0.999
97,2:medium,1:low,+,0.889
98,2:medium,1:low,+,0.982
99,2:medium,1:low,+,0.905
100,2:medium,1:low,+,0.524
101,2:medium,1:low,+,0.705
102,2:medium,1:low,+,1
103,2:medium,1:low,+,1
104,2:medium,1:low,+,1
105,2:medium,1:low,+,0.999
106,2:medium,1:low,+,1
107,2:medium,1:low,+,1
108,2:medium,1:low,+,1
109,2:medium,1:low,+,1
110,2:medium,1:low,+,1
111,2:medium,1:low,+,1
112,2:medium,1:low,+,1
113,2:medium,1:low,+,1
114,2:medium,1:low,+,1
115,2:medium,1:low,+,0.999
116,2:medium,1:low,+,1
117,2:medium,1:low,+,1
118,2:medium,1:low,+,1
119,2:medium,1:low,+,1
120,2:medium,1:low,+,1
121,2:medium,1:low,+,0.98
122,2:medium,1:low,+,0.56
123,2:medium,1:low,+,0.56
124,2:medium,1:low,+,0.56
125,2:medium,2:medium,,0.662
126,2:medium,1:low,+,0.965
127,2:medium,1:low,+,0.991
128,2:medium,1:low,+,1
129,2:medium,1:low,+,1
130,2:medium,1:low,+,1
131,2:medium,1:low,+,1
132,2:medium,1:low,+,1
133,2:medium,1:low,+,1
134,2:medium,1:low,+,1
135,2:medium,1:low,+,1
136,2:medium,1:low,+,1
137,2:medium,1:low,+,0.999
138,2:medium,1:low,+,1
139,2:medium,1:low,+,1
140,2:medium,1:low,+,1
141,2:medium,1:low,+,1
142,2:medium,1:low,+,1
143,2:medium,1:low,+,1
144,2:medium,1:low,+,1
145,2:medium,1:low,+,0.998
146,2:medium,1:low,+,1
147,2:medium,1:low,+,1
148,2:medium,1:low,+,1
149,2:medium,1:low,+,1
150,2:medium,1:low,+,1
151,2:medium,1:low,+,1
152,2:medium,1:low,+,1
153,2:medium,1:low,+,1
154,2:medium,1:low,+,1
155,2:medium,1:low,+,1
156,2:medium,1:low,+,1
157,2:medium,1:low,+,1
158,2:medium,1:low,+,1
159,2:medium,1:low,+,1
160,2:medium,1:low,+,1
161,2:medium,1:low,+,1
162,2:medium,3:high,+,0.967
163,2:medium,3:high,+,1
164,2:medium,3:high,+,0.967
165,2:medium,3:high,+,0.967
166,2:medium,3:high,+,0.999
167,2:medium,3:high,+,0.999
168,2:medium,3:high,+,0.934
169,2:medium,3:high,+,0.676
170,2:medium,3:high,+,0.999
171,2:medium,3:high,+,0.967
172,2:medium,3:high,+,0.91
173,2:medium,3:high,+,0.91
174,2:medium,3:high,+,0.596
175,2:medium,2:medium,,0.904
176,2:medium,2:medium,,0.817

