inst#,actual,predicted,error,prediction
1,2:medium,2:medium,,0.999
2,2:medium,2:medium,,0.991
3,2:medium,2:medium,,0.979
4,2:medium,2:medium,,0.997
5,2:medium,2:medium,,0.748
6,2:medium,2:medium,,0.921
7,2:medium,2:medium,,0.83
8,2:medium,2:medium,,0.972
9,2:medium,2:medium,,0.973
10,2:medium,2:medium,,0.97
11,2:medium,2:medium,,0.947
12,2:medium,2:medium,,0.981
13,2:medium,2:medium,,0.933
14,2:medium,2:medium,,0.812
15,2:medium,2:medium,,0.864
16,2:medium,2:medium,,0.596
17,2:medium,2:medium,,0.73
18,2:medium,2:medium,,0.63
19,2:medium,2:medium,,0.724
20,2:medium,2:medium,,0.958
21,2:medium,2:medium,,0.971
22,2:medium,2:medium,,0.989
23,2:medium,2:medium,,0.582
24,2:medium,1:low,+,0.59
25,2:medium,2:medium,,0.636
26,2:medium,2:medium,,0.89
27,2:medium,2:medium,,0.61
28,2:medium,1:low,+,0.923
29,2:medium,1:low,+,0.999
30,2:medium,1:low,+,0.907
31,2:medium,1:low,+,0.818
32,2:medium,1:low,+,0.806
33,2:medium,1:low,+,0.822
34,2:medium,1:low,+,0.871
35,2:medium,1:low,+,0.979
36,2:medium,1:low,+,0.982
37,2:medium,1:low,+,0.966
38,2:medium,1:low,+,0.843
39,2:medium,1:low,+,0.723
40,2:medium,1:low,+,0.805
41,2:medium,1:low,+,0.874
42,2:medium,1:low,+,0.707
43,2:medium,1:low,+,0.739
44,2:medium,1:low,+,0.583
45,2:medium,2:medium,,0.564
46,2:medium,1:low,+,0.606
47,2:medium,2:medium,,0.513
48,2:medium,2:medium,,0.59
49,2:medium,2:medium,,0.56
50,2:medium,2:medium,,0.559
51,2:medium,2:medium,,0.502
52,2:medium,2:medium,,0.517
53,2:medium,2:medium,,0.595
54,2:medium,1:low,+,0.858
55,2:medium,1:low,+,0.843
56,2:medium,1:low,+,0.902
57,2:medium,1:low,+,0.959
58,2:medium,1:low,+,0.87
59,2:medium,1:low,+,0.79
60,2:medium,1:low,+,0.719
61,2:medium,1:low,+,0.865
62,2:medium,1:low,+,0.862
63,2:medium,1:low,+,0.757
64,2:medium,1:low,+,0.739
65,2:medium,1:low,+,0.74
66,2:medium,1:low,+,0.696
67,2:medium,1:low,+,0.687
68,2:medium,1:low,+,0.564
69,2:medium,2:medium,,0.551
70,2:medium,2:medium,,0.626
71,2:medium,2:medium,,0.943
72,2:medium,2:medium,,0.747
73,2:medium,2:medium,,0.755
74,2:medium,1:low,+,0.537
75,2:medium,1:low,+,0.944
76,2:medium,1:low,+,1
77,2:medium,1:low,+,0.829
78,2:medium,1:low,+,0.678
79,2:medium,2:medium,,0.562
80,2:medium,1:low,+,0.672
81,2:medium,1:low,+,0.868
82,2:medium,1:low,+,0.864
83,2:medium,1:low,+,0.826
84,2:medium,1:low,+,0.702
85,2:medium,1:low,+,0.794
86,2:medium,1:low,+,0.756
87,2:medium,1:low,+,0.536
88,2:medium,1:low,+,0.877
89,2:medium,1:low,+,0.861
90,2:medium,1:low,+,0.611
91,2:medium,2:medium,,0.561
92,2:medium,1:low,+,0.815
93,2:medium,1:low,+,0.844
94,2:medium,1:low,+,0.753
95,2:medium,1:low,+,0.741
96,2:medium,1:low,+,0.784
97,2:medium,1:low,+,0.523
98,2:medium,1:low,+,0.829
99,2:medium,2:medium,,0.569
100,2:medium,2:medium,,0.609
101,2:medium,1:low,+,0.624
102,2:medium,1:low,+,0.797
103,2:medium,1:low,+,1
104,2:medium,1:low,+,0.885
105,2:medium,1:low,+,0.684
106,2:medium,1:low,+,0.895
107,2:medium,1:low,+,0.97
108,2:medium,1:low,+,0.88
109,2:medium,1:low,+,0.904
110,2:medium,1:low,+,0.939
111,2:medium,1:low,+,0.894
112,2:medium,1:low,+,0.988
113,2:medium,1:low,+,0.932
114,2:medium,1:low,+,0.851
115,2:medium,1:low,+,0.904
116,2:medium,1:low,+,0.963
117,2:medium,1:low,+,0.886
118,2:medium,1:low,+,0.905
119,2:medium,1:low,+,0.842
120,2:medium,1:low,+,0.841
121,2:medium,1:low,+,0.746
122,2:medium,1:low,+,0.737
123,2:medium,1:low,+,0.881
124,2:medium,1:low,+,0.931
125,2:medium,1:low,+,0.783
126,2:medium,1:low,+,0.85
127,2:medium,1:low,+,0.756
128,2:medium,1:low,+,0.787
129,2:medium,1:low,+,0.807
130,2:medium,1:low,+,0.968
131,2:medium,1:low,+,0.953
132,2:medium,1:low,+,0.938
133,2:medium,1:low,+,0.99
134,2:medium,1:low,+,0.862
135,2:medium,1:low,+,0.996
136,2:medium,1:low,+,0.985
137,2:medium,1:low,+,0.984
138,2:medium,1:low,+,0.908
139,2:medium,1:low,+,0.885
140,2:medium,1:low,+,0.826
141,2:medium,1:low,+,0.954
142,2:medium,1:low,+,0.894
143,2:medium,1:low,+,0.994
144,2:medium,1:low,+,0.981
145,2:medium,1:low,+,0.92
146,2:medium,1:low,+,0.921
147,2:medium,1:low,+,0.921
148,2:medium,1:low,+,0.921
149,2:medium,1:low,+,0.921
150,2:medium,1:low,+,0.921
151,2:medium,1:low,+,0.921
152,2:medium,1:low,+,0.921
153,2:medium,1:low,+,0.921
154,2:medium,1:low,+,0.921
155,2:medium,1:low,+,0.921
156,2:medium,1:low,+,0.921
157,2:medium,1:low,+,0.921
158,2:medium,1:low,+,0.921
159,2:medium,1:low,+,0.921
160,2:medium,1:low,+,0.921
161,2:medium,1:low,+,0.921
162,2:medium,3:high,+,0.571
163,2:medium,3:high,+,0.571
164,2:medium,3:high,+,0.571
165,2:medium,3:high,+,0.571
166,2:medium,3:high,+,0.5
167,2:medium,3:high,+,0.571
168,2:medium,3:high,+,0.714
169,2:medium,3:high,+,0.643
170,2:medium,3:high,+,0.571
171,2:medium,3:high,+,0.571
172,2:medium,3:high,+,0.771
173,2:medium,3:high,+,0.742
174,2:medium,3:high,+,0.786
175,2:medium,3:high,+,0.714
176,2:medium,3:high,+,0.697

