inst#,actual,predicted,error,distribution,,
1,2:medium,2:medium,,0,*1,0
2,2:medium,2:medium,,0,*1,0
3,2:medium,2:medium,,0,*1,0
4,2:medium,2:medium,,0,*1,0
5,2:medium,2:medium,,0,*1,0
6,2:medium,2:medium,,0,*1,0
7,2:medium,2:medium,,0,*1,0
8,3:high,2:medium,+,0,*1,0
9,3:high,2:medium,+,0,*1,0
10,3:high,2:medium,+,0,*1,0
11,3:high,2:medium,+,0,*1,0
12,3:high,2:medium,+,0,*1,0
13,3:high,2:medium,+,0,*1,0
14,3:high,2:medium,+,0,*1,0
15,3:high,2:medium,+,0,*1,0
16,3:high,2:medium,+,0,*1,0
17,3:high,2:medium,+,0,*1,0
18,3:high,2:medium,+,0,*1,0
19,3:high,2:medium,+,0,*1,0
20,2:medium,2:medium,,0,*1,0
21,2:medium,2:medium,,0,*1,0
22,2:medium,2:medium,,0,*1,0
23,2:medium,2:medium,,0,*1,0
24,2:medium,3:high,+,0,0,*1
25,2:medium,2:medium,,0,*1,0
26,2:medium,2:medium,,0,*1,0
27,2:medium,2:medium,,0,*1,0
28,2:medium,1:low,+,*1,0,0
29,2:medium,1:low,+,*1,0,0
30,2:medium,1:low,+,*1,0,0
31,2:medium,1:low,+,*1,0,0
32,2:medium,1:low,+,*1,0,0
33,2:medium,3:high,+,0,0,*1
34,1:low,3:high,+,0,0.003,*0.997
35,1:low,2:medium,+,0,*1,0
36,1:low,2:medium,+,0.007,*0.991,0.002
37,2:medium,1:low,+,*1,0,0
38,2:medium,3:high,+,0.001,0.013,*0.985
39,2:medium,3:high,+,0,0,*1
40,2:medium,3:high,+,0,0,*1
41,2:medium,3:high,+,0,0,*1
42,2:medium,3:high,+,0.001,0.001,*0.998
43,2:medium,1:low,+,*1,0,0
44,2:medium,1:low,+,*1,0,0
45,2:medium,1:low,+,*0.968,0.032,0
46,2:medium,2:medium,,0,*1,0
47,2:medium,1:low,+,*1,0,0
48,2:medium,1:low,+,*1,0,0
49,2:medium,2:medium,,0.344,*0.656,0
50,2:medium,1:low,+,*0.867,0.133,0
51,2:medium,2:medium,,0,*1,0
52,2:medium,2:medium,,0,*1,0
53,2:medium,2:medium,,0,*1,0
54,2:medium,2:medium,,0,*1,0
55,2:medium,2:medium,,0,*0.999,0.001
56,2:medium,3:high,+,0,0,*1
57,2:medium,3:high,+,0,0,*1
58,2:medium,3:high,+,0,0,*1
59,2:medium,3:high,+,0,0,*1
60,2:medium,3:high,+,0,0,*1
61,2:medium,3:high,+,0,0,*1
62,2:medium,3:high,+,0,0,*1
63,2:medium,3:high,+,0,0,*1
64,2:medium,2:medium,,0,*1,0
65,2:medium,3:high,+,0,0,*1
66,2:medium,1:low,+,*1,0,0
67,2:medium,3:high,+,0,0,*1
68,2:medium,2:medium,,0,*1,0
69,2:medium,2:medium,,0,*1,0
70,2:medium,2:medium,,0,*1,0
71,2:medium,3:high,+,0,0,*1
72,2:medium,3:high,+,0,0,*1
