inst#,actual,predicted,error,distribution,,
1,2:medium,2:medium,,0.01,*0.99,0
2,2:medium,2:medium,,0,*1,0
3,2:medium,2:medium,,0,*1,0
4,2:medium,2:medium,,0,*1,0
5,2:medium,2:medium,,0.002,*0.998,0
6,2:medium,2:medium,,0,*1,0
7,2:medium,2:medium,,0.038,*0.962,0
8,3:high,2:medium,+,0,*1,0
9,3:high,2:medium,+,0,*1,0
10,3:high,2:medium,+,0,*1,0
11,3:high,2:medium,+,0,*1,0
12,3:high,2:medium,+,0,*1,0
13,3:high,2:medium,+,0,*1,0
14,3:high,2:medium,+,0,*1,0
15,3:high,2:medium,+,0,*1,0
16,3:high,2:medium,+,0.009,*0.99,0
17,3:high,2:medium,+,0,*1,0
18,3:high,2:medium,+,0.036,*0.964,0
19,3:high,2:medium,+,0.03,*0.97,0
20,2:medium,2:medium,,0,*1,0
21,2:medium,2:medium,,0.139,*0.717,0.144
22,2:medium,3:high,+,0.005,0.026,*0.968
23,2:medium,3:high,+,0.03,0.005,*0.965
24,2:medium,3:high,+,0.102,0.112,*0.787
25,2:medium,1:low,+,*0.727,0.128,0.145
26,2:medium,2:medium,,0.02,*0.976,0.004
27,2:medium,2:medium,,0.002,*0.998,0
28,2:medium,1:low,+,*0.999,0.001,0
29,2:medium,1:low,+,*0.998,0.001,0.001
30,2:medium,1:low,+,*0.998,0.001,0.001
31,2:medium,1:low,+,*0.96,0.005,0.035
32,2:medium,1:low,+,*0.96,0.005,0.035
33,2:medium,3:high,+,0.037,0.007,*0.957
34,1:low,3:high,+,0.007,0.044,*0.949
35,1:low,2:medium,+,0,*0.994,0.006
36,1:low,2:medium,+,0.09,*0.788,0.122
37,2:medium,1:low,+,*0.704,0.179,0.117
38,2:medium,2:medium,,0.018,*0.628,0.354
39,2:medium,3:high,+,0.001,0.151,*0.848
40,2:medium,3:high,+,0.004,0.037,*0.959
41,2:medium,3:high,+,0.004,0.029,*0.967
42,2:medium,3:high,+,0.446,0.024,*0.529
43,2:medium,1:low,+,*0.969,0.027,0.004
44,2:medium,1:low,+,*0.559,0.441,0
45,2:medium,2:medium,,0,*1,0
46,2:medium,2:medium,,0,*1,0
47,2:medium,2:medium,,0.002,*0.998,0
48,2:medium,1:low,+,*0.969,0.027,0.004
49,2:medium,1:low,+,*0.551,0.432,0.018
50,2:medium,2:medium,,0.005,*0.963,0.032
51,2:medium,2:medium,,0.001,*0.998,0.001
52,2:medium,2:medium,,0.001,*0.998,0.001
53,2:medium,2:medium,,0.006,*0.994,0
54,2:medium,2:medium,,0.006,*0.994,0
55,2:medium,2:medium,,0.001,*0.998,0.001
56,2:medium,2:medium,,0.007,*0.962,0.031
57,2:medium,2:medium,,0.007,*0.962,0.031
58,2:medium,3:high,+,0.001,0.123,*0.876
59,2:medium,3:high,+,0.001,0.123,*0.876
60,2:medium,3:high,+,0,0.003,*0.997
61,2:medium,3:high,+,0,0,*1
62,2:medium,3:high,+,0,0,*1
63,2:medium,3:high,+,0.001,0.001,*0.998
64,2:medium,2:medium,,0.179,*0.666,0.155
65,2:medium,1:low,+,*0.746,0.12,0.134
66,2:medium,2:medium,,0.007,*0.959,0.033
67,2:medium,2:medium,,0.007,*0.959,0.033
68,2:medium,2:medium,,0.001,*0.998,0.001
69,2:medium,2:medium,,0.001,*0.998,0.001
70,2:medium,2:medium,,0,*1,0
71,2:medium,2:medium,,0.169,*0.666,0.166
72,2:medium,1:low,+,*0.803,0.081,0.116
