inst#,actual,predicted,error,distribution,,
1,2:medium,2:medium,,0,*1,0
2,2:medium,2:medium,,0.387,*0.613,0
3,2:medium,2:medium,,0,*1,0
4,2:medium,2:medium,,0,*1,0
5,2:medium,2:medium,,0,*1,0
6,2:medium,2:medium,,0,*1,0
7,2:medium,2:medium,,0,*1,0
8,3:high,2:medium,+,0,*1,0
9,3:high,2:medium,+,0,*1,0
10,3:high,2:medium,+,0,*1,0
11,3:high,2:medium,+,0,*1,0
12,3:high,2:medium,+,0,*1,0
13,3:high,2:medium,+,0,*1,0
14,3:high,2:medium,+,0,*1,0
15,3:high,2:medium,+,0,*1,0
16,3:high,2:medium,+,0,*1,0
17,3:high,2:medium,+,0,*1,0
18,3:high,2:medium,+,0,*1,0
19,3:high,2:medium,+,0,*1,0
20,2:medium,1:low,+,*0.807,0.193,0
21,2:medium,2:medium,,0,*1,0
22,2:medium,2:medium,,0,*1,0
23,2:medium,2:medium,,0,*1,0
24,2:medium,1:low,+,*0.916,0.057,0.027
25,2:medium,2:medium,,0,*1,0
26,2:medium,2:medium,,0,*1,0
27,2:medium,2:medium,,0.012,*0.988,0
28,2:medium,1:low,+,*0.929,0.071,0
29,2:medium,2:medium,,0,*0.999,0.001
30,2:medium,1:low,+,*1,0,0
31,2:medium,1:low,+,*1,0,0
32,2:medium,1:low,+,*0.995,0,0.005
33,2:medium,3:high,+,0.005,0.343,*0.651
34,1:low,3:high,+,0,0.343,*0.657
35,1:low,3:high,+,0,0.021,*0.979
36,1:low,1:low,,*0.989,0.007,0.004
37,2:medium,1:low,+,*1,0,0
38,2:medium,3:high,+,0.377,0,*0.623
39,2:medium,3:high,+,0,0,*1
40,2:medium,3:high,+,0,0,*1
41,2:medium,3:high,+,0.001,0,*0.999
42,2:medium,3:high,+,0,0.45,*0.55
43,2:medium,2:medium,,0,*0.974,0.026
44,2:medium,2:medium,,0,*1,0
45,2:medium,2:medium,,0,*1,0
46,2:medium,2:medium,,0,*1,0
47,2:medium,1:low,+,*0.978,0.022,0
48,2:medium,2:medium,,0.002,*0.998,0
49,2:medium,2:medium,,0.313,*0.687,0
50,2:medium,2:medium,,0,*1,0
51,2:medium,2:medium,,0,*1,0
52,2:medium,2:medium,,0,*1,0
53,2:medium,2:medium,,0,*1,0
54,2:medium,2:medium,,0,*1,0
55,2:medium,2:medium,,0,*1,0
56,2:medium,2:medium,,0,*0.986,0.014
57,2:medium,3:high,+,0,0,*1
58,2:medium,3:high,+,0,0,*1
59,2:medium,3:high,+,0,0,*1
60,2:medium,3:high,+,0,0,*1
61,2:medium,3:high,+,0,0,*1
62,2:medium,3:high,+,0,0,*1
63,2:medium,3:high,+,0.003,0,*0.997
64,2:medium,3:high,+,0.188,0.033,*0.779
65,2:medium,3:high,+,0,0,*1
66,2:medium,1:low,+,*0.999,0.001,0
67,2:medium,2:medium,,0,*1,0
68,2:medium,2:medium,,0,*1,0
69,2:medium,2:medium,,0,*0.997,0.003
70,2:medium,2:medium,,0,*0.924,0.076
71,2:medium,3:high,+,0,0,*1
72,2:medium,2:medium,,0,*0.77,0.229
