inst#,actual,predicted,error,distribution,,
1,2:medium,2:medium,,0,*1,0
2,2:medium,2:medium,,0,*1,0
3,2:medium,2:medium,,0,*1,0
4,2:medium,2:medium,,0,*1,0
5,2:medium,2:medium,,0,*1,0
6,2:medium,2:medium,,0,*1,0
7,2:medium,2:medium,,0,*1,0
8,3:high,2:medium,+,0,*1,0
9,3:high,2:medium,+,0,*1,0
10,3:high,2:medium,+,0,*1,0
11,3:high,2:medium,+,0,*1,0
12,3:high,2:medium,+,0,*1,0
13,3:high,2:medium,+,0,*1,0
14,3:high,2:medium,+,0,*1,0
15,3:high,2:medium,+,0,*1,0
16,3:high,2:medium,+,0,*1,0
17,3:high,2:medium,+,0,*1,0
18,3:high,2:medium,+,0,*1,0
19,3:high,2:medium,+,0,*1,0
20,2:medium,2:medium,,0,*1,0
21,2:medium,2:medium,,0.018,*0.982,0
22,2:medium,2:medium,,0.005,*0.995,0
23,2:medium,2:medium,,0,*1,0
24,2:medium,2:medium,,0.001,*0.999,0
25,2:medium,2:medium,,0,*0.998,0.002
26,2:medium,2:medium,,0,*1,0
27,2:medium,1:low,+,*0.999,0.001,0
28,2:medium,2:medium,,0.007,*0.993,0
29,2:medium,2:medium,,0,*1,0
30,2:medium,1:low,+,*0.998,0.002,0
31,2:medium,2:medium,,0.42,*0.578,0.002
32,2:medium,1:low,+,*1,0,0
33,2:medium,3:high,+,0.415,0.001,*0.584
34,1:low,3:high,+,0,0.006,*0.994
35,1:low,2:medium,+,0,*0.999,0.001
36,1:low,2:medium,+,0.009,*0.961,0.03
37,2:medium,2:medium,,0.438,*0.56,0.002
38,2:medium,3:high,+,0,0,*1
39,2:medium,3:high,+,0,0,*1
40,2:medium,2:medium,,0,*0.849,0.151
41,2:medium,3:high,+,0,0,*1
42,2:medium,1:low,+,*0.915,0.022,0.063
43,2:medium,1:low,+,*0.736,0.262,0.001
44,2:medium,2:medium,,0.062,*0.938,0
45,2:medium,2:medium,,0,*1,0
46,2:medium,2:medium,,0,*1,0
47,2:medium,1:low,+,*0.991,0.009,0
48,2:medium,1:low,+,*0.554,0.445,0.001
49,2:medium,2:medium,,0.383,*0.615,0.002
50,2:medium,2:medium,,0,*0.999,0.001
51,2:medium,3:high,+,0.002,0.13,*0.868
52,2:medium,2:medium,,0.147,*0.631,0.222
53,2:medium,2:medium,,0.147,*0.631,0.222
54,2:medium,3:high,+,0.024,0.011,*0.965
55,2:medium,3:high,+,0,0.001,*0.999
56,2:medium,2:medium,,0,*0.863,0.137
57,2:medium,3:high,+,0,0.001,*0.999
58,2:medium,3:high,+,0,0,*1
59,2:medium,3:high,+,0,0,*1
60,2:medium,3:high,+,0,0,*1
61,2:medium,3:high,+,0,0,*1
62,2:medium,3:high,+,0,0,*1
63,2:medium,3:high,+,0,0,*1
64,2:medium,2:medium,,0,*0.999,0.001
65,2:medium,2:medium,,0,*0.999,0.001
66,2:medium,2:medium,,0.002,*0.998,0
67,2:medium,2:medium,,0,*0.62,0.379
68,2:medium,3:high,+,0.004,0.009,*0.987
69,2:medium,2:medium,,0,*0.994,0.006
70,2:medium,2:medium,,0,*1,0
71,2:medium,3:high,+,0,0.482,*0.518
72,2:medium,2:medium,,0,*0.994,0.006
