inst#,actual,predicted,error,distribution,,
1,2:medium,2:medium,,0.4,*0.5,0.1
2,2:medium,2:medium,,0.3,*0.6,0.1
3,2:medium,2:medium,,0.1,*0.6,0.3
4,2:medium,2:medium,,0.2,*0.8,0
5,2:medium,2:medium,,0.3,*0.6,0.1
6,2:medium,2:medium,,0,*1,0
7,2:medium,2:medium,,0.3,*0.6,0.1
8,3:high,2:medium,+,0.2,*0.5,0.3
9,3:high,2:medium,+,0.3,*0.5,0.2
10,3:high,2:medium,+,0.1,*0.5,0.4
11,3:high,2:medium,+,0.2,*0.4,0.4
12,3:high,2:medium,+,0.3,*0.4,0.3
13,3:high,2:medium,+,0.2,*0.4,0.4
14,3:high,2:medium,+,0.1,*0.5,0.4
15,3:high,2:medium,+,0.3,*0.4,0.3
16,3:high,2:medium,+,0.3,*0.4,0.3
17,3:high,2:medium,+,0.1,*0.6,0.3
18,3:high,2:medium,+,0.1,*0.6,0.3
19,3:high,1:low,+,*0.4,0.3,0.3
20,2:medium,1:low,+,*0.4,0.3,0.3
21,2:medium,2:medium,,0.2,*0.5,0.3
22,2:medium,2:medium,,0.2,*0.4,0.4
23,2:medium,2:medium,,0.1,*0.5,0.4
24,2:medium,3:high,+,0.3,0.3,*0.4
25,2:medium,3:high,+,0.2,0.3,*0.5
26,2:medium,2:medium,,0.3,*0.4,0.3
27,2:medium,1:low,+,*0.4,0.3,0.3
28,2:medium,2:medium,,0.4,*0.5,0.1
29,2:medium,2:medium,,0.3,*0.6,0.1
30,2:medium,2:medium,,0.3,*0.4,0.3
31,2:medium,3:high,+,0.2,0.3,*0.5
32,2:medium,3:high,+,0.1,0.3,*0.6
33,2:medium,3:high,+,0.2,0.1,*0.7
34,1:low,3:high,+,0,0.2,*0.8
35,1:low,3:high,+,0,0.2,*0.8
36,1:low,3:high,+,0.2,0.1,*0.7
37,2:medium,1:low,+,*0.5,0.2,0.3
38,2:medium,3:high,+,0.2,0.1,*0.7
39,2:medium,3:high,+,0.1,0.2,*0.7
40,2:medium,3:high,+,0.1,0.3,*0.6
41,2:medium,3:high,+,0.1,0.2,*0.7
42,2:medium,2:medium,,0.3,*0.5,0.2
43,2:medium,2:medium,,0.3,*0.7,0
44,2:medium,2:medium,,0.3,*0.7,0
45,2:medium,2:medium,,0.1,*0.8,0.1
46,2:medium,2:medium,,0.2,*0.7,0.1
47,2:medium,2:medium,,0.2,*0.8,0
48,2:medium,2:medium,,0.2,*0.7,0.1
49,2:medium,2:medium,,0.3,*0.6,0.1
50,2:medium,2:medium,,0.4,*0.6,0
51,2:medium,2:medium,,0.3,*0.7,0
52,2:medium,2:medium,,0.1,*0.7,0.2
53,2:medium,2:medium,,0.2,*0.7,0.1
54,2:medium,2:medium,,0.2,*0.7,0.1
55,2:medium,2:medium,,0,*0.9,0.1
56,2:medium,2:medium,,0,*0.8,0.2
57,2:medium,2:medium,,0,*0.6,0.4
58,2:medium,3:high,+,0,0.1,*0.9
59,2:medium,3:high,+,0,0.2,*0.8
60,2:medium,3:high,+,0,0.2,*0.8
61,2:medium,3:high,+,0,0.3,*0.7
62,2:medium,3:high,+,0,0.2,*0.8
63,2:medium,2:medium,,0.2,*0.4,0.4
64,2:medium,3:high,+,0.3,0.3,*0.4
65,2:medium,3:high,+,0,0.4,*0.6
66,2:medium,2:medium,,0.1,*0.6,0.3
67,2:medium,2:medium,,0.2,*0.4,0.4
68,2:medium,2:medium,,0.2,*0.4,0.4
69,2:medium,2:medium,,0,*0.5,0.5
70,2:medium,2:medium,,0,*0.8,0.2
71,2:medium,2:medium,,0.1,*0.9,0
72,2:medium,2:medium,,0,*0.7,0.3
