inst#,actual,predicted,error,distribution,,
1,2:medium,2:medium,,0.333,*0.667,0
2,2:medium,2:medium,,0.333,*0.667,0
3,2:medium,2:medium,,0.333,*0.667,0
4,2:medium,2:medium,,0.333,*0.667,0
5,2:medium,2:medium,,0.333,*0.667,0
6,2:medium,2:medium,,0.333,*0.667,0
7,2:medium,2:medium,,0.333,*0.667,0
8,3:high,2:medium,+,0.333,*0.667,0
9,3:high,2:medium,+,0.333,*0.667,0
10,3:high,2:medium,+,0.333,*0.667,0
11,3:high,2:medium,+,0.333,*0.667,0
12,3:high,2:medium,+,0,*0.667,0.333
13,3:high,2:medium,+,0,*0.667,0.333
14,3:high,2:medium,+,0,*0.667,0.333
15,3:high,2:medium,+,0,*0.667,0.333
16,3:high,2:medium,+,0.333,*0.667,0
17,3:high,2:medium,+,0,*0.667,0.333
18,3:high,1:low,+,*0.667,0.333,0
19,3:high,1:low,+,*0.333,0.333,0.333
20,2:medium,2:medium,,0,*0.667,0.333
21,2:medium,2:medium,,0,*0.667,0.333
22,2:medium,2:medium,,0,*0.667,0.333
23,2:medium,2:medium,,0,*0.667,0.333
24,2:medium,2:medium,,0.333,*0.667,0
25,2:medium,1:low,+,*0.333,0.333,0.333
26,2:medium,1:low,+,*0.667,0,0.333
27,2:medium,1:low,+,*0.667,0.333,0
28,2:medium,1:low,+,*0.667,0.333,0
29,2:medium,1:low,+,*0.667,0.333,0
30,2:medium,1:low,+,*0.667,0.333,0
31,2:medium,1:low,+,*0.667,0.333,0
32,2:medium,1:low,+,*0.667,0.333,0
33,2:medium,3:high,+,0.333,0,*0.667
34,1:low,3:high,+,0,0.333,*0.667
35,1:low,2:medium,+,0,*0.667,0.333
36,1:low,2:medium,+,0.333,*0.667,0
37,2:medium,1:low,+,*0.667,0,0.333
38,2:medium,3:high,+,0.333,0,*0.667
39,2:medium,3:high,+,0.333,0,*0.667
40,2:medium,3:high,+,0.333,0,*0.667
41,2:medium,3:high,+,0.333,0,*0.667
42,2:medium,1:low,+,*0.667,0.333,0
43,2:medium,2:medium,,0,*0.667,0.333
44,2:medium,2:medium,,0.333,*0.667,0
45,2:medium,2:medium,,0.333,*0.667,0
46,2:medium,2:medium,,0.333,*0.667,0
47,2:medium,2:medium,,0.333,*0.667,0
48,2:medium,2:medium,,0.333,*0.667,0
49,2:medium,1:low,+,*0.667,0.333,0
50,2:medium,1:low,+,*0.667,0.333,0
51,2:medium,2:medium,,0.333,*0.667,0
52,2:medium,2:medium,,0.333,*0.667,0
53,2:medium,2:medium,,0.333,*0.667,0
54,2:medium,2:medium,,0.333,*0.667,0
55,2:medium,1:low,+,*0.667,0.333,0
56,2:medium,2:medium,,0.333,*0.667,0
57,2:medium,3:high,+,0.333,0,*0.667
58,2:medium,3:high,+,0,0.333,*0.667
59,2:medium,3:high,+,0,0.333,*0.667
60,2:medium,3:high,+,0,0.333,*0.667
61,2:medium,3:high,+,0,0.333,*0.667
62,2:medium,2:medium,,0,*0.667,0.333
63,2:medium,2:medium,,0,*0.667,0.333
64,2:medium,2:medium,,0,*0.667,0.333
65,2:medium,2:medium,,0,*0.667,0.333
66,2:medium,2:medium,,0,*0.667,0.333
67,2:medium,3:high,+,0,0.333,*0.667
68,2:medium,2:medium,,0,*0.667,0.333
69,2:medium,3:high,+,0,0.333,*0.667
70,2:medium,2:medium,,0.333,*0.667,0
71,2:medium,3:high,+,0,0.333,*0.667
72,2:medium,2:medium,,0.333,*0.667,0
