inst#,actual,predicted,error,distribution,,
1,2:medium,2:medium,,0,*1,0
2,2:medium,2:medium,,0,*1,0
3,2:medium,2:medium,,0,*1,0
4,2:medium,2:medium,,0,*1,0
5,2:medium,2:medium,,0,*1,0
6,2:medium,2:medium,,0,*1,0
7,2:medium,2:medium,,0,*1,0
8,2:medium,2:medium,,0,*1,0
9,2:medium,2:medium,,0,*1,0
10,2:medium,2:medium,,0,*1,0
11,2:medium,2:medium,,0,*1,0
12,2:medium,2:medium,,0,*1,0
13,2:medium,2:medium,,0,*1,0
14,2:medium,2:medium,,0,*1,0
15,2:medium,2:medium,,0,*1,0
16,2:medium,2:medium,,0,*1,0
17,2:medium,2:medium,,0,*1,0
18,2:medium,2:medium,,0,*1,0
19,2:medium,2:medium,,0,*1,0
20,2:medium,2:medium,,0,*1,0
21,2:medium,2:medium,,0,*1,0
22,2:medium,2:medium,,0,*1,0
23,2:medium,2:medium,,0,*1,0
24,2:medium,2:medium,,0,*1,0
25,2:medium,2:medium,,0,*1,0
26,2:medium,2:medium,,0,*1,0
27,2:medium,2:medium,,0,*1,0
28,2:medium,2:medium,,0,*1,0
29,2:medium,2:medium,,0,*1,0
30,2:medium,2:medium,,0,*1,0
31,2:medium,2:medium,,0,*1,0
32,2:medium,2:medium,,0,*1,0
33,2:medium,2:medium,,0,*1,0
34,2:medium,2:medium,,0,*1,0
35,2:medium,2:medium,,0,*1,0
36,2:medium,2:medium,,0,*1,0
37,2:medium,2:medium,,0,*1,0
38,2:medium,2:medium,,0,*1,0
39,1:low,2:medium,+,0,*1,0
40,2:medium,1:low,+,*1,0,0
41,1:low,2:medium,+,0,*1,0
42,1:low,2:medium,+,0,*1,0
43,1:low,2:medium,+,0,*1,0
44,1:low,2:medium,+,0,*1,0
45,1:low,2:medium,+,0,*1,0
46,1:low,1:low,,*1,0,0
47,1:low,2:medium,+,0,*1,0
48,1:low,1:low,,*1,0,0
49,1:low,1:low,,*1,0,0
50,1:low,1:low,,*1,0,0
51,1:low,1:low,,*1,0,0
52,1:low,1:low,,*1,0,0
53,1:low,1:low,,*1,0,0
54,1:low,1:low,,*1,0,0
55,1:low,1:low,,*1,0,0
56,1:low,1:low,,*1,0,0
57,1:low,1:low,,*1,0,0
58,1:low,1:low,,*1,0,0
59,1:low,1:low,,*0.994,0.006,0
60,1:low,2:medium,+,0,*1,0
61,1:low,2:medium,+,0,*1,0
62,1:low,2:medium,+,0,*1,0
63,1:low,3:high,+,0,0,*1
64,1:low,2:medium,+,0,*1,0
65,1:low,2:medium,+,0,*1,0
66,1:low,2:medium,+,0,*1,0
67,1:low,1:low,,*1,0,0
68,1:low,1:low,,*1,0,0
69,1:low,1:low,,*1,0,0
70,1:low,1:low,,*1,0,0
71,1:low,1:low,,*1,0,0
72,1:low,1:low,,*0.512,0.488,0
73,1:low,2:medium,+,0,*1,0
74,1:low,1:low,,*1,0,0
75,1:low,2:medium,+,0,*1,0
76,1:low,2:medium,+,0,*1,0
77,1:low,2:medium,+,0,*1,0
78,1:low,2:medium,+,0,*1,0
79,1:low,2:medium,+,0,*1,0
80,1:low,2:medium,+,0,*1,0
81,1:low,2:medium,+,0,*1,0
82,1:low,1:low,,*1,0,0
83,1:low,1:low,,*0.994,0.006,0
84,1:low,1:low,,*1,0,0
85,1:low,2:medium,+,0,*1,0
86,1:low,3:high,+,0,0,*1
87,1:low,1:low,,*1,0,0
88,1:low,1:low,,*1,0,0
89,1:low,1:low,,*1,0,0
90,1:low,2:medium,+,0,*1,0
91,1:low,2:medium,+,0,*1,0
92,1:low,2:medium,+,0,*1,0
93,1:low,1:low,,*1,0,0
94,1:low,1:low,,*1,0,0
95,1:low,1:low,,*1,0,0
96,1:low,1:low,,*1,0,0
97,1:low,1:low,,*1,0,0
98,1:low,1:low,,*1,0,0
99,1:low,1:low,,*1,0,0
100,1:low,1:low,,*1,0,0
101,1:low,2:medium,+,0,*1,0
102,1:low,2:medium,+,0,*1,0
103,1:low,2:medium,+,0,*1,0
104,1:low,2:medium,+,0,*1,0
105,1:low,2:medium,+,0,*1,0
106,1:low,2:medium,+,0,*1,0
107,1:low,2:medium,+,0,*1,0
108,1:low,2:medium,+,0,*1,0
109,1:low,2:medium,+,0,*1,0
110,1:low,2:medium,+,0,*1,0
111,1:low,2:medium,+,0,*1,0
112,1:low,2:medium,+,0,*1,0
113,1:low,1:low,,*0.989,0.011,0
114,1:low,2:medium,+,0,*1,0
115,1:low,2:medium,+,0,*1,0
116,1:low,2:medium,+,0,*1,0
117,1:low,2:medium,+,0,*1,0
118,1:low,2:medium,+,0,*1,0
119,1:low,2:medium,+,0,*1,0
120,1:low,2:medium,+,0,*1,0
121,1:low,2:medium,+,0,*1,0
122,1:low,2:medium,+,0,*1,0
123,1:low,2:medium,+,0,*1,0
124,1:low,2:medium,+,0,*1,0
125,1:low,2:medium,+,0,*1,0
126,1:low,2:medium,+,0,*1,0
127,1:low,2:medium,+,0,*1,0
128,1:low,2:medium,+,0,*1,0
129,1:low,2:medium,+,0,*1,0
130,1:low,2:medium,+,0,*1,0
131,1:low,2:medium,+,0,*1,0
132,1:low,2:medium,+,0,*1,0
133,1:low,2:medium,+,0,*1,0
134,1:low,2:medium,+,0,*1,0
135,1:low,2:medium,+,0,*1,0
136,1:low,2:medium,+,0,*1,0
137,1:low,2:medium,+,0,*1,0
138,1:low,2:medium,+,0,*1,0
139,1:low,2:medium,+,0,*1,0
140,1:low,2:medium,+,0,*1,0
141,1:low,2:medium,+,0,*1,0
142,1:low,2:medium,+,0,*1,0
143,1:low,2:medium,+,0,*1,0
144,1:low,2:medium,+,0,*1,0
145,1:low,2:medium,+,0,*1,0
146,1:low,2:medium,+,0,*1,0
147,1:low,2:medium,+,0,*1,0
148,1:low,2:medium,+,0,*1,0
149,1:low,2:medium,+,0,*1,0
150,1:low,2:medium,+,0,*1,0
151,1:low,1:low,,*1,0,0
152,1:low,1:low,,*1,0,0
153,1:low,1:low,,*1,0,0
154,1:low,1:low,,*0.993,0.007,0
155,1:low,1:low,,*1,0,0
156,1:low,1:low,,*1,0,0
157,2:medium,1:low,+,*1,0,0
158,1:low,1:low,,*1,0,0
159,2:medium,1:low,+,*1,0,0
160,2:medium,1:low,+,*1,0,0
161,1:low,1:low,,*1,0,0
162,1:low,1:low,,*1,0,0
163,1:low,1:low,,*1,0,0
164,2:medium,1:low,+,*1,0,0
165,1:low,1:low,,*1,0,0
166,2:medium,1:low,+,*1,0,0
167,1:low,1:low,,*1,0,0
168,1:low,1:low,,*1,0,0
169,2:medium,2:medium,,0,*1,0
170,2:medium,2:medium,,0,*1,0
171,1:low,2:medium,+,0,*1,0
172,1:low,2:medium,+,0.026,*0.974,0
173,2:medium,2:medium,,0,*1,0
174,1:low,2:medium,+,0,*1,0
175,2:medium,2:medium,,0,*1,0
176,2:medium,2:medium,,0,*1,0
