inst#,actual,predicted,error,distribution,,
1,2:medium,2:medium,,0,*1,0
2,2:medium,3:high,+,0,0,*1
3,2:medium,2:medium,,0,*1,0
4,2:medium,2:medium,,0,*1,0
5,2:medium,2:medium,,0,*1,0
6,2:medium,2:medium,,0,*1,0
7,3:high,2:medium,+,0,*1,0
8,3:high,2:medium,+,0,*1,0
9,3:high,2:medium,+,0,*1,0
10,3:high,3:high,,0,0,*1
11,3:high,2:medium,+,0,*1,0
12,3:high,3:high,,0,0,*1
13,1:low,2:medium,+,0,*1,0
14,3:high,2:medium,+,0,*1,0
15,2:medium,1:low,+,*1,0,0
16,2:medium,2:medium,,0,*0.989,0.011
17,3:high,2:medium,+,0,*1,0
18,2:medium,2:medium,,0,*1,0
19,2:medium,2:medium,,0,*1,0
20,1:low,2:medium,+,0,*1,0
21,2:medium,2:medium,,0,*1,0
22,2:medium,1:low,+,*1,0,0
23,1:low,1:low,,*1,0,0
24,1:low,1:low,,*1,0,0
25,1:low,1:low,,*1,0,0
26,1:low,1:low,,*1,0,0
27,1:low,2:medium,+,0,*1,0
28,2:medium,1:low,+,*1,0,0
29,1:low,1:low,,*1,0,0
30,1:low,1:low,,*1,0,0
31,1:low,1:low,,*1,0,0
32,1:low,1:low,,*1,0,0
33,1:low,1:low,,*1,0,0
34,2:medium,2:medium,,0,*1,0
35,2:medium,2:medium,,0,*1,0
36,1:low,2:medium,+,0,*1,0
37,1:low,1:low,,*1,0,0
38,1:low,1:low,,*1,0,0
39,2:medium,3:high,+,0,0,*1
40,2:medium,2:medium,,0,*0.995,0.005
41,1:low,2:medium,+,0,*1,0
42,2:medium,2:medium,,0,*1,0
43,2:medium,2:medium,,0,*1,0
44,2:medium,2:medium,,0,*1,0
45,3:high,2:medium,+,0,*1,0
46,2:medium,2:medium,,0,*1,0
47,2:medium,2:medium,,0,*1,0
48,2:medium,2:medium,,0,*1,0
49,2:medium,2:medium,,0,*1,0
50,1:low,2:medium,+,0,*1,0
51,1:low,2:medium,+,0,*1,0
52,2:medium,2:medium,,0,*1,0
53,2:medium,3:high,+,0,0,*1
54,2:medium,2:medium,,0,*1,0
55,2:medium,2:medium,,0,*1,0
56,2:medium,2:medium,,0,*1,0
57,2:medium,2:medium,,0,*1,0
58,2:medium,2:medium,,0,*1,0
59,2:medium,3:high,+,0,0,*1
60,2:medium,2:medium,,0,*1,0
61,2:medium,2:medium,,0,*1,0
62,2:medium,3:high,+,0.01,0.447,*0.543
63,2:medium,2:medium,,0,*1,0
64,1:low,2:medium,+,0,*1,0
65,1:low,2:medium,+,0,*1,0
66,1:low,2:medium,+,0,*1,0
67,2:medium,2:medium,,0,*1,0
68,2:medium,2:medium,,0.16,*0.84,0
69,1:low,2:medium,+,0,*1,0
70,2:medium,2:medium,,0,*1,0
71,2:medium,2:medium,,0,*1,0
72,2:medium,1:low,+,*0.988,0.012,0
73,1:low,2:medium,+,0,*1,0
74,2:medium,2:medium,,0,*1,0
75,1:low,1:low,,*0.59,0.41,0
76,1:low,2:medium,+,0,*1,0
77,1:low,2:medium,+,0,*1,0
78,1:low,2:medium,+,0,*1,0
79,1:low,3:high,+,0,0,*1
80,2:medium,3:high,+,0,0,*1
81,2:medium,3:high,+,0,0,*1
82,2:medium,3:high,+,0,0,*1
83,2:medium,3:high,+,0,0,*1
84,2:medium,3:high,+,0,0,*1
85,2:medium,3:high,+,0,0,*1
86,2:medium,3:high,+,0,0.001,*0.999
87,2:medium,2:medium,,0,*1,0
88,3:high,3:high,,0,0,*1
89,2:medium,3:high,+,0,0,*1
90,3:high,3:high,,0,0,*1
91,2:medium,2:medium,,0,*1,0
92,2:medium,2:medium,,0,*1,0
93,2:medium,2:medium,,0,*1,0
94,2:medium,3:high,+,0,0,*1
95,2:medium,3:high,+,0,0,*1
96,2:medium,3:high,+,0,0.298,*0.702
97,3:high,2:medium,+,0,*1,0
98,1:low,2:medium,+,0,*1,0
99,2:medium,2:medium,,0,*1,0
100,1:low,2:medium,+,0,*1,0
101,2:medium,2:medium,,0,*1,0
102,2:medium,2:medium,,0,*1,0
103,1:low,2:medium,+,0,*0.992,0.008
104,2:medium,2:medium,,0,*1,0
105,1:low,2:medium,+,0,*1,0
106,2:medium,2:medium,,0,*0.983,0.017
107,2:medium,2:medium,,0,*1,0
108,2:medium,2:medium,,0,*1,0
109,1:low,2:medium,+,0,*1,0
110,1:low,2:medium,+,0,*1,0
111,2:medium,1:low,+,*0.737,0.263,0
112,1:low,2:medium,+,0.001,*0.999,0
113,1:low,1:low,,*1,0,0
114,1:low,1:low,,*0.588,0.412,0
115,1:low,1:low,,*1,0,0
116,1:low,2:medium,+,0.302,*0.698,0
117,1:low,1:low,,*1,0,0
118,1:low,2:medium,+,0,*1,0
119,1:low,2:medium,+,0,*0.708,0.292
120,2:medium,3:high,+,0,0.005,*0.995
121,2:medium,2:medium,,0,*0.998,0.002
122,3:high,2:medium,+,0,*1,0
123,1:low,2:medium,+,0,*1,0
124,2:medium,2:medium,,0,*1,0
125,3:high,2:medium,+,0,*1,0
126,2:medium,2:medium,,0,*1,0
127,3:high,2:medium,+,0,*1,0
128,2:medium,3:high,+,0,0,*1
129,3:high,3:high,,0,0.085,*0.915
130,2:medium,2:medium,,0,*1,0
131,2:medium,3:high,+,0,0,*1
132,2:medium,3:high,+,0,0.001,*0.999
133,2:medium,3:high,+,0,0.025,*0.975
134,2:medium,3:high,+,0,0,*1
135,3:high,3:high,,0,0,*1
136,2:medium,3:high,+,0,0,*1
137,1:low,1:low,,*1,0,0
138,2:medium,3:high,+,0,0,*1
139,2:medium,3:high,+,0,0,*1
140,2:medium,2:medium,,0,*0.997,0.003
141,2:medium,3:high,+,0,0,*1
142,2:medium,3:high,+,0,0,*1
143,2:medium,3:high,+,0,0,*1
144,3:high,3:high,,0,0,*1
145,2:medium,3:high,+,0,0,*1
146,2:medium,3:high,+,0,0,*1
147,1:low,2:medium,+,0,*1,0
148,1:low,3:high,+,0,0,*1
149,3:high,2:medium,+,0,*1,0
150,1:low,2:medium,+,0,*1,0
151,1:low,2:medium,+,0,*1,0
152,1:low,2:medium,+,0,*0.981,0.019
153,1:low,3:high,+,0,0,*1
154,3:high,3:high,,0,0,*1
155,2:medium,3:high,+,0,0,*1
156,2:medium,3:high,+,0,0,*1
157,2:medium,3:high,+,0,0,*1
158,2:medium,2:medium,,0,*1,0
159,1:low,1:low,,*1,0,0
160,1:low,2:medium,+,0,*1,0
161,2:medium,2:medium,,0.006,*0.994,0
162,2:medium,2:medium,,0.004,*0.996,0
163,2:medium,2:medium,,0.003,*0.997,0
164,2:medium,2:medium,,0,*1,0
165,1:low,2:medium,+,0,*1,0
166,1:low,3:high,+,0,0,*1
167,1:low,2:medium,+,0,*1,0
168,3:high,3:high,,0.282,0,*0.718
169,2:medium,3:high,+,0,0,*1
170,1:low,2:medium,+,0,*1,0
171,1:low,3:high,+,0,0,*1
172,2:medium,3:high,+,0,0,*1
173,2:medium,2:medium,,0,*0.999,0.001
174,1:low,3:high,+,0,0,*1
175,2:medium,2:medium,,0,*1,0
176,3:high,2:medium,+,0,*1,0
177,3:high,3:high,,0,0,*1
178,3:high,2:medium,+,0,*1,0
179,3:high,2:medium,+,0,*1,0
180,1:low,2:medium,+,0,*1,0
181,2:medium,2:medium,,0,*1,0
182,2:medium,2:medium,,0,*1,0
183,2:medium,2:medium,,0,*1,0
184,2:medium,2:medium,,0,*1,0
185,2:medium,2:medium,,0,*1,0
186,1:low,3:high,+,0,0.013,*0.987
187,2:medium,2:medium,,0,*1,0
188,1:low,2:medium,+,0,*1,0
189,1:low,2:medium,+,0,*0.989,0.011
190,2:medium,2:medium,,0,*1,0
191,1:low,2:medium,+,0,*1,0
192,1:low,2:medium,+,0,*1,0
193,1:low,2:medium,+,0,*1,0
194,1:low,1:low,,*1,0,0
195,2:medium,2:medium,,0,*0.963,0.037
196,1:low,2:medium,+,0,*0.999,0.001
197,1:low,2:medium,+,0,*1,0
198,2:medium,3:high,+,0,0,*1
199,2:medium,3:high,+,0,0,*1
200,2:medium,2:medium,,0,*1,0
201,1:low,1:low,,*0.914,0.086,0
202,2:medium,3:high,+,0,0,*1
203,2:medium,3:high,+,0,0,*1
204,2:medium,3:high,+,0,0,*1
205,2:medium,3:high,+,0,0,*1
206,3:high,3:high,,0,0,*1
207,3:high,3:high,,0,0,*1
208,3:high,3:high,,0,0,*1
209,3:high,3:high,,0,0,*1
210,1:low,2:medium,+,0,*0.999,0.001
211,1:low,2:medium,+,0,*0.95,0.05
212,1:low,3:high,+,0,0,*1
213,1:low,1:low,,*1,0,0
214,1:low,2:medium,+,0,*1,0
215,1:low,1:low,,*1,0,0
216,1:low,1:low,,*1,0,0
217,2:medium,2:medium,,0,*1,0
218,1:low,2:medium,+,0.437,*0.563,0
219,1:low,1:low,,*1,0,0
220,1:low,2:medium,+,0,*0.999,0.001
221,1:low,2:medium,+,0,*1,0
222,1:low,2:medium,+,0.04,*0.96,0
223,1:low,1:low,,*1,0,0
224,1:low,1:low,,*1,0,0
225,1:low,3:high,+,0,0,*1
226,1:low,3:high,+,0,0,*1
227,1:low,3:high,+,0,0,*1
228,2:medium,2:medium,,0,*1,0
229,2:medium,2:medium,,0,*1,0
230,2:medium,1:low,+,*0.999,0.001,0
231,2:medium,2:medium,,0,*1,0
232,2:medium,3:high,+,0,0,*1
233,3:high,3:high,,0,0,*1
234,2:medium,2:medium,,0,*1,0
235,2:medium,1:low,+,*0.999,0.001,0
236,1:low,2:medium,+,0.034,*0.956,0.011
237,1:low,3:high,+,0,0,*1
238,2:medium,2:medium,,0,*1,0
239,3:high,1:low,+,*1,0,0
240,1:low,1:low,,*1,0,0
241,2:medium,1:low,+,*1,0,0
242,2:medium,1:low,+,*1,0,0
243,2:medium,1:low,+,*1,0,0
244,2:medium,3:high,+,0,0,*1
245,2:medium,1:low,+,*0.994,0.006,0
246,1:low,2:medium,+,0,*1,0
247,2:medium,1:low,+,*0.995,0.005,0
248,2:medium,1:low,+,*1,0,0
249,2:medium,3:high,+,0,0,*1
250,2:medium,2:medium,,0,*1,0
251,3:high,1:low,+,*1,0,0
252,3:high,1:low,+,*1,0,0
253,3:high,1:low,+,*1,0,0
254,3:high,1:low,+,*1,0,0
255,2:medium,1:low,+,*0.999,0.001,0
256,2:medium,1:low,+,*1,0,0
257,2:medium,1:low,+,*1,0,0
258,2:medium,1:low,+,*1,0,0
259,2:medium,2:medium,,0,*1,0
260,1:low,2:medium,+,0,*1,0
261,1:low,1:low,,*1,0,0
262,1:low,1:low,,*1,0,0
263,1:low,1:low,,*1,0,0
264,2:medium,2:medium,,0,*1,0
265,2:medium,2:medium,,0,*1,0
266,2:medium,1:low,+,*1,0,0
267,2:medium,1:low,+,*0.997,0.003,0
268,3:high,2:medium,+,0,*1,0
269,3:high,1:low,+,*1,0,0
270,3:high,2:medium,+,0.192,*0.808,0
271,2:medium,1:low,+,*0.862,0.138,0
272,2:medium,2:medium,,0.326,*0.411,0.264
273,2:medium,1:low,+,*1,0,0
274,3:high,2:medium,+,0,*0.68,0.32
275,2:medium,1:low,+,*1,0,0
276,2:medium,2:medium,,0,*0.937,0.063
277,2:medium,3:high,+,0,0,*1
278,2:medium,3:high,+,0,0.005,*0.995
279,2:medium,3:high,+,0,0,*1
280,2:medium,3:high,+,0,0,*1
281,3:high,2:medium,+,0,*1,0
282,3:high,3:high,,0,0,*1
283,2:medium,2:medium,,0.003,*0.997,0
284,2:medium,2:medium,,0,*1,0
285,3:high,2:medium,+,0,*1,0
286,3:high,1:low,+,*0.999,0.001,0
287,2:medium,2:medium,,0,*1,0
288,2:medium,2:medium,,0,*1,0
289,1:low,1:low,,*1,0,0
290,1:low,3:high,+,0,0.039,*0.961
291,2:medium,3:high,+,0,0,*1
292,2:medium,3:high,+,0,0,*1
293,2:medium,3:high,+,0,0,*1
294,2:medium,3:high,+,0,0,*1
295,2:medium,1:low,+,*1,0,0
296,3:high,2:medium,+,0,*0.778,0.222
297,3:high,2:medium,+,0,*1,0
298,3:high,2:medium,+,0,*0.939,0.061
299,2:medium,2:medium,,0,*1,0
300,2:medium,2:medium,,0,*1,0
301,2:medium,3:high,+,0,0.285,*0.715
302,2:medium,2:medium,,0,*0.998,0.002
303,2:medium,3:high,+,0,0,*1
304,3:high,3:high,,0,0,*1
305,2:medium,3:high,+,0,0,*1
306,3:high,3:high,,0,0,*1
307,2:medium,3:high,+,0,0,*1
308,2:medium,3:high,+,0,0,*1
309,3:high,3:high,,0,0,*1
310,2:medium,3:high,+,0,0.109,*0.891
311,3:high,3:high,,0,0,*1
312,3:high,3:high,,0,0,*1
313,3:high,3:high,,0,0,*1
314,3:high,3:high,,0,0,*1
315,3:high,3:high,,0,0,*1
316,3:high,2:medium,+,0,*1,0
317,1:low,2:medium,+,0,*1,0
318,2:medium,3:high,+,0,0,*1
319,3:high,3:high,,0,0,*1
320,3:high,3:high,,0,0,*1
321,2:medium,3:high,+,0,0,*1
322,3:high,3:high,,0,0,*1
323,1:low,3:high,+,0,0,*1
324,3:high,3:high,,0,0,*1
325,2:medium,3:high,+,0,0,*1
326,1:low,3:high,+,0,0,*1
327,1:low,3:high,+,0,0,*1
328,1:low,3:high,+,0,0,*1
329,2:medium,3:high,+,0,0,*1
330,2:medium,3:high,+,0,0.021,*0.979
331,3:high,3:high,,0,0,*1
332,3:high,3:high,,0,0,*1
333,3:high,3:high,,0,0,*1
334,3:high,3:high,,0,0,*1
335,2:medium,3:high,+,0,0.003,*0.997
336,1:low,3:high,+,0,0.012,*0.988
337,3:high,3:high,,0,0,*1
338,3:high,3:high,,0,0,*1
339,3:high,3:high,,0,0,*1
340,2:medium,2:medium,,0,*1,0
341,3:high,3:high,,0,0,*1
342,3:high,3:high,,0,0,*1
343,3:high,3:high,,0,0,*1
344,3:high,3:high,,0,0,*1
345,3:high,3:high,,0,0,*1
346,3:high,3:high,,0,0,*1
347,1:low,2:medium,+,0,*1,0
348,1:low,3:high,+,0,0.172,*0.828
349,2:medium,2:medium,,0,*1,0
350,2:medium,2:medium,,0,*1,0
351,2:medium,2:medium,,0,*1,0
352,3:high,2:medium,+,0,*1,0
353,3:high,3:high,,0,0,*1
354,3:high,3:high,,0,0,*1
355,2:medium,3:high,+,0,0,*1
356,3:high,3:high,,0,0,*1
357,2:medium,3:high,+,0,0,*1
358,2:medium,2:medium,,0,*1,0
359,2:medium,3:high,+,0,0,*1
360,3:high,3:high,,0,0,*1
361,2:medium,3:high,+,0,0,*1
362,3:high,3:high,,0,0,*1
363,2:medium,3:high,+,0,0,*1
364,1:low,3:high,+,0,0,*1
365,1:low,3:high,+,0,0,*1
366,3:high,3:high,,0,0,*1
