inst#,actual,predicted,error,distribution,,
1,2:medium,2:medium,,0,*1,0
2,2:medium,3:high,+,0,0,*1
3,2:medium,2:medium,,0,*1,0
4,2:medium,2:medium,,0,*1,0
5,2:medium,2:medium,,0,*1,0
6,2:medium,2:medium,,0,*1,0
7,3:high,2:medium,+,0,*1,0
8,3:high,2:medium,+,0,*1,0
9,3:high,2:medium,+,0,*0.912,0.088
10,3:high,2:medium,+,0,*1,0
11,3:high,2:medium,+,0,*1,0
12,3:high,2:medium,+,0,*0.989,0.011
13,1:low,2:medium,+,0,*1,0
14,3:high,2:medium,+,0,*1,0
15,2:medium,2:medium,,0,*1,0
16,2:medium,2:medium,,0,*1,0
17,3:high,2:medium,+,0,*1,0
18,2:medium,2:medium,,0.001,*0.999,0
19,2:medium,2:medium,,0,*1,0
20,1:low,2:medium,+,0,*1,0
21,2:medium,2:medium,,0,*1,0
22,2:medium,2:medium,,0,*1,0
23,1:low,2:medium,+,0,*1,0
24,1:low,2:medium,+,0,*1,0
25,1:low,2:medium,+,0,*1,0
26,1:low,2:medium,+,0,*1,0
27,1:low,2:medium,+,0.127,*0.873,0
28,2:medium,2:medium,,0,*1,0
29,1:low,2:medium,+,0,*1,0
30,1:low,2:medium,+,0,*1,0
31,1:low,2:medium,+,0,*1,0
32,1:low,2:medium,+,0,*1,0
33,1:low,2:medium,+,0,*1,0
34,2:medium,2:medium,,0,*1,0
35,2:medium,2:medium,,0,*1,0
36,1:low,2:medium,+,0,*1,0
37,1:low,2:medium,+,0,*1,0
38,1:low,2:medium,+,0,*1,0
39,2:medium,3:high,+,0,0,*1
40,2:medium,2:medium,,0,*1,0
41,1:low,2:medium,+,0,*1,0
42,2:medium,2:medium,,0,*1,0
43,2:medium,2:medium,,0,*1,0
44,2:medium,2:medium,,0,*1,0
45,3:high,2:medium,+,0,*1,0
46,2:medium,2:medium,,0,*1,0
47,2:medium,2:medium,,0,*1,0
48,2:medium,2:medium,,0,*1,0
49,2:medium,2:medium,,0,*1,0
50,1:low,2:medium,+,0,*1,0
51,1:low,2:medium,+,0,*1,0
52,2:medium,2:medium,,0,*1,0
53,2:medium,3:high,+,0,0,*1
54,2:medium,3:high,+,0,0.168,*0.832
55,2:medium,2:medium,,0,*1,0
56,2:medium,2:medium,,0,*1,0
57,2:medium,2:medium,,0,*1,0
58,2:medium,2:medium,,0,*1,0
59,2:medium,3:high,+,0,0,*1
60,2:medium,2:medium,,0,*1,0
61,2:medium,2:medium,,0,*1,0
62,2:medium,2:medium,,0,*1,0
63,2:medium,2:medium,,0,*1,0
64,1:low,1:low,,*0.937,0.063,0
65,1:low,2:medium,+,0.001,*0.999,0
66,1:low,2:medium,+,0,*1,0
67,2:medium,2:medium,,0,*1,0
68,2:medium,1:low,+,*0.964,0.036,0
69,1:low,2:medium,+,0.029,*0.971,0
70,2:medium,2:medium,,0,*1,0
71,2:medium,2:medium,,0,*1,0
72,2:medium,2:medium,,0,*1,0
73,1:low,2:medium,+,0,*1,0
74,2:medium,2:medium,,0,*1,0
75,1:low,2:medium,+,0,*1,0
76,1:low,2:medium,+,0,*1,0
77,1:low,2:medium,+,0,*1,0
78,1:low,2:medium,+,0,*1,0
79,1:low,3:high,+,0,0.233,*0.767
80,2:medium,2:medium,,0,*0.984,0.016
81,2:medium,2:medium,,0,*1,0
82,2:medium,3:high,+,0,0.007,*0.993
83,2:medium,2:medium,,0,*1,0
84,2:medium,2:medium,,0,*0.996,0.004
85,2:medium,2:medium,,0,*1,0
86,2:medium,2:medium,,0,*0.997,0.003
87,2:medium,2:medium,,0,*1,0
88,3:high,2:medium,+,0,*0.953,0.047
89,2:medium,2:medium,,0,*0.994,0.006
90,3:high,2:medium,+,0,*1,0
91,2:medium,2:medium,,0,*1,0
92,2:medium,2:medium,,0,*1,0
93,2:medium,2:medium,,0,*1,0
94,2:medium,2:medium,,0,*1,0
95,2:medium,3:high,+,0,0,*1
96,2:medium,2:medium,,0,*0.999,0.001
97,3:high,2:medium,+,0,*1,0
98,1:low,2:medium,+,0,*1,0
99,2:medium,2:medium,,0,*1,0
100,1:low,2:medium,+,0,*1,0
101,2:medium,2:medium,,0,*1,0
102,2:medium,2:medium,,0,*1,0
103,1:low,2:medium,+,0,*1,0
104,2:medium,2:medium,,0,*1,0
105,1:low,2:medium,+,0,*0.998,0.002
106,2:medium,3:high,+,0,0.004,*0.996
107,2:medium,2:medium,,0,*1,0
108,2:medium,2:medium,,0,*1,0
109,1:low,2:medium,+,0,*1,0
110,1:low,2:medium,+,0,*1,0
111,2:medium,2:medium,,0,*1,0
112,1:low,2:medium,+,0,*1,0
113,1:low,2:medium,+,0,*1,0
114,1:low,2:medium,+,0,*1,0
115,1:low,2:medium,+,0,*1,0
116,1:low,2:medium,+,0,*1,0
117,1:low,2:medium,+,0,*1,0
118,1:low,2:medium,+,0,*1,0
119,1:low,3:high,+,0,0.276,*0.724
120,2:medium,2:medium,,0,*0.837,0.163
121,2:medium,3:high,+,0,0.007,*0.993
122,3:high,2:medium,+,0,*1,0
123,1:low,2:medium,+,0,*0.922,0.078
124,2:medium,2:medium,,0,*1,0
125,3:high,2:medium,+,0,*1,0
126,2:medium,2:medium,,0,*1,0
127,3:high,2:medium,+,0,*1,0
128,2:medium,2:medium,,0,*1,0
129,3:high,2:medium,+,0,*1,0
130,2:medium,2:medium,,0,*1,0
131,2:medium,2:medium,,0,*1,0
132,2:medium,2:medium,,0,*1,0
133,2:medium,2:medium,,0,*0.995,0.005
134,2:medium,2:medium,,0,*1,0
135,3:high,2:medium,+,0,*1,0
136,2:medium,2:medium,,0,*0.998,0.002
137,1:low,1:low,,*0.999,0.001,0
138,2:medium,2:medium,,0,*1,0
139,2:medium,2:medium,,0,*1,0
140,2:medium,2:medium,,0,*1,0
141,2:medium,2:medium,,0,*1,0
142,2:medium,3:high,+,0,0.086,*0.914
143,2:medium,2:medium,,0,*1,0
144,3:high,2:medium,+,0,*0.676,0.324
145,2:medium,3:high,+,0,0.009,*0.991
146,2:medium,2:medium,,0,*0.833,0.167
147,1:low,2:medium,+,0,*0.993,0.007
148,1:low,2:medium,+,0,*0.821,0.179
149,3:high,2:medium,+,0,*1,0
150,1:low,2:medium,+,0,*1,0
151,1:low,2:medium,+,0,*1,0
152,1:low,2:medium,+,0,*0.999,0.001
153,1:low,3:high,+,0,0.315,*0.685
154,3:high,3:high,,0,0,*1
155,2:medium,2:medium,,0,*1,0
156,2:medium,2:medium,,0,*1,0
157,2:medium,2:medium,,0,*1,0
158,2:medium,3:high,+,0,0.114,*0.886
159,1:low,2:medium,+,0,*1,0
160,1:low,2:medium,+,0,*1,0
161,2:medium,2:medium,,0,*1,0
162,2:medium,2:medium,,0,*1,0
163,2:medium,2:medium,,0,*1,0
164,2:medium,2:medium,,0,*1,0
165,1:low,2:medium,+,0,*1,0
166,1:low,3:high,+,0,0,*1
167,1:low,2:medium,+,0,*1,0
168,3:high,2:medium,+,0,*1,0
169,2:medium,3:high,+,0,0.07,*0.93
170,1:low,2:medium,+,0,*1,0
171,1:low,2:medium,+,0.024,*0.897,0.079
172,2:medium,3:high,+,0,0.24,*0.76
173,2:medium,2:medium,,0,*1,0
174,1:low,3:high,+,0,0,*1
175,2:medium,2:medium,,0,*1,0
176,3:high,2:medium,+,0,*1,0
177,3:high,3:high,,0,0.033,*0.967
178,3:high,3:high,,0,0.17,*0.83
179,3:high,2:medium,+,0,*1,0
180,1:low,2:medium,+,0,*1,0
181,2:medium,2:medium,,0,*1,0
182,2:medium,2:medium,,0,*1,0
183,2:medium,2:medium,,0,*1,0
184,2:medium,2:medium,,0.057,*0.943,0
185,2:medium,2:medium,,0,*1,0
186,1:low,2:medium,+,0,*1,0
187,2:medium,2:medium,,0,*1,0
188,1:low,2:medium,+,0,*1,0
189,1:low,2:medium,+,0,*1,0
190,2:medium,2:medium,,0,*1,0
191,1:low,2:medium,+,0,*1,0
192,1:low,2:medium,+,0,*1,0
193,1:low,2:medium,+,0,*1,0
194,1:low,1:low,,*1,0,0
195,2:medium,2:medium,,0,*1,0
196,1:low,2:medium,+,0,*1,0
197,1:low,2:medium,+,0,*1,0
198,2:medium,3:high,+,0,0,*1
199,2:medium,3:high,+,0,0,*1
200,2:medium,2:medium,,0,*1,0
201,1:low,2:medium,+,0,*1,0
202,2:medium,3:high,+,0,0,*1
203,2:medium,2:medium,,0,*1,0
204,2:medium,2:medium,,0,*0.999,0.001
205,2:medium,2:medium,,0,*1,0
206,3:high,3:high,,0,0.002,*0.998
207,3:high,3:high,,0,0.025,*0.975
208,3:high,3:high,,0,0,*1
209,3:high,3:high,,0,0,*1
210,1:low,2:medium,+,0,*1,0
211,1:low,3:high,+,0,0,*1
212,1:low,2:medium,+,0,*0.984,0.016
213,1:low,2:medium,+,0.003,*0.997,0
214,1:low,2:medium,+,0,*1,0
215,1:low,2:medium,+,0,*1,0
216,1:low,2:medium,+,0,*1,0
217,2:medium,2:medium,,0,*1,0
218,1:low,2:medium,+,0,*1,0
219,1:low,2:medium,+,0,*1,0
220,1:low,2:medium,+,0,*1,0
221,1:low,2:medium,+,0,*0.999,0
222,1:low,2:medium,+,0,*1,0
223,1:low,1:low,,*0.995,0.005,0
224,1:low,2:medium,+,0.002,*0.998,0
225,1:low,2:medium,+,0,*1,0
226,1:low,3:high,+,0,0,*1
227,1:low,2:medium,+,0.002,*0.998,0
228,2:medium,2:medium,,0,*1,0
229,2:medium,2:medium,,0,*1,0
230,2:medium,2:medium,,0.094,*0.906,0
231,2:medium,2:medium,,0,*1,0
232,2:medium,2:medium,,0,*1,0
233,3:high,2:medium,+,0,*1,0
234,2:medium,2:medium,,0.002,*0.997,0.001
235,2:medium,2:medium,,0,*1,0
236,1:low,2:medium,+,0,*1,0
237,1:low,3:high,+,0,0.221,*0.779
238,2:medium,2:medium,,0,*1,0
239,3:high,2:medium,+,0,*1,0
240,1:low,2:medium,+,0,*1,0
241,2:medium,2:medium,,0,*1,0
242,2:medium,2:medium,,0,*1,0
243,2:medium,2:medium,,0,*1,0
244,2:medium,2:medium,,0,*1,0
245,2:medium,2:medium,,0,*1,0
246,1:low,2:medium,+,0,*1,0
247,2:medium,2:medium,,0,*1,0
248,2:medium,2:medium,,0,*1,0
249,2:medium,2:medium,,0,*1,0
250,2:medium,2:medium,,0,*1,0
251,3:high,2:medium,+,0,*1,0
252,3:high,2:medium,+,0,*1,0
253,3:high,2:medium,+,0,*1,0
254,3:high,2:medium,+,0,*1,0
255,2:medium,2:medium,,0,*1,0
256,2:medium,2:medium,,0.032,*0.968,0
257,2:medium,2:medium,,0,*1,0
258,2:medium,2:medium,,0,*1,0
259,2:medium,2:medium,,0,*1,0
260,1:low,2:medium,+,0,*1,0
261,1:low,2:medium,+,0,*1,0
262,1:low,2:medium,+,0,*1,0
263,1:low,2:medium,+,0,*1,0
264,2:medium,2:medium,,0,*1,0
265,2:medium,2:medium,,0,*1,0
266,2:medium,2:medium,,0,*1,0
267,2:medium,2:medium,,0,*1,0
268,3:high,2:medium,+,0,*1,0
269,3:high,2:medium,+,0,*1,0
270,3:high,2:medium,+,0,*1,0
271,2:medium,2:medium,,0,*1,0
272,2:medium,2:medium,,0,*1,0
273,2:medium,2:medium,,0,*1,0
274,3:high,2:medium,+,0,*1,0
275,2:medium,2:medium,,0,*1,0
276,2:medium,2:medium,,0,*1,0
277,2:medium,2:medium,,0,*0.988,0.012
278,2:medium,2:medium,,0,*1,0
279,2:medium,2:medium,,0,*0.999,0.001
280,2:medium,2:medium,,0,*0.929,0.071
281,3:high,2:medium,+,0,*1,0
282,3:high,2:medium,+,0,*1,0
283,2:medium,2:medium,,0,*1,0
284,2:medium,2:medium,,0,*1,0
285,3:high,2:medium,+,0,*1,0
286,3:high,2:medium,+,0,*1,0
287,2:medium,2:medium,,0,*1,0
288,2:medium,2:medium,,0,*1,0
289,1:low,2:medium,+,0,*1,0
290,1:low,2:medium,+,0,*1,0
291,2:medium,2:medium,,0,*0.694,0.306
292,2:medium,2:medium,,0,*1,0
293,2:medium,2:medium,,0,*0.998,0.002
294,2:medium,2:medium,,0,*1,0
295,2:medium,2:medium,,0.018,*0.982,0
296,3:high,2:medium,+,0,*1,0
297,3:high,2:medium,+,0,*1,0
298,3:high,2:medium,+,0,*1,0
299,2:medium,2:medium,,0,*1,0
300,2:medium,2:medium,,0,*1,0
301,2:medium,2:medium,,0,*1,0
302,2:medium,2:medium,,0,*1,0
303,2:medium,2:medium,,0,*1,0
304,3:high,2:medium,+,0,*1,0
305,2:medium,2:medium,,0,*0.978,0.022
306,3:high,2:medium,+,0,*0.836,0.164
307,2:medium,3:high,+,0,0.085,*0.915
308,2:medium,2:medium,,0,*1,0
309,3:high,2:medium,+,0,*0.999,0.001
310,2:medium,2:medium,,0,*1,0
311,3:high,2:medium,+,0,*0.945,0.055
312,3:high,2:medium,+,0,*1,0
313,3:high,2:medium,+,0,*1,0
314,3:high,2:medium,+,0,*0.946,0.054
315,3:high,2:medium,+,0,*1,0
316,3:high,2:medium,+,0.001,*0.999,0
317,1:low,2:medium,+,0,*1,0
318,2:medium,3:high,+,0,0.2,*0.8
319,3:high,3:high,,0,0.097,*0.903
320,3:high,2:medium,+,0,*0.875,0.125
321,2:medium,3:high,+,0,0.215,*0.785
322,3:high,2:medium,+,0,*1,0
323,1:low,2:medium,+,0,*0.704,0.296
324,3:high,3:high,,0,0.412,*0.588
325,2:medium,2:medium,,0,*0.999,0.001
326,1:low,3:high,+,0,0.002,*0.998
327,1:low,2:medium,+,0,*1,0
328,1:low,2:medium,+,0,*1,0
329,2:medium,2:medium,,0,*1,0
330,2:medium,3:high,+,0,0.276,*0.724
331,3:high,3:high,,0,0,*1
332,3:high,3:high,,0,0.202,*0.798
333,3:high,3:high,,0,0.395,*0.605
334,3:high,3:high,,0,0.002,*0.998
335,2:medium,2:medium,,0.11,*0.867,0.022
336,1:low,2:medium,+,0,*1,0
337,3:high,2:medium,+,0,*0.557,0.442
338,3:high,3:high,,0,0.095,*0.905
339,3:high,2:medium,+,0,*0.686,0.314
340,2:medium,2:medium,,0,*1,0
341,3:high,3:high,,0,0,*1
342,3:high,3:high,,0,0,*1
343,3:high,3:high,,0,0,*1
344,3:high,3:high,,0,0,*1
345,3:high,3:high,,0,0,*1
346,3:high,3:high,,0,0,*1
347,1:low,1:low,,*0.997,0.003,0
348,1:low,2:medium,+,0.068,*0.909,0.024
349,2:medium,2:medium,,0,*1,0
350,2:medium,2:medium,,0,*0.999,0.001
351,2:medium,2:medium,,0,*1,0
352,3:high,2:medium,+,0,*1,0
353,3:high,3:high,,0,0,*1
354,3:high,3:high,,0,0.003,*0.997
355,2:medium,2:medium,,0,*1,0
356,3:high,2:medium,+,0,*0.86,0.14
357,2:medium,2:medium,,0,*1,0
358,2:medium,3:high,+,0.001,0,*0.998
359,2:medium,2:medium,,0,*1,0
360,3:high,2:medium,+,0,*1,0
361,2:medium,2:medium,,0,*1,0
362,3:high,2:medium,+,0,*0.995,0.005
363,2:medium,2:medium,,0,*0.924,0.076
364,1:low,3:high,+,0,0.001,*0.999
365,1:low,2:medium,+,0,*0.803,0.197
366,3:high,2:medium,+,0,*0.934,0.066
