inst#,actual,predicted,error,distribution,,
1,3:low,3:low,,0,0,*1
2,3:low,3:low,,0,0,*1
3,2:medium,3:low,+,0,0,*1
4,3:low,3:low,,0,0,*1
5,3:low,3:low,,0,0.013,*0.987
6,3:low,3:low,,0,0,*1
7,3:low,3:low,,0,0,*1
8,3:low,3:low,,0,0,*1
9,3:low,3:low,,0,0,*1
10,3:low,2:medium,+,0,*0.935,0.065
11,3:low,3:low,,0,0,*1
12,2:medium,3:low,+,0,0,*1
13,2:medium,2:medium,,0,*0.791,0.209
14,2:medium,3:low,+,0,0,*1
15,2:medium,3:low,+,0,0,*1
16,3:low,3:low,,0,0,*1
17,3:low,3:low,,0,0.001,*0.999
18,3:low,3:low,,0,0.245,*0.755
19,1:high,1:high,,*1,0,0
20,1:high,1:high,,*1,0,0
21,1:high,1:high,,*1,0,0
22,1:high,1:high,,*1,0,0
23,1:high,1:high,,*0.999,0.001,0
24,1:high,1:high,,*1,0,0
25,1:high,1:high,,*1,0,0
26,1:high,1:high,,*1,0,0
27,1:high,1:high,,*1,0,0
28,1:high,1:high,,*1,0,0
29,1:high,1:high,,*1,0,0
30,1:high,1:high,,*1,0,0
31,1:high,1:high,,*1,0,0
32,1:high,1:high,,*1,0,0
33,1:high,1:high,,*1,0,0
34,1:high,1:high,,*1,0,0
35,1:high,1:high,,*1,0,0
36,1:high,1:high,,*1,0,0
37,1:high,1:high,,*1,0,0
38,1:high,1:high,,*1,0,0
39,1:high,1:high,,*0.997,0.003,0
40,1:high,1:high,,*1,0,0
41,1:high,1:high,,*1,0,0
42,1:high,1:high,,*1,0,0
43,1:high,2:medium,+,0.001,*0.999,0
44,1:high,1:high,,*0.923,0.074,0.003
45,2:medium,2:medium,,0.047,*0.95,0.003
46,3:low,2:medium,+,0,*0.994,0.006
47,2:medium,2:medium,,0,*0.927,0.073
48,1:high,2:medium,+,0.047,*0.953,0
