inst#,actual,predicted,error,distribution,,
1,3:low,3:low,,0,0,*1
2,3:low,3:low,,0,0,*1
3,2:medium,3:low,+,0,0,*1
4,3:low,3:low,,0,0,*1
5,3:low,3:low,,0,0.005,*0.995
6,3:low,3:low,,0,0,*1
7,3:low,3:low,,0,0,*1
8,3:low,3:low,,0,0,*1
9,3:low,3:low,,0,0,*1
10,3:low,2:medium,+,0,*0.922,0.078
11,3:low,3:low,,0,0,*1
12,2:medium,3:low,+,0,0,*1
13,2:medium,3:low,+,0,0,*1
14,2:medium,3:low,+,0,0,*1
15,2:medium,3:low,+,0,0,*1
16,3:low,3:low,,0,0,*1
17,3:low,3:low,,0,0,*1
18,3:low,3:low,,0,0,*1
19,1:high,1:high,,*1,0,0
20,1:high,1:high,,*1,0,0
21,1:high,1:high,,*1,0,0
22,1:high,1:high,,*1,0,0
23,1:high,1:high,,*1,0,0
24,1:high,1:high,,*1,0,0
25,1:high,1:high,,*1,0,0
26,1:high,1:high,,*1,0,0
27,1:high,1:high,,*1,0,0
28,1:high,1:high,,*1,0,0
29,1:high,1:high,,*1,0,0
30,1:high,1:high,,*1,0,0
31,1:high,1:high,,*1,0,0
32,1:high,1:high,,*1,0,0
33,1:high,1:high,,*1,0,0
34,1:high,1:high,,*1,0,0
35,1:high,1:high,,*1,0,0
36,1:high,1:high,,*1,0,0
37,1:high,1:high,,*1,0,0
38,1:high,1:high,,*1,0,0
39,1:high,1:high,,*1,0,0
40,1:high,1:high,,*1,0,0
41,1:high,1:high,,*1,0,0
42,1:high,1:high,,*1,0,0
43,1:high,2:medium,+,0,*1,0
44,1:high,1:high,,*1,0,0
45,2:medium,2:medium,,0,*1,0
46,3:low,2:medium,+,0,*1,0
47,2:medium,2:medium,,0,*1,0
48,1:high,1:high,,*1,0,0
