inst#,actual,predicted,error,prediction
1,3:high,3:high,,0.953
2,3:high,3:high,,0.922
3,3:high,3:high,,0.891
4,3:high,3:high,,0.891
5,3:high,3:high,,0.891
6,3:high,3:high,,0.656
7,3:high,3:high,,0.672
8,3:high,3:high,,0.766
9,3:high,3:high,,0.734
10,3:high,3:high,,0.672
11,3:high,2:medium,+,0.859
12,3:high,2:medium,+,0.938
13,3:high,2:medium,+,0.906
14,3:high,2:medium,+,0.828
15,3:high,2:medium,+,0.875
16,3:high,2:medium,+,0.828
17,3:high,2:medium,+,0.844
18,3:high,2:medium,+,0.844
19,3:high,2:medium,+,0.828
20,3:high,2:medium,+,0.938
21,3:high,2:medium,+,0.844
22,3:high,2:medium,+,0.813
23,3:high,2:medium,+,0.766
24,3:high,2:medium,+,0.844
25,3:high,2:medium,+,0.813
26,3:high,2:medium,+,0.781
27,3:high,2:medium,+,0.906
28,3:high,2:medium,+,0.766
29,3:high,2:medium,+,0.75
30,3:high,2:medium,+,0.656
31,3:high,2:medium,+,0.656
32,3:high,2:medium,+,0.547
33,3:high,2:medium,+,0.625
34,3:high,2:medium,+,0.609
35,3:high,2:medium,+,0.484
36,3:high,2:medium,+,0.578
37,3:high,2:medium,+,0.625
38,3:high,2:medium,+,0.719
39,3:high,2:medium,+,0.844
40,3:high,2:medium,+,0.688
41,3:high,2:medium,+,0.688
42,3:high,2:medium,+,0.688
43,3:high,2:medium,+,0.703
44,3:high,2:medium,+,0.719
45,3:high,2:medium,+,0.703
46,3:high,2:medium,+,0.703
47,3:high,2:medium,+,0.75
48,3:high,2:medium,+,0.734
49,3:high,2:medium,+,0.797
50,3:high,2:medium,+,0.766
51,3:high,2:medium,+,0.766
52,3:high,2:medium,+,0.734
53,3:high,2:medium,+,0.734
54,3:high,2:medium,+,0.672
55,3:high,2:medium,+,0.641
56,3:high,2:medium,+,0.609
57,3:high,2:medium,+,0.578
58,3:high,2:medium,+,0.563
59,3:high,2:medium,+,0.547
60,3:high,2:medium,+,0.609
61,3:high,2:medium,+,0.672
62,2:medium,2:medium,,0.719
63,2:medium,2:medium,,0.844
64,2:medium,2:medium,,0.797
65,2:medium,2:medium,,0.766
66,2:medium,2:medium,,0.688
67,2:medium,2:medium,,0.547
68,2:medium,2:medium,,0.656
69,2:medium,2:medium,,0.734
70,3:high,2:medium,+,0.813
71,3:high,2:medium,+,0.813
72,3:high,2:medium,+,0.828

