inst#,actual,predicted,error,prediction
1,3:high,3:high,,1
2,3:high,3:high,,1
3,3:high,3:high,,1
4,3:high,3:high,,1
5,3:high,3:high,,1
6,3:high,3:high,,1
7,3:high,3:high,,1
8,3:high,3:high,,1
9,3:high,3:high,,1
10,3:high,3:high,,1
11,3:high,2:medium,+,1
12,3:high,2:medium,+,1
13,3:high,2:medium,+,1
14,3:high,2:medium,+,1
15,3:high,2:medium,+,1
16,3:high,2:medium,+,1
17,3:high,2:medium,+,1
18,3:high,2:medium,+,1
19,3:high,2:medium,+,1
20,3:high,2:medium,+,1
21,3:high,2:medium,+,1
22,3:high,2:medium,+,1
23,3:high,2:medium,+,1
24,3:high,2:medium,+,1
25,3:high,2:medium,+,1
26,3:high,2:medium,+,1
27,3:high,2:medium,+,1
28,3:high,2:medium,+,1
29,3:high,2:medium,+,0.678
30,3:high,3:high,,0.998
31,3:high,2:medium,+,1
32,3:high,2:medium,+,1
33,3:high,2:medium,+,1
34,3:high,2:medium,+,1
35,3:high,2:medium,+,1
36,3:high,2:medium,+,1
37,3:high,2:medium,+,0.999
38,3:high,2:medium,+,1
39,3:high,2:medium,+,1
40,3:high,3:high,,1
41,3:high,3:high,,1
42,3:high,3:high,,1
43,3:high,3:high,,0.992
44,3:high,3:high,,0.938
45,3:high,3:high,,0.993
46,3:high,3:high,,1
47,3:high,3:high,,0.73
48,3:high,2:medium,+,0.675
49,3:high,2:medium,+,0.997
50,3:high,2:medium,+,0.963
51,3:high,2:medium,+,0.772
52,3:high,3:high,,0.996
53,3:high,3:high,,0.997
54,3:high,2:medium,+,0.715
55,3:high,3:high,,0.999
56,3:high,2:medium,+,0.996
57,3:high,3:high,,0.988
58,3:high,2:medium,+,0.945
59,3:high,2:medium,+,0.945
60,3:high,2:medium,+,1
61,3:high,2:medium,+,1
62,2:medium,2:medium,,1
63,2:medium,2:medium,,1
64,2:medium,2:medium,,1
65,2:medium,2:medium,,1
66,2:medium,2:medium,,1
67,2:medium,2:medium,,1
68,2:medium,2:medium,,1
69,2:medium,2:medium,,1
70,3:high,2:medium,+,1
71,3:high,2:medium,+,1
72,3:high,2:medium,+,1

