inst#,actual,predicted,error,prediction
1,3:high,3:high,,1
2,3:high,3:high,,1
3,3:high,3:high,,1
4,3:high,3:high,,1
5,3:high,3:high,,1
6,3:high,3:high,,1
7,3:high,3:high,,1
8,3:high,3:high,,0.715
9,3:high,3:high,,1
10,3:high,3:high,,1
11,3:high,2:medium,+,0.999
12,3:high,2:medium,+,1
13,3:high,2:medium,+,1
14,3:high,2:medium,+,1
15,3:high,2:medium,+,1
16,3:high,2:medium,+,1
17,3:high,2:medium,+,1
18,3:high,2:medium,+,1
19,3:high,2:medium,+,1
20,3:high,2:medium,+,1
21,3:high,2:medium,+,1
22,3:high,2:medium,+,1
23,3:high,2:medium,+,1
24,3:high,2:medium,+,1
25,3:high,2:medium,+,1
26,3:high,2:medium,+,1
27,3:high,2:medium,+,1
28,3:high,2:medium,+,1
29,3:high,2:medium,+,1
30,3:high,2:medium,+,1
31,3:high,2:medium,+,1
32,3:high,2:medium,+,1
33,3:high,2:medium,+,1
34,3:high,2:medium,+,1
35,3:high,2:medium,+,1
36,3:high,2:medium,+,1
37,3:high,2:medium,+,1
38,3:high,2:medium,+,1
39,3:high,2:medium,+,1
40,3:high,2:medium,+,0.609
41,3:high,2:medium,+,0.609
42,3:high,2:medium,+,1
43,3:high,2:medium,+,0.609
44,3:high,3:high,,0.906
45,3:high,2:medium,+,0.609
46,3:high,3:high,,0.906
47,3:high,2:medium,+,0.999
48,3:high,3:high,,0.906
49,3:high,2:medium,+,0.609
50,3:high,2:medium,+,1
51,3:high,2:medium,+,0.609
52,3:high,2:medium,+,1
53,3:high,3:high,,0.912
54,3:high,2:medium,+,0.929
55,3:high,2:medium,+,1
56,3:high,2:medium,+,0.984
57,3:high,3:high,,0.785
58,3:high,2:medium,+,1
59,3:high,3:high,,1
60,3:high,3:high,,1
61,3:high,2:medium,+,1
62,2:medium,2:medium,,0.999
63,2:medium,2:medium,,1
64,2:medium,2:medium,,0.915
65,2:medium,2:medium,,0.918
66,2:medium,2:medium,,1
67,2:medium,2:medium,,1
68,2:medium,2:medium,,1
69,2:medium,2:medium,,1
70,3:high,2:medium,+,0.999
71,3:high,2:medium,+,0.906
72,3:high,2:medium,+,1

