inst#,actual,predicted,error,prediction
1,3:high,3:high,,0.838
2,3:high,3:high,,0.858
3,3:high,3:high,,0.853
4,3:high,3:high,,0.829
5,3:high,3:high,,0.709
6,3:high,3:high,,0.744
7,3:high,3:high,,0.704
8,3:high,3:high,,0.809
9,3:high,3:high,,0.721
10,3:high,3:high,,0.713
11,3:high,3:high,,0.559
12,3:high,2:medium,+,0.477
13,3:high,2:medium,+,0.443
14,3:high,2:medium,+,0.545
15,3:high,2:medium,+,0.376
16,3:high,2:medium,+,0.377
17,3:high,2:medium,+,0.368
18,3:high,2:medium,+,0.516
19,3:high,3:high,,0.506
20,3:high,2:medium,+,0.378
21,3:high,2:medium,+,0.449
22,3:high,2:medium,+,0.535
23,3:high,2:medium,+,0.45
24,3:high,2:medium,+,0.576
25,3:high,2:medium,+,0.656
26,3:high,2:medium,+,0.504
27,3:high,2:medium,+,0.487
28,3:high,2:medium,+,0.474
29,3:high,2:medium,+,0.51
30,3:high,2:medium,+,0.568
31,3:high,2:medium,+,0.611
32,3:high,2:medium,+,0.552
33,3:high,2:medium,+,0.645
34,3:high,2:medium,+,0.636
35,3:high,3:high,,0.711
36,3:high,3:high,,0.851
37,3:high,3:high,,0.817
38,3:high,3:high,,0.812
39,3:high,2:medium,+,0.6
40,3:high,2:medium,+,0.545
41,3:high,3:high,,0.754
42,3:high,3:high,,0.759
43,3:high,3:high,,0.752
44,3:high,3:high,,0.706
45,3:high,3:high,,0.773
46,3:high,3:high,,0.563
47,3:high,3:high,,0.673
48,3:high,3:high,,0.548
49,3:high,2:medium,+,0.533
50,3:high,3:high,,0.555
51,3:high,2:medium,+,0.475
52,3:high,2:medium,+,0.458
53,3:high,3:high,,0.454
54,3:high,3:high,,0.38
55,3:high,2:medium,+,0.4
56,3:high,2:medium,+,0.413
57,3:high,2:medium,+,0.411
58,3:high,3:high,,0.475
59,3:high,3:high,,0.529
60,3:high,2:medium,+,0.608
61,3:high,2:medium,+,0.491
62,2:medium,2:medium,,0.583
63,2:medium,2:medium,,0.699
64,2:medium,2:medium,,0.616
65,2:medium,2:medium,,0.552
66,2:medium,2:medium,,0.674
67,2:medium,3:high,+,0.497
68,2:medium,2:medium,,0.553
69,2:medium,2:medium,,0.548
70,3:high,2:medium,+,0.653
71,3:high,2:medium,+,0.63
72,3:high,2:medium,+,0.612

