inst#,actual,predicted,error,prediction
1,3:high,3:high,,0.992
2,3:high,3:high,,0.987
3,3:high,3:high,,0.946
4,3:high,3:high,,0.956
5,3:high,3:high,,0.941
6,3:high,3:high,,0.992
7,3:high,3:high,,0.815
8,3:high,3:high,,0.798
9,3:high,3:high,,0.89
10,3:high,3:high,,0.897
11,3:high,3:high,,0.744
12,3:high,3:high,,0.568
13,3:high,3:high,,0.829
14,3:high,3:high,,0.682
15,3:high,3:high,,0.669
16,3:high,3:high,,0.6
17,3:high,3:high,,0.609
18,3:high,3:high,,0.543
19,3:high,3:high,,0.508
20,3:high,2:medium,+,0.75
21,3:high,2:medium,+,0.507
22,3:high,2:medium,+,0.504
23,3:high,2:medium,+,0.539
24,3:high,2:medium,+,0.701
25,3:high,2:medium,+,0.609
26,3:high,2:medium,+,0.58
27,3:high,2:medium,+,0.473
28,3:high,2:medium,+,0.535
29,3:high,2:medium,+,0.773
30,3:high,2:medium,+,0.622
31,3:high,2:medium,+,0.783
32,3:high,2:medium,+,0.932
33,3:high,2:medium,+,0.844
34,3:high,3:high,,0.59
35,3:high,3:high,,0.989
36,3:high,3:high,,0.992
37,3:high,3:high,,0.935
38,3:high,3:high,,0.903
39,3:high,2:medium,+,0.585
40,3:high,3:high,,0.489
41,3:high,3:high,,0.806
42,3:high,3:high,,0.735
43,3:high,3:high,,0.817
44,3:high,3:high,,0.895
45,3:high,3:high,,0.911
46,3:high,3:high,,0.948
47,3:high,3:high,,0.948
48,3:high,3:high,,0.956
49,3:high,3:high,,0.893
50,3:high,3:high,,0.957
51,3:high,3:high,,0.926
52,3:high,3:high,,0.914
53,3:high,3:high,,0.896
54,3:high,3:high,,0.652
55,3:high,3:high,,0.489
56,3:high,3:high,,0.446
57,3:high,3:high,,0.494
58,3:high,2:medium,+,0.459
59,3:high,2:medium,+,0.464
60,3:high,2:medium,+,0.559
61,3:high,2:medium,+,0.803
62,2:medium,2:medium,,0.908
63,2:medium,2:medium,,0.939
64,2:medium,2:medium,,0.974
65,2:medium,2:medium,,0.967
66,2:medium,2:medium,,0.963
67,2:medium,2:medium,,0.753
68,2:medium,2:medium,,0.948
69,2:medium,2:medium,,0.933
70,3:high,2:medium,+,0.956
71,3:high,2:medium,+,0.959
72,3:high,2:medium,+,0.918

