inst#,actual,predicted,error,prediction
1,3:high,3:high,,1
2,3:high,3:high,,1
3,3:high,3:high,,1
4,3:high,3:high,,1
5,3:high,3:high,,1
6,3:high,3:high,,1
7,3:high,3:high,,1
8,3:high,3:high,,1
9,3:high,3:high,,1
10,3:high,3:high,,1
11,3:high,3:high,,1
12,3:high,2:medium,+,1
13,3:high,3:high,,1
14,3:high,3:high,,1
15,3:high,2:medium,+,1
16,3:high,2:medium,+,0.83
17,3:high,3:high,,1
18,3:high,3:high,,0.994
19,3:high,3:high,,0.999
20,3:high,2:medium,+,0.984
21,3:high,2:medium,+,0.835
22,3:high,3:high,,0.996
23,3:high,2:medium,+,1
24,3:high,3:high,,1
25,3:high,3:high,,1
26,3:high,2:medium,+,0.993
27,3:high,2:medium,+,1
28,3:high,2:medium,+,1
29,3:high,2:medium,+,1
30,3:high,2:medium,+,0.999
31,3:high,2:medium,+,1
32,3:high,2:medium,+,0.999
33,3:high,2:medium,+,0.925
34,3:high,2:medium,+,1
35,3:high,2:medium,+,1
36,3:high,2:medium,+,1
37,3:high,2:medium,+,1
38,3:high,2:medium,+,0.999
39,3:high,2:medium,+,1
40,3:high,2:medium,+,0.98
41,3:high,2:medium,+,1
42,3:high,3:high,,0.994
43,3:high,3:high,,0.961
44,3:high,3:high,,0.996
45,3:high,3:high,,0.985
46,3:high,3:high,,1
47,3:high,2:medium,+,0.968
48,3:high,2:medium,+,0.971
49,3:high,3:high,,0.987
50,3:high,3:high,,0.99
51,3:high,3:high,,1
52,3:high,3:high,,1
53,3:high,3:high,,1
54,3:high,3:high,,1
55,3:high,3:high,,1
56,3:high,2:medium,+,1
57,3:high,3:high,,1
58,3:high,3:high,,1
59,3:high,3:high,,1
60,3:high,2:medium,+,0.911
61,3:high,2:medium,+,1
62,2:medium,2:medium,,1
63,2:medium,2:medium,,1
64,2:medium,2:medium,,1
65,2:medium,2:medium,,1
66,2:medium,3:high,+,1
67,2:medium,3:high,+,1
68,2:medium,2:medium,,0.79
69,2:medium,2:medium,,1
70,3:high,2:medium,+,1
71,3:high,2:medium,+,1
72,3:high,2:medium,+,1

