inst#,actual,predicted,error,prediction
1,1:low,1:low,,0.998
2,1:low,1:low,,0.998
3,1:low,1:low,,0.998
4,1:low,1:low,,1
5,1:low,1:low,,1
6,1:low,1:low,,1
7,1:low,1:low,,1
8,1:low,1:low,,1
9,1:low,1:low,,1
10,1:low,1:low,,1
11,1:low,1:low,,1
12,1:low,1:low,,1
13,1:low,1:low,,0.997
14,1:low,1:low,,0.997
15,1:low,1:low,,0.997
16,1:low,1:low,,0.998
17,1:low,1:low,,0.997
18,1:low,1:low,,0.998
19,1:low,1:low,,0.998
20,1:low,1:low,,0.998
21,1:low,1:low,,0.998
22,1:low,1:low,,0.998
23,1:low,1:low,,0.998
24,1:low,1:low,,0.998
25,1:low,1:low,,0.998
26,1:low,1:low,,0.998
27,1:low,1:low,,0.998
28,1:low,1:low,,0.998
29,1:low,1:low,,0.998
30,1:low,1:low,,0.998
31,1:low,1:low,,0.998
32,1:low,1:low,,0.998
33,1:low,1:low,,0.998
34,1:low,1:low,,0.998
35,1:low,1:low,,0.997
36,1:low,1:low,,0.996
37,1:low,1:low,,0.997
38,1:low,1:low,,0.999
39,1:low,1:low,,0.999
40,1:low,1:low,,0.999
41,1:low,1:low,,1
42,1:low,1:low,,0.999
43,1:low,1:low,,0.999
44,1:low,1:low,,0.997
45,1:low,1:low,,0.998
46,1:low,1:low,,0.998
47,1:low,1:low,,0.998
48,1:low,1:low,,0.998
49,1:low,1:low,,0.998
50,1:low,1:low,,0.998
51,1:low,1:low,,0.998
52,1:low,1:low,,0.998
53,1:low,1:low,,0.998
54,1:low,1:low,,0.998
55,1:low,1:low,,0.998
56,1:low,1:low,,0.998
57,1:low,1:low,,0.998
58,1:low,1:low,,0.998
59,1:low,1:low,,0.997
60,1:low,1:low,,0.997
61,1:low,1:low,,0.997
62,1:low,1:low,,0.997
63,1:low,1:low,,0.997
64,1:low,1:low,,0.997
65,1:low,1:low,,0.997
66,1:low,1:low,,0.997
67,1:low,1:low,,0.997
68,1:low,1:low,,0.997
69,1:low,1:low,,0.997
70,1:low,1:low,,0.998
71,1:low,1:low,,0.998
72,1:low,1:low,,0.998
73,1:low,1:low,,0.998
74,1:low,1:low,,0.998
75,1:low,1:low,,0.998
76,1:low,1:low,,0.998
77,1:low,1:low,,0.998
78,1:low,1:low,,0.998
79,1:low,1:low,,0.998
80,1:low,1:low,,0.998
81,1:low,1:low,,0.998
82,1:low,1:low,,0.998
83,1:low,1:low,,0.998
84,1:low,1:low,,0.998
85,1:low,1:low,,0.998
86,1:low,1:low,,0.998
87,1:low,1:low,,0.998
88,1:low,1:low,,0.998
89,1:low,1:low,,0.997
90,1:low,1:low,,0.997
91,1:low,1:low,,0.997
92,1:low,1:low,,0.997
93,1:low,1:low,,0.997
94,1:low,1:low,,0.998
95,1:low,1:low,,0.998
96,1:low,1:low,,0.998
97,1:low,1:low,,0.998
98,1:low,1:low,,0.998
99,1:low,1:low,,0.998
100,1:low,1:low,,0.998
101,1:low,1:low,,0.998
102,1:low,1:low,,0.998
103,1:low,1:low,,0.998
104,1:low,1:low,,0.998
105,1:low,1:low,,0.998
106,1:low,1:low,,0.998
107,1:low,1:low,,0.998
108,1:low,1:low,,0.998
109,1:low,1:low,,0.998
110,2:medium,1:low,+,0.998
111,1:low,1:low,,0.998
112,1:low,1:low,,0.998
113,1:low,1:low,,0.998
114,1:low,1:low,,0.998
115,1:low,1:low,,0.998
116,1:low,1:low,,0.998
117,2:medium,1:low,+,0.998
118,1:low,1:low,,0.998
119,2:medium,1:low,+,0.998
120,2:medium,1:low,+,0.998
121,2:medium,1:low,+,0.998
122,2:medium,1:low,+,0.998
123,2:medium,1:low,+,0.998
124,2:medium,1:low,+,0.998
125,2:medium,1:low,+,0.998
126,2:medium,1:low,+,0.998
127,2:medium,1:low,+,0.997
128,2:medium,1:low,+,0.997
129,2:medium,1:low,+,0.997
130,2:medium,1:low,+,0.997
131,2:medium,1:low,+,0.997
132,2:medium,1:low,+,0.997
133,2:medium,1:low,+,0.997
134,2:medium,1:low,+,0.997
135,2:medium,1:low,+,0.997
136,2:medium,1:low,+,0.997
137,2:medium,1:low,+,0.997
138,2:medium,1:low,+,0.997
139,2:medium,1:low,+,0.997
140,2:medium,1:low,+,0.997
141,2:medium,1:low,+,0.997
142,2:medium,1:low,+,0.997
143,2:medium,1:low,+,0.997
144,2:medium,1:low,+,0.997
145,2:medium,1:low,+,0.997
146,2:medium,1:low,+,0.997
147,2:medium,1:low,+,0.997
148,2:medium,1:low,+,0.997
149,2:medium,1:low,+,0.997
150,2:medium,1:low,+,0.997
151,2:medium,1:low,+,0.997
152,2:medium,1:low,+,0.997
153,2:medium,1:low,+,0.997
154,2:medium,1:low,+,0.997
155,2:medium,1:low,+,0.997
156,2:medium,1:low,+,0.997
157,2:medium,1:low,+,0.997
158,2:medium,1:low,+,0.997
159,2:medium,1:low,+,0.997
160,2:medium,1:low,+,0.997
161,2:medium,1:low,+,0.997
162,2:medium,1:low,+,0.997
163,2:medium,1:low,+,0.997
164,2:medium,1:low,+,0.997
165,2:medium,1:low,+,0.998
166,2:medium,1:low,+,0.997
167,2:medium,1:low,+,0.997
168,2:medium,1:low,+,0.997
169,2:medium,1:low,+,0.997
170,2:medium,1:low,+,0.997
171,2:medium,1:low,+,0.997
172,2:medium,1:low,+,0.997
173,2:medium,1:low,+,0.997
174,2:medium,1:low,+,0.996
175,2:medium,1:low,+,0.998
176,2:medium,1:low,+,0.998

