inst#,actual,predicted,error,prediction
1,1:low,1:low,,0.994
2,1:low,1:low,,0.994
3,1:low,1:low,,0.994
4,1:low,1:low,,0.994
5,1:low,1:low,,0.994
6,1:low,1:low,,0.994
7,1:low,1:low,,0.994
8,1:low,1:low,,0.994
9,1:low,1:low,,0.994
10,1:low,1:low,,0.994
11,1:low,1:low,,0.994
12,1:low,1:low,,0.994
13,1:low,1:low,,0.994
14,1:low,1:low,,0.994
15,1:low,1:low,,0.994
16,1:low,1:low,,0.994
17,1:low,1:low,,0.994
18,1:low,1:low,,0.994
19,1:low,1:low,,0.994
20,1:low,1:low,,0.994
21,1:low,1:low,,0.994
22,1:low,1:low,,0.994
23,1:low,1:low,,0.994
24,1:low,1:low,,0.994
25,1:low,1:low,,0.994
26,1:low,1:low,,0.994
27,1:low,1:low,,0.994
28,1:low,1:low,,0.994
29,1:low,1:low,,0.994
30,1:low,1:low,,0.994
31,1:low,1:low,,0.994
32,1:low,1:low,,0.994
33,1:low,1:low,,0.994
34,1:low,1:low,,0.994
35,1:low,1:low,,0.994
36,1:low,1:low,,0.994
37,1:low,1:low,,0.994
38,1:low,1:low,,0.994
39,1:low,1:low,,0.994
40,1:low,1:low,,0.994
41,1:low,1:low,,0.994
42,1:low,1:low,,0.994
43,1:low,1:low,,0.994
44,1:low,1:low,,0.994
45,1:low,1:low,,0.994
46,1:low,1:low,,0.994
47,1:low,1:low,,0.994
48,1:low,1:low,,0.994
49,1:low,1:low,,0.994
50,1:low,1:low,,0.994
51,1:low,1:low,,0.994
52,1:low,1:low,,0.994
53,1:low,1:low,,0.994
54,1:low,1:low,,0.994
55,1:low,1:low,,0.994
56,1:low,1:low,,0.994
57,1:low,1:low,,0.994
58,1:low,1:low,,0.994
59,1:low,1:low,,0.994
60,1:low,1:low,,0.994
61,1:low,1:low,,0.994
62,1:low,1:low,,0.994
63,1:low,1:low,,0.994
64,1:low,1:low,,0.994
65,1:low,1:low,,0.994
66,1:low,1:low,,0.994
67,1:low,1:low,,0.994
68,1:low,1:low,,0.994
69,1:low,1:low,,0.994
70,1:low,1:low,,0.994
71,1:low,1:low,,0.994
72,1:low,1:low,,0.994
73,1:low,1:low,,0.994
74,1:low,1:low,,0.994
75,1:low,1:low,,0.994
76,1:low,1:low,,0.994
77,1:low,1:low,,0.994
78,1:low,1:low,,0.994
79,1:low,1:low,,0.994
80,1:low,1:low,,0.994
81,1:low,1:low,,0.994
82,1:low,1:low,,0.994
83,1:low,1:low,,0.994
84,1:low,1:low,,0.994
85,1:low,1:low,,0.994
86,1:low,1:low,,0.994
87,1:low,1:low,,0.994
88,1:low,1:low,,0.994
89,1:low,1:low,,0.994
90,1:low,1:low,,0.994
91,1:low,1:low,,0.994
92,1:low,1:low,,0.994
93,1:low,1:low,,0.994
94,1:low,1:low,,0.994
95,1:low,1:low,,0.994
96,1:low,1:low,,0.994
97,1:low,1:low,,0.994
98,1:low,1:low,,0.994
99,1:low,1:low,,0.994
100,1:low,1:low,,0.994
101,1:low,1:low,,0.994
102,1:low,1:low,,0.994
103,1:low,1:low,,0.994
104,1:low,1:low,,0.994
105,1:low,1:low,,0.994
106,1:low,1:low,,0.994
107,1:low,1:low,,0.994
108,1:low,1:low,,0.994
109,1:low,1:low,,0.994
110,2:medium,1:low,+,0.994
111,1:low,1:low,,0.994
112,1:low,1:low,,0.994
113,1:low,1:low,,0.994
114,1:low,1:low,,0.994
115,1:low,1:low,,0.994
116,1:low,1:low,,0.994
117,2:medium,1:low,+,0.994
118,1:low,1:low,,0.994
119,2:medium,1:low,+,0.994
120,2:medium,1:low,+,0.994
121,2:medium,1:low,+,0.994
122,2:medium,1:low,+,0.994
123,2:medium,1:low,+,0.994
124,2:medium,1:low,+,0.994
125,2:medium,1:low,+,0.994
126,2:medium,1:low,+,0.994
127,2:medium,1:low,+,0.994
128,2:medium,1:low,+,0.994
129,2:medium,1:low,+,0.994
130,2:medium,1:low,+,0.994
131,2:medium,1:low,+,0.994
132,2:medium,1:low,+,0.994
133,2:medium,1:low,+,0.994
134,2:medium,1:low,+,0.994
135,2:medium,1:low,+,0.994
136,2:medium,1:low,+,0.994
137,2:medium,1:low,+,0.994
138,2:medium,1:low,+,0.994
139,2:medium,1:low,+,0.994
140,2:medium,1:low,+,0.994
141,2:medium,1:low,+,0.994
142,2:medium,1:low,+,0.994
143,2:medium,1:low,+,0.994
144,2:medium,1:low,+,0.994
145,2:medium,1:low,+,0.994
146,2:medium,1:low,+,0.994
147,2:medium,1:low,+,0.994
148,2:medium,1:low,+,0.994
149,2:medium,1:low,+,0.994
150,2:medium,1:low,+,0.994
151,2:medium,1:low,+,0.994
152,2:medium,1:low,+,0.994
153,2:medium,1:low,+,0.994
154,2:medium,1:low,+,0.994
155,2:medium,1:low,+,0.994
156,2:medium,1:low,+,0.994
157,2:medium,1:low,+,0.994
158,2:medium,1:low,+,0.994
159,2:medium,1:low,+,0.994
160,2:medium,1:low,+,0.994
161,2:medium,1:low,+,0.994
162,2:medium,1:low,+,0.994
163,2:medium,1:low,+,0.994
164,2:medium,1:low,+,0.994
165,2:medium,1:low,+,0.994
166,2:medium,1:low,+,0.994
167,2:medium,1:low,+,0.994
168,2:medium,1:low,+,0.994
169,2:medium,1:low,+,0.994
170,2:medium,1:low,+,0.994
171,2:medium,1:low,+,0.994
172,2:medium,1:low,+,0.994
173,2:medium,1:low,+,0.994
174,2:medium,1:low,+,0.994
175,2:medium,1:low,+,0.994
176,2:medium,1:low,+,0.994

