inst#,actual,predicted,error,prediction
1,1:low,1:low,,0.989
2,1:low,1:low,,0.989
3,1:low,1:low,,0.989
4,1:low,1:low,,0.989
5,1:low,1:low,,0.989
6,1:low,1:low,,0.989
7,1:low,1:low,,0.989
8,1:low,1:low,,0.989
9,1:low,1:low,,0.989
10,1:low,1:low,,0.989
11,1:low,1:low,,0.989
12,1:low,1:low,,0.989
13,1:low,1:low,,0.989
14,1:low,1:low,,0.989
15,1:low,1:low,,0.989
16,1:low,1:low,,0.989
17,1:low,1:low,,0.989
18,1:low,1:low,,0.989
19,1:low,1:low,,0.989
20,1:low,1:low,,0.989
21,1:low,1:low,,0.989
22,1:low,1:low,,0.989
23,1:low,1:low,,0.989
24,1:low,1:low,,0.989
25,1:low,1:low,,0.989
26,1:low,1:low,,0.989
27,1:low,1:low,,0.989
28,1:low,1:low,,0.989
29,1:low,1:low,,0.989
30,1:low,1:low,,0.989
31,1:low,1:low,,0.989
32,1:low,1:low,,0.989
33,1:low,1:low,,0.989
34,1:low,1:low,,0.989
35,1:low,1:low,,0.989
36,1:low,1:low,,0.989
37,1:low,1:low,,0.989
38,1:low,1:low,,0.989
39,1:low,1:low,,0.989
40,1:low,1:low,,0.989
41,1:low,1:low,,0.989
42,1:low,1:low,,0.989
43,1:low,1:low,,0.989
44,1:low,1:low,,0.989
45,1:low,1:low,,0.989
46,1:low,1:low,,0.989
47,1:low,1:low,,0.989
48,1:low,1:low,,0.989
49,1:low,1:low,,0.989
50,1:low,1:low,,0.989
51,1:low,1:low,,0.989
52,1:low,1:low,,0.989
53,1:low,1:low,,0.989
54,1:low,1:low,,0.989
55,1:low,1:low,,0.989
56,1:low,1:low,,0.989
57,1:low,1:low,,0.989
58,1:low,1:low,,0.989
59,1:low,1:low,,0.989
60,1:low,1:low,,0.989
61,1:low,1:low,,0.989
62,1:low,1:low,,0.989
63,1:low,1:low,,0.989
64,1:low,1:low,,0.989
65,1:low,1:low,,0.989
66,1:low,1:low,,0.989
67,1:low,1:low,,0.989
68,1:low,1:low,,0.989
69,1:low,1:low,,0.989
70,1:low,1:low,,0.989
71,1:low,1:low,,0.989
72,1:low,1:low,,0.989
73,1:low,1:low,,0.989
74,1:low,1:low,,0.989
75,1:low,1:low,,0.989
76,1:low,1:low,,0.989
77,1:low,1:low,,0.989
78,1:low,1:low,,0.989
79,1:low,1:low,,0.989
80,1:low,1:low,,0.989
81,1:low,1:low,,0.989
82,1:low,1:low,,0.989
83,1:low,1:low,,0.989
84,1:low,1:low,,0.989
85,1:low,1:low,,0.989
86,1:low,1:low,,0.989
87,1:low,1:low,,0.989
88,1:low,1:low,,0.989
89,1:low,1:low,,0.989
90,1:low,1:low,,0.989
91,1:low,1:low,,0.989
92,1:low,1:low,,0.989
93,1:low,1:low,,0.989
94,1:low,1:low,,0.989
95,1:low,1:low,,0.989
96,1:low,1:low,,0.989
97,1:low,1:low,,0.989
98,1:low,1:low,,0.989
99,1:low,1:low,,0.989
100,1:low,1:low,,0.989
101,1:low,1:low,,0.989
102,1:low,1:low,,0.989
103,1:low,1:low,,0.989
104,1:low,1:low,,0.989
105,1:low,1:low,,0.989
106,1:low,1:low,,0.989
107,1:low,1:low,,0.989
108,1:low,1:low,,0.989
109,1:low,1:low,,0.989
110,2:medium,1:low,+,0.989
111,1:low,1:low,,0.989
112,1:low,1:low,,0.989
113,1:low,1:low,,0.989
114,1:low,1:low,,0.989
115,1:low,1:low,,0.989
116,1:low,1:low,,0.989
117,2:medium,1:low,+,0.989
118,1:low,1:low,,0.989
119,2:medium,1:low,+,0.989
120,2:medium,1:low,+,0.989
121,2:medium,1:low,+,0.989
122,2:medium,1:low,+,0.989
123,2:medium,1:low,+,0.989
124,2:medium,1:low,+,0.989
125,2:medium,1:low,+,0.989
126,2:medium,1:low,+,0.989
127,2:medium,1:low,+,0.989
128,2:medium,1:low,+,0.989
129,2:medium,1:low,+,0.989
130,2:medium,1:low,+,0.989
131,2:medium,1:low,+,0.989
132,2:medium,1:low,+,0.989
133,2:medium,1:low,+,0.989
134,2:medium,1:low,+,0.989
135,2:medium,1:low,+,0.989
136,2:medium,1:low,+,0.989
137,2:medium,1:low,+,0.989
138,2:medium,1:low,+,0.989
139,2:medium,1:low,+,0.989
140,2:medium,1:low,+,0.989
141,2:medium,1:low,+,0.989
142,2:medium,1:low,+,0.989
143,2:medium,1:low,+,0.989
144,2:medium,1:low,+,0.989
145,2:medium,1:low,+,0.989
146,2:medium,1:low,+,0.989
147,2:medium,1:low,+,0.989
148,2:medium,1:low,+,0.989
149,2:medium,1:low,+,0.989
150,2:medium,1:low,+,0.989
151,2:medium,1:low,+,0.989
152,2:medium,1:low,+,0.989
153,2:medium,1:low,+,0.989
154,2:medium,1:low,+,0.989
155,2:medium,1:low,+,0.989
156,2:medium,1:low,+,0.989
157,2:medium,1:low,+,0.989
158,2:medium,1:low,+,0.989
159,2:medium,1:low,+,0.989
160,2:medium,1:low,+,0.989
161,2:medium,1:low,+,0.989
162,2:medium,1:low,+,0.989
163,2:medium,1:low,+,0.989
164,2:medium,1:low,+,0.989
165,2:medium,1:low,+,0.989
166,2:medium,1:low,+,0.989
167,2:medium,1:low,+,0.989
168,2:medium,1:low,+,0.989
169,2:medium,1:low,+,0.989
170,2:medium,1:low,+,0.989
171,2:medium,1:low,+,0.989
172,2:medium,1:low,+,0.989
173,2:medium,1:low,+,0.989
174,2:medium,1:low,+,0.989
175,2:medium,1:low,+,0.989
176,2:medium,1:low,+,0.989

