inst#,actual,predicted,error,prediction
1,1:low,1:low,,0.333
2,1:low,1:low,,0.333
3,1:low,1:low,,0.333
4,1:low,1:low,,0.333
5,1:low,1:low,,0.333
6,1:low,1:low,,0.333
7,1:low,1:low,,0.333
8,1:low,1:low,,0.333
9,1:low,1:low,,0.333
10,1:low,1:low,,0.333
11,1:low,1:low,,0.333
12,1:low,1:low,,0.333
13,1:low,1:low,,0.333
14,1:low,1:low,,0.333
15,1:low,1:low,,0.333
16,1:low,1:low,,0.333
17,1:low,1:low,,0.333
18,1:low,1:low,,0.333
19,1:low,1:low,,0.333
20,1:low,1:low,,0.333
21,1:low,1:low,,0.333
22,1:low,1:low,,0.333
23,1:low,1:low,,0.333
24,1:low,1:low,,0.333
25,1:low,1:low,,0.333
26,1:low,1:low,,0.333
27,1:low,1:low,,0.333
28,1:low,1:low,,0.333
29,1:low,1:low,,0.333
30,1:low,1:low,,0.333
31,1:low,1:low,,0.333
32,1:low,1:low,,0.333
33,1:low,1:low,,0.333
34,1:low,1:low,,0.333
35,1:low,1:low,,0.333
36,1:low,1:low,,0.333
37,1:low,1:low,,0.333
38,1:low,1:low,,0.333
39,1:low,1:low,,0.333
40,1:low,1:low,,0.333
41,1:low,1:low,,0.333
42,1:low,1:low,,0.333
43,1:low,1:low,,0.333
44,1:low,1:low,,0.333
45,1:low,1:low,,0.333
46,1:low,1:low,,0.333
47,1:low,1:low,,0.333
48,1:low,1:low,,0.333
49,1:low,1:low,,0.333
50,1:low,1:low,,0.333
51,1:low,1:low,,0.333
52,1:low,1:low,,0.333
53,1:low,1:low,,0.333
54,1:low,1:low,,0.333
55,1:low,1:low,,0.333
56,1:low,1:low,,0.333
57,1:low,1:low,,0.333
58,1:low,1:low,,0.333
59,1:low,1:low,,0.333
60,1:low,1:low,,0.333
61,1:low,1:low,,0.333
62,1:low,1:low,,0.333
63,1:low,1:low,,0.333
64,1:low,1:low,,0.333
65,1:low,1:low,,0.333
66,1:low,1:low,,0.333
67,1:low,1:low,,0.333
68,1:low,1:low,,0.333
69,1:low,1:low,,0.333
70,1:low,1:low,,0.333
71,1:low,1:low,,0.333
72,1:low,1:low,,0.333
73,1:low,1:low,,0.333
74,1:low,1:low,,0.333
75,1:low,1:low,,0.333
76,1:low,1:low,,0.333
77,1:low,1:low,,0.333
78,1:low,1:low,,0.333
79,1:low,1:low,,0.333
80,1:low,1:low,,0.333
81,1:low,1:low,,0.333
82,1:low,1:low,,0.333
83,1:low,1:low,,0.333
84,1:low,1:low,,0.333
85,1:low,1:low,,0.333
86,1:low,1:low,,0.333
87,1:low,1:low,,0.333
88,1:low,1:low,,0.333
89,1:low,1:low,,0.333
90,1:low,1:low,,0.333
91,1:low,1:low,,0.333
92,1:low,1:low,,0.333
93,1:low,1:low,,0.333
94,1:low,1:low,,0.333
95,1:low,1:low,,0.333
96,1:low,1:low,,0.333
97,1:low,1:low,,0.333
98,1:low,1:low,,0.333
99,1:low,1:low,,0.333
100,1:low,1:low,,0.333
101,1:low,1:low,,0.333
102,1:low,1:low,,0.333
103,1:low,1:low,,0.333
104,1:low,1:low,,0.333
105,1:low,1:low,,0.333
106,1:low,1:low,,0.333
107,1:low,1:low,,0.333
108,1:low,1:low,,0.333
109,1:low,1:low,,0.333
110,2:medium,1:low,+,0.333
111,1:low,1:low,,0.333
112,1:low,1:low,,0.333
113,1:low,1:low,,0.333
114,1:low,1:low,,0.333
115,1:low,1:low,,0.333
116,1:low,1:low,,0.333
117,2:medium,1:low,+,0.333
118,1:low,1:low,,0.333
119,2:medium,1:low,+,0.333
120,2:medium,1:low,+,0.333
121,2:medium,1:low,+,0.333
122,2:medium,1:low,+,0.333
123,2:medium,1:low,+,0.333
124,2:medium,1:low,+,0.333
125,2:medium,1:low,+,0.333
126,2:medium,1:low,+,0.333
127,2:medium,1:low,+,0.333
128,2:medium,1:low,+,0.333
129,2:medium,1:low,+,0.333
130,2:medium,1:low,+,0.333
131,2:medium,1:low,+,0.333
132,2:medium,1:low,+,0.333
133,2:medium,1:low,+,0.333
134,2:medium,1:low,+,0.333
135,2:medium,1:low,+,0.333
136,2:medium,1:low,+,0.333
137,2:medium,1:low,+,0.333
138,2:medium,1:low,+,0.333
139,2:medium,1:low,+,0.333
140,2:medium,1:low,+,0.333
141,2:medium,1:low,+,0.333
142,2:medium,1:low,+,0.333
143,2:medium,1:low,+,0.333
144,2:medium,1:low,+,0.333
145,2:medium,1:low,+,0.333
146,2:medium,1:low,+,0.333
147,2:medium,1:low,+,0.333
148,2:medium,1:low,+,0.333
149,2:medium,1:low,+,0.333
150,2:medium,1:low,+,0.333
151,2:medium,1:low,+,0.333
152,2:medium,1:low,+,0.333
153,2:medium,1:low,+,0.333
154,2:medium,1:low,+,0.333
155,2:medium,1:low,+,0.333
156,2:medium,1:low,+,0.333
157,2:medium,1:low,+,0.333
158,2:medium,1:low,+,0.333
159,2:medium,1:low,+,0.333
160,2:medium,1:low,+,0.333
161,2:medium,1:low,+,0.333
162,2:medium,1:low,+,0.333
163,2:medium,1:low,+,0.333
164,2:medium,1:low,+,0.333
165,2:medium,1:low,+,0.333
166,2:medium,1:low,+,0.333
167,2:medium,1:low,+,0.333
168,2:medium,1:low,+,0.333
169,2:medium,1:low,+,0.333
170,2:medium,1:low,+,0.333
171,2:medium,1:low,+,0.333
172,2:medium,1:low,+,0.333
173,2:medium,1:low,+,0.333
174,2:medium,1:low,+,0.333
175,2:medium,1:low,+,0.333
176,2:medium,1:low,+,0.333

