inst#,actual,predicted,error,prediction
1,1:low,1:low,,0.996
2,1:low,1:low,,0.995
3,1:low,1:low,,0.996
4,1:low,1:low,,0.993
5,1:low,1:low,,0.995
6,1:low,1:low,,0.995
7,1:low,1:low,,0.995
8,1:low,1:low,,0.994
9,1:low,1:low,,0.992
10,1:low,1:low,,0.99
11,1:low,1:low,,0.991
12,1:low,1:low,,0.991
13,1:low,1:low,,0.993
14,1:low,1:low,,0.993
15,1:low,1:low,,0.995
16,1:low,1:low,,0.996
17,1:low,1:low,,0.995
18,1:low,1:low,,0.994
19,1:low,1:low,,0.995
20,1:low,1:low,,0.994
21,1:low,1:low,,0.994
22,1:low,1:low,,0.995
23,1:low,1:low,,0.995
24,1:low,1:low,,0.995
25,1:low,1:low,,0.995
26,1:low,1:low,,0.996
27,1:low,1:low,,0.996
28,1:low,1:low,,0.996
29,1:low,1:low,,0.996
30,1:low,1:low,,0.996
31,1:low,1:low,,0.996
32,1:low,1:low,,0.996
33,1:low,1:low,,0.996
34,1:low,1:low,,0.996
35,1:low,1:low,,0.997
36,1:low,1:low,,0.992
37,1:low,1:low,,0.996
38,1:low,1:low,,0.996
39,1:low,1:low,,0.997
40,1:low,1:low,,0.997
41,1:low,1:low,,0.997
42,1:low,1:low,,0.997
43,1:low,1:low,,0.996
44,1:low,1:low,,0.994
45,1:low,1:low,,0.997
46,1:low,1:low,,0.997
47,1:low,1:low,,0.997
48,1:low,1:low,,0.997
49,1:low,1:low,,0.997
50,1:low,1:low,,0.995
51,1:low,1:low,,0.995
52,1:low,1:low,,0.995
53,1:low,1:low,,0.995
54,1:low,1:low,,0.994
55,1:low,1:low,,0.994
56,1:low,1:low,,0.993
57,1:low,1:low,,0.991
58,1:low,1:low,,0.99
59,1:low,1:low,,0.989
60,1:low,1:low,,0.988
61,1:low,1:low,,0.987
62,1:low,1:low,,0.985
63,1:low,1:low,,0.985
64,1:low,1:low,,0.987
65,1:low,1:low,,0.989
66,1:low,1:low,,0.99
67,1:low,1:low,,0.992
68,1:low,1:low,,0.992
69,1:low,1:low,,0.993
70,1:low,1:low,,0.994
71,1:low,1:low,,0.996
72,1:low,1:low,,0.997
73,1:low,1:low,,0.997
74,1:low,1:low,,0.996
75,1:low,1:low,,0.996
76,1:low,1:low,,0.996
77,1:low,1:low,,0.997
78,1:low,1:low,,0.997
79,1:low,1:low,,0.997
80,1:low,1:low,,0.997
81,1:low,1:low,,0.997
82,1:low,1:low,,0.996
83,1:low,1:low,,0.996
84,1:low,1:low,,0.995
85,1:low,1:low,,0.994
86,1:low,1:low,,0.993
87,1:low,1:low,,0.992
88,1:low,1:low,,0.991
89,1:low,1:low,,0.99
90,1:low,1:low,,0.989
91,1:low,1:low,,0.989
92,1:low,1:low,,0.987
93,1:low,1:low,,0.991
94,1:low,1:low,,0.994
95,1:low,1:low,,0.995
96,1:low,1:low,,0.996
97,1:low,1:low,,0.997
98,1:low,1:low,,0.997
99,1:low,1:low,,0.995
100,1:low,1:low,,0.996
101,1:low,1:low,,0.997
102,1:low,1:low,,0.996
103,1:low,1:low,,0.996
104,1:low,1:low,,0.997
105,1:low,1:low,,0.997
106,1:low,1:low,,0.996
107,1:low,1:low,,0.996
108,1:low,1:low,,0.997
109,1:low,1:low,,0.997
110,2:medium,1:low,+,0.996
111,1:low,1:low,,0.997
112,1:low,1:low,,0.997
113,1:low,1:low,,0.996
114,1:low,1:low,,0.997
115,1:low,1:low,,0.997
116,1:low,1:low,,0.996
117,2:medium,1:low,+,0.996
118,1:low,1:low,,0.997
119,2:medium,1:low,+,0.996
120,2:medium,1:low,+,0.996
121,2:medium,1:low,+,0.996
122,2:medium,1:low,+,0.996
123,2:medium,1:low,+,0.995
124,2:medium,1:low,+,0.995
125,2:medium,1:low,+,0.994
126,2:medium,1:low,+,0.993
127,2:medium,1:low,+,0.992
128,2:medium,1:low,+,0.991
129,2:medium,1:low,+,0.989
130,2:medium,1:low,+,0.987
131,2:medium,1:low,+,0.985
132,2:medium,1:low,+,0.982
133,2:medium,1:low,+,0.979
134,2:medium,1:low,+,0.979
135,2:medium,1:low,+,0.978
136,2:medium,1:low,+,0.978
137,2:medium,1:low,+,0.979
138,2:medium,1:low,+,0.979
139,2:medium,1:low,+,0.981
140,2:medium,1:low,+,0.981
141,2:medium,1:low,+,0.981
142,2:medium,1:low,+,0.982
143,2:medium,1:low,+,0.971
144,2:medium,1:low,+,0.975
145,2:medium,1:low,+,0.976
146,2:medium,1:low,+,0.967
147,2:medium,1:low,+,0.975
148,2:medium,1:low,+,0.982
149,2:medium,1:low,+,0.986
150,2:medium,1:low,+,0.986
151,2:medium,1:low,+,0.988
152,2:medium,1:low,+,0.988
153,2:medium,1:low,+,0.989
154,2:medium,1:low,+,0.987
155,2:medium,1:low,+,0.986
156,2:medium,1:low,+,0.984
157,2:medium,1:low,+,0.983
158,2:medium,1:low,+,0.984
159,2:medium,1:low,+,0.986
160,2:medium,1:low,+,0.989
161,2:medium,1:low,+,0.99
162,2:medium,1:low,+,0.992
163,2:medium,1:low,+,0.994
164,2:medium,1:low,+,0.995
165,2:medium,1:low,+,0.995
166,2:medium,1:low,+,0.995
167,2:medium,1:low,+,0.996
168,2:medium,1:low,+,0.996
169,2:medium,1:low,+,0.996
170,2:medium,1:low,+,0.996
171,2:medium,1:low,+,0.995
172,2:medium,1:low,+,0.993
173,2:medium,1:low,+,0.983
174,2:medium,1:low,+,0.971
175,2:medium,1:low,+,0.985
176,2:medium,1:low,+,0.98

