inst#,actual,predicted,error,prediction
1,3:low,3:low,,0.782
2,3:low,3:low,,0.874
3,2:medium,3:low,+,0.71
4,3:low,3:low,,0.932
5,3:low,3:low,,0.844
6,3:low,3:low,,0.876
7,3:low,3:low,,0.881
8,3:low,3:low,,0.91
9,3:low,3:low,,0.934
10,3:low,2:medium,+,0.466
11,3:low,3:low,,0.849
12,2:medium,3:low,+,0.579
13,2:medium,3:low,+,0.653
14,2:medium,3:low,+,0.868
15,2:medium,3:low,+,0.85
16,3:low,3:low,,0.907
17,3:low,3:low,,0.93
18,3:low,3:low,,0.962
19,1:high,1:high,,0.935
20,1:high,1:high,,0.66
21,1:high,1:high,,0.627
22,1:high,1:high,,0.621
23,1:high,1:high,,0.491
24,1:high,1:high,,0.62
25,1:high,1:high,,0.677
26,1:high,1:high,,0.633
27,1:high,1:high,,0.646
28,1:high,1:high,,0.769
29,1:high,1:high,,0.713
30,1:high,1:high,,0.586
31,1:high,1:high,,0.72
32,1:high,1:high,,0.704
33,1:high,1:high,,0.611
34,1:high,1:high,,0.563
35,1:high,1:high,,0.622
36,1:high,1:high,,0.565
37,1:high,1:high,,0.589
38,1:high,1:high,,0.659
39,1:high,1:high,,0.702
40,1:high,1:high,,0.631
41,1:high,1:high,,0.547
42,1:high,1:high,,0.662
43,1:high,2:medium,+,0.472
44,1:high,1:high,,0.666
45,2:medium,2:medium,,0.531
46,3:low,2:medium,+,0.604
47,2:medium,2:medium,,0.635
48,1:high,2:medium,+,0.637

