inst#,actual,predicted,error,prediction
1,3:low,3:low,,0.969
2,3:low,3:low,,0.98
3,2:medium,3:low,+,0.915
4,3:low,3:low,,0.957
5,3:low,3:low,,0.893
6,3:low,3:low,,0.946
7,3:low,3:low,,0.924
8,3:low,3:low,,0.927
9,3:low,3:low,,0.959
10,3:low,3:low,,0.805
11,3:low,3:low,,0.936
12,2:medium,3:low,+,0.768
13,2:medium,3:low,+,0.799
14,2:medium,3:low,+,0.846
15,2:medium,3:low,+,0.891
16,3:low,3:low,,0.909
17,3:low,3:low,,0.901
18,3:low,3:low,,0.913
19,1:high,2:medium,+,0.627
20,1:high,1:high,,0.922
21,1:high,1:high,,0.631
22,1:high,2:medium,+,0.439
23,1:high,2:medium,+,0.508
24,1:high,1:high,,0.879
25,1:high,1:high,,0.906
26,1:high,1:high,,0.876
27,1:high,1:high,,0.869
28,1:high,1:high,,1
29,1:high,1:high,,0.964
30,1:high,1:high,,0.934
31,1:high,1:high,,0.941
32,1:high,1:high,,0.933
33,1:high,1:high,,0.896
34,1:high,1:high,,0.948
35,1:high,1:high,,0.92
36,1:high,1:high,,0.879
37,1:high,1:high,,0.91
38,1:high,1:high,,0.921
39,1:high,1:high,,0.847
40,1:high,1:high,,0.923
41,1:high,1:high,,0.919
42,1:high,1:high,,0.911
43,1:high,2:medium,+,0.869
44,1:high,2:medium,+,0.639
45,2:medium,3:low,+,0.664
46,3:low,2:medium,+,0.662
47,2:medium,3:low,+,0.524
48,1:high,1:high,,0.707

