inst#,actual,predicted,error,prediction
1,3:low,3:low,,0.938
2,3:low,3:low,,0.875
3,2:medium,3:low,+,0.938
4,3:low,2:medium,+,0.5
5,3:low,3:low,,0.813
6,3:low,3:low,,0.875
7,3:low,3:low,,0.813
8,3:low,3:low,,0.875
9,3:low,3:low,,0.688
10,3:low,3:low,,0.563
11,3:low,3:low,,0.813
12,2:medium,3:low,+,0.813
13,2:medium,3:low,+,0.75
14,2:medium,3:low,+,0.813
15,2:medium,3:low,+,0.813
16,3:low,3:low,,0.875
17,3:low,3:low,,0.75
18,3:low,3:low,,0.813
19,1:high,1:high,,0.875
20,1:high,1:high,,0.625
21,1:high,1:high,,0.688
22,1:high,1:high,,0.75
23,1:high,1:high,,0.688
24,1:high,1:high,,0.75
25,1:high,1:high,,0.625
26,1:high,1:high,,0.563
27,1:high,1:high,,0.625
28,1:high,1:high,,0.875
29,1:high,1:high,,0.875
30,1:high,1:high,,0.813
31,1:high,1:high,,0.813
32,1:high,1:high,,0.813
33,1:high,1:high,,0.875
34,1:high,1:high,,0.75
35,1:high,1:high,,0.75
36,1:high,1:high,,0.75
37,1:high,1:high,,0.75
38,1:high,1:high,,0.75
39,1:high,1:high,,0.75
40,1:high,1:high,,0.75
41,1:high,1:high,,0.75
42,1:high,1:high,,0.75
43,1:high,2:medium,+,0.563
44,1:high,2:medium,+,0.5
45,2:medium,2:medium,,0.438
46,3:low,3:low,,0.5
47,2:medium,2:medium,,0.438
48,1:high,1:high,,0.375

