inst#,actual,predicted,error,prediction
1,3:low,3:low,,0.933
2,3:low,3:low,,0.986
3,2:medium,3:low,+,0.938
4,3:low,3:low,,0.955
5,3:low,3:low,,0.866
6,3:low,3:low,,0.96
7,3:low,3:low,,0.948
8,3:low,3:low,,0.941
9,3:low,3:low,,0.957
10,3:low,3:low,,0.655
11,3:low,3:low,,0.918
12,2:medium,3:low,+,0.83
13,2:medium,3:low,+,0.833
14,2:medium,3:low,+,0.889
15,2:medium,3:low,+,0.882
16,3:low,3:low,,0.92
17,3:low,3:low,,0.888
18,3:low,3:low,,0.907
19,1:high,1:high,,0.496
20,1:high,1:high,,0.973
21,1:high,1:high,,0.728
22,1:high,1:high,,0.606
23,1:high,1:high,,0.585
24,1:high,1:high,,0.963
25,1:high,1:high,,0.996
26,1:high,1:high,,0.991
27,1:high,1:high,,0.991
28,1:high,1:high,,1
29,1:high,1:high,,0.998
30,1:high,1:high,,0.995
31,1:high,1:high,,0.998
32,1:high,1:high,,0.998
33,1:high,1:high,,0.996
34,1:high,1:high,,0.955
35,1:high,1:high,,0.951
36,1:high,1:high,,0.936
37,1:high,1:high,,0.917
38,1:high,1:high,,0.966
39,1:high,1:high,,0.966
40,1:high,1:high,,0.933
41,1:high,1:high,,0.934
42,1:high,1:high,,0.949
43,1:high,2:medium,+,0.619
44,1:high,2:medium,+,0.551
45,2:medium,2:medium,,0.559
46,3:low,3:low,,0.653
47,2:medium,3:low,+,0.747
48,1:high,1:high,,0.888

