inst#,actual,predicted,error,prediction
1,3:low,3:low,,0.698
2,3:low,3:low,,0.878
3,2:medium,3:low,+,0.766
4,3:low,3:low,,0.837
5,3:low,3:low,,0.783
6,3:low,3:low,,0.843
7,3:low,3:low,,0.826
8,3:low,3:low,,0.806
9,3:low,3:low,,0.891
10,3:low,2:medium,+,0.552
11,3:low,3:low,,0.863
12,2:medium,3:low,+,0.783
13,2:medium,3:low,+,0.715
14,2:medium,3:low,+,0.924
15,2:medium,3:low,+,0.845
16,3:low,3:low,,0.914
17,3:low,3:low,,0.647
18,3:low,3:low,,0.657
19,1:high,1:high,,0.946
20,1:high,1:high,,0.969
21,1:high,1:high,,0.823
22,1:high,1:high,,0.825
23,1:high,1:high,,0.778
24,1:high,1:high,,0.868
25,1:high,1:high,,0.978
26,1:high,1:high,,0.978
27,1:high,1:high,,0.979
28,1:high,1:high,,0.971
29,1:high,1:high,,0.98
30,1:high,1:high,,0.933
31,1:high,1:high,,0.992
32,1:high,1:high,,0.981
33,1:high,1:high,,0.958
34,1:high,1:high,,0.884
35,1:high,1:high,,0.862
36,1:high,1:high,,0.894
37,1:high,1:high,,0.905
38,1:high,1:high,,0.91
39,1:high,1:high,,0.968
40,1:high,1:high,,0.897
41,1:high,1:high,,0.863
42,1:high,1:high,,0.862
43,1:high,1:high,,0.406
44,1:high,2:medium,+,0.441
45,2:medium,2:medium,,0.48
46,3:low,3:low,,0.49
47,2:medium,3:low,+,0.584
48,1:high,1:high,,0.568

