inst#,actual,predicted,error,prediction
1,3:low,3:low,,0.78
2,3:low,3:low,,0.805
3,2:medium,3:low,+,0.78
4,3:low,3:low,,0.797
5,3:low,3:low,,0.685
6,3:low,3:low,,0.664
7,3:low,3:low,,0.687
8,3:low,3:low,,0.774
9,3:low,3:low,,0.811
10,3:low,3:low,,0.541
11,3:low,3:low,,0.77
12,2:medium,3:low,+,0.682
13,2:medium,3:low,+,0.652
14,2:medium,3:low,+,0.782
15,2:medium,3:low,+,0.852
16,3:low,3:low,,0.849
17,3:low,3:low,,0.803
18,3:low,3:low,,0.791
19,1:high,1:high,,0.913
20,1:high,1:high,,0.808
21,1:high,1:high,,0.738
22,1:high,1:high,,0.738
23,1:high,1:high,,0.76
24,1:high,1:high,,0.802
25,1:high,1:high,,0.759
26,1:high,1:high,,0.759
27,1:high,1:high,,0.825
28,1:high,1:high,,0.85
29,1:high,1:high,,0.847
30,1:high,1:high,,0.802
31,1:high,1:high,,0.759
32,1:high,1:high,,0.781
33,1:high,1:high,,0.846
34,1:high,1:high,,0.781
35,1:high,1:high,,0.802
36,1:high,1:high,,0.825
37,1:high,1:high,,0.781
38,1:high,1:high,,0.825
39,1:high,1:high,,0.803
40,1:high,1:high,,0.825
41,1:high,1:high,,0.781
42,1:high,1:high,,0.825
43,1:high,2:medium,+,0.601
44,1:high,1:high,,0.474
45,2:medium,2:medium,,0.437
46,3:low,2:medium,+,0.637
47,2:medium,2:medium,,0.612
48,1:high,1:high,,0.598

