inst#,actual,predicted,error,prediction
1,3:low,3:low,,0.802
2,3:low,3:low,,0.974
3,2:medium,3:low,+,0.767
4,3:low,3:low,,0.899
5,3:low,3:low,,0.804
6,3:low,3:low,,0.94
7,3:low,3:low,,0.794
8,3:low,3:low,,0.802
9,3:low,3:low,,0.912
10,3:low,2:medium,+,0.66
11,3:low,3:low,,0.757
12,2:medium,3:low,+,0.582
13,2:medium,2:medium,,0.514
14,2:medium,3:low,+,0.868
15,2:medium,3:low,+,0.704
16,3:low,3:low,,0.698
17,3:low,3:low,,0.516
18,3:low,3:low,,0.8
19,1:high,1:high,,0.98
20,1:high,1:high,,0.945
21,1:high,1:high,,0.849
22,1:high,1:high,,0.848
23,1:high,1:high,,0.847
24,1:high,1:high,,0.869
25,1:high,1:high,,0.886
26,1:high,1:high,,0.886
27,1:high,1:high,,0.858
28,1:high,1:high,,0.979
29,1:high,1:high,,0.92
30,1:high,1:high,,0.84
31,1:high,1:high,,0.892
32,1:high,1:high,,0.859
33,1:high,1:high,,0.806
34,1:high,1:high,,0.793
35,1:high,1:high,,0.882
36,1:high,1:high,,0.794
37,1:high,1:high,,0.829
38,1:high,1:high,,0.886
39,1:high,1:high,,0.885
40,1:high,1:high,,0.891
41,1:high,1:high,,0.889
42,1:high,1:high,,0.892
43,1:high,2:medium,+,0.416
44,1:high,1:high,,0.703
45,2:medium,2:medium,,0.572
46,3:low,2:medium,+,0.665
47,2:medium,2:medium,,0.701
48,1:high,1:high,,0.644

