inst#,actual,predicted,error,prediction
1,3:low,3:low,,0.925
2,3:low,3:low,,0.935
3,2:medium,3:low,+,0.863
4,3:low,3:low,,0.77
5,3:low,3:low,,0.901
6,3:low,3:low,,0.863
7,3:low,3:low,,0.859
8,3:low,3:low,,0.821
9,3:low,3:low,,0.896
10,3:low,3:low,,0.544
11,3:low,3:low,,0.858
12,2:medium,3:low,+,0.678
13,2:medium,3:low,+,0.626
14,2:medium,3:low,+,0.857
15,2:medium,3:low,+,0.762
16,3:low,3:low,,0.803
17,3:low,3:low,,0.617
18,3:low,3:low,,0.823
19,1:high,1:high,,0.996
20,1:high,1:high,,0.944
21,1:high,1:high,,0.931
22,1:high,1:high,,0.931
23,1:high,1:high,,0.892
24,1:high,1:high,,0.918
25,1:high,1:high,,0.931
26,1:high,1:high,,0.918
27,1:high,1:high,,0.931
28,1:high,1:high,,0.918
29,1:high,1:high,,0.931
30,1:high,1:high,,0.918
31,1:high,1:high,,0.931
32,1:high,1:high,,0.918
33,1:high,1:high,,0.918
34,1:high,1:high,,0.958
35,1:high,1:high,,0.944
36,1:high,1:high,,0.931
37,1:high,1:high,,0.931
38,1:high,1:high,,0.944
39,1:high,1:high,,0.944
40,1:high,1:high,,0.931
41,1:high,1:high,,0.931
42,1:high,1:high,,0.931
43,1:high,2:medium,+,0.596
44,1:high,1:high,,0.65
45,2:medium,2:medium,,0.673
46,3:low,2:medium,+,0.609
47,2:medium,2:medium,,0.535
48,1:high,1:high,,0.807

