inst#,actual,predicted,error,prediction
1,3:low,3:low,,0.658
2,3:low,3:low,,0.763
3,2:medium,3:low,+,0.657
4,3:low,3:low,,0.631
5,3:low,3:low,,0.737
6,3:low,3:low,,0.697
7,3:low,3:low,,0.684
8,3:low,3:low,,0.764
9,3:low,3:low,,0.842
10,3:low,3:low,,0.499
11,3:low,3:low,,0.894
12,2:medium,3:low,+,0.737
13,2:medium,3:low,+,0.789
14,2:medium,3:low,+,0.815
15,2:medium,3:low,+,0.841
16,3:low,3:low,,0.735
17,3:low,3:low,,0.738
18,3:low,3:low,,0.816
19,1:high,1:high,,0.892
20,1:high,1:high,,0.742
21,1:high,1:high,,0.785
22,1:high,1:high,,0.812
23,1:high,1:high,,0.865
24,1:high,1:high,,0.812
25,1:high,1:high,,0.785
26,1:high,1:high,,0.757
27,1:high,1:high,,0.811
28,1:high,1:high,,0.77
29,1:high,1:high,,0.839
30,1:high,1:high,,0.703
31,1:high,1:high,,0.812
32,1:high,1:high,,0.839
33,1:high,1:high,,0.73
34,1:high,1:high,,0.757
35,1:high,1:high,,0.785
36,1:high,1:high,,0.73
37,1:high,1:high,,0.703
38,1:high,1:high,,0.893
39,1:high,1:high,,0.919
40,1:high,1:high,,0.784
41,1:high,1:high,,0.785
42,1:high,1:high,,0.866
43,1:high,2:medium,+,0.495
44,1:high,1:high,,0.679
45,2:medium,1:high,+,0.491
46,3:low,2:medium,+,0.546
47,2:medium,3:low,+,0.496
48,1:high,1:high,,0.813

