inst#,actual,predicted,error,prediction
1,3:low,3:low,,0.841
2,3:low,3:low,,0.816
3,2:medium,3:low,+,0.695
4,3:low,3:low,,0.879
5,3:low,3:low,,0.704
6,3:low,3:low,,0.769
7,3:low,3:low,,0.766
8,3:low,3:low,,0.829
9,3:low,3:low,,0.881
10,3:low,2:medium,+,0.631
11,3:low,3:low,,0.777
12,2:medium,3:low,+,0.525
13,2:medium,3:low,+,0.532
14,2:medium,3:low,+,0.788
15,2:medium,3:low,+,0.77
16,3:low,3:low,,0.869
17,3:low,3:low,,0.902
18,3:low,3:low,,0.933
19,1:high,1:high,,0.999
20,1:high,1:high,,0.793
21,1:high,1:high,,0.877
22,1:high,1:high,,0.901
23,1:high,1:high,,0.688
24,1:high,1:high,,0.854
25,1:high,1:high,,0.91
26,1:high,1:high,,0.883
27,1:high,1:high,,0.926
28,1:high,1:high,,0.976
29,1:high,1:high,,0.951
30,1:high,1:high,,0.836
31,1:high,1:high,,0.966
32,1:high,1:high,,0.952
33,1:high,1:high,,0.908
34,1:high,1:high,,0.837
35,1:high,1:high,,0.914
36,1:high,1:high,,0.834
37,1:high,1:high,,0.872
38,1:high,1:high,,0.936
39,1:high,1:high,,0.952
40,1:high,1:high,,0.92
41,1:high,1:high,,0.823
42,1:high,1:high,,0.934
43,1:high,2:medium,+,0.611
44,1:high,1:high,,0.705
45,2:medium,2:medium,,0.548
46,3:low,2:medium,+,0.573
47,2:medium,2:medium,,0.582
48,1:high,2:medium,+,0.749

