inst#,actual,predicted,error,prediction
1,3:low,3:low,,0.878
2,3:low,3:low,,0.94
3,2:medium,3:low,+,0.786
4,3:low,3:low,,0.908
5,3:low,3:low,,0.811
6,3:low,3:low,,0.864
7,3:low,3:low,,0.864
8,3:low,3:low,,0.895
9,3:low,3:low,,0.916
10,3:low,3:low,,0.557
11,3:low,3:low,,0.885
12,2:medium,3:low,+,0.813
13,2:medium,3:low,+,0.841
14,2:medium,3:low,+,0.849
15,2:medium,3:low,+,0.899
16,3:low,3:low,,0.83
17,3:low,3:low,,0.905
18,3:low,3:low,,0.898
19,1:high,1:high,,0.69
20,1:high,1:high,,0.789
21,1:high,1:high,,0.701
22,1:high,1:high,,0.67
23,1:high,1:high,,0.703
24,1:high,1:high,,0.774
25,1:high,1:high,,0.84
26,1:high,1:high,,0.871
27,1:high,1:high,,0.807
28,1:high,1:high,,0.843
29,1:high,1:high,,0.859
30,1:high,1:high,,0.737
31,1:high,1:high,,0.896
32,1:high,1:high,,0.849
33,1:high,1:high,,0.774
34,1:high,1:high,,0.74
35,1:high,1:high,,0.749
36,1:high,1:high,,0.654
37,1:high,1:high,,0.714
38,1:high,1:high,,0.768
39,1:high,1:high,,0.756
40,1:high,1:high,,0.771
41,1:high,1:high,,0.706
42,1:high,1:high,,0.75
43,1:high,2:medium,+,0.814
44,1:high,2:medium,+,0.404
45,2:medium,3:low,+,0.811
46,3:low,3:low,,0.698
47,2:medium,3:low,+,0.758
48,1:high,1:high,,0.562

