inst#,actual,predicted,error,prediction
1,3:low,3:low,,0.874
2,3:low,3:low,,0.862
3,2:medium,3:low,+,0.808
4,3:low,3:low,,0.741
5,3:low,3:low,,0.789
6,3:low,3:low,,0.761
7,3:low,3:low,,0.767
8,3:low,3:low,,0.709
9,3:low,3:low,,0.888
10,3:low,3:low,,0.48
11,3:low,3:low,,0.83
12,2:medium,3:low,+,0.756
13,2:medium,3:low,+,0.699
14,2:medium,3:low,+,0.837
15,2:medium,3:low,+,0.736
16,3:low,3:low,,0.877
17,3:low,3:low,,0.735
18,3:low,3:low,,0.845
19,1:high,1:high,,0.861
20,1:high,1:high,,0.704
21,1:high,1:high,,0.884
22,1:high,1:high,,0.911
23,1:high,1:high,,0.885
24,1:high,1:high,,0.916
25,1:high,1:high,,0.888
26,1:high,1:high,,0.889
27,1:high,1:high,,0.917
28,1:high,1:high,,0.951
29,1:high,1:high,,0.889
30,1:high,1:high,,0.861
31,1:high,1:high,,0.837
32,1:high,1:high,,0.837
33,1:high,1:high,,0.89
34,1:high,1:high,,0.861
35,1:high,1:high,,0.86
36,1:high,1:high,,0.86
37,1:high,1:high,,0.86
38,1:high,1:high,,0.86
39,1:high,1:high,,0.836
40,1:high,1:high,,0.86
41,1:high,1:high,,0.861
42,1:high,1:high,,0.86
43,1:high,1:high,,0.498
44,1:high,1:high,,0.539
45,2:medium,2:medium,,0.418
46,3:low,2:medium,+,0.494
47,2:medium,3:low,+,0.481
48,1:high,2:medium,+,0.449

