inst#,actual,predicted,error,prediction
1,3:low,3:low,,0.933
2,3:low,3:low,,0.977
3,2:medium,3:low,+,0.942
4,3:low,3:low,,0.856
5,3:low,3:low,,0.85
6,3:low,3:low,,0.86
7,3:low,3:low,,0.854
8,3:low,3:low,,0.88
9,3:low,3:low,,0.912
10,3:low,3:low,,0.953
11,3:low,3:low,,0.915
12,2:medium,3:low,+,0.933
13,2:medium,3:low,+,0.907
14,2:medium,3:low,+,0.867
15,2:medium,3:low,+,0.901
16,3:low,3:low,,0.895
17,3:low,3:low,,0.889
18,3:low,3:low,,0.887
19,1:high,2:medium,+,0.699
20,1:high,1:high,,0.66
21,1:high,1:high,,0.921
22,1:high,1:high,,0.953
23,1:high,1:high,,0.735
24,1:high,1:high,,0.875
25,1:high,1:high,,0.956
26,1:high,1:high,,0.962
27,1:high,1:high,,0.805
28,1:high,1:high,,0.943
29,1:high,1:high,,0.867
30,1:high,1:high,,0.93
31,1:high,1:high,,0.864
32,1:high,1:high,,0.867
33,1:high,1:high,,0.917
34,1:high,1:high,,0.553
35,1:high,1:high,,0.567
36,1:high,1:high,,0.689
37,1:high,1:high,,0.622
38,1:high,1:high,,0.639
39,1:high,1:high,,0.552
40,1:high,1:high,,0.596
41,1:high,1:high,,0.428
42,1:high,1:high,,0.554
43,1:high,2:medium,+,0.982
44,1:high,2:medium,+,0.984
45,2:medium,3:low,+,0.69
46,3:low,3:low,,0.972
47,2:medium,3:low,+,0.943
48,1:high,3:low,+,0.776

