inst#,actual,predicted,error,prediction
1,3:low,3:low,,0.917
2,3:low,3:low,,0.945
3,2:medium,3:low,+,0.887
4,3:low,3:low,,0.8
5,3:low,3:low,,0.929
6,3:low,3:low,,0.883
7,3:low,3:low,,0.881
8,3:low,3:low,,0.79
9,3:low,3:low,,0.905
10,3:low,2:medium,+,0.499
11,3:low,3:low,,0.717
12,2:medium,3:low,+,0.683
13,2:medium,3:low,+,0.651
14,2:medium,3:low,+,0.828
15,2:medium,3:low,+,0.76
16,3:low,3:low,,0.771
17,3:low,3:low,,0.652
18,3:low,3:low,,0.796
19,1:high,1:high,,0.973
20,1:high,1:high,,0.953
21,1:high,1:high,,0.944
22,1:high,1:high,,0.954
23,1:high,1:high,,0.942
24,1:high,1:high,,0.963
25,1:high,1:high,,0.943
26,1:high,1:high,,0.945
27,1:high,1:high,,0.945
28,1:high,1:high,,0.941
29,1:high,1:high,,0.952
30,1:high,1:high,,0.931
31,1:high,1:high,,0.952
32,1:high,1:high,,0.941
33,1:high,1:high,,0.921
34,1:high,1:high,,0.94
35,1:high,1:high,,0.973
36,1:high,1:high,,0.951
37,1:high,1:high,,0.951
38,1:high,1:high,,0.962
39,1:high,1:high,,0.973
40,1:high,1:high,,0.972
41,1:high,1:high,,0.952
42,1:high,1:high,,0.972
43,1:high,2:medium,+,0.533
44,1:high,1:high,,0.658
45,2:medium,2:medium,,0.568
46,3:low,2:medium,+,0.496
47,2:medium,2:medium,,0.489
48,1:high,1:high,,0.847

