inst#,actual,predicted,error,prediction
1,3:low,3:low,,0.84
2,3:low,3:low,,0.803
3,2:medium,3:low,+,0.85
4,3:low,3:low,,0.618
5,3:low,3:low,,0.729
6,3:low,3:low,,0.758
7,3:low,3:low,,0.701
8,3:low,3:low,,0.701
9,3:low,3:low,,0.869
10,3:low,2:medium,+,0.511
11,3:low,3:low,,0.747
12,2:medium,3:low,+,0.747
13,2:medium,3:low,+,0.765
14,2:medium,3:low,+,0.832
15,2:medium,3:low,+,0.794
16,3:low,3:low,,0.767
17,3:low,3:low,,0.756
18,3:low,3:low,,0.878
19,1:high,1:high,,0.919
20,1:high,1:high,,0.849
21,1:high,1:high,,0.738
22,1:high,1:high,,0.768
23,1:high,1:high,,0.738
24,1:high,1:high,,0.819
25,1:high,1:high,,0.819
26,1:high,1:high,,0.778
27,1:high,1:high,,0.849
28,1:high,1:high,,0.85
29,1:high,1:high,,0.869
30,1:high,1:high,,0.768
31,1:high,1:high,,0.92
32,1:high,1:high,,0.899
33,1:high,1:high,,0.899
34,1:high,1:high,,0.728
35,1:high,1:high,,0.829
36,1:high,1:high,,0.768
37,1:high,1:high,,0.748
38,1:high,1:high,,0.859
39,1:high,1:high,,0.88
40,1:high,1:high,,0.829
41,1:high,1:high,,0.799
42,1:high,1:high,,0.89
43,1:high,2:medium,+,0.555
44,1:high,1:high,,0.708
45,2:medium,1:high,+,0.487
46,3:low,3:low,,0.501
47,2:medium,2:medium,,0.475
48,1:high,1:high,,0.87

