inst#,actual,predicted,error,prediction
1,3:low,3:low,,0.768
2,3:low,3:low,,0.971
3,2:medium,3:low,+,0.826
4,3:low,3:low,,0.823
5,3:low,3:low,,0.535
6,3:low,3:low,,0.764
7,3:low,3:low,,0.503
8,3:low,3:low,,0.621
9,3:low,3:low,,0.914
10,3:low,2:medium,+,0.676
11,3:low,3:low,,0.799
12,2:medium,3:low,+,0.565
13,2:medium,3:low,+,0.506
14,2:medium,3:low,+,0.885
15,2:medium,3:low,+,0.73
16,3:low,3:low,,0.857
17,3:low,3:low,,0.882
18,3:low,3:low,,0.913
19,1:high,1:high,,1
20,1:high,1:high,,0.746
21,1:high,1:high,,0.741
22,1:high,1:high,,0.834
23,1:high,1:high,,0.635
24,1:high,1:high,,0.713
25,1:high,1:high,,0.773
26,1:high,1:high,,0.744
27,1:high,1:high,,0.762
28,1:high,1:high,,0.847
29,1:high,1:high,,0.803
30,1:high,1:high,,0.588
31,1:high,1:high,,0.834
32,1:high,1:high,,0.834
33,1:high,1:high,,0.648
34,1:high,1:high,,0.649
35,1:high,1:high,,0.743
36,1:high,1:high,,0.619
37,1:high,1:high,,0.619
38,1:high,1:high,,0.773
39,1:high,1:high,,0.835
40,1:high,1:high,,0.743
41,1:high,1:high,,0.683
42,1:high,1:high,,0.743
43,1:high,2:medium,+,0.564
44,1:high,1:high,,0.849
45,2:medium,2:medium,,0.702
46,3:low,2:medium,+,0.646
47,2:medium,2:medium,,0.562
48,1:high,1:high,,0.672

