inst#,actual,predicted,error,prediction
1,3:low,3:low,,0.575
2,3:low,3:low,,0.59
3,2:medium,3:low,+,0.567
4,3:low,3:low,,0.572
5,3:low,3:low,,0.518
6,3:low,3:low,,0.569
7,3:low,3:low,,0.562
8,3:low,3:low,,0.558
9,3:low,3:low,,0.573
10,3:low,3:low,,0.481
11,3:low,3:low,,0.556
12,2:medium,3:low,+,0.508
13,2:medium,3:low,+,0.517
14,2:medium,3:low,+,0.523
15,2:medium,3:low,+,0.528
16,3:low,3:low,,0.55
17,3:low,3:low,,0.54
18,3:low,3:low,,0.553
19,1:high,1:high,,0.443
20,1:high,1:high,,0.597
21,1:high,1:high,,0.576
22,1:high,1:high,,0.526
23,1:high,1:high,,0.463
24,1:high,1:high,,0.591
25,1:high,1:high,,0.598
26,1:high,1:high,,0.597
27,1:high,1:high,,0.597
28,1:high,1:high,,0.6
29,1:high,1:high,,0.599
30,1:high,1:high,,0.598
31,1:high,1:high,,0.599
32,1:high,1:high,,0.599
33,1:high,1:high,,0.598
34,1:high,1:high,,0.592
35,1:high,1:high,,0.594
36,1:high,1:high,,0.587
37,1:high,1:high,,0.588
38,1:high,1:high,,0.597
39,1:high,1:high,,0.596
40,1:high,1:high,,0.59
41,1:high,1:high,,0.593
42,1:high,1:high,,0.595
43,1:high,2:medium,+,0.599
44,1:high,1:high,,0.446
45,2:medium,3:low,+,0.554
46,3:low,3:low,,0.407
47,2:medium,3:low,+,0.49
48,1:high,1:high,,0.561

