inst#,actual,predicted,error,prediction
1,3:low,3:low,,0.808
2,3:low,3:low,,0.923
3,2:medium,3:low,+,0.846
4,3:low,3:low,,0.731
5,3:low,3:low,,0.731
6,3:low,3:low,,0.808
7,3:low,3:low,,0.846
8,3:low,3:low,,0.769
9,3:low,3:low,,0.885
10,3:low,2:medium,+,0.692
11,3:low,3:low,,0.846
12,2:medium,3:low,+,0.577
13,2:medium,3:low,+,0.577
14,2:medium,3:low,+,0.846
15,2:medium,3:low,+,0.654
16,3:low,3:low,,0.577
17,3:low,2:medium,+,0.538
18,3:low,3:low,,0.615
19,1:high,1:high,,0.846
20,1:high,1:high,,0.654
21,1:high,1:high,,0.654
22,1:high,1:high,,0.654
23,1:high,1:high,,0.654
24,1:high,1:high,,0.731
25,1:high,1:high,,0.654
26,1:high,1:high,,0.615
27,1:high,1:high,,0.731
28,1:high,1:high,,0.846
29,1:high,1:high,,0.885
30,1:high,1:high,,0.808
31,1:high,1:high,,0.885
32,1:high,1:high,,0.808
33,1:high,1:high,,0.654
34,1:high,1:high,,0.692
35,1:high,1:high,,0.731
36,1:high,1:high,,0.692
37,1:high,1:high,,0.731
38,1:high,1:high,,0.808
39,1:high,1:high,,0.885
40,1:high,1:high,,0.885
41,1:high,1:high,,0.808
42,1:high,1:high,,0.846
43,1:high,1:high,,0.423
44,1:high,1:high,,0.577
45,2:medium,2:medium,,0.423
46,3:low,3:low,,0.462
47,2:medium,3:low,+,0.462
48,1:high,1:high,,0.577

