inst#,actual,predicted,error,prediction
1,3:low,3:low,,0.796
2,3:low,3:low,,0.94
3,2:medium,3:low,+,0.839
4,3:low,3:low,,0.863
5,3:low,3:low,,0.914
6,3:low,3:low,,0.9
7,3:low,3:low,,0.924
8,3:low,3:low,,0.877
9,3:low,3:low,,0.949
10,3:low,2:medium,+,0.527
11,3:low,3:low,,0.861
12,2:medium,3:low,+,0.798
13,2:medium,3:low,+,0.852
14,2:medium,3:low,+,0.914
15,2:medium,3:low,+,0.799
16,3:low,3:low,,0.705
17,3:low,3:low,,0.503
18,3:low,3:low,,0.722
19,1:high,1:high,,0.977
20,1:high,1:high,,0.977
21,1:high,1:high,,0.977
22,1:high,1:high,,0.977
23,1:high,1:high,,0.977
24,1:high,1:high,,0.977
25,1:high,1:high,,0.977
26,1:high,1:high,,0.977
27,1:high,1:high,,0.977
28,1:high,1:high,,0.977
29,1:high,1:high,,0.977
30,1:high,1:high,,0.977
31,1:high,1:high,,0.977
32,1:high,1:high,,0.977
33,1:high,1:high,,0.977
34,1:high,1:high,,0.977
35,1:high,1:high,,0.977
36,1:high,1:high,,0.977
37,1:high,1:high,,0.977
38,1:high,1:high,,0.977
39,1:high,1:high,,0.977
40,1:high,1:high,,0.977
41,1:high,1:high,,0.977
42,1:high,1:high,,0.977
43,1:high,2:medium,+,0.649
44,1:high,1:high,,0.641
45,2:medium,2:medium,,0.609
46,3:low,2:medium,+,0.538
47,2:medium,2:medium,,0.508
48,1:high,1:high,,0.798

