inst#,actual,predicted,error,prediction
1,3:low,3:low,,0.847
2,3:low,3:low,,0.901
3,2:medium,3:low,+,0.799
4,3:low,3:low,,0.766
5,3:low,3:low,,0.885
6,3:low,3:low,,0.926
7,3:low,3:low,,0.827
8,3:low,3:low,,0.82
9,3:low,3:low,,0.819
10,3:low,3:low,,0.522
11,3:low,3:low,,0.782
12,2:medium,3:low,+,0.729
13,2:medium,3:low,+,0.652
14,2:medium,3:low,+,0.831
15,2:medium,3:low,+,0.811
16,3:low,3:low,,0.659
17,3:low,3:low,,0.557
18,3:low,3:low,,0.71
19,1:high,1:high,,0.981
20,1:high,1:high,,0.981
21,1:high,1:high,,0.981
22,1:high,1:high,,0.981
23,1:high,1:high,,0.981
24,1:high,1:high,,0.981
25,1:high,1:high,,0.981
26,1:high,1:high,,0.981
27,1:high,1:high,,0.981
28,1:high,1:high,,0.977
29,1:high,1:high,,0.981
30,1:high,1:high,,0.981
31,1:high,1:high,,0.981
32,1:high,1:high,,0.981
33,1:high,1:high,,0.981
34,1:high,1:high,,0.981
35,1:high,1:high,,0.981
36,1:high,1:high,,0.981
37,1:high,1:high,,0.981
38,1:high,1:high,,0.981
39,1:high,1:high,,0.981
40,1:high,1:high,,0.981
41,1:high,1:high,,0.981
42,1:high,1:high,,0.981
43,1:high,2:medium,+,0.514
44,1:high,1:high,,0.776
45,2:medium,2:medium,,0.631
46,3:low,3:low,,0.493
47,2:medium,3:low,+,0.448
48,1:high,1:high,,0.666

