inst#,actual,predicted,error,prediction
1,3:low,3:low,,1
2,3:low,3:low,,1
3,2:medium,3:low,+,1
4,3:low,3:low,,0.991
5,3:low,3:low,,1
6,3:low,3:low,,0.998
7,3:low,3:low,,0.998
8,3:low,3:low,,1
9,3:low,3:low,,1
10,3:low,2:medium,+,0.999
11,3:low,3:low,,1
12,2:medium,3:low,+,0.888
13,2:medium,2:medium,,0.911
14,2:medium,3:low,+,1
15,2:medium,3:low,+,1
16,3:low,3:low,,1
17,3:low,3:low,,0.89
18,3:low,3:low,,1
19,1:high,1:high,,1
20,1:high,1:high,,1
21,1:high,1:high,,1
22,1:high,1:high,,1
23,1:high,1:high,,0.999
24,1:high,1:high,,1
25,1:high,1:high,,1
26,1:high,1:high,,1
27,1:high,1:high,,1
28,1:high,1:high,,1
29,1:high,1:high,,0.998
30,1:high,1:high,,1
31,1:high,1:high,,1
32,1:high,1:high,,1
33,1:high,1:high,,1
34,1:high,1:high,,1
35,1:high,1:high,,0.997
36,1:high,1:high,,0.995
37,1:high,1:high,,0.997
38,1:high,1:high,,1
39,1:high,1:high,,1
40,1:high,1:high,,0.997
41,1:high,1:high,,1
42,1:high,1:high,,1
43,1:high,2:medium,+,0.96
44,1:high,2:medium,+,0.974
45,2:medium,3:low,+,0.581
46,3:low,2:medium,+,0.958
47,2:medium,2:medium,,0.848
48,1:high,1:high,,1

