inst#,actual,predicted,error,prediction
1,2:medium,2:medium,,0.909
2,2:medium,2:medium,,0.909
3,2:medium,2:medium,,0.909
4,2:medium,2:medium,,0.909
5,2:medium,2:medium,,0.909
6,2:medium,2:medium,,0.909
7,2:medium,2:medium,,0.909
8,2:medium,2:medium,,0.909
9,2:medium,2:medium,,0.909
10,2:medium,2:medium,,0.909
11,3:high,2:medium,+,0.909
12,3:high,2:medium,+,0.909
13,3:high,2:medium,+,0.909
14,3:high,2:medium,+,0.909
15,3:high,2:medium,+,0.909
16,3:high,2:medium,+,0.909
17,3:high,2:medium,+,0.909
18,2:medium,2:medium,,0.909
19,2:medium,2:medium,,0.909
20,2:medium,2:medium,,0.909
21,2:medium,2:medium,,0.909
22,2:medium,2:medium,,0.909
23,2:medium,2:medium,,0.909
24,2:medium,2:medium,,0.909
25,2:medium,2:medium,,0.909
26,2:medium,2:medium,,0.909
27,2:medium,2:medium,,0.909
28,2:medium,2:medium,,0.909
29,2:medium,2:medium,,0.909
30,2:medium,2:medium,,0.909
31,1:low,2:medium,+,0.909
32,1:low,2:medium,+,0.909
33,1:low,2:medium,+,0.909
34,1:low,2:medium,+,0.909
35,1:low,2:medium,+,0.909
36,1:low,2:medium,+,0.909
37,1:low,2:medium,+,0.909
38,1:low,2:medium,+,0.909
39,1:low,2:medium,+,0.909
40,1:low,2:medium,+,0.909
41,1:low,2:medium,+,0.909
42,1:low,2:medium,+,0.909
43,1:low,2:medium,+,0.909
44,1:low,2:medium,+,0.909
45,1:low,2:medium,+,0.909
46,1:low,2:medium,+,0.909
47,1:low,2:medium,+,0.909
48,1:low,2:medium,+,0.909
49,1:low,2:medium,+,0.909
50,1:low,2:medium,+,0.909
51,1:low,2:medium,+,0.909
52,1:low,2:medium,+,0.909
53,1:low,2:medium,+,0.909
54,1:low,2:medium,+,0.909
55,1:low,2:medium,+,0.909
56,1:low,2:medium,+,0.909
57,1:low,2:medium,+,0.909
58,1:low,2:medium,+,0.909
59,1:low,2:medium,+,0.909
60,1:low,2:medium,+,0.909
61,1:low,2:medium,+,0.909
62,2:medium,2:medium,,0.909
63,2:medium,2:medium,,0.909
64,2:medium,2:medium,,0.909
65,2:medium,2:medium,,0.909
66,2:medium,2:medium,,0.909
67,2:medium,2:medium,,0.909
68,2:medium,2:medium,,0.909
69,3:high,2:medium,+,0.909
70,3:high,2:medium,+,0.909
71,3:high,2:medium,+,0.909
72,3:high,2:medium,+,0.909

