inst#,actual,predicted,error,prediction
1,2:medium,2:medium,,0.973
2,2:medium,2:medium,,0.973
3,2:medium,2:medium,,0.973
4,2:medium,2:medium,,0.973
5,2:medium,2:medium,,0.973
6,2:medium,2:medium,,0.973
7,2:medium,2:medium,,0.973
8,2:medium,2:medium,,0.973
9,2:medium,2:medium,,0.973
10,2:medium,2:medium,,0.973
11,3:high,2:medium,+,0.973
12,3:high,2:medium,+,0.973
13,3:high,2:medium,+,0.973
14,3:high,2:medium,+,0.973
15,3:high,2:medium,+,0.973
16,3:high,2:medium,+,0.973
17,3:high,2:medium,+,0.973
18,2:medium,2:medium,,0.973
19,2:medium,2:medium,,0.973
20,2:medium,2:medium,,0.973
21,2:medium,2:medium,,0.973
22,2:medium,2:medium,,0.973
23,2:medium,2:medium,,0.973
24,2:medium,2:medium,,0.973
25,2:medium,2:medium,,0.973
26,2:medium,2:medium,,0.973
27,2:medium,2:medium,,0.973
28,2:medium,2:medium,,0.973
29,2:medium,2:medium,,0.973
30,2:medium,2:medium,,0.973
31,1:low,2:medium,+,0.973
32,1:low,2:medium,+,0.973
33,1:low,2:medium,+,0.973
34,1:low,2:medium,+,0.973
35,1:low,2:medium,+,0.973
36,1:low,2:medium,+,0.973
37,1:low,2:medium,+,0.973
38,1:low,2:medium,+,0.973
39,1:low,2:medium,+,0.973
40,1:low,2:medium,+,0.973
41,1:low,2:medium,+,0.973
42,1:low,2:medium,+,0.973
43,1:low,2:medium,+,0.973
44,1:low,2:medium,+,0.973
45,1:low,2:medium,+,0.973
46,1:low,2:medium,+,0.973
47,1:low,2:medium,+,0.973
48,1:low,2:medium,+,0.973
49,1:low,2:medium,+,0.973
50,1:low,2:medium,+,0.973
51,1:low,2:medium,+,0.973
52,1:low,2:medium,+,0.973
53,1:low,2:medium,+,0.973
54,1:low,2:medium,+,0.973
55,1:low,2:medium,+,0.973
56,1:low,2:medium,+,0.973
57,1:low,2:medium,+,0.973
58,1:low,2:medium,+,0.973
59,1:low,2:medium,+,0.973
60,1:low,2:medium,+,0.973
61,1:low,2:medium,+,0.973
62,2:medium,2:medium,,0.973
63,2:medium,2:medium,,0.973
64,2:medium,2:medium,,0.973
65,2:medium,2:medium,,0.973
66,2:medium,2:medium,,0.973
67,2:medium,2:medium,,0.973
68,2:medium,2:medium,,0.973
69,3:high,2:medium,+,0.973
70,3:high,2:medium,+,0.973
71,3:high,2:medium,+,0.973
72,3:high,2:medium,+,0.973

