inst#,actual,predicted,error,prediction
1,2:medium,2:medium,,0.6
2,2:medium,2:medium,,0.6
3,2:medium,2:medium,,0.6
4,2:medium,2:medium,,0.6
5,2:medium,2:medium,,0.6
6,2:medium,2:medium,,0.6
7,2:medium,2:medium,,0.6
8,2:medium,2:medium,,0.6
9,2:medium,2:medium,,0.6
10,2:medium,2:medium,,0.6
11,3:high,2:medium,+,0.6
12,3:high,2:medium,+,0.6
13,3:high,2:medium,+,0.6
14,3:high,2:medium,+,0.6
15,3:high,2:medium,+,0.6
16,3:high,2:medium,+,0.6
17,3:high,2:medium,+,0.6
18,2:medium,2:medium,,0.6
19,2:medium,2:medium,,0.6
20,2:medium,2:medium,,0.6
21,2:medium,2:medium,,0.6
22,2:medium,2:medium,,0.6
23,2:medium,2:medium,,0.6
24,2:medium,2:medium,,0.6
25,2:medium,2:medium,,0.6
26,2:medium,2:medium,,0.6
27,2:medium,2:medium,,0.6
28,2:medium,2:medium,,0.6
29,2:medium,2:medium,,0.6
30,2:medium,2:medium,,0.6
31,1:low,2:medium,+,0.6
32,1:low,2:medium,+,0.6
33,1:low,2:medium,+,0.6
34,1:low,2:medium,+,0.6
35,1:low,2:medium,+,0.6
36,1:low,2:medium,+,0.6
37,1:low,2:medium,+,0.6
38,1:low,2:medium,+,0.6
39,1:low,2:medium,+,0.6
40,1:low,2:medium,+,0.6
41,1:low,2:medium,+,0.6
42,1:low,2:medium,+,0.6
43,1:low,2:medium,+,0.6
44,1:low,2:medium,+,0.6
45,1:low,2:medium,+,0.6
46,1:low,2:medium,+,0.6
47,1:low,2:medium,+,0.6
48,1:low,2:medium,+,0.6
49,1:low,2:medium,+,0.6
50,1:low,2:medium,+,0.6
51,1:low,2:medium,+,0.6
52,1:low,2:medium,+,0.6
53,1:low,2:medium,+,0.6
54,1:low,2:medium,+,0.6
55,1:low,2:medium,+,0.6
56,1:low,2:medium,+,0.6
57,1:low,2:medium,+,0.6
58,1:low,2:medium,+,0.6
59,1:low,2:medium,+,0.6
60,1:low,2:medium,+,0.6
61,1:low,2:medium,+,0.6
62,2:medium,2:medium,,0.6
63,2:medium,2:medium,,0.6
64,2:medium,2:medium,,0.6
65,2:medium,2:medium,,0.6
66,2:medium,2:medium,,0.6
67,2:medium,2:medium,,0.6
68,2:medium,2:medium,,0.6
69,3:high,2:medium,+,0.6
70,3:high,2:medium,+,0.6
71,3:high,2:medium,+,0.6
72,3:high,2:medium,+,0.6

