inst#,actual,predicted,error,prediction
1,2:medium,2:medium,,0.994
2,2:medium,2:medium,,0.994
3,2:medium,2:medium,,0.994
4,2:medium,2:medium,,0.994
5,2:medium,2:medium,,0.994
6,2:medium,2:medium,,0.994
7,2:medium,2:medium,,0.994
8,2:medium,2:medium,,0.994
9,2:medium,2:medium,,0.994
10,2:medium,2:medium,,0.994
11,3:high,2:medium,+,0.994
12,3:high,2:medium,+,0.994
13,3:high,2:medium,+,0.994
14,3:high,2:medium,+,0.994
15,3:high,2:medium,+,0.994
16,3:high,2:medium,+,0.994
17,3:high,2:medium,+,0.994
18,2:medium,2:medium,,0.994
19,2:medium,2:medium,,0.994
20,2:medium,2:medium,,0.994
21,2:medium,2:medium,,0.994
22,2:medium,2:medium,,0.994
23,2:medium,2:medium,,0.994
24,2:medium,2:medium,,0.994
25,2:medium,2:medium,,0.994
26,2:medium,2:medium,,0.994
27,2:medium,2:medium,,0.994
28,2:medium,2:medium,,0.994
29,2:medium,2:medium,,0.994
30,2:medium,2:medium,,0.994
31,1:low,2:medium,+,0.994
32,1:low,2:medium,+,0.994
33,1:low,2:medium,+,0.994
34,1:low,2:medium,+,0.994
35,1:low,2:medium,+,0.994
36,1:low,2:medium,+,0.994
37,1:low,2:medium,+,0.994
38,1:low,2:medium,+,0.994
39,1:low,2:medium,+,0.994
40,1:low,2:medium,+,0.994
41,1:low,2:medium,+,0.994
42,1:low,2:medium,+,0.994
43,1:low,2:medium,+,0.994
44,1:low,2:medium,+,0.994
45,1:low,2:medium,+,0.994
46,1:low,2:medium,+,0.994
47,1:low,2:medium,+,0.994
48,1:low,2:medium,+,0.994
49,1:low,2:medium,+,0.994
50,1:low,2:medium,+,0.994
51,1:low,2:medium,+,0.994
52,1:low,2:medium,+,0.994
53,1:low,2:medium,+,0.994
54,1:low,2:medium,+,0.994
55,1:low,2:medium,+,0.994
56,1:low,2:medium,+,0.994
57,1:low,2:medium,+,0.994
58,1:low,2:medium,+,0.994
59,1:low,2:medium,+,0.994
60,1:low,2:medium,+,0.994
61,1:low,2:medium,+,0.994
62,2:medium,2:medium,,0.994
63,2:medium,2:medium,,0.994
64,2:medium,2:medium,,0.994
65,2:medium,2:medium,,0.994
66,2:medium,2:medium,,0.994
67,2:medium,2:medium,,0.994
68,2:medium,2:medium,,0.994
69,3:high,2:medium,+,0.994
70,3:high,2:medium,+,0.994
71,3:high,2:medium,+,0.994
72,3:high,2:medium,+,0.994

