inst#,actual,predicted,error,distribution,,
1,3:low,3:low,,0,0,*1
2,3:low,3:low,,0,0,*1
3,2:medium,3:low,+,0,0,*1
4,3:low,3:low,,0,0,*1
5,3:low,3:low,,0,0,*1
6,3:low,3:low,,0,0,*1
7,3:low,3:low,,0,0,*1
8,3:low,2:medium,+,0.006,*0.994,0
9,3:low,3:low,,0,0,*1
10,3:low,3:low,,0,0,*1
11,3:low,3:low,,0,0,*1
12,2:medium,2:medium,,0,*1,0
13,3:low,2:medium,+,0,*1,0
14,3:low,3:low,,0,0,*1
15,3:low,2:medium,+,0,*0.743,0.257
16,2:medium,2:medium,,0,*1,0
17,3:low,2:medium,+,0,*1,0
18,2:medium,3:low,+,0,0,*1
19,3:low,3:low,,0,0,*1
20,3:low,3:low,,0,0,*1
21,1:high,1:high,,*1,0,0
22,3:low,3:low,,0,0,*1
23,3:low,3:low,,0,0,*1
24,3:low,3:low,,0,0.04,*0.96
25,3:low,3:low,,0,0,*1
26,3:low,3:low,,0,0,*1
27,3:low,3:low,,0,0,*1
28,3:low,3:low,,0,0,*1
29,3:low,3:low,,0,0,*1
30,3:low,3:low,,0,0,*1
31,3:low,3:low,,0,0,*1
32,3:low,2:medium,+,0,*1,0
33,3:low,2:medium,+,0,*1,0
34,3:low,2:medium,+,0,*1,0
35,3:low,2:medium,+,0,*0.999,0.001
36,3:low,2:medium,+,0,*1,0
37,3:low,3:low,,0,0.001,*0.999
38,3:low,3:low,,0,0,*1
39,3:low,2:medium,+,0,*1,0
40,3:low,2:medium,+,0,*1,0
41,3:low,2:medium,+,0,*1,0
42,3:low,2:medium,+,0,*1,0
43,3:low,2:medium,+,0,*1,0
44,3:low,2:medium,+,0,*0.95,0.05
45,3:low,2:medium,+,0,*1,0
46,3:low,2:medium,+,0,*1,0
47,3:low,2:medium,+,0,*1,0
48,3:low,2:medium,+,0,*1,0
