inst#,actual,predicted,error,prediction
1,2:medium,2:medium,,0.989
2,2:medium,2:medium,,0.989
3,2:medium,2:medium,,0.989
4,2:medium,2:medium,,0.989
5,2:medium,2:medium,,0.989
6,2:medium,2:medium,,0.989
7,2:medium,2:medium,,0.989
8,2:medium,2:medium,,0.989
9,2:medium,2:medium,,0.989
10,2:medium,2:medium,,0.989
11,2:medium,2:medium,,0.989
12,2:medium,2:medium,,0.989
13,2:medium,2:medium,,0.989
14,2:medium,2:medium,,0.989
15,2:medium,2:medium,,0.989
16,2:medium,2:medium,,0.989
17,2:medium,2:medium,,0.989
18,2:medium,2:medium,,0.989
19,2:medium,2:medium,,0.989
20,2:medium,2:medium,,0.989
21,2:medium,2:medium,,0.989
22,2:medium,2:medium,,0.989
23,2:medium,2:medium,,0.989
24,2:medium,2:medium,,0.989
25,2:medium,2:medium,,0.989
26,2:medium,2:medium,,0.989
27,2:medium,2:medium,,0.989
28,2:medium,2:medium,,0.989
29,2:medium,2:medium,,0.989
30,2:medium,2:medium,,0.989
31,2:medium,2:medium,,0.989
32,2:medium,2:medium,,0.989
33,2:medium,2:medium,,0.989
34,2:medium,2:medium,,0.989
35,2:medium,2:medium,,0.989
36,2:medium,2:medium,,0.989
37,2:medium,2:medium,,0.989
38,2:medium,2:medium,,0.989
39,1:low,2:medium,+,0.989
40,2:medium,2:medium,,0.989
41,1:low,2:medium,+,0.989
42,1:low,2:medium,+,0.989
43,1:low,2:medium,+,0.989
44,1:low,2:medium,+,0.989
45,1:low,2:medium,+,0.989
46,1:low,2:medium,+,0.989
47,1:low,2:medium,+,0.989
48,1:low,2:medium,+,0.989
49,1:low,2:medium,+,0.989
50,1:low,2:medium,+,0.989
51,1:low,2:medium,+,0.989
52,1:low,2:medium,+,0.989
53,1:low,2:medium,+,0.989
54,1:low,2:medium,+,0.989
55,1:low,2:medium,+,0.989
56,1:low,2:medium,+,0.989
57,1:low,2:medium,+,0.989
58,1:low,2:medium,+,0.989
59,1:low,2:medium,+,0.989
60,1:low,2:medium,+,0.989
61,1:low,2:medium,+,0.989
62,1:low,2:medium,+,0.989
63,1:low,2:medium,+,0.989
64,1:low,2:medium,+,0.989
65,1:low,2:medium,+,0.989
66,1:low,2:medium,+,0.989
67,1:low,2:medium,+,0.989
68,1:low,2:medium,+,0.989
69,1:low,2:medium,+,0.989
70,1:low,2:medium,+,0.989
71,1:low,2:medium,+,0.989
72,1:low,2:medium,+,0.989
73,1:low,2:medium,+,0.989
74,1:low,2:medium,+,0.989
75,1:low,2:medium,+,0.989
76,1:low,2:medium,+,0.989
77,1:low,2:medium,+,0.989
78,1:low,2:medium,+,0.989
79,1:low,2:medium,+,0.989
80,1:low,2:medium,+,0.989
81,1:low,2:medium,+,0.989
82,1:low,2:medium,+,0.989
83,1:low,2:medium,+,0.989
84,1:low,2:medium,+,0.989
85,1:low,2:medium,+,0.989
86,1:low,2:medium,+,0.989
87,1:low,2:medium,+,0.989
88,1:low,2:medium,+,0.989
89,1:low,2:medium,+,0.989
90,1:low,2:medium,+,0.989
91,1:low,2:medium,+,0.989
92,1:low,2:medium,+,0.989
93,1:low,2:medium,+,0.989
94,1:low,2:medium,+,0.989
95,1:low,2:medium,+,0.989
96,1:low,2:medium,+,0.989
97,1:low,2:medium,+,0.989
98,1:low,2:medium,+,0.989
99,1:low,2:medium,+,0.989
100,1:low,2:medium,+,0.989
101,1:low,2:medium,+,0.989
102,1:low,2:medium,+,0.989
103,1:low,2:medium,+,0.989
104,1:low,2:medium,+,0.989
105,1:low,2:medium,+,0.989
106,1:low,2:medium,+,0.989
107,1:low,2:medium,+,0.989
108,1:low,2:medium,+,0.989
109,1:low,2:medium,+,0.989
110,1:low,2:medium,+,0.989
111,1:low,2:medium,+,0.989
112,1:low,2:medium,+,0.989
113,1:low,2:medium,+,0.989
114,1:low,2:medium,+,0.989
115,1:low,2:medium,+,0.989
116,1:low,2:medium,+,0.989
117,1:low,2:medium,+,0.989
118,1:low,2:medium,+,0.989
119,1:low,2:medium,+,0.989
120,1:low,2:medium,+,0.989
121,1:low,2:medium,+,0.989
122,1:low,2:medium,+,0.989
123,1:low,2:medium,+,0.989
124,1:low,2:medium,+,0.989
125,1:low,2:medium,+,0.989
126,1:low,2:medium,+,0.989
127,1:low,2:medium,+,0.989
128,1:low,2:medium,+,0.989
129,1:low,2:medium,+,0.989
130,1:low,2:medium,+,0.989
131,1:low,2:medium,+,0.989
132,1:low,2:medium,+,0.989
133,1:low,2:medium,+,0.989
134,1:low,2:medium,+,0.989
135,1:low,2:medium,+,0.989
136,1:low,2:medium,+,0.989
137,1:low,2:medium,+,0.989
138,1:low,2:medium,+,0.989
139,1:low,2:medium,+,0.989
140,1:low,2:medium,+,0.989
141,1:low,2:medium,+,0.989
142,1:low,2:medium,+,0.989
143,1:low,2:medium,+,0.989
144,1:low,2:medium,+,0.989
145,1:low,2:medium,+,0.989
146,1:low,2:medium,+,0.989
147,1:low,2:medium,+,0.989
148,1:low,2:medium,+,0.989
149,1:low,2:medium,+,0.989
150,1:low,2:medium,+,0.989
151,1:low,2:medium,+,0.989
152,1:low,2:medium,+,0.989
153,1:low,2:medium,+,0.989
154,1:low,2:medium,+,0.989
155,1:low,2:medium,+,0.989
156,1:low,2:medium,+,0.989
157,2:medium,2:medium,,0.989
158,1:low,2:medium,+,0.989
159,2:medium,2:medium,,0.989
160,2:medium,2:medium,,0.989
161,1:low,2:medium,+,0.989
162,1:low,2:medium,+,0.989
163,1:low,2:medium,+,0.989
164,2:medium,2:medium,,0.989
165,1:low,2:medium,+,0.989
166,2:medium,2:medium,,0.989
167,1:low,2:medium,+,0.989
168,1:low,2:medium,+,0.989
169,2:medium,2:medium,,0.989
170,2:medium,2:medium,,0.989
171,1:low,2:medium,+,0.989
172,1:low,2:medium,+,0.989
173,2:medium,2:medium,,0.989
174,1:low,2:medium,+,0.989
175,2:medium,2:medium,,0.989
176,2:medium,2:medium,,0.989

