inst#,actual,predicted,error,prediction
1,2:medium,2:medium,,0.997
2,2:medium,2:medium,,0.997
3,2:medium,2:medium,,0.997
4,2:medium,2:medium,,0.998
5,2:medium,2:medium,,0.998
6,2:medium,2:medium,,0.998
7,2:medium,2:medium,,0.998
8,2:medium,2:medium,,0.998
9,2:medium,2:medium,,0.998
10,2:medium,2:medium,,0.998
11,2:medium,2:medium,,0.998
12,2:medium,2:medium,,0.998
13,2:medium,2:medium,,0.998
14,2:medium,2:medium,,0.998
15,2:medium,2:medium,,0.998
16,2:medium,2:medium,,0.998
17,2:medium,2:medium,,0.998
18,2:medium,2:medium,,0.998
19,2:medium,2:medium,,0.998
20,2:medium,2:medium,,0.998
21,2:medium,2:medium,,0.998
22,2:medium,2:medium,,0.998
23,2:medium,2:medium,,0.998
24,2:medium,2:medium,,0.998
25,2:medium,2:medium,,0.998
26,2:medium,2:medium,,0.998
27,2:medium,2:medium,,0.998
28,2:medium,2:medium,,0.998
29,2:medium,2:medium,,0.998
30,2:medium,2:medium,,0.998
31,2:medium,2:medium,,0.998
32,2:medium,2:medium,,0.998
33,2:medium,2:medium,,0.998
34,2:medium,2:medium,,0.998
35,2:medium,2:medium,,0.998
36,2:medium,2:medium,,0.998
37,2:medium,2:medium,,0.998
38,2:medium,2:medium,,0.997
39,1:low,2:medium,+,0.997
40,2:medium,2:medium,,0.994
41,1:low,2:medium,+,0.988
42,1:low,2:medium,+,0.987
43,1:low,2:medium,+,0.988
44,1:low,2:medium,+,0.99
45,1:low,2:medium,+,0.991
46,1:low,2:medium,+,0.992
47,1:low,2:medium,+,0.993
48,1:low,2:medium,+,0.993
49,1:low,2:medium,+,0.994
50,1:low,2:medium,+,0.994
51,1:low,2:medium,+,0.994
52,1:low,2:medium,+,0.994
53,1:low,2:medium,+,0.994
54,1:low,2:medium,+,0.994
55,1:low,2:medium,+,0.993
56,1:low,2:medium,+,0.994
57,1:low,2:medium,+,0.994
58,1:low,2:medium,+,0.992
59,1:low,2:medium,+,0.992
60,1:low,2:medium,+,0.992
61,1:low,2:medium,+,0.992
62,1:low,2:medium,+,0.991
63,1:low,2:medium,+,0.985
64,1:low,2:medium,+,0.991
65,1:low,2:medium,+,0.99
66,1:low,2:medium,+,0.99
67,1:low,2:medium,+,0.989
68,1:low,2:medium,+,0.989
69,1:low,2:medium,+,0.989
70,1:low,2:medium,+,0.988
71,1:low,2:medium,+,0.989
72,1:low,2:medium,+,0.991
73,1:low,2:medium,+,0.99
74,1:low,2:medium,+,0.995
75,1:low,2:medium,+,0.995
76,1:low,2:medium,+,0.994
77,1:low,2:medium,+,0.995
78,1:low,2:medium,+,0.995
79,1:low,2:medium,+,0.994
80,1:low,2:medium,+,0.994
81,1:low,2:medium,+,0.995
82,1:low,2:medium,+,0.996
83,1:low,2:medium,+,0.996
84,1:low,2:medium,+,0.991
85,1:low,2:medium,+,0.993
86,1:low,2:medium,+,0.987
87,1:low,2:medium,+,0.989
88,1:low,2:medium,+,0.989
89,1:low,2:medium,+,0.989
90,1:low,2:medium,+,0.989
91,1:low,2:medium,+,0.99
92,1:low,2:medium,+,0.989
93,1:low,2:medium,+,0.989
94,1:low,2:medium,+,0.989
95,1:low,2:medium,+,0.989
96,1:low,2:medium,+,0.989
97,1:low,2:medium,+,0.989
98,1:low,2:medium,+,0.989
99,1:low,2:medium,+,0.989
100,1:low,2:medium,+,0.99
101,1:low,2:medium,+,0.99
102,1:low,2:medium,+,0.99
103,1:low,2:medium,+,0.989
104,1:low,2:medium,+,0.99
105,1:low,2:medium,+,0.989
106,1:low,2:medium,+,0.989
107,1:low,2:medium,+,0.99
108,1:low,2:medium,+,0.99
109,1:low,2:medium,+,0.989
110,1:low,2:medium,+,0.989
111,1:low,2:medium,+,0.989
112,1:low,2:medium,+,0.989
113,1:low,2:medium,+,0.988
114,1:low,2:medium,+,0.989
115,1:low,2:medium,+,0.989
116,1:low,2:medium,+,0.989
117,1:low,2:medium,+,0.989
118,1:low,2:medium,+,0.989
119,1:low,2:medium,+,0.989
120,1:low,2:medium,+,0.989
121,1:low,2:medium,+,0.989
122,1:low,2:medium,+,0.989
123,1:low,2:medium,+,0.99
124,1:low,2:medium,+,0.99
125,1:low,2:medium,+,0.99
126,1:low,2:medium,+,0.99
127,1:low,2:medium,+,0.99
128,1:low,2:medium,+,0.99
129,1:low,2:medium,+,0.99
130,1:low,2:medium,+,0.99
131,1:low,2:medium,+,0.99
132,1:low,2:medium,+,0.99
133,1:low,2:medium,+,0.99
134,1:low,2:medium,+,0.99
135,1:low,2:medium,+,0.99
136,1:low,2:medium,+,0.99
137,1:low,2:medium,+,0.99
138,1:low,2:medium,+,0.989
139,1:low,2:medium,+,0.99
140,1:low,2:medium,+,0.99
141,1:low,2:medium,+,0.99
142,1:low,2:medium,+,0.989
143,1:low,2:medium,+,0.989
144,1:low,2:medium,+,0.989
145,1:low,2:medium,+,0.99
146,1:low,2:medium,+,0.99
147,1:low,2:medium,+,0.99
148,1:low,2:medium,+,0.99
149,1:low,2:medium,+,0.99
150,1:low,2:medium,+,0.99
151,1:low,2:medium,+,0.99
152,1:low,2:medium,+,0.989
153,1:low,2:medium,+,0.99
154,1:low,2:medium,+,0.99
155,1:low,2:medium,+,0.989
156,1:low,2:medium,+,0.99
157,2:medium,2:medium,,0.99
158,1:low,2:medium,+,0.99
159,2:medium,2:medium,,0.99
160,2:medium,2:medium,,0.99
161,1:low,2:medium,+,0.991
162,1:low,2:medium,+,0.99
163,1:low,2:medium,+,0.99
164,2:medium,2:medium,,0.99
165,1:low,2:medium,+,0.99
166,2:medium,2:medium,,0.99
167,1:low,2:medium,+,0.99
168,1:low,2:medium,+,0.99
169,2:medium,2:medium,,0.99
170,2:medium,2:medium,,0.99
171,1:low,2:medium,+,0.99
172,1:low,2:medium,+,0.99
173,2:medium,2:medium,,0.99
174,1:low,2:medium,+,0.99
175,2:medium,2:medium,,0.99
176,2:medium,2:medium,,0.99

