inst#,actual,predicted,error,prediction
1,2:medium,2:medium,,0.996
2,2:medium,2:medium,,0.996
3,2:medium,2:medium,,0.996
4,2:medium,2:medium,,0.997
5,2:medium,2:medium,,0.997
6,2:medium,2:medium,,0.997
7,2:medium,2:medium,,0.997
8,2:medium,2:medium,,0.997
9,2:medium,2:medium,,0.997
10,2:medium,2:medium,,0.997
11,2:medium,2:medium,,0.997
12,2:medium,2:medium,,0.997
13,2:medium,2:medium,,0.997
14,2:medium,2:medium,,0.997
15,2:medium,2:medium,,0.997
16,2:medium,2:medium,,0.997
17,2:medium,2:medium,,0.997
18,2:medium,2:medium,,0.997
19,2:medium,2:medium,,0.997
20,2:medium,2:medium,,0.997
21,2:medium,2:medium,,0.997
22,2:medium,2:medium,,0.997
23,2:medium,2:medium,,0.997
24,2:medium,2:medium,,0.997
25,2:medium,2:medium,,0.997
26,2:medium,2:medium,,0.997
27,2:medium,2:medium,,0.997
28,2:medium,2:medium,,0.997
29,2:medium,2:medium,,0.997
30,2:medium,2:medium,,0.997
31,2:medium,2:medium,,0.997
32,2:medium,2:medium,,0.997
33,2:medium,2:medium,,0.997
34,2:medium,2:medium,,0.997
35,2:medium,2:medium,,0.997
36,2:medium,2:medium,,0.997
37,2:medium,2:medium,,0.997
38,2:medium,2:medium,,0.997
39,1:low,2:medium,+,0.997
40,2:medium,2:medium,,0.998
41,1:low,2:medium,+,0.998
42,1:low,2:medium,+,0.998
43,1:low,2:medium,+,0.998
44,1:low,2:medium,+,0.998
45,1:low,2:medium,+,0.998
46,1:low,2:medium,+,0.998
47,1:low,2:medium,+,0.999
48,1:low,2:medium,+,0.998
49,1:low,2:medium,+,0.998
50,1:low,2:medium,+,0.998
51,1:low,2:medium,+,0.998
52,1:low,2:medium,+,0.998
53,1:low,2:medium,+,0.998
54,1:low,2:medium,+,0.998
55,1:low,2:medium,+,0.998
56,1:low,2:medium,+,0.998
57,1:low,2:medium,+,0.999
58,1:low,2:medium,+,0.998
59,1:low,2:medium,+,0.998
60,1:low,2:medium,+,0.998
61,1:low,2:medium,+,0.998
62,1:low,2:medium,+,0.998
63,1:low,2:medium,+,0.997
64,1:low,2:medium,+,0.998
65,1:low,2:medium,+,0.998
66,1:low,2:medium,+,0.998
67,1:low,2:medium,+,0.997
68,1:low,2:medium,+,0.997
69,1:low,2:medium,+,0.998
70,1:low,2:medium,+,0.998
71,1:low,2:medium,+,0.997
72,1:low,2:medium,+,0.998
73,1:low,2:medium,+,0.998
74,1:low,2:medium,+,0.999
75,1:low,2:medium,+,0.999
76,1:low,2:medium,+,0.999
77,1:low,2:medium,+,0.999
78,1:low,2:medium,+,0.999
79,1:low,2:medium,+,0.999
80,1:low,2:medium,+,0.999
81,1:low,2:medium,+,0.999
82,1:low,2:medium,+,0.999
83,1:low,2:medium,+,0.999
84,1:low,2:medium,+,0.998
85,1:low,2:medium,+,0.998
86,1:low,2:medium,+,0.997
87,1:low,2:medium,+,0.997
88,1:low,2:medium,+,0.997
89,1:low,2:medium,+,0.997
90,1:low,2:medium,+,0.997
91,1:low,2:medium,+,0.998
92,1:low,2:medium,+,0.997
93,1:low,2:medium,+,0.997
94,1:low,2:medium,+,0.998
95,1:low,2:medium,+,0.998
96,1:low,2:medium,+,0.997
97,1:low,2:medium,+,0.997
98,1:low,2:medium,+,0.998
99,1:low,2:medium,+,0.998
100,1:low,2:medium,+,0.998
101,1:low,2:medium,+,0.998
102,1:low,2:medium,+,0.998
103,1:low,2:medium,+,0.998
104,1:low,2:medium,+,0.998
105,1:low,2:medium,+,0.998
106,1:low,2:medium,+,0.998
107,1:low,2:medium,+,0.998
108,1:low,2:medium,+,0.998
109,1:low,2:medium,+,0.998
110,1:low,2:medium,+,0.998
111,1:low,2:medium,+,0.998
112,1:low,2:medium,+,0.998
113,1:low,2:medium,+,0.998
114,1:low,2:medium,+,0.998
115,1:low,2:medium,+,0.998
116,1:low,2:medium,+,0.998
117,1:low,2:medium,+,0.998
118,1:low,2:medium,+,0.998
119,1:low,2:medium,+,0.998
120,1:low,2:medium,+,0.998
121,1:low,2:medium,+,0.998
122,1:low,2:medium,+,0.998
123,1:low,2:medium,+,0.998
124,1:low,2:medium,+,0.998
125,1:low,2:medium,+,0.998
126,1:low,2:medium,+,0.998
127,1:low,2:medium,+,0.998
128,1:low,2:medium,+,0.998
129,1:low,2:medium,+,0.998
130,1:low,2:medium,+,0.998
131,1:low,2:medium,+,0.997
132,1:low,2:medium,+,0.998
133,1:low,2:medium,+,0.997
134,1:low,2:medium,+,0.997
135,1:low,2:medium,+,0.997
136,1:low,2:medium,+,0.997
137,1:low,2:medium,+,0.997
138,1:low,2:medium,+,0.998
139,1:low,2:medium,+,0.997
140,1:low,2:medium,+,0.998
141,1:low,2:medium,+,0.998
142,1:low,2:medium,+,0.998
143,1:low,2:medium,+,0.998
144,1:low,2:medium,+,0.998
145,1:low,2:medium,+,0.998
146,1:low,2:medium,+,0.998
147,1:low,2:medium,+,0.997
148,1:low,2:medium,+,0.997
149,1:low,2:medium,+,0.998
150,1:low,2:medium,+,0.998
151,1:low,2:medium,+,0.998
152,1:low,2:medium,+,0.998
153,1:low,2:medium,+,0.998
154,1:low,2:medium,+,0.998
155,1:low,2:medium,+,0.998
156,1:low,2:medium,+,0.998
157,2:medium,2:medium,,0.998
158,1:low,2:medium,+,0.998
159,2:medium,2:medium,,0.998
160,2:medium,2:medium,,0.998
161,1:low,2:medium,+,0.998
162,1:low,2:medium,+,0.998
163,1:low,2:medium,+,0.998
164,2:medium,2:medium,,0.998
165,1:low,2:medium,+,0.998
166,2:medium,2:medium,,0.998
167,1:low,2:medium,+,0.998
168,1:low,2:medium,+,0.998
169,2:medium,2:medium,,0.998
170,2:medium,2:medium,,0.998
171,1:low,2:medium,+,0.998
172,1:low,2:medium,+,0.998
173,2:medium,2:medium,,0.998
174,1:low,2:medium,+,0.998
175,2:medium,2:medium,,0.998
176,2:medium,2:medium,,0.998

