inst#,actual,predicted,error,prediction
1,2:medium,2:medium,,0.909
2,2:medium,2:medium,,0.909
3,2:medium,2:medium,,0.909
4,2:medium,2:medium,,0.909
5,2:medium,2:medium,,0.909
6,2:medium,2:medium,,0.909
7,2:medium,2:medium,,0.909
8,2:medium,2:medium,,0.909
9,2:medium,2:medium,,0.909
10,2:medium,2:medium,,0.909
11,2:medium,2:medium,,0.909
12,2:medium,2:medium,,0.909
13,2:medium,2:medium,,0.909
14,2:medium,2:medium,,0.909
15,2:medium,2:medium,,0.909
16,2:medium,2:medium,,0.909
17,2:medium,2:medium,,0.909
18,2:medium,2:medium,,0.909
19,2:medium,2:medium,,0.909
20,2:medium,2:medium,,0.909
21,2:medium,2:medium,,0.909
22,2:medium,2:medium,,0.909
23,2:medium,2:medium,,0.909
24,2:medium,2:medium,,0.909
25,2:medium,2:medium,,0.909
26,2:medium,2:medium,,0.909
27,2:medium,2:medium,,0.909
28,2:medium,2:medium,,0.909
29,2:medium,2:medium,,0.909
30,2:medium,2:medium,,0.909
31,2:medium,2:medium,,0.909
32,2:medium,2:medium,,0.909
33,2:medium,2:medium,,0.909
34,2:medium,2:medium,,0.909
35,2:medium,2:medium,,0.909
36,2:medium,2:medium,,0.909
37,2:medium,2:medium,,0.909
38,2:medium,2:medium,,0.909
39,1:low,2:medium,+,0.909
40,2:medium,2:medium,,0.909
41,1:low,2:medium,+,0.909
42,1:low,2:medium,+,0.909
43,1:low,2:medium,+,0.909
44,1:low,2:medium,+,0.909
45,1:low,2:medium,+,0.909
46,1:low,2:medium,+,0.909
47,1:low,2:medium,+,0.909
48,1:low,2:medium,+,0.909
49,1:low,2:medium,+,0.909
50,1:low,2:medium,+,0.909
51,1:low,2:medium,+,0.909
52,1:low,2:medium,+,0.909
53,1:low,2:medium,+,0.909
54,1:low,2:medium,+,0.909
55,1:low,2:medium,+,0.909
56,1:low,2:medium,+,0.909
57,1:low,2:medium,+,0.909
58,1:low,2:medium,+,0.909
59,1:low,2:medium,+,0.909
60,1:low,2:medium,+,0.909
61,1:low,2:medium,+,0.909
62,1:low,2:medium,+,0.909
63,1:low,2:medium,+,0.909
64,1:low,2:medium,+,0.909
65,1:low,2:medium,+,0.909
66,1:low,2:medium,+,0.909
67,1:low,2:medium,+,0.909
68,1:low,2:medium,+,0.909
69,1:low,2:medium,+,0.909
70,1:low,2:medium,+,0.909
71,1:low,2:medium,+,0.909
72,1:low,2:medium,+,0.909
73,1:low,2:medium,+,0.909
74,1:low,2:medium,+,0.909
75,1:low,2:medium,+,0.909
76,1:low,2:medium,+,0.909
77,1:low,2:medium,+,0.909
78,1:low,2:medium,+,0.909
79,1:low,2:medium,+,0.909
80,1:low,2:medium,+,0.909
81,1:low,2:medium,+,0.909
82,1:low,2:medium,+,0.909
83,1:low,2:medium,+,0.909
84,1:low,2:medium,+,0.909
85,1:low,2:medium,+,0.909
86,1:low,2:medium,+,0.909
87,1:low,2:medium,+,0.909
88,1:low,2:medium,+,0.909
89,1:low,2:medium,+,0.909
90,1:low,2:medium,+,0.909
91,1:low,2:medium,+,0.909
92,1:low,2:medium,+,0.909
93,1:low,2:medium,+,0.909
94,1:low,2:medium,+,0.909
95,1:low,2:medium,+,0.909
96,1:low,2:medium,+,0.909
97,1:low,2:medium,+,0.909
98,1:low,2:medium,+,0.909
99,1:low,2:medium,+,0.909
100,1:low,2:medium,+,0.909
101,1:low,2:medium,+,0.909
102,1:low,2:medium,+,0.909
103,1:low,2:medium,+,0.909
104,1:low,2:medium,+,0.909
105,1:low,2:medium,+,0.909
106,1:low,2:medium,+,0.909
107,1:low,2:medium,+,0.909
108,1:low,2:medium,+,0.909
109,1:low,2:medium,+,0.909
110,1:low,2:medium,+,0.909
111,1:low,2:medium,+,0.909
112,1:low,2:medium,+,0.909
113,1:low,2:medium,+,0.909
114,1:low,2:medium,+,0.909
115,1:low,2:medium,+,0.909
116,1:low,2:medium,+,0.909
117,1:low,2:medium,+,0.909
118,1:low,2:medium,+,0.909
119,1:low,2:medium,+,0.909
120,1:low,2:medium,+,0.909
121,1:low,2:medium,+,0.909
122,1:low,2:medium,+,0.909
123,1:low,2:medium,+,0.909
124,1:low,2:medium,+,0.909
125,1:low,2:medium,+,0.909
126,1:low,2:medium,+,0.909
127,1:low,2:medium,+,0.909
128,1:low,2:medium,+,0.909
129,1:low,2:medium,+,0.909
130,1:low,2:medium,+,0.909
131,1:low,2:medium,+,0.909
132,1:low,2:medium,+,0.909
133,1:low,2:medium,+,0.909
134,1:low,2:medium,+,0.909
135,1:low,2:medium,+,0.909
136,1:low,2:medium,+,0.909
137,1:low,2:medium,+,0.909
138,1:low,2:medium,+,0.909
139,1:low,2:medium,+,0.909
140,1:low,2:medium,+,0.909
141,1:low,2:medium,+,0.909
142,1:low,2:medium,+,0.909
143,1:low,2:medium,+,0.909
144,1:low,2:medium,+,0.909
145,1:low,2:medium,+,0.909
146,1:low,2:medium,+,0.909
147,1:low,2:medium,+,0.909
148,1:low,2:medium,+,0.909
149,1:low,2:medium,+,0.909
150,1:low,2:medium,+,0.909
151,1:low,2:medium,+,0.909
152,1:low,2:medium,+,0.909
153,1:low,2:medium,+,0.909
154,1:low,2:medium,+,0.909
155,1:low,2:medium,+,0.909
156,1:low,2:medium,+,0.909
157,2:medium,2:medium,,0.909
158,1:low,2:medium,+,0.909
159,2:medium,2:medium,,0.909
160,2:medium,2:medium,,0.909
161,1:low,2:medium,+,0.909
162,1:low,2:medium,+,0.909
163,1:low,2:medium,+,0.909
164,2:medium,2:medium,,0.909
165,1:low,2:medium,+,0.909
166,2:medium,2:medium,,0.909
167,1:low,2:medium,+,0.909
168,1:low,2:medium,+,0.909
169,2:medium,2:medium,,0.909
170,2:medium,2:medium,,0.909
171,1:low,2:medium,+,0.909
172,1:low,2:medium,+,0.909
173,2:medium,2:medium,,0.909
174,1:low,2:medium,+,0.909
175,2:medium,2:medium,,0.909
176,2:medium,2:medium,,0.909

