inst#,actual,predicted,error,prediction
1,3:high,3:high,,0.996
2,3:high,3:high,,0.503
3,3:high,3:high,,0.728
4,3:high,3:high,,0.463
5,3:high,1:low,+,0.634
6,3:high,1:low,+,0.674
7,3:high,1:low,+,0.802
8,3:high,1:low,+,0.637
9,3:high,3:high,,0.785
10,3:high,2:medium,+,0.504
11,3:high,3:high,,0.493
12,3:high,3:high,,0.736
13,3:high,3:high,,0.605
14,3:high,2:medium,+,0.702
15,3:high,2:medium,+,0.834
16,3:high,3:high,,0.607
17,3:high,3:high,,0.477
18,3:high,1:low,+,0.472
19,3:high,1:low,+,0.645
20,2:medium,3:high,+,0.454
21,2:medium,2:medium,,0.712
22,2:medium,2:medium,,0.745
23,2:medium,2:medium,,0.884
24,2:medium,3:high,+,0.546
25,2:medium,3:high,+,0.516
26,2:medium,1:low,+,0.693
27,2:medium,1:low,+,0.737
28,2:medium,1:low,+,0.702
29,2:medium,1:low,+,0.667
30,2:medium,3:high,+,0.568
31,1:low,2:medium,+,0.522
32,1:low,2:medium,+,0.936
33,1:low,2:medium,+,0.96
34,1:low,2:medium,+,0.848
35,1:low,2:medium,+,0.849
36,1:low,2:medium,+,0.621
37,1:low,1:low,,0.496
38,1:low,1:low,,0.63
39,1:low,1:low,,0.789
40,1:low,3:high,+,0.635
41,1:low,3:high,+,0.413
42,1:low,2:medium,+,0.618
43,1:low,3:high,+,0.621
44,1:low,3:high,+,0.709
45,1:low,1:low,,0.763
46,1:low,1:low,,0.855
47,1:low,1:low,,0.892
48,1:low,1:low,,0.596
49,1:low,1:low,,0.79
50,1:low,1:low,,0.728
51,1:low,1:low,,0.837
52,1:low,1:low,,0.869
53,1:low,2:medium,+,0.524
54,1:low,1:low,,0.65
55,1:low,2:medium,+,0.541
56,1:low,2:medium,+,0.666
57,1:low,2:medium,+,0.453
58,1:low,2:medium,+,0.583
59,1:low,1:low,,0.596
60,1:low,1:low,,0.503
61,1:low,1:low,,0.773
62,1:low,1:low,,0.618
63,1:low,2:medium,+,0.556
64,1:low,2:medium,+,0.633
65,1:low,1:low,,0.511
66,1:low,2:medium,+,0.996
67,1:low,2:medium,+,0.865
68,1:low,2:medium,+,0.996
69,2:medium,2:medium,,0.912
70,2:medium,2:medium,,0.895
71,2:medium,2:medium,,0.986
72,2:medium,2:medium,,0.755

