inst#,actual,predicted,error,prediction
1,3:high,3:high,,0.945
2,3:high,3:high,,0.985
3,3:high,3:high,,0.941
4,3:high,3:high,,0.902
5,3:high,3:high,,0.898
6,3:high,3:high,,0.849
7,3:high,3:high,,0.837
8,3:high,3:high,,0.886
9,3:high,3:high,,0.913
10,3:high,3:high,,0.84
11,3:high,3:high,,0.636
12,3:high,3:high,,0.62
13,3:high,3:high,,0.622
14,3:high,3:high,,0.663
15,3:high,3:high,,0.68
16,3:high,3:high,,0.715
17,3:high,3:high,,0.831
18,3:high,3:high,,0.832
19,3:high,3:high,,0.843
20,2:medium,3:high,+,0.851
21,2:medium,3:high,+,0.629
22,2:medium,3:high,+,0.607
23,2:medium,3:high,+,0.655
24,2:medium,3:high,+,0.701
25,2:medium,3:high,+,0.878
26,2:medium,3:high,+,0.872
27,2:medium,3:high,+,0.852
28,2:medium,3:high,+,0.794
29,2:medium,3:high,+,0.801
30,2:medium,3:high,+,0.861
31,1:low,3:high,+,0.661
32,1:low,3:high,+,0.539
33,1:low,3:high,+,0.587
34,1:low,3:high,+,0.606
35,1:low,3:high,+,0.618
36,1:low,3:high,+,0.791
37,1:low,3:high,+,0.74
38,1:low,3:high,+,0.71
39,1:low,3:high,+,0.578
40,1:low,3:high,+,0.705
41,1:low,2:medium,+,0.529
42,1:low,2:medium,+,0.505
43,1:low,3:high,+,0.543
44,1:low,3:high,+,0.543
45,1:low,3:high,+,0.663
46,1:low,3:high,+,0.651
47,1:low,3:high,+,0.603
48,1:low,3:high,+,0.667
49,1:low,3:high,+,0.569
50,1:low,3:high,+,0.461
51,1:low,3:high,+,0.558
52,1:low,2:medium,+,0.464
53,1:low,3:high,+,0.464
54,1:low,3:high,+,0.502
55,1:low,2:medium,+,0.496
56,1:low,2:medium,+,0.474
57,1:low,2:medium,+,0.487
58,1:low,2:medium,+,0.51
59,1:low,2:medium,+,0.596
60,1:low,2:medium,+,0.662
61,1:low,2:medium,+,0.777
62,1:low,2:medium,+,0.776
63,1:low,2:medium,+,0.818
64,1:low,2:medium,+,0.881
65,1:low,2:medium,+,0.788
66,1:low,2:medium,+,0.779
67,1:low,2:medium,+,0.769
68,1:low,2:medium,+,0.714
69,2:medium,2:medium,,0.727
70,2:medium,2:medium,,0.73
71,2:medium,2:medium,,0.736
72,2:medium,2:medium,,0.697

