inst#,actual,predicted,error,prediction
1,1:low,1:low,,0.823
2,1:low,1:low,,0.784
3,1:low,1:low,,0.689
4,1:low,1:low,,0.739
5,1:low,2:medium,+,0.758
6,1:low,2:medium,+,0.966
7,1:low,3:high,+,0.884
8,1:low,3:high,+,0.914
9,1:low,3:high,+,0.959
10,1:low,3:high,+,0.832
11,1:low,3:high,+,0.697
12,1:low,3:high,+,0.831
13,1:low,2:medium,+,0.527
14,1:low,1:low,,0.551
15,1:low,2:medium,+,0.564
16,1:low,1:low,,0.568
17,1:low,1:low,,0.624
18,1:low,1:low,,0.58
19,1:low,1:low,,0.621
20,1:low,1:low,,0.57
21,1:low,1:low,,0.61
22,1:low,1:low,,0.609
23,1:low,1:low,,0.552
24,1:low,1:low,,0.543
25,1:low,1:low,,0.646
26,1:low,1:low,,0.553
27,1:low,1:low,,0.665
28,1:low,1:low,,0.583
29,1:low,2:medium,+,0.538
30,1:low,2:medium,+,0.518
31,1:low,2:medium,+,0.503
32,1:low,1:low,,0.506
33,1:low,2:medium,+,0.657
34,1:low,2:medium,+,0.811
35,1:low,2:medium,+,0.74
36,1:low,2:medium,+,0.876
37,1:low,2:medium,+,0.893
38,1:low,2:medium,+,0.899
39,1:low,2:medium,+,0.911
40,1:low,2:medium,+,0.882
41,1:low,2:medium,+,0.897
42,1:low,2:medium,+,0.862
43,1:low,2:medium,+,0.539
44,1:low,2:medium,+,0.936
45,1:low,2:medium,+,0.882
46,1:low,2:medium,+,0.833
47,1:low,2:medium,+,0.76
48,1:low,2:medium,+,0.748
49,1:low,2:medium,+,0.932
50,1:low,2:medium,+,0.822
51,1:low,2:medium,+,0.781
52,1:low,2:medium,+,0.883
53,1:low,2:medium,+,0.873
54,1:low,2:medium,+,0.865
55,1:low,2:medium,+,0.778
56,1:low,2:medium,+,0.725
57,1:low,2:medium,+,0.61
58,1:low,2:medium,+,0.59
59,1:low,2:medium,+,0.611
60,1:low,2:medium,+,0.719
61,1:low,2:medium,+,0.918
62,1:low,2:medium,+,0.845
63,1:low,2:medium,+,0.844
64,1:low,2:medium,+,0.857
65,1:low,2:medium,+,0.596
66,1:low,2:medium,+,0.794
67,1:low,2:medium,+,0.916
68,1:low,2:medium,+,0.949
69,1:low,2:medium,+,0.983
70,1:low,2:medium,+,1
71,1:low,2:medium,+,0.939
72,1:low,2:medium,+,0.949
73,1:low,2:medium,+,1
74,1:low,2:medium,+,1
75,1:low,2:medium,+,0.94
76,1:low,2:medium,+,0.946
77,1:low,2:medium,+,0.956
78,1:low,2:medium,+,0.634
79,1:low,2:medium,+,0.947
80,1:low,2:medium,+,0.654
81,1:low,2:medium,+,0.726
82,1:low,2:medium,+,0.555
83,1:low,2:medium,+,0.695
84,1:low,2:medium,+,0.692
85,1:low,2:medium,+,0.691
86,1:low,2:medium,+,0.745
87,1:low,2:medium,+,0.777
88,1:low,2:medium,+,0.75
89,1:low,2:medium,+,0.684
90,1:low,2:medium,+,0.577
91,1:low,2:medium,+,0.697
92,1:low,2:medium,+,0.61
93,1:low,2:medium,+,0.584
94,1:low,2:medium,+,0.59
95,1:low,2:medium,+,0.863
96,1:low,2:medium,+,0.953
97,1:low,2:medium,+,0.931
98,1:low,2:medium,+,0.917
99,1:low,2:medium,+,0.939
100,1:low,2:medium,+,0.937
101,1:low,2:medium,+,0.91
102,1:low,2:medium,+,0.89
103,1:low,2:medium,+,0.826
104,1:low,2:medium,+,0.826
105,1:low,2:medium,+,0.72
106,1:low,2:medium,+,0.533
107,1:low,2:medium,+,0.551
108,1:low,2:medium,+,0.594
109,1:low,2:medium,+,0.535
110,1:low,1:low,,0.534
111,1:low,2:medium,+,0.619
112,1:low,2:medium,+,0.694
113,1:low,2:medium,+,0.858
114,1:low,2:medium,+,0.691
115,1:low,2:medium,+,0.708
116,1:low,2:medium,+,0.739
117,1:low,2:medium,+,0.641
118,1:low,2:medium,+,0.627
119,1:low,2:medium,+,0.568
120,1:low,2:medium,+,0.521
121,1:low,2:medium,+,0.628
122,1:low,2:medium,+,0.517
123,1:low,2:medium,+,0.561
124,1:low,2:medium,+,0.694
125,1:low,2:medium,+,0.511
126,1:low,2:medium,+,0.516
127,1:low,1:low,,0.511
128,1:low,2:medium,+,0.698
129,1:low,2:medium,+,0.909
130,1:low,2:medium,+,0.834
131,1:low,2:medium,+,0.831
132,1:low,2:medium,+,0.935
133,1:low,2:medium,+,0.983
134,1:low,2:medium,+,0.983
135,1:low,2:medium,+,0.983
136,1:low,2:medium,+,0.983
137,1:low,2:medium,+,0.983
138,1:low,2:medium,+,0.983
139,1:low,2:medium,+,0.966
140,1:low,2:medium,+,0.983
141,1:low,2:medium,+,1
142,1:low,2:medium,+,1
143,1:low,2:medium,+,1
144,1:low,2:medium,+,1
145,1:low,2:medium,+,1
146,1:low,2:medium,+,1
147,1:low,2:medium,+,0.999
148,1:low,2:medium,+,1
149,1:low,2:medium,+,1
150,1:low,2:medium,+,1
151,1:low,2:medium,+,0.983
152,1:low,2:medium,+,0.977
153,1:low,2:medium,+,0.805
154,1:low,2:medium,+,0.734
155,1:low,2:medium,+,0.762
156,1:low,2:medium,+,0.632
157,1:low,2:medium,+,0.531
158,1:low,2:medium,+,0.664
159,1:low,2:medium,+,0.731
160,1:low,2:medium,+,0.741
161,1:low,2:medium,+,0.541
162,1:low,2:medium,+,0.687
163,1:low,2:medium,+,0.549
164,1:low,2:medium,+,0.705
165,1:low,2:medium,+,0.709
166,1:low,2:medium,+,0.832
167,1:low,2:medium,+,0.867
168,1:low,2:medium,+,0.992
169,1:low,2:medium,+,0.998
170,1:low,2:medium,+,0.899
171,1:low,2:medium,+,0.999
172,1:low,2:medium,+,0.998
173,1:low,2:medium,+,0.983
174,1:low,2:medium,+,0.992
175,1:low,2:medium,+,1
176,1:low,2:medium,+,0.983

