inst#,actual,predicted,error,prediction
1,1:low,1:low,,0.502
2,1:low,2:medium,+,0.576
3,1:low,2:medium,+,0.533
4,1:low,1:low,,0.554
5,1:low,2:medium,+,0.929
6,1:low,2:medium,+,1
7,1:low,3:high,+,0.92
8,1:low,3:high,+,0.924
9,1:low,3:high,+,0.94
10,1:low,3:high,+,0.947
11,1:low,3:high,+,0.735
12,1:low,3:high,+,0.872
13,1:low,2:medium,+,0.643
14,1:low,2:medium,+,0.775
15,1:low,2:medium,+,0.646
16,1:low,2:medium,+,0.714
17,1:low,2:medium,+,0.827
18,1:low,2:medium,+,0.786
19,1:low,2:medium,+,0.786
20,1:low,2:medium,+,0.61
21,1:low,2:medium,+,0.786
22,1:low,2:medium,+,0.786
23,1:low,2:medium,+,0.571
24,1:low,2:medium,+,0.785
25,1:low,2:medium,+,0.713
26,1:low,2:medium,+,0.643
27,1:low,2:medium,+,0.715
28,1:low,2:medium,+,0.714
29,1:low,2:medium,+,0.928
30,1:low,2:medium,+,0.929
31,1:low,2:medium,+,0.714
32,1:low,2:medium,+,0.716
33,1:low,2:medium,+,0.928
34,1:low,2:medium,+,0.571
35,1:low,2:medium,+,0.646
36,1:low,2:medium,+,0.792
37,1:low,2:medium,+,0.72
38,1:low,2:medium,+,0.857
39,1:low,2:medium,+,0.5
40,1:low,2:medium,+,0.744
41,1:low,2:medium,+,0.718
42,1:low,2:medium,+,0.703
43,1:low,2:medium,+,0.642
44,1:low,2:medium,+,0.857
45,1:low,2:medium,+,0.701
46,1:low,3:high,+,0.857
47,1:low,2:medium,+,0.573
48,1:low,1:low,,0.461
49,1:low,2:medium,+,0.857
50,1:low,2:medium,+,0.962
51,1:low,2:medium,+,0.786
52,1:low,2:medium,+,0.929
53,1:low,2:medium,+,0.925
54,1:low,2:medium,+,0.929
55,1:low,2:medium,+,0.786
56,1:low,1:low,,0.43
57,1:low,1:low,,0.502
58,1:low,1:low,,0.5
59,1:low,1:low,,0.5
60,1:low,2:medium,+,0.924
61,1:low,2:medium,+,1
62,1:low,2:medium,+,0.647
63,1:low,2:medium,+,1
64,1:low,2:medium,+,1
65,1:low,1:low,,0.583
66,1:low,1:low,,0.786
67,1:low,2:medium,+,0.929
68,1:low,2:medium,+,1
69,1:low,2:medium,+,1
70,1:low,2:medium,+,1
71,1:low,2:medium,+,0.857
72,1:low,2:medium,+,0.929
73,1:low,2:medium,+,1
74,1:low,2:medium,+,1
75,1:low,2:medium,+,0.852
76,1:low,2:medium,+,0.929
77,1:low,2:medium,+,1
78,1:low,1:low,,0.357
79,1:low,2:medium,+,1
80,1:low,1:low,,0.5
81,1:low,1:low,,0.5
82,1:low,1:low,,0.786
83,1:low,1:low,,0.434
84,1:low,1:low,,0.5
85,1:low,1:low,,0.5
86,1:low,2:medium,+,0.419
87,1:low,1:low,,0.468
88,1:low,1:low,,0.438
89,1:low,1:low,,0.5
90,1:low,1:low,,0.5
91,1:low,1:low,,0.51
92,1:low,1:low,,0.643
93,1:low,1:low,,0.571
94,1:low,1:low,,0.571
95,1:low,2:medium,+,0.643
96,1:low,2:medium,+,1
97,1:low,2:medium,+,1
98,1:low,2:medium,+,1
99,1:low,2:medium,+,1
100,1:low,2:medium,+,1
101,1:low,2:medium,+,1
102,1:low,2:medium,+,1
103,1:low,2:medium,+,0.929
104,1:low,2:medium,+,0.857
105,1:low,2:medium,+,0.604
106,1:low,1:low,,0.857
107,1:low,1:low,,0.788
108,1:low,2:medium,+,0.565
109,1:low,1:low,,0.5
110,1:low,1:low,,0.5
111,1:low,1:low,,0.511
112,1:low,1:low,,0.5
113,1:low,2:medium,+,0.851
114,1:low,1:low,,0.545
115,1:low,1:low,,0.37
116,1:low,2:medium,+,0.488
117,1:low,1:low,,0.501
118,1:low,1:low,,0.5
119,1:low,1:low,,0.538
120,1:low,1:low,,0.504
121,1:low,2:medium,+,0.643
122,1:low,1:low,,0.533
123,1:low,1:low,,0.786
124,1:low,2:medium,+,0.642
125,1:low,1:low,,0.508
126,1:low,1:low,,0.787
127,1:low,1:low,,0.537
128,1:low,2:medium,+,0.643
129,1:low,2:medium,+,0.936
130,1:low,2:medium,+,0.936
131,1:low,2:medium,+,0.929
132,1:low,2:medium,+,0.995
133,1:low,2:medium,+,1
134,1:low,2:medium,+,1
135,1:low,2:medium,+,1
136,1:low,2:medium,+,1
137,1:low,2:medium,+,1
138,1:low,2:medium,+,1
139,1:low,2:medium,+,1
140,1:low,2:medium,+,0.927
141,1:low,2:medium,+,1
142,1:low,2:medium,+,1
143,1:low,2:medium,+,1
144,1:low,2:medium,+,1
145,1:low,2:medium,+,1
146,1:low,2:medium,+,1
147,1:low,2:medium,+,1
148,1:low,2:medium,+,1
149,1:low,2:medium,+,1
150,1:low,2:medium,+,1
151,1:low,2:medium,+,1
152,1:low,2:medium,+,1
153,1:low,2:medium,+,0.929
154,1:low,2:medium,+,0.841
155,1:low,2:medium,+,0.714
156,1:low,2:medium,+,0.788
157,1:low,2:medium,+,0.659
158,1:low,3:high,+,0.651
159,1:low,2:medium,+,0.679
160,1:low,2:medium,+,0.627
161,1:low,3:high,+,0.557
162,1:low,2:medium,+,0.531
163,1:low,3:high,+,0.505
164,1:low,2:medium,+,0.61
165,1:low,2:medium,+,0.793
166,1:low,2:medium,+,0.979
167,1:low,2:medium,+,0.892
168,1:low,2:medium,+,1
169,1:low,2:medium,+,0.929
170,1:low,2:medium,+,1
171,1:low,2:medium,+,0.929
172,1:low,2:medium,+,0.929
173,1:low,2:medium,+,1
174,1:low,2:medium,+,0.929
175,1:low,2:medium,+,1
176,1:low,2:medium,+,1

