inst#,actual,predicted,error,prediction
1,1:low,1:low,,0.946
2,1:low,1:low,,0.972
3,1:low,1:low,,0.899
4,1:low,1:low,,0.975
5,1:low,2:medium,+,0.53
6,1:low,2:medium,+,0.782
7,1:low,3:high,+,0.968
8,1:low,3:high,+,0.656
9,1:low,3:high,+,0.66
10,1:low,3:high,+,0.579
11,1:low,3:high,+,0.582
12,1:low,3:high,+,0.554
13,1:low,2:medium,+,0.76
14,1:low,2:medium,+,0.936
15,1:low,2:medium,+,0.783
16,1:low,2:medium,+,0.653
17,1:low,2:medium,+,0.672
18,1:low,2:medium,+,0.726
19,1:low,2:medium,+,0.718
20,1:low,2:medium,+,0.738
21,1:low,2:medium,+,0.697
22,1:low,2:medium,+,0.741
23,1:low,2:medium,+,0.712
24,1:low,2:medium,+,0.751
25,1:low,2:medium,+,0.716
26,1:low,2:medium,+,0.527
27,1:low,2:medium,+,0.619
28,1:low,2:medium,+,0.774
29,1:low,2:medium,+,0.782
30,1:low,2:medium,+,0.792
31,1:low,2:medium,+,0.785
32,1:low,2:medium,+,0.603
33,1:low,2:medium,+,0.996
34,1:low,2:medium,+,1
35,1:low,2:medium,+,0.901
36,1:low,2:medium,+,1
37,1:low,2:medium,+,1
38,1:low,2:medium,+,1
39,1:low,2:medium,+,1
40,1:low,2:medium,+,1
41,1:low,2:medium,+,1
42,1:low,2:medium,+,0.998
43,1:low,2:medium,+,0.964
44,1:low,2:medium,+,1
45,1:low,2:medium,+,0.999
46,1:low,2:medium,+,0.951
47,1:low,2:medium,+,0.914
48,1:low,2:medium,+,1
49,1:low,2:medium,+,0.998
50,1:low,2:medium,+,0.998
51,1:low,2:medium,+,0.999
52,1:low,2:medium,+,1
53,1:low,2:medium,+,1
54,1:low,2:medium,+,1
55,1:low,2:medium,+,1
56,1:low,2:medium,+,1
57,1:low,2:medium,+,1
58,1:low,2:medium,+,1
59,1:low,2:medium,+,1
60,1:low,2:medium,+,0.999
61,1:low,2:medium,+,0.994
62,1:low,2:medium,+,0.998
63,1:low,2:medium,+,0.997
64,1:low,2:medium,+,0.996
65,1:low,2:medium,+,1
66,1:low,2:medium,+,0.821
67,1:low,2:medium,+,0.991
68,1:low,2:medium,+,1
69,1:low,2:medium,+,0.976
70,1:low,2:medium,+,1
71,1:low,2:medium,+,0.999
72,1:low,2:medium,+,1
73,1:low,2:medium,+,1
74,1:low,2:medium,+,1
75,1:low,2:medium,+,0.934
76,1:low,2:medium,+,0.959
77,1:low,2:medium,+,0.96
78,1:low,2:medium,+,1
79,1:low,2:medium,+,0.957
80,1:low,2:medium,+,1
81,1:low,2:medium,+,1
82,1:low,2:medium,+,1
83,1:low,2:medium,+,1
84,1:low,2:medium,+,1
85,1:low,2:medium,+,1
86,1:low,2:medium,+,0.8
87,1:low,2:medium,+,0.8
88,1:low,2:medium,+,0.8
89,1:low,2:medium,+,1
90,1:low,2:medium,+,1
91,1:low,2:medium,+,0.999
92,1:low,2:medium,+,0.999
93,1:low,2:medium,+,1
94,1:low,2:medium,+,1
95,1:low,2:medium,+,0.999
96,1:low,2:medium,+,0.993
97,1:low,2:medium,+,0.984
98,1:low,2:medium,+,0.999
99,1:low,2:medium,+,0.972
100,1:low,2:medium,+,0.987
101,1:low,2:medium,+,0.996
102,1:low,2:medium,+,0.997
103,1:low,2:medium,+,0.998
104,1:low,2:medium,+,0.998
105,1:low,2:medium,+,0.985
106,1:low,2:medium,+,0.997
107,1:low,2:medium,+,0.998
108,1:low,2:medium,+,0.977
109,1:low,2:medium,+,1
110,1:low,2:medium,+,1
111,1:low,2:medium,+,1
112,1:low,2:medium,+,1
113,1:low,2:medium,+,1
114,1:low,2:medium,+,1
115,1:low,2:medium,+,1
116,1:low,2:medium,+,1
117,1:low,2:medium,+,1
118,1:low,2:medium,+,1
119,1:low,2:medium,+,1
120,1:low,2:medium,+,1
121,1:low,2:medium,+,1
122,1:low,2:medium,+,1
123,1:low,2:medium,+,1
124,1:low,2:medium,+,1
125,1:low,2:medium,+,1
126,1:low,2:medium,+,1
127,1:low,2:medium,+,1
128,1:low,2:medium,+,1
129,1:low,2:medium,+,0.961
130,1:low,2:medium,+,0.8
131,1:low,2:medium,+,0.981
132,1:low,2:medium,+,0.999
133,1:low,2:medium,+,0.997
134,1:low,2:medium,+,0.998
135,1:low,2:medium,+,0.985
136,1:low,2:medium,+,0.996
137,1:low,2:medium,+,0.994
138,1:low,2:medium,+,0.996
139,1:low,2:medium,+,0.995
140,1:low,2:medium,+,0.996
141,1:low,2:medium,+,0.991
142,1:low,2:medium,+,0.981
143,1:low,2:medium,+,0.987
144,1:low,2:medium,+,0.969
145,1:low,2:medium,+,0.985
146,1:low,2:medium,+,0.983
147,1:low,2:medium,+,0.987
148,1:low,2:medium,+,0.99
149,1:low,2:medium,+,0.999
150,1:low,2:medium,+,0.999
151,1:low,2:medium,+,0.998
152,1:low,2:medium,+,0.801
153,1:low,2:medium,+,0.99
154,1:low,2:medium,+,0.885
155,1:low,2:medium,+,0.989
156,1:low,2:medium,+,0.996
157,1:low,2:medium,+,1
158,1:low,2:medium,+,1
159,1:low,2:medium,+,1
160,1:low,2:medium,+,1
161,1:low,2:medium,+,1
162,1:low,2:medium,+,0.995
163,1:low,2:medium,+,1
164,1:low,2:medium,+,1
165,1:low,2:medium,+,0.998
166,1:low,2:medium,+,0.997
167,1:low,2:medium,+,0.971
168,1:low,2:medium,+,0.998
169,1:low,2:medium,+,0.996
170,1:low,2:medium,+,0.993
171,1:low,2:medium,+,0.997
172,1:low,2:medium,+,0.994
173,1:low,2:medium,+,0.997
174,1:low,2:medium,+,0.994
175,1:low,2:medium,+,0.997
176,1:low,2:medium,+,0.998

