inst#,actual,predicted,error,prediction
1,1:low,1:low,,0.997
2,1:low,1:low,,0.997
3,1:low,1:low,,0.999
4,1:low,1:low,,1
5,1:low,2:medium,+,1
6,1:low,2:medium,+,1
7,1:low,3:high,+,1
8,1:low,3:high,+,1
9,1:low,3:high,+,1
10,1:low,3:high,+,0.993
11,1:low,3:high,+,0.997
12,1:low,3:high,+,1
13,1:low,1:low,,0.782
14,1:low,2:medium,+,0.968
15,1:low,2:medium,+,0.747
16,1:low,1:low,,0.623
17,1:low,1:low,,0.931
18,1:low,1:low,,0.934
19,1:low,1:low,,0.623
20,1:low,1:low,,0.623
21,1:low,1:low,,0.623
22,1:low,1:low,,0.968
23,1:low,1:low,,0.934
24,1:low,2:medium,+,0.743
25,1:low,1:low,,0.97
26,1:low,1:low,,0.999
27,1:low,1:low,,0.62
28,1:low,1:low,,0.813
29,1:low,2:medium,+,0.978
30,1:low,2:medium,+,0.997
31,1:low,2:medium,+,0.998
32,1:low,1:low,,0.851
33,1:low,3:high,+,0.519
34,1:low,1:low,,0.708
35,1:low,2:medium,+,1
36,1:low,2:medium,+,0.988
37,1:low,2:medium,+,0.993
38,1:low,2:medium,+,0.999
39,1:low,2:medium,+,0.73
40,1:low,2:medium,+,0.997
41,1:low,2:medium,+,0.997
42,1:low,2:medium,+,0.995
43,1:low,2:medium,+,0.957
44,1:low,2:medium,+,1
45,1:low,2:medium,+,0.999
46,1:low,2:medium,+,1
47,1:low,2:medium,+,1
48,1:low,2:medium,+,0.928
49,1:low,2:medium,+,0.999
50,1:low,2:medium,+,1
51,1:low,2:medium,+,1
52,1:low,2:medium,+,0.999
53,1:low,2:medium,+,1
54,1:low,2:medium,+,0.999
55,1:low,2:medium,+,0.967
56,1:low,2:medium,+,0.764
57,1:low,1:low,,0.965
58,1:low,2:medium,+,0.861
59,1:low,1:low,,0.61
60,1:low,2:medium,+,0.999
61,1:low,2:medium,+,0.999
62,1:low,1:low,,0.935
63,1:low,2:medium,+,0.999
64,1:low,2:medium,+,0.999
65,1:low,1:low,,0.778
66,1:low,2:medium,+,0.957
67,1:low,2:medium,+,1
68,1:low,2:medium,+,1
69,1:low,2:medium,+,1
70,1:low,2:medium,+,1
71,1:low,2:medium,+,1
72,1:low,2:medium,+,1
73,1:low,2:medium,+,1
74,1:low,2:medium,+,1
75,1:low,2:medium,+,1
76,1:low,2:medium,+,1
77,1:low,2:medium,+,1
78,1:low,2:medium,+,0.869
79,1:low,2:medium,+,1
80,1:low,1:low,,0.61
81,1:low,2:medium,+,0.963
82,1:low,1:low,,0.778
83,1:low,2:medium,+,0.991
84,1:low,1:low,,0.498
85,1:low,1:low,,0.498
86,1:low,2:medium,+,0.584
87,1:low,2:medium,+,0.584
88,1:low,2:medium,+,0.979
89,1:low,1:low,,0.649
90,1:low,1:low,,0.877
91,1:low,1:low,,0.594
92,1:low,1:low,,0.585
93,1:low,1:low,,0.778
94,1:low,1:low,,0.778
95,1:low,2:medium,+,0.761
96,1:low,2:medium,+,1
97,1:low,2:medium,+,1
98,1:low,2:medium,+,1
99,1:low,2:medium,+,1
100,1:low,2:medium,+,1
101,1:low,2:medium,+,1
102,1:low,2:medium,+,0.995
103,1:low,2:medium,+,0.997
104,1:low,2:medium,+,0.997
105,1:low,1:low,,0.967
106,1:low,1:low,,0.88
107,1:low,1:low,,0.529
108,1:low,1:low,,0.988
109,1:low,1:low,,0.997
110,1:low,1:low,,0.973
111,1:low,1:low,,0.969
112,1:low,1:low,,0.535
113,1:low,2:medium,+,0.914
114,1:low,1:low,,0.98
115,1:low,1:low,,0.882
116,1:low,1:low,,0.882
117,1:low,2:medium,+,0.997
118,1:low,2:medium,+,0.999
119,1:low,2:medium,+,0.997
120,1:low,1:low,,0.945
121,1:low,2:medium,+,0.62
122,1:low,1:low,,0.892
123,1:low,2:medium,+,0.584
124,1:low,2:medium,+,0.919
125,1:low,1:low,,0.968
126,1:low,2:medium,+,0.646
127,1:low,1:low,,0.945
128,1:low,2:medium,+,0.62
129,1:low,2:medium,+,1
130,1:low,2:medium,+,1
131,1:low,2:medium,+,1
132,1:low,2:medium,+,1
133,1:low,2:medium,+,1
134,1:low,2:medium,+,1
135,1:low,2:medium,+,1
136,1:low,2:medium,+,1
137,1:low,2:medium,+,1
138,1:low,2:medium,+,1
139,1:low,2:medium,+,1
140,1:low,2:medium,+,1
141,1:low,2:medium,+,1
142,1:low,2:medium,+,1
143,1:low,2:medium,+,1
144,1:low,2:medium,+,1
145,1:low,2:medium,+,1
146,1:low,2:medium,+,1
147,1:low,2:medium,+,1
148,1:low,2:medium,+,1
149,1:low,2:medium,+,1
150,1:low,2:medium,+,1
151,1:low,2:medium,+,1
152,1:low,2:medium,+,1
153,1:low,2:medium,+,1
154,1:low,2:medium,+,1
155,1:low,2:medium,+,0.999
156,1:low,2:medium,+,1
157,1:low,2:medium,+,1
158,1:low,2:medium,+,0.935
159,1:low,2:medium,+,1
160,1:low,2:medium,+,0.999
161,1:low,2:medium,+,1
162,1:low,2:medium,+,0.935
163,1:low,2:medium,+,1
164,1:low,2:medium,+,0.997
165,1:low,2:medium,+,1
166,1:low,2:medium,+,1
167,1:low,2:medium,+,1
168,1:low,2:medium,+,1
169,1:low,2:medium,+,1
170,1:low,2:medium,+,1
171,1:low,2:medium,+,1
172,1:low,2:medium,+,1
173,1:low,2:medium,+,1
174,1:low,2:medium,+,1
175,1:low,2:medium,+,1
176,1:low,2:medium,+,1

