inst#,actual,predicted,error,prediction
1,1:low,2:medium,+,0.523
2,1:low,1:low,,0.551
3,1:low,2:medium,+,0.572
4,1:low,1:low,,0.501
5,1:low,2:medium,+,0.768
6,1:low,2:medium,+,0.89
7,1:low,3:high,+,0.836
8,1:low,3:high,+,0.885
9,1:low,3:high,+,0.918
10,1:low,3:high,+,0.836
11,1:low,3:high,+,0.803
12,1:low,3:high,+,0.869
13,1:low,2:medium,+,0.671
14,1:low,2:medium,+,0.769
15,1:low,2:medium,+,0.817
16,1:low,2:medium,+,0.573
17,1:low,1:low,,0.501
18,1:low,2:medium,+,0.573
19,1:low,2:medium,+,0.572
20,1:low,2:medium,+,0.605
21,1:low,2:medium,+,0.556
22,1:low,2:medium,+,0.606
23,1:low,2:medium,+,0.622
24,1:low,2:medium,+,0.719
25,1:low,2:medium,+,0.638
26,1:low,2:medium,+,0.507
27,1:low,2:medium,+,0.524
28,1:low,1:low,,0.517
29,1:low,2:medium,+,0.59
30,1:low,2:medium,+,0.59
31,1:low,2:medium,+,0.574
32,1:low,2:medium,+,0.753
33,1:low,2:medium,+,0.884
34,1:low,2:medium,+,0.818
35,1:low,2:medium,+,0.916
36,1:low,2:medium,+,0.965
37,1:low,2:medium,+,0.932
38,1:low,2:medium,+,0.948
39,1:low,2:medium,+,0.916
40,1:low,2:medium,+,0.949
41,1:low,2:medium,+,0.932
42,1:low,2:medium,+,0.949
43,1:low,2:medium,+,0.834
44,1:low,2:medium,+,0.965
45,1:low,2:medium,+,0.932
46,1:low,2:medium,+,0.906
47,1:low,2:medium,+,0.883
48,1:low,2:medium,+,0.867
49,1:low,2:medium,+,0.932
50,1:low,2:medium,+,0.883
51,1:low,2:medium,+,0.9
52,1:low,2:medium,+,0.948
53,1:low,2:medium,+,0.899
54,1:low,2:medium,+,0.948
55,1:low,2:medium,+,0.883
56,1:low,2:medium,+,0.834
57,1:low,2:medium,+,0.768
58,1:low,2:medium,+,0.818
59,1:low,2:medium,+,0.867
60,1:low,2:medium,+,0.834
61,1:low,2:medium,+,0.932
62,1:low,2:medium,+,0.85
63,1:low,2:medium,+,0.932
64,1:low,2:medium,+,0.981
65,1:low,2:medium,+,0.818
66,1:low,2:medium,+,0.818
67,1:low,2:medium,+,0.899
68,1:low,2:medium,+,0.932
69,1:low,2:medium,+,0.981
70,1:low,2:medium,+,0.965
71,1:low,2:medium,+,0.932
72,1:low,2:medium,+,0.899
73,1:low,2:medium,+,0.981
74,1:low,2:medium,+,0.948
75,1:low,2:medium,+,0.932
76,1:low,2:medium,+,0.981
77,1:low,2:medium,+,0.965
78,1:low,2:medium,+,0.883
79,1:low,2:medium,+,0.949
80,1:low,2:medium,+,0.834
81,1:low,2:medium,+,0.867
82,1:low,2:medium,+,0.834
83,1:low,2:medium,+,0.883
84,1:low,2:medium,+,0.883
85,1:low,2:medium,+,0.883
86,1:low,2:medium,+,0.85
87,1:low,2:medium,+,0.85
88,1:low,2:medium,+,0.867
89,1:low,2:medium,+,0.818
90,1:low,2:medium,+,0.769
91,1:low,2:medium,+,0.867
92,1:low,2:medium,+,0.916
93,1:low,2:medium,+,0.867
94,1:low,2:medium,+,0.752
95,1:low,2:medium,+,0.883
96,1:low,2:medium,+,0.949
97,1:low,2:medium,+,0.932
98,1:low,2:medium,+,0.981
99,1:low,2:medium,+,0.981
100,1:low,2:medium,+,0.981
101,1:low,2:medium,+,0.948
102,1:low,2:medium,+,0.948
103,1:low,2:medium,+,0.834
104,1:low,2:medium,+,0.834
105,1:low,2:medium,+,0.883
106,1:low,2:medium,+,0.801
107,1:low,2:medium,+,0.818
108,1:low,2:medium,+,0.883
109,1:low,2:medium,+,0.785
110,1:low,2:medium,+,0.753
111,1:low,2:medium,+,0.801
112,1:low,2:medium,+,0.883
113,1:low,2:medium,+,0.948
114,1:low,2:medium,+,0.801
115,1:low,2:medium,+,0.916
116,1:low,2:medium,+,0.916
117,1:low,2:medium,+,0.867
118,1:low,2:medium,+,0.85
119,1:low,2:medium,+,0.883
120,1:low,2:medium,+,0.687
121,1:low,2:medium,+,0.801
122,1:low,2:medium,+,0.687
123,1:low,2:medium,+,0.67
124,1:low,2:medium,+,0.801
125,1:low,2:medium,+,0.687
126,1:low,2:medium,+,0.67
127,1:low,2:medium,+,0.687
128,1:low,2:medium,+,0.818
129,1:low,2:medium,+,0.867
130,1:low,2:medium,+,0.851
131,1:low,2:medium,+,0.867
132,1:low,2:medium,+,0.818
133,1:low,2:medium,+,0.9
134,1:low,2:medium,+,0.883
135,1:low,2:medium,+,0.965
136,1:low,2:medium,+,0.981
137,1:low,2:medium,+,0.965
138,1:low,2:medium,+,0.981
139,1:low,2:medium,+,0.965
140,1:low,2:medium,+,0.965
141,1:low,2:medium,+,0.981
142,1:low,2:medium,+,0.981
143,1:low,2:medium,+,0.981
144,1:low,2:medium,+,0.981
145,1:low,2:medium,+,0.981
146,1:low,2:medium,+,0.981
147,1:low,2:medium,+,0.981
148,1:low,2:medium,+,0.981
149,1:low,2:medium,+,0.965
150,1:low,2:medium,+,0.981
151,1:low,2:medium,+,0.981
152,1:low,2:medium,+,0.981
153,1:low,2:medium,+,0.949
154,1:low,2:medium,+,0.654
155,1:low,2:medium,+,0.621
156,1:low,2:medium,+,0.638
157,1:low,3:high,+,0.525
158,1:low,2:medium,+,0.736
159,1:low,2:medium,+,0.589
160,1:low,2:medium,+,0.687
161,1:low,3:high,+,0.541
162,1:low,2:medium,+,0.687
163,1:low,3:high,+,0.525
164,1:low,2:medium,+,0.736
165,1:low,2:medium,+,0.671
166,1:low,2:medium,+,0.883
167,1:low,2:medium,+,0.916
168,1:low,2:medium,+,0.932
169,1:low,2:medium,+,0.883
170,1:low,2:medium,+,0.933
171,1:low,2:medium,+,0.916
172,1:low,2:medium,+,0.932
173,1:low,2:medium,+,0.932
174,1:low,2:medium,+,0.899
175,1:low,2:medium,+,0.916
176,1:low,2:medium,+,0.932

