inst#,actual,predicted,error,prediction
1,1:low,1:low,,1
2,1:low,1:low,,1
3,1:low,1:low,,0.999
4,1:low,1:low,,1
5,1:low,2:medium,+,0.999
6,1:low,2:medium,+,1
7,1:low,2:medium,+,0.572
8,1:low,3:high,+,0.955
9,1:low,3:high,+,0.971
10,1:low,2:medium,+,0.855
11,1:low,3:high,+,0.995
12,1:low,2:medium,+,0.986
13,1:low,2:medium,+,0.998
14,1:low,2:medium,+,0.966
15,1:low,2:medium,+,0.999
16,1:low,2:medium,+,0.983
17,1:low,2:medium,+,0.999
18,1:low,2:medium,+,0.999
19,1:low,2:medium,+,0.983
20,1:low,2:medium,+,0.999
21,1:low,2:medium,+,0.848
22,1:low,2:medium,+,0.983
23,1:low,2:medium,+,0.999
24,1:low,2:medium,+,0.992
25,1:low,1:low,,0.921
26,1:low,2:medium,+,0.862
27,1:low,1:low,,0.613
28,1:low,2:medium,+,0.935
29,1:low,2:medium,+,0.853
30,1:low,2:medium,+,0.977
31,1:low,2:medium,+,0.994
32,1:low,1:low,,0.878
33,1:low,2:medium,+,0.902
34,1:low,2:medium,+,1
35,1:low,2:medium,+,1
36,1:low,2:medium,+,1
37,1:low,2:medium,+,1
38,1:low,2:medium,+,0.989
39,1:low,2:medium,+,1
40,1:low,2:medium,+,1
41,1:low,2:medium,+,1
42,1:low,3:high,+,0.778
43,1:low,2:medium,+,0.996
44,1:low,2:medium,+,1
45,1:low,3:high,+,0.778
46,1:low,2:medium,+,1
47,1:low,2:medium,+,1
48,1:low,3:high,+,0.7
49,1:low,3:high,+,0.778
50,1:low,2:medium,+,1
51,1:low,2:medium,+,0.996
52,1:low,2:medium,+,1
53,1:low,2:medium,+,1
54,1:low,2:medium,+,1
55,1:low,2:medium,+,0.986
56,1:low,2:medium,+,0.996
57,1:low,2:medium,+,0.999
58,1:low,2:medium,+,0.996
59,1:low,2:medium,+,0.999
60,1:low,2:medium,+,1
61,1:low,2:medium,+,1
62,1:low,2:medium,+,0.977
63,1:low,2:medium,+,1
64,1:low,2:medium,+,1
65,1:low,2:medium,+,0.98
66,1:low,2:medium,+,0.87
67,1:low,2:medium,+,1
68,1:low,2:medium,+,1
69,1:low,2:medium,+,1
70,1:low,2:medium,+,1
71,1:low,2:medium,+,1
72,1:low,2:medium,+,1
73,1:low,2:medium,+,1
74,1:low,2:medium,+,1
75,1:low,2:medium,+,1
76,1:low,2:medium,+,1
77,1:low,2:medium,+,1
78,1:low,2:medium,+,0.999
79,1:low,2:medium,+,1
80,1:low,2:medium,+,0.997
81,1:low,2:medium,+,0.996
82,1:low,2:medium,+,1
83,1:low,2:medium,+,0.996
84,1:low,2:medium,+,0.996
85,1:low,2:medium,+,0.996
86,1:low,2:medium,+,0.999
87,1:low,2:medium,+,1
88,1:low,2:medium,+,1
89,1:low,2:medium,+,0.996
90,1:low,2:medium,+,0.996
91,1:low,2:medium,+,0.999
92,1:low,1:low,,0.951
93,1:low,2:medium,+,0.999
94,1:low,2:medium,+,1
95,1:low,2:medium,+,0.995
96,1:low,2:medium,+,1
97,1:low,2:medium,+,1
98,1:low,2:medium,+,1
99,1:low,2:medium,+,1
100,1:low,2:medium,+,1
101,1:low,2:medium,+,1
102,1:low,2:medium,+,1
103,1:low,2:medium,+,1
104,1:low,2:medium,+,1
105,1:low,2:medium,+,0.998
106,1:low,2:medium,+,0.877
107,1:low,2:medium,+,0.986
108,1:low,2:medium,+,0.839
109,1:low,2:medium,+,0.996
110,1:low,2:medium,+,0.998
111,1:low,2:medium,+,0.999
112,1:low,2:medium,+,0.986
113,1:low,2:medium,+,0.999
114,1:low,2:medium,+,0.996
115,1:low,2:medium,+,0.998
116,1:low,2:medium,+,0.998
117,1:low,2:medium,+,1
118,1:low,2:medium,+,1
119,1:low,2:medium,+,1
120,1:low,2:medium,+,0.999
121,1:low,2:medium,+,1
122,1:low,2:medium,+,0.999
123,1:low,2:medium,+,0.997
124,1:low,2:medium,+,1
125,1:low,2:medium,+,1
126,1:low,2:medium,+,0.997
127,1:low,2:medium,+,0.999
128,1:low,2:medium,+,1
129,1:low,2:medium,+,1
130,1:low,2:medium,+,1
131,1:low,2:medium,+,1
132,1:low,2:medium,+,1
133,1:low,2:medium,+,1
134,1:low,2:medium,+,1
135,1:low,2:medium,+,1
136,1:low,2:medium,+,1
137,1:low,2:medium,+,1
138,1:low,2:medium,+,1
139,1:low,2:medium,+,1
140,1:low,2:medium,+,1
141,1:low,2:medium,+,1
142,1:low,2:medium,+,1
143,1:low,2:medium,+,1
144,1:low,2:medium,+,1
145,1:low,2:medium,+,1
146,1:low,2:medium,+,1
147,1:low,2:medium,+,1
148,1:low,2:medium,+,1
149,1:low,2:medium,+,1
150,1:low,2:medium,+,1
151,1:low,2:medium,+,1
152,1:low,2:medium,+,1
153,1:low,2:medium,+,1
154,1:low,2:medium,+,0.997
155,1:low,2:medium,+,0.989
156,1:low,2:medium,+,1
157,1:low,2:medium,+,1
158,1:low,2:medium,+,1
159,1:low,2:medium,+,1
160,1:low,2:medium,+,1
161,1:low,2:medium,+,1
162,1:low,2:medium,+,1
163,1:low,2:medium,+,1
164,1:low,2:medium,+,1
165,1:low,2:medium,+,1
166,1:low,2:medium,+,1
167,1:low,2:medium,+,1
168,1:low,2:medium,+,1
169,1:low,2:medium,+,1
170,1:low,2:medium,+,1
171,1:low,2:medium,+,1
172,1:low,2:medium,+,1
173,1:low,2:medium,+,1
174,1:low,2:medium,+,1
175,1:low,2:medium,+,1
176,1:low,2:medium,+,1

