inst#,actual,predicted,error,prediction
1,1:low,2:medium,+,0.545
2,1:low,2:medium,+,0.604
3,1:low,2:medium,+,0.577
4,1:low,1:low,,0.527
5,1:low,2:medium,+,0.936
6,1:low,2:medium,+,0.97
7,1:low,3:high,+,0.896
8,1:low,3:high,+,0.937
9,1:low,3:high,+,0.944
10,1:low,3:high,+,0.947
11,1:low,3:high,+,0.796
12,1:low,3:high,+,0.834
13,1:low,2:medium,+,0.536
14,1:low,2:medium,+,0.733
15,1:low,2:medium,+,0.646
16,1:low,2:medium,+,0.696
17,1:low,2:medium,+,0.856
18,1:low,2:medium,+,0.777
19,1:low,2:medium,+,0.794
20,1:low,2:medium,+,0.652
21,1:low,2:medium,+,0.677
22,1:low,2:medium,+,0.701
23,1:low,2:medium,+,0.536
24,1:low,2:medium,+,0.756
25,1:low,2:medium,+,0.663
26,1:low,2:medium,+,0.618
27,1:low,2:medium,+,0.69
28,1:low,2:medium,+,0.689
29,1:low,2:medium,+,0.904
30,1:low,2:medium,+,0.908
31,1:low,2:medium,+,0.751
32,1:low,2:medium,+,0.666
33,1:low,2:medium,+,0.942
34,1:low,2:medium,+,0.516
35,1:low,3:high,+,0.511
36,1:low,2:medium,+,0.854
37,1:low,2:medium,+,0.75
38,1:low,2:medium,+,0.879
39,1:low,1:low,,0.489
40,1:low,2:medium,+,0.783
41,1:low,2:medium,+,0.659
42,1:low,2:medium,+,0.783
43,1:low,2:medium,+,0.575
44,1:low,2:medium,+,0.903
45,1:low,2:medium,+,0.782
46,1:low,3:high,+,0.939
47,1:low,3:high,+,0.664
48,1:low,1:low,,0.472
49,1:low,2:medium,+,0.879
50,1:low,2:medium,+,0.957
51,1:low,2:medium,+,0.817
52,1:low,2:medium,+,0.909
53,1:low,2:medium,+,0.938
54,1:low,2:medium,+,0.909
55,1:low,2:medium,+,0.818
56,1:low,1:low,,0.491
57,1:low,1:low,,0.519
58,1:low,1:low,,0.505
59,1:low,1:low,,0.51
60,1:low,2:medium,+,0.906
61,1:low,2:medium,+,1
62,1:low,2:medium,+,0.517
63,1:low,2:medium,+,1
64,1:low,2:medium,+,1
65,1:low,1:low,,0.763
66,1:low,1:low,,0.879
67,1:low,2:medium,+,0.95
68,1:low,2:medium,+,0.97
69,1:low,2:medium,+,1
70,1:low,2:medium,+,1
71,1:low,2:medium,+,0.879
72,1:low,2:medium,+,0.909
73,1:low,2:medium,+,1
74,1:low,2:medium,+,1
75,1:low,2:medium,+,0.935
76,1:low,2:medium,+,0.97
77,1:low,2:medium,+,1
78,1:low,1:low,,0.428
79,1:low,2:medium,+,1
80,1:low,1:low,,0.503
81,1:low,1:low,,0.543
82,1:low,1:low,,0.878
83,1:low,1:low,,0.497
84,1:low,1:low,,0.515
85,1:low,1:low,,0.546
86,1:low,1:low,,0.407
87,1:low,1:low,,0.502
88,1:low,1:low,,0.489
89,1:low,1:low,,0.5
90,1:low,1:low,,0.543
91,1:low,1:low,,0.512
92,1:low,1:low,,0.784
93,1:low,1:low,,0.764
94,1:low,1:low,,0.788
95,1:low,2:medium,+,0.515
96,1:low,2:medium,+,1
97,1:low,2:medium,+,1
98,1:low,2:medium,+,1
99,1:low,2:medium,+,1
100,1:low,2:medium,+,1
101,1:low,2:medium,+,1
102,1:low,2:medium,+,1
103,1:low,2:medium,+,0.97
104,1:low,2:medium,+,0.909
105,1:low,2:medium,+,0.594
106,1:low,1:low,,0.907
107,1:low,1:low,,0.877
108,1:low,2:medium,+,0.528
109,1:low,1:low,,0.51
110,1:low,1:low,,0.536
111,1:low,1:low,,0.488
112,1:low,1:low,,0.531
113,1:low,2:medium,+,0.87
114,1:low,1:low,,0.553
115,1:low,1:low,,0.424
116,1:low,2:medium,+,0.397
117,1:low,1:low,,0.549
118,1:low,1:low,,0.501
119,1:low,1:low,,0.592
120,1:low,1:low,,0.639
121,1:low,2:medium,+,0.515
122,1:low,1:low,,0.661
123,1:low,1:low,,0.816
124,1:low,2:medium,+,0.515
125,1:low,1:low,,0.64
126,1:low,1:low,,0.793
127,1:low,1:low,,0.653
128,1:low,2:medium,+,0.516
129,1:low,2:medium,+,0.916
130,1:low,2:medium,+,0.926
131,1:low,2:medium,+,0.909
132,1:low,2:medium,+,0.989
133,1:low,2:medium,+,1
134,1:low,2:medium,+,1
135,1:low,2:medium,+,1
136,1:low,2:medium,+,1
137,1:low,2:medium,+,1
138,1:low,2:medium,+,1
139,1:low,2:medium,+,1
140,1:low,2:medium,+,0.966
141,1:low,2:medium,+,1
142,1:low,2:medium,+,1
143,1:low,2:medium,+,1
144,1:low,2:medium,+,1
145,1:low,2:medium,+,1
146,1:low,2:medium,+,1
147,1:low,2:medium,+,1
148,1:low,2:medium,+,1
149,1:low,2:medium,+,1
150,1:low,2:medium,+,1
151,1:low,2:medium,+,1
152,1:low,2:medium,+,1
153,1:low,2:medium,+,0.909
154,1:low,2:medium,+,0.841
155,1:low,2:medium,+,0.758
156,1:low,2:medium,+,0.822
157,1:low,2:medium,+,0.585
158,1:low,3:high,+,0.778
159,1:low,2:medium,+,0.748
160,1:low,2:medium,+,0.684
161,1:low,3:high,+,0.725
162,1:low,3:high,+,0.575
163,1:low,3:high,+,0.637
164,1:low,3:high,+,0.542
165,1:low,2:medium,+,0.761
166,1:low,2:medium,+,0.975
167,1:low,2:medium,+,0.901
168,1:low,2:medium,+,1
169,1:low,2:medium,+,0.97
170,1:low,2:medium,+,1
171,1:low,2:medium,+,0.97
172,1:low,2:medium,+,0.97
173,1:low,2:medium,+,1
174,1:low,2:medium,+,0.97
175,1:low,2:medium,+,1
176,1:low,2:medium,+,1

