inst#,actual,predicted,error,prediction
1,2:medium,2:medium,,0.704
2,2:medium,2:medium,,0.82
3,2:medium,2:medium,,0.823
4,2:medium,2:medium,,0.818
5,2:medium,2:medium,,0.741
6,2:medium,2:medium,,0.7
7,2:medium,2:medium,,0.727
8,3:high,2:medium,+,0.76
9,3:high,2:medium,+,0.691
10,3:high,2:medium,+,0.802
11,3:high,2:medium,+,0.638
12,3:high,3:high,,0.619
13,3:high,3:high,,0.714
14,3:high,3:high,,0.654
15,3:high,3:high,,0.684
16,3:high,3:high,,0.67
17,3:high,3:high,,0.778
18,3:high,3:high,,0.75
19,3:high,3:high,,0.853
20,3:high,3:high,,0.832
21,3:high,3:high,,0.838
22,3:high,3:high,,0.831
23,3:high,2:medium,+,0.429
24,3:high,2:medium,+,0.805
25,3:high,2:medium,+,0.779
26,3:high,2:medium,+,0.766
27,3:high,2:medium,+,0.669
28,3:high,2:medium,+,0.741
29,3:high,2:medium,+,0.793
30,3:high,2:medium,+,0.689
31,3:high,2:medium,+,0.756
32,3:high,2:medium,+,0.624
33,3:high,2:medium,+,0.621
34,3:high,2:medium,+,0.686
35,3:high,2:medium,+,0.622
36,3:high,2:medium,+,0.673
37,3:high,2:medium,+,0.688
38,3:high,2:medium,+,0.569
39,3:high,3:high,,0.47
40,3:high,2:medium,+,0.9
41,3:high,2:medium,+,0.665
42,3:high,2:medium,+,0.848
43,3:high,2:medium,+,0.81
44,3:high,3:high,,0.505
45,3:high,3:high,,0.772
46,2:medium,3:high,+,0.537
47,2:medium,2:medium,,0.457
48,2:medium,1:low,+,0.448
49,2:medium,3:high,+,0.619
50,2:medium,2:medium,,0.545
51,2:medium,2:medium,,0.616
52,2:medium,1:low,+,0.618
53,2:medium,2:medium,,0.768
54,2:medium,2:medium,,0.808
55,2:medium,2:medium,,0.868
56,2:medium,3:high,+,0.537
57,2:medium,2:medium,,0.563
58,2:medium,2:medium,,0.65
59,2:medium,2:medium,,0.782
60,2:medium,2:medium,,0.695
61,2:medium,1:low,+,0.831
62,2:medium,1:low,+,0.578
63,2:medium,1:low,+,0.792
64,2:medium,1:low,+,0.664
65,3:high,3:high,,0.565
66,3:high,3:high,,0.508
67,3:high,1:low,+,0.474
68,3:high,3:high,,0.524
69,3:high,3:high,,0.502
70,3:high,3:high,,0.536
71,3:high,3:high,,0.71
72,3:high,3:high,,0.663

