inst#,actual,predicted,error,prediction
1,2:medium,2:medium,,0.731
2,2:medium,2:medium,,0.927
3,2:medium,2:medium,,0.917
4,2:medium,2:medium,,0.835
5,2:medium,2:medium,,0.838
6,2:medium,2:medium,,0.788
7,2:medium,2:medium,,0.76
8,3:high,2:medium,+,0.644
9,3:high,2:medium,+,0.431
10,3:high,2:medium,+,0.596
11,3:high,2:medium,+,0.553
12,3:high,3:high,,0.495
13,3:high,3:high,,0.536
14,3:high,3:high,,0.505
15,3:high,3:high,,0.491
16,3:high,3:high,,0.493
17,3:high,3:high,,0.57
18,3:high,3:high,,0.544
19,3:high,3:high,,0.722
20,3:high,2:medium,+,0.584
21,3:high,2:medium,+,0.617
22,3:high,3:high,,0.57
23,3:high,3:high,,0.811
24,3:high,3:high,,0.856
25,3:high,3:high,,0.701
26,3:high,3:high,,0.514
27,3:high,2:medium,+,0.48
28,3:high,2:medium,+,0.651
29,3:high,2:medium,+,0.777
30,3:high,2:medium,+,0.824
31,3:high,2:medium,+,0.773
32,3:high,2:medium,+,0.777
33,3:high,2:medium,+,0.825
34,3:high,1:low,+,0.675
35,3:high,1:low,+,0.695
36,3:high,1:low,+,0.518
37,3:high,1:low,+,0.5
38,3:high,1:low,+,0.532
39,3:high,1:low,+,0.469
40,3:high,1:low,+,0.399
41,3:high,2:medium,+,0.356
42,3:high,2:medium,+,0.4
43,3:high,2:medium,+,0.428
44,3:high,2:medium,+,0.558
45,3:high,2:medium,+,0.635
46,2:medium,2:medium,,0.723
47,2:medium,2:medium,,0.725
48,2:medium,3:high,+,0.482
49,2:medium,3:high,+,0.719
50,2:medium,2:medium,,0.571
51,2:medium,3:high,+,0.575
52,2:medium,3:high,+,0.52
53,2:medium,2:medium,,0.52
54,2:medium,2:medium,,0.82
55,2:medium,2:medium,,0.705
56,2:medium,2:medium,,0.669
57,2:medium,2:medium,,0.521
58,2:medium,3:high,+,0.519
59,2:medium,3:high,+,0.452
60,2:medium,3:high,+,0.797
61,2:medium,3:high,+,0.803
62,2:medium,3:high,+,0.797
63,2:medium,3:high,+,0.864
64,2:medium,3:high,+,0.884
65,3:high,3:high,,0.833
66,3:high,3:high,,0.874
67,3:high,3:high,,0.846
68,3:high,3:high,,0.892
69,3:high,3:high,,0.813
70,3:high,3:high,,0.845
71,3:high,3:high,,0.93
72,3:high,3:high,,0.939

