inst#,actual,predicted,error,prediction
1,2:medium,2:medium,,0.836
2,2:medium,2:medium,,0.909
3,2:medium,2:medium,,0.909
4,2:medium,2:medium,,0.945
5,2:medium,2:medium,,0.982
6,2:medium,2:medium,,0.945
7,2:medium,2:medium,,0.927
8,3:high,2:medium,+,0.8
9,3:high,2:medium,+,0.491
10,3:high,2:medium,+,0.709
11,3:high,2:medium,+,0.491
12,3:high,2:medium,+,0.436
13,3:high,3:high,,0.436
14,3:high,3:high,,0.491
15,3:high,3:high,,0.509
16,3:high,3:high,,0.473
17,3:high,3:high,,0.545
18,3:high,3:high,,0.545
19,3:high,3:high,,0.545
20,3:high,2:medium,+,0.636
21,3:high,2:medium,+,0.6
22,3:high,2:medium,+,0.527
23,3:high,3:high,,0.491
24,3:high,3:high,,0.527
25,3:high,3:high,,0.491
26,3:high,2:medium,+,0.636
27,3:high,2:medium,+,0.564
28,3:high,3:high,,0.564
29,3:high,3:high,,0.418
30,3:high,2:medium,+,0.364
31,3:high,3:high,,0.545
32,3:high,3:high,,0.6
33,3:high,3:high,,0.491
34,3:high,2:medium,+,0.436
35,3:high,2:medium,+,0.364
36,3:high,3:high,,0.436
37,3:high,3:high,,0.473
38,3:high,3:high,,0.491
39,3:high,3:high,,0.436
40,3:high,1:low,+,0.436
41,3:high,3:high,,0.418
42,3:high,3:high,,0.418
43,3:high,3:high,,0.473
44,3:high,3:high,,0.636
45,3:high,3:high,,0.764
46,2:medium,2:medium,,0.509
47,2:medium,2:medium,,0.527
48,2:medium,3:high,+,0.436
49,2:medium,3:high,+,0.655
50,2:medium,2:medium,,0.564
51,2:medium,3:high,+,0.509
52,2:medium,3:high,+,0.509
53,2:medium,3:high,+,0.582
54,2:medium,2:medium,,0.891
55,2:medium,2:medium,,0.8
56,2:medium,2:medium,,0.782
57,2:medium,2:medium,,0.691
58,2:medium,2:medium,,0.618
59,2:medium,2:medium,,0.473
60,2:medium,2:medium,,0.527
61,2:medium,3:high,+,0.655
62,2:medium,3:high,+,0.564
63,2:medium,3:high,+,0.582
64,2:medium,3:high,+,0.582
65,3:high,3:high,,0.618
66,3:high,3:high,,0.618
67,3:high,3:high,,0.636
68,3:high,3:high,,0.691
69,3:high,3:high,,0.8
70,3:high,3:high,,0.745
71,3:high,3:high,,0.745
72,3:high,3:high,,0.727

