inst#,actual,predicted,error,prediction
1,2:medium,2:medium,,0.813
2,2:medium,2:medium,,0.906
3,2:medium,2:medium,,0.906
4,2:medium,2:medium,,0.906
5,2:medium,2:medium,,0.906
6,2:medium,2:medium,,0.906
7,2:medium,2:medium,,0.906
8,3:high,2:medium,+,0.875
9,3:high,1:low,+,0.406
10,3:high,2:medium,+,0.641
11,3:high,2:medium,+,0.5
12,3:high,2:medium,+,0.469
13,3:high,2:medium,+,0.406
14,3:high,3:high,,0.578
15,3:high,3:high,,0.563
16,3:high,3:high,,0.516
17,3:high,3:high,,0.688
18,3:high,3:high,,0.563
19,3:high,3:high,,0.547
20,3:high,2:medium,+,0.578
21,3:high,2:medium,+,0.547
22,3:high,2:medium,+,0.5
23,3:high,2:medium,+,0.5
24,3:high,3:high,,0.625
25,3:high,3:high,,0.531
26,3:high,2:medium,+,0.594
27,3:high,2:medium,+,0.484
28,3:high,2:medium,+,0.469
29,3:high,3:high,,0.453
30,3:high,3:high,,0.5
31,3:high,3:high,,0.5
32,3:high,3:high,,0.672
33,3:high,3:high,,0.484
34,3:high,2:medium,+,0.469
35,3:high,3:high,,0.422
36,3:high,2:medium,+,0.469
37,3:high,3:high,,0.469
38,3:high,3:high,,0.5
39,3:high,3:high,,0.484
40,3:high,3:high,,0.406
41,3:high,3:high,,0.406
42,3:high,2:medium,+,0.531
43,3:high,2:medium,+,0.438
44,3:high,3:high,,0.672
45,3:high,3:high,,0.938
46,2:medium,2:medium,,0.453
47,2:medium,3:high,+,0.484
48,2:medium,2:medium,,0.438
49,2:medium,3:high,+,0.813
50,2:medium,1:low,+,0.469
51,2:medium,3:high,+,0.703
52,2:medium,3:high,+,0.734
53,2:medium,3:high,+,0.656
54,2:medium,2:medium,,0.844
55,2:medium,2:medium,,0.703
56,2:medium,2:medium,,0.797
57,2:medium,2:medium,,0.766
58,2:medium,2:medium,,0.719
59,2:medium,2:medium,,0.563
60,2:medium,3:high,+,0.531
61,2:medium,3:high,+,0.766
62,2:medium,3:high,+,0.766
63,2:medium,3:high,+,0.766
64,2:medium,3:high,+,0.828
65,3:high,3:high,,0.734
66,3:high,3:high,,0.813
67,3:high,3:high,,0.906
68,3:high,3:high,,0.906
69,3:high,3:high,,0.859
70,3:high,3:high,,0.844
71,3:high,3:high,,0.891
72,3:high,3:high,,0.906

