inst#,actual,predicted,error,prediction
1,2:medium,2:medium,,1
2,2:medium,2:medium,,1
3,2:medium,2:medium,,1
4,2:medium,2:medium,,1
5,2:medium,2:medium,,1
6,2:medium,2:medium,,1
7,2:medium,2:medium,,1
8,3:high,2:medium,+,1
9,3:high,3:high,,1
10,3:high,3:high,,0.994
11,3:high,2:medium,+,0.995
12,3:high,2:medium,+,0.738
13,3:high,3:high,,0.867
14,3:high,2:medium,+,0.987
15,3:high,2:medium,+,0.987
16,3:high,2:medium,+,0.837
17,3:high,3:high,,0.999
18,3:high,3:high,,0.998
19,3:high,3:high,,0.948
20,3:high,3:high,,1
21,3:high,3:high,,1
22,3:high,3:high,,1
23,3:high,3:high,,1
24,3:high,3:high,,1
25,3:high,3:high,,1
26,3:high,2:medium,+,1
27,3:high,2:medium,+,1
28,3:high,2:medium,+,1
29,3:high,3:high,,0.573
30,3:high,3:high,,0.706
31,3:high,3:high,,1
32,3:high,3:high,,1
33,3:high,3:high,,0.601
34,3:high,3:high,,0.998
35,3:high,2:medium,+,0.925
36,3:high,3:high,,0.706
37,3:high,3:high,,0.71
38,3:high,2:medium,+,0.893
39,3:high,3:high,,0.999
40,3:high,2:medium,+,0.98
41,3:high,3:high,,0.942
42,3:high,3:high,,0.967
43,3:high,3:high,,1
44,3:high,3:high,,1
45,3:high,3:high,,1
46,2:medium,2:medium,,0.663
47,2:medium,3:high,+,0.997
48,2:medium,2:medium,,1
49,2:medium,3:high,+,0.521
50,2:medium,2:medium,,1
51,2:medium,2:medium,,1
52,2:medium,2:medium,,0.518
53,2:medium,3:high,+,0.909
54,2:medium,2:medium,,1
55,2:medium,2:medium,,1
56,2:medium,2:medium,,1
57,2:medium,2:medium,,0.999
58,2:medium,2:medium,,1
59,2:medium,2:medium,,0.973
60,2:medium,3:high,+,1
61,2:medium,2:medium,,0.542
62,2:medium,3:high,+,0.998
63,2:medium,3:high,+,1
64,2:medium,3:high,+,1
65,3:high,3:high,,0.996
66,3:high,3:high,,1
67,3:high,3:high,,1
68,3:high,3:high,,1
69,3:high,3:high,,1
70,3:high,3:high,,1
71,3:high,3:high,,1
72,3:high,3:high,,1

