inst#,actual,predicted,error,prediction
1,2:medium,2:medium,,1
2,2:medium,2:medium,,1
3,2:medium,2:medium,,1
4,2:medium,2:medium,,1
5,2:medium,2:medium,,1
6,2:medium,2:medium,,1
7,2:medium,2:medium,,1
8,3:high,2:medium,+,1
9,3:high,2:medium,+,1
10,3:high,2:medium,+,1
11,3:high,2:medium,+,1
12,3:high,2:medium,+,1
13,3:high,3:high,,1
14,3:high,3:high,,1
15,3:high,3:high,,0.999
16,3:high,3:high,,1
17,3:high,3:high,,1
18,3:high,3:high,,0.956
19,3:high,2:medium,+,1
20,3:high,3:high,,1
21,3:high,3:high,,0.993
22,3:high,3:high,,1
23,3:high,3:high,,1
24,3:high,3:high,,1
25,3:high,3:high,,1
26,3:high,2:medium,+,1
27,3:high,3:high,,0.998
28,3:high,2:medium,+,1
29,3:high,2:medium,+,1
30,3:high,2:medium,+,1
31,3:high,2:medium,+,1
32,3:high,3:high,,1
33,3:high,2:medium,+,1
34,3:high,2:medium,+,1
35,3:high,2:medium,+,0.998
36,3:high,2:medium,+,1
37,3:high,2:medium,+,0.998
38,3:high,3:high,,1
39,3:high,2:medium,+,1
40,3:high,2:medium,+,1
41,3:high,2:medium,+,1
42,3:high,2:medium,+,1
43,3:high,2:medium,+,1
44,3:high,3:high,,1
45,3:high,3:high,,1
46,2:medium,2:medium,,1
47,2:medium,3:high,+,1
48,2:medium,3:high,+,0.999
49,2:medium,3:high,+,1
50,2:medium,2:medium,,0.903
51,2:medium,3:high,+,1
52,2:medium,3:high,+,0.997
53,2:medium,2:medium,,1
54,2:medium,2:medium,,1
55,2:medium,2:medium,,1
56,2:medium,2:medium,,1
57,2:medium,2:medium,,1
58,2:medium,2:medium,,1
59,2:medium,2:medium,,1
60,2:medium,3:high,+,1
61,2:medium,3:high,+,1
62,2:medium,3:high,+,1
63,2:medium,3:high,+,1
64,2:medium,3:high,+,1
65,3:high,3:high,,1
66,3:high,3:high,,1
67,3:high,3:high,,1
68,3:high,3:high,,1
69,3:high,3:high,,1
70,3:high,3:high,,1
71,3:high,3:high,,1
72,3:high,3:high,,1

