inst#,actual,predicted,error,prediction
1,2:medium,3:high,+,0.452
2,2:medium,2:medium,,0.49
3,2:medium,2:medium,,0.474
4,2:medium,2:medium,,0.432
5,2:medium,3:high,+,0.453
6,2:medium,3:high,+,0.447
7,2:medium,3:high,+,0.467
8,3:high,3:high,,0.56
9,3:high,3:high,,0.403
10,3:high,1:low,+,0.38
11,3:high,3:high,,0.419
12,3:high,3:high,,0.414
13,3:high,3:high,,0.456
14,3:high,3:high,,0.554
15,3:high,3:high,,0.555
16,3:high,3:high,,0.629
17,3:high,3:high,,0.54
18,3:high,3:high,,0.624
19,3:high,3:high,,0.559
20,3:high,3:high,,0.498
21,3:high,3:high,,0.548
22,3:high,3:high,,0.573
23,3:high,3:high,,0.607
24,3:high,3:high,,0.586
25,3:high,2:medium,+,0.551
26,3:high,2:medium,+,0.578
27,3:high,2:medium,+,0.56
28,3:high,2:medium,+,0.663
29,3:high,2:medium,+,0.465
30,3:high,2:medium,+,0.553
31,3:high,2:medium,+,0.592
32,3:high,3:high,,0.54
33,3:high,2:medium,+,0.594
34,3:high,2:medium,+,0.466
35,3:high,2:medium,+,0.482
36,3:high,2:medium,+,0.522
37,3:high,2:medium,+,0.515
38,3:high,2:medium,+,0.437
39,3:high,2:medium,+,0.459
40,3:high,1:low,+,0.382
41,3:high,1:low,+,0.468
42,3:high,1:low,+,0.366
43,3:high,1:low,+,0.462
44,3:high,3:high,,0.479
45,3:high,3:high,,0.826
46,2:medium,2:medium,,0.504
47,2:medium,3:high,+,0.442
48,2:medium,2:medium,,0.515
49,2:medium,3:high,+,0.67
50,2:medium,1:low,+,0.618
51,2:medium,3:high,+,0.407
52,2:medium,3:high,+,0.511
53,2:medium,3:high,+,0.604
54,2:medium,2:medium,,0.764
55,2:medium,2:medium,,0.8
56,2:medium,2:medium,,0.697
57,2:medium,3:high,+,0.504
58,2:medium,3:high,+,0.548
59,2:medium,2:medium,,0.684
60,2:medium,3:high,+,0.783
61,2:medium,3:high,+,0.569
62,2:medium,3:high,+,0.562
63,2:medium,3:high,+,0.674
64,2:medium,3:high,+,0.638
65,3:high,3:high,,0.588
66,3:high,3:high,,0.675
67,3:high,3:high,,0.677
68,3:high,3:high,,0.811
69,3:high,3:high,,0.754
70,3:high,3:high,,0.753
71,3:high,3:high,,0.797
72,3:high,3:high,,0.747

