inst#,actual,predicted,error,prediction
1,2:medium,1:low,+,0.765
2,2:medium,1:low,+,0.645
3,2:medium,2:medium,,0.736
4,2:medium,1:low,+,0.7
5,1:low,1:low,,0.556
6,2:medium,1:low,+,0.937
7,2:medium,1:low,+,0.946
8,2:medium,2:medium,,0.525
9,2:medium,1:low,+,0.896
10,1:low,2:medium,+,0.623
11,2:medium,1:low,+,0.7
12,2:medium,1:low,+,0.819
13,2:medium,1:low,+,0.719
14,2:medium,1:low,+,0.772
15,2:medium,1:low,+,0.879
16,2:medium,1:low,+,0.94
17,2:medium,1:low,+,0.725
18,2:medium,1:low,+,0.93
19,2:medium,1:low,+,0.765
20,2:medium,1:low,+,0.945
21,2:medium,1:low,+,0.573
22,2:medium,1:low,+,0.978
23,2:medium,1:low,+,0.966
24,2:medium,1:low,+,0.778
25,2:medium,1:low,+,0.83
26,2:medium,1:low,+,0.959
27,2:medium,1:low,+,0.911
28,2:medium,1:low,+,0.999
29,2:medium,1:low,+,0.912
30,2:medium,1:low,+,0.622
31,2:medium,2:medium,,0.862
32,2:medium,2:medium,,0.57
33,2:medium,1:low,+,0.526
34,2:medium,1:low,+,0.655
35,2:medium,2:medium,,0.757
36,2:medium,2:medium,,0.885
37,2:medium,2:medium,,0.784
38,2:medium,2:medium,,0.922
39,2:medium,2:medium,,0.658
40,2:medium,2:medium,,0.649
41,2:medium,2:medium,,0.511
42,2:medium,1:low,+,0.619
43,2:medium,1:low,+,0.633
44,2:medium,2:medium,,0.739
45,2:medium,1:low,+,0.738
46,2:medium,1:low,+,0.988
47,2:medium,2:medium,,0.546
48,2:medium,1:low,+,0.619
49,2:medium,1:low,+,0.549
50,2:medium,2:medium,,0.534
51,2:medium,1:low,+,0.707
52,2:medium,1:low,+,0.501
53,2:medium,1:low,+,0.652
54,2:medium,1:low,+,0.646
55,2:medium,1:low,+,0.788
56,2:medium,1:low,+,0.638
57,2:medium,1:low,+,0.811
58,2:medium,2:medium,,0.52
59,2:medium,1:low,+,0.543
60,2:medium,1:low,+,0.648
61,1:low,1:low,,0.795
62,2:medium,1:low,+,0.851
63,2:medium,1:low,+,0.992
64,2:medium,1:low,+,0.749
65,1:low,1:low,,0.629
66,1:low,1:low,,0.635
67,1:low,1:low,,0.55
68,1:low,1:low,,0.853
69,1:low,1:low,,0.779
70,1:low,2:medium,+,0.505
71,1:low,1:low,,0.785
72,1:low,1:low,,0.815
73,1:low,1:low,,0.927
74,1:low,1:low,,0.948
75,1:low,1:low,,0.983
76,1:low,1:low,,0.861
77,1:low,1:low,,0.62
78,1:low,1:low,,0.733
79,1:low,1:low,,0.696
80,1:low,1:low,,0.796
81,1:low,1:low,,0.803
82,1:low,1:low,,0.599
83,1:low,1:low,,0.711
84,1:low,1:low,,0.647
85,1:low,1:low,,0.907
86,1:low,1:low,,0.902
87,1:low,1:low,,0.783
88,1:low,1:low,,0.883
89,1:low,1:low,,0.679
90,1:low,1:low,,0.836
91,1:low,1:low,,0.968
92,1:low,1:low,,0.97
93,1:low,1:low,,0.84
94,1:low,1:low,,0.987
95,1:low,1:low,,1
96,1:low,1:low,,1
97,1:low,1:low,,1
98,1:low,1:low,,0.939
99,1:low,1:low,,1
100,1:low,1:low,,0.939
101,1:low,1:low,,1
102,1:low,1:low,,1
103,1:low,1:low,,1
104,1:low,1:low,,1
105,1:low,1:low,,0.97
106,1:low,1:low,,0.998
107,1:low,1:low,,1
108,1:low,1:low,,0.97
109,1:low,1:low,,0.969
110,1:low,1:low,,0.898
111,1:low,1:low,,0.993
112,1:low,1:low,,0.969
113,1:low,1:low,,0.969
114,1:low,1:low,,0.937
115,1:low,1:low,,0.935
116,1:low,1:low,,0.932
117,1:low,1:low,,0.96
118,1:low,1:low,,0.969
119,1:low,2:medium,+,0.526
120,1:low,1:low,,0.671
121,1:low,1:low,,0.503
122,1:low,1:low,,1
123,1:low,1:low,,1
124,1:low,1:low,,0.939
125,1:low,1:low,,1
126,1:low,2:medium,+,0.71
127,1:low,2:medium,+,0.758
128,1:low,3:high,+,0.982
129,1:low,1:low,,1
130,1:low,1:low,,1
131,1:low,1:low,,1
132,1:low,1:low,,1
133,1:low,1:low,,1
134,1:low,1:low,,1
135,1:low,1:low,,1
136,1:low,1:low,,1
137,1:low,1:low,,1
138,1:low,1:low,,1
139,1:low,1:low,,0.909
140,1:low,1:low,,1
141,1:low,1:low,,1
142,1:low,1:low,,1
143,1:low,1:low,,0.849
144,1:low,1:low,,0.909
145,1:low,1:low,,0.939
146,1:low,1:low,,0.97
147,1:low,1:low,,0.985
148,1:low,1:low,,0.973
149,1:low,1:low,,1
150,1:low,1:low,,1
151,1:low,1:low,,1
152,1:low,1:low,,0.939
153,1:low,1:low,,1
154,1:low,1:low,,1
155,1:low,1:low,,0.544
156,1:low,1:low,,1
157,1:low,1:low,,1
158,1:low,1:low,,0.97
159,1:low,1:low,,0.97
160,1:low,1:low,,0.967
161,1:low,1:low,,1
162,1:low,2:medium,+,0.86
163,1:low,1:low,,0.953
164,1:low,1:low,,0.969
165,1:low,1:low,,0.939
166,1:low,1:low,,1
167,1:low,1:low,,1
168,1:low,1:low,,0.94
169,1:low,1:low,,1
170,1:low,1:low,,1
171,1:low,1:low,,0.818
172,1:low,1:low,,0.809
173,1:low,1:low,,0.748
174,1:low,1:low,,0.969
175,1:low,1:low,,1
176,1:low,1:low,,1

