inst#,actual,predicted,error,prediction
1,2:medium,1:low,+,0.938
2,2:medium,1:low,+,0.974
3,2:medium,2:medium,,0.771
4,2:medium,2:medium,,0.831
5,1:low,1:low,,0.895
6,2:medium,1:low,+,0.986
7,2:medium,1:low,+,0.986
8,2:medium,1:low,+,0.946
9,2:medium,1:low,+,0.949
10,1:low,2:medium,+,0.694
11,2:medium,2:medium,,0.903
12,2:medium,1:low,+,0.99
13,2:medium,1:low,+,0.999
14,2:medium,1:low,+,0.999
15,2:medium,1:low,+,0.998
16,2:medium,1:low,+,0.999
17,2:medium,1:low,+,0.998
18,2:medium,1:low,+,1
19,2:medium,1:low,+,0.999
20,2:medium,1:low,+,0.999
21,2:medium,1:low,+,0.989
22,2:medium,1:low,+,0.999
23,2:medium,1:low,+,0.995
24,2:medium,1:low,+,1
25,2:medium,1:low,+,1
26,2:medium,1:low,+,0.997
27,2:medium,1:low,+,0.997
28,2:medium,1:low,+,0.997
29,2:medium,1:low,+,0.999
30,2:medium,1:low,+,0.737
31,2:medium,1:low,+,0.57
32,2:medium,2:medium,,0.921
33,2:medium,2:medium,,0.921
34,2:medium,1:low,+,0.658
35,2:medium,2:medium,,1
36,2:medium,2:medium,,1
37,2:medium,2:medium,,0.999
38,2:medium,2:medium,,0.999
39,2:medium,2:medium,,0.993
40,2:medium,2:medium,,1
41,2:medium,2:medium,,0.99
42,2:medium,2:medium,,0.958
43,2:medium,2:medium,,0.951
44,2:medium,2:medium,,0.979
45,2:medium,2:medium,,0.977
46,2:medium,1:low,+,0.991
47,2:medium,2:medium,,0.75
48,2:medium,1:low,+,0.66
49,2:medium,2:medium,,0.997
50,2:medium,2:medium,,0.961
51,2:medium,2:medium,,0.997
52,2:medium,2:medium,,0.885
53,2:medium,1:low,+,0.668
54,2:medium,2:medium,,0.784
55,2:medium,1:low,+,0.668
56,2:medium,1:low,+,0.674
57,2:medium,1:low,+,0.938
58,2:medium,2:medium,,0.757
59,2:medium,2:medium,,0.784
60,2:medium,1:low,+,0.97
61,1:low,1:low,,0.999
62,2:medium,1:low,+,0.565
63,2:medium,1:low,+,0.999
64,2:medium,2:medium,,0.885
65,1:low,1:low,,0.987
66,1:low,2:medium,+,0.615
67,1:low,2:medium,+,0.961
68,1:low,2:medium,+,0.885
69,1:low,1:low,,0.668
70,1:low,1:low,,0.606
71,1:low,1:low,,0.532
72,1:low,1:low,,0.997
73,1:low,1:low,,0.532
74,1:low,1:low,,0.532
75,1:low,1:low,,0.974
76,1:low,1:low,,0.996
77,1:low,1:low,,1
78,1:low,1:low,,0.994
79,1:low,1:low,,0.97
80,1:low,1:low,,0.574
81,1:low,1:low,,1
82,1:low,1:low,,1
83,1:low,2:medium,+,0.776
84,1:low,2:medium,+,0.987
85,1:low,1:low,,0.99
86,1:low,1:low,,0.99
87,1:low,1:low,,0.99
88,1:low,1:low,,0.999
89,1:low,1:low,,1
90,1:low,1:low,,0.996
91,1:low,2:medium,+,0.724
92,1:low,1:low,,1
93,1:low,1:low,,1
94,1:low,1:low,,0.997
95,1:low,1:low,,0.999
96,1:low,1:low,,0.999
97,1:low,1:low,,0.999
98,1:low,1:low,,0.626
99,1:low,1:low,,1
100,1:low,1:low,,0.999
101,1:low,1:low,,0.999
102,1:low,1:low,,1
103,1:low,1:low,,1
104,1:low,1:low,,0.997
105,1:low,1:low,,1
106,1:low,1:low,,0.975
107,1:low,1:low,,1
108,1:low,1:low,,1
109,1:low,1:low,,0.99
110,1:low,2:medium,+,0.678
111,1:low,2:medium,+,0.724
112,1:low,1:low,,0.999
113,1:low,1:low,,0.956
114,1:low,2:medium,+,0.678
115,1:low,1:low,,0.994
116,1:low,1:low,,0.994
117,1:low,1:low,,0.951
118,1:low,1:low,,1
119,1:low,2:medium,+,0.908
120,1:low,1:low,,0.945
121,1:low,1:low,,0.967
122,1:low,1:low,,0.999
123,1:low,1:low,,1
124,1:low,2:medium,+,0.981
125,1:low,1:low,,1
126,1:low,2:medium,+,1
127,1:low,2:medium,+,1
128,1:low,3:high,+,1
129,1:low,1:low,,0.996
130,1:low,1:low,,1
131,1:low,1:low,,1
132,1:low,1:low,,1
133,1:low,1:low,,1
134,1:low,1:low,,1
135,1:low,1:low,,1
136,1:low,1:low,,1
137,1:low,1:low,,1
138,1:low,1:low,,1
139,1:low,1:low,,1
140,1:low,1:low,,1
141,1:low,1:low,,1
142,1:low,1:low,,1
143,1:low,1:low,,1
144,1:low,1:low,,1
145,1:low,1:low,,1
146,1:low,1:low,,1
147,1:low,1:low,,1
148,1:low,1:low,,1
149,1:low,1:low,,1
150,1:low,1:low,,1
151,1:low,1:low,,1
152,1:low,1:low,,1
153,1:low,1:low,,1
154,1:low,1:low,,1
155,1:low,1:low,,1
156,1:low,1:low,,1
157,1:low,1:low,,1
158,1:low,1:low,,1
159,1:low,1:low,,1
160,1:low,1:low,,1
161,1:low,1:low,,1
162,1:low,2:medium,+,1
163,1:low,1:low,,1
164,1:low,1:low,,1
165,1:low,1:low,,0.849
166,1:low,1:low,,1
167,1:low,1:low,,1
168,1:low,1:low,,1
169,1:low,1:low,,1
170,1:low,1:low,,1
171,1:low,1:low,,0.996
172,1:low,2:medium,+,0.727
173,1:low,1:low,,1
174,1:low,1:low,,1
175,1:low,1:low,,1
176,1:low,1:low,,1

