inst#,actual,predicted,error,prediction
1,2:medium,1:low,+,1
2,2:medium,1:low,+,1
3,2:medium,2:medium,,1
4,2:medium,1:low,+,1
5,1:low,1:low,,1
6,2:medium,2:medium,,1
7,2:medium,1:low,+,0.994
8,2:medium,2:medium,,1
9,2:medium,1:low,+,1
10,1:low,2:medium,+,1
11,2:medium,2:medium,,1
12,2:medium,2:medium,,1
13,2:medium,2:medium,,1
14,2:medium,2:medium,,1
15,2:medium,2:medium,,0.956
16,2:medium,2:medium,,1
17,2:medium,2:medium,,1
18,2:medium,1:low,+,1
19,2:medium,1:low,+,1
20,2:medium,1:low,+,1
21,2:medium,1:low,+,1
22,2:medium,1:low,+,1
23,2:medium,1:low,+,1
24,2:medium,1:low,+,1
25,2:medium,1:low,+,1
26,2:medium,1:low,+,1
27,2:medium,1:low,+,1
28,2:medium,1:low,+,1
29,2:medium,1:low,+,1
30,2:medium,1:low,+,0.999
31,2:medium,2:medium,,1
32,2:medium,2:medium,,1
33,2:medium,2:medium,,0.999
34,2:medium,2:medium,,1
35,2:medium,2:medium,,1
36,2:medium,2:medium,,1
37,2:medium,2:medium,,1
38,2:medium,2:medium,,1
39,2:medium,2:medium,,1
40,2:medium,2:medium,,1
41,2:medium,2:medium,,1
42,2:medium,2:medium,,1
43,2:medium,2:medium,,1
44,2:medium,2:medium,,1
45,2:medium,1:low,+,1
46,2:medium,1:low,+,1
47,2:medium,2:medium,,1
48,2:medium,2:medium,,1
49,2:medium,2:medium,,1
50,2:medium,1:low,+,0.999
51,2:medium,2:medium,,1
52,2:medium,2:medium,,0.676
53,2:medium,1:low,+,0.883
54,2:medium,2:medium,,0.999
55,2:medium,1:low,+,1
56,2:medium,1:low,+,1
57,2:medium,2:medium,,1
58,2:medium,2:medium,,1
59,2:medium,2:medium,,1
60,2:medium,2:medium,,1
61,1:low,2:medium,+,0.544
62,2:medium,2:medium,,1
63,2:medium,2:medium,,1
64,2:medium,1:low,+,0.91
65,1:low,2:medium,+,1
66,1:low,2:medium,+,1
67,1:low,1:low,,0.999
68,1:low,1:low,,1
69,1:low,2:medium,+,1
70,1:low,2:medium,+,1
71,1:low,2:medium,+,0.959
72,1:low,1:low,,1
73,1:low,2:medium,+,0.99
74,1:low,1:low,,1
75,1:low,1:low,,1
76,1:low,2:medium,+,0.984
77,1:low,2:medium,+,1
78,1:low,2:medium,+,1
79,1:low,2:medium,+,1
80,1:low,2:medium,+,1
81,1:low,1:low,,0.928
82,1:low,1:low,,0.97
83,1:low,2:medium,+,1
84,1:low,2:medium,+,1
85,1:low,2:medium,+,1
86,1:low,2:medium,+,1
87,1:low,2:medium,+,1
88,1:low,2:medium,+,1
89,1:low,2:medium,+,1
90,1:low,2:medium,+,1
91,1:low,1:low,,1
92,1:low,1:low,,1
93,1:low,2:medium,+,1
94,1:low,1:low,,1
95,1:low,1:low,,1
96,1:low,1:low,,1
97,1:low,1:low,,1
98,1:low,1:low,,1
99,1:low,1:low,,1
100,1:low,1:low,,1
101,1:low,1:low,,1
102,1:low,2:medium,+,1
103,1:low,2:medium,+,1
104,1:low,1:low,,1
105,1:low,1:low,,1
106,1:low,1:low,,1
107,1:low,1:low,,1
108,1:low,1:low,,1
109,1:low,1:low,,1
110,1:low,1:low,,1
111,1:low,1:low,,1
112,1:low,1:low,,1
113,1:low,1:low,,1
114,1:low,1:low,,1
115,1:low,1:low,,1
116,1:low,1:low,,1
117,1:low,1:low,,1
118,1:low,1:low,,1
119,1:low,2:medium,+,1
120,1:low,2:medium,+,1
121,1:low,2:medium,+,1
122,1:low,1:low,,1
123,1:low,2:medium,+,0.666
124,1:low,2:medium,+,1
125,1:low,1:low,,1
126,1:low,2:medium,+,1
127,1:low,2:medium,+,1
128,1:low,3:high,+,1
129,1:low,1:low,,1
130,1:low,1:low,,1
131,1:low,2:medium,+,1
132,1:low,1:low,,1
133,1:low,1:low,,1
134,1:low,1:low,,1
135,1:low,2:medium,+,1
136,1:low,2:medium,+,0.997
137,1:low,2:medium,+,1
138,1:low,1:low,,1
139,1:low,2:medium,+,1
140,1:low,2:medium,+,1
141,1:low,2:medium,+,1
142,1:low,2:medium,+,1
143,1:low,2:medium,+,1
144,1:low,2:medium,+,1
145,1:low,2:medium,+,1
146,1:low,2:medium,+,1
147,1:low,2:medium,+,1
148,1:low,2:medium,+,1
149,1:low,2:medium,+,1
150,1:low,1:low,,1
151,1:low,2:medium,+,1
152,1:low,2:medium,+,1
153,1:low,1:low,,1
154,1:low,1:low,,1
155,1:low,2:medium,+,1
156,1:low,2:medium,+,1
157,1:low,2:medium,+,0.768
158,1:low,2:medium,+,1
159,1:low,2:medium,+,1
160,1:low,2:medium,+,0.97
161,1:low,1:low,,0.747
162,1:low,2:medium,+,1
163,1:low,2:medium,+,1
164,1:low,2:medium,+,1
165,1:low,2:medium,+,0.997
166,1:low,2:medium,+,1
167,1:low,2:medium,+,1
168,1:low,2:medium,+,1
169,1:low,1:low,,0.889
170,1:low,2:medium,+,1
171,1:low,2:medium,+,1
172,1:low,2:medium,+,1
173,1:low,2:medium,+,1
174,1:low,2:medium,+,1
175,1:low,2:medium,+,0.999
176,1:low,1:low,,1

