inst#,actual,predicted,error,prediction
1,2:medium,1:low,+,0.845
2,2:medium,1:low,+,0.636
3,2:medium,2:medium,,0.517
4,2:medium,1:low,+,0.925
5,1:low,1:low,,0.788
6,2:medium,1:low,+,0.937
7,2:medium,1:low,+,0.613
8,2:medium,2:medium,,0.617
9,2:medium,1:low,+,0.92
10,1:low,2:medium,+,0.522
11,2:medium,1:low,+,0.695
12,2:medium,1:low,+,0.865
13,2:medium,1:low,+,0.674
14,2:medium,1:low,+,0.701
15,2:medium,1:low,+,0.713
16,2:medium,1:low,+,0.819
17,2:medium,1:low,+,0.76
18,2:medium,1:low,+,0.847
19,2:medium,1:low,+,0.8
20,2:medium,1:low,+,0.84
21,2:medium,2:medium,,0.576
22,2:medium,1:low,+,0.837
23,2:medium,1:low,+,0.567
24,2:medium,1:low,+,0.682
25,2:medium,1:low,+,0.736
26,2:medium,1:low,+,0.576
27,2:medium,1:low,+,0.558
28,2:medium,1:low,+,0.767
29,2:medium,1:low,+,0.934
30,2:medium,1:low,+,0.603
31,2:medium,2:medium,,0.733
32,2:medium,2:medium,,0.651
33,2:medium,2:medium,,0.758
34,2:medium,2:medium,,0.671
35,2:medium,2:medium,,0.792
36,2:medium,2:medium,,0.609
37,2:medium,2:medium,,0.829
38,2:medium,2:medium,,0.936
39,2:medium,2:medium,,0.716
40,2:medium,2:medium,,0.795
41,2:medium,2:medium,,0.501
42,2:medium,2:medium,,0.689
43,2:medium,2:medium,,0.857
44,2:medium,2:medium,,0.779
45,2:medium,1:low,+,0.523
46,2:medium,1:low,+,0.98
47,2:medium,2:medium,,0.759
48,2:medium,2:medium,,0.58
49,2:medium,2:medium,,0.693
50,2:medium,2:medium,,0.599
51,2:medium,2:medium,,0.696
52,2:medium,2:medium,,0.698
53,2:medium,2:medium,,0.677
54,2:medium,2:medium,,0.619
55,2:medium,2:medium,,0.522
56,2:medium,2:medium,,0.764
57,2:medium,2:medium,,0.733
58,2:medium,2:medium,,0.874
59,2:medium,2:medium,,0.812
60,2:medium,2:medium,,0.838
61,1:low,2:medium,+,0.647
62,2:medium,1:low,+,0.74
63,2:medium,1:low,+,0.775
64,2:medium,1:low,+,0.666
65,1:low,2:medium,+,0.674
66,1:low,1:low,,0.576
67,1:low,1:low,,0.643
68,1:low,1:low,,0.972
69,1:low,1:low,,0.716
70,1:low,2:medium,+,0.67
71,1:low,1:low,,0.658
72,1:low,1:low,,0.61
73,1:low,1:low,,0.641
74,1:low,1:low,,0.746
75,1:low,1:low,,0.734
76,1:low,1:low,,0.636
77,1:low,1:low,,0.515
78,1:low,2:medium,+,0.683
79,1:low,2:medium,+,0.513
80,1:low,1:low,,0.593
81,1:low,1:low,,0.6
82,1:low,1:low,,0.597
83,1:low,1:low,,0.559
84,1:low,2:medium,+,0.52
85,1:low,1:low,,0.605
86,1:low,1:low,,0.559
87,1:low,1:low,,0.545
88,1:low,1:low,,0.703
89,1:low,1:low,,0.787
90,1:low,1:low,,0.73
91,1:low,1:low,,1
92,1:low,1:low,,1
93,1:low,2:medium,+,0.507
94,1:low,1:low,,0.986
95,1:low,1:low,,0.798
96,1:low,1:low,,0.807
97,1:low,1:low,,0.995
98,1:low,1:low,,0.998
99,1:low,1:low,,0.794
100,1:low,1:low,,1
101,1:low,1:low,,0.998
102,1:low,1:low,,0.792
103,1:low,1:low,,0.798
104,1:low,1:low,,1
105,1:low,1:low,,0.795
106,1:low,1:low,,0.792
107,1:low,1:low,,0.802
108,1:low,1:low,,0.8
109,1:low,1:low,,1
110,1:low,1:low,,1
111,1:low,1:low,,0.999
112,1:low,1:low,,0.998
113,1:low,1:low,,1
114,1:low,1:low,,1
115,1:low,1:low,,1
116,1:low,1:low,,1
117,1:low,1:low,,1
118,1:low,1:low,,0.79
119,1:low,1:low,,0.686
120,1:low,1:low,,0.525
121,1:low,2:medium,+,0.547
122,1:low,1:low,,1
123,1:low,1:low,,1
124,1:low,1:low,,0.999
125,1:low,1:low,,1
126,1:low,2:medium,+,0.568
127,1:low,2:medium,+,0.999
128,1:low,3:high,+,0.937
129,1:low,1:low,,1
130,1:low,1:low,,1
131,1:low,1:low,,1
132,1:low,1:low,,1
133,1:low,1:low,,1
134,1:low,1:low,,1
135,1:low,1:low,,1
136,1:low,1:low,,1
137,1:low,1:low,,0.8
138,1:low,1:low,,0.8
139,1:low,1:low,,1
140,1:low,1:low,,1
141,1:low,1:low,,0.8
142,1:low,1:low,,0.8
143,1:low,1:low,,1
144,1:low,1:low,,1
145,1:low,1:low,,0.805
146,1:low,1:low,,1
147,1:low,1:low,,0.6
148,1:low,1:low,,0.6
149,1:low,1:low,,0.8
150,1:low,1:low,,1
151,1:low,1:low,,1
152,1:low,1:low,,1
153,1:low,1:low,,0.8
154,1:low,1:low,,1
155,1:low,1:low,,0.6
156,1:low,1:low,,0.8
157,1:low,1:low,,1
158,1:low,1:low,,0.8
159,1:low,1:low,,1
160,1:low,1:low,,0.996
161,1:low,1:low,,1
162,1:low,2:medium,+,1
163,1:low,1:low,,1
164,1:low,1:low,,1
165,1:low,1:low,,1
166,1:low,1:low,,1
167,1:low,1:low,,1
168,1:low,1:low,,1
169,1:low,1:low,,1
170,1:low,1:low,,0.804
171,1:low,1:low,,0.744
172,1:low,2:medium,+,0.543
173,1:low,1:low,,0.805
174,1:low,1:low,,1
175,1:low,1:low,,1
176,1:low,1:low,,1

