inst#,actual,predicted,error,prediction
1,2:medium,1:low,+,0.975
2,2:medium,1:low,+,0.975
3,2:medium,2:medium,,0.534
4,2:medium,2:medium,,0.757
5,1:low,1:low,,0.557
6,2:medium,1:low,+,0.975
7,2:medium,1:low,+,0.975
8,2:medium,1:low,+,0.904
9,2:medium,1:low,+,0.989
10,1:low,1:low,,0.904
11,2:medium,1:low,+,0.653
12,2:medium,1:low,+,0.976
13,2:medium,1:low,+,0.948
14,2:medium,1:low,+,0.976
15,2:medium,1:low,+,0.997
16,2:medium,1:low,+,0.997
17,2:medium,1:low,+,0.993
18,2:medium,1:low,+,0.993
19,2:medium,1:low,+,0.997
20,2:medium,1:low,+,0.997
21,2:medium,1:low,+,0.997
22,2:medium,1:low,+,0.997
23,2:medium,1:low,+,0.997
24,2:medium,1:low,+,0.997
25,2:medium,1:low,+,1
26,2:medium,1:low,+,0.997
27,2:medium,1:low,+,0.997
28,2:medium,1:low,+,0.997
29,2:medium,1:low,+,0.997
30,2:medium,1:low,+,0.87
31,2:medium,2:medium,,0.97
32,2:medium,2:medium,,0.662
33,2:medium,2:medium,,0.662
34,2:medium,1:low,+,0.789
35,2:medium,2:medium,,0.993
36,2:medium,2:medium,,0.993
37,2:medium,2:medium,,0.993
38,2:medium,2:medium,,0.993
39,2:medium,2:medium,,0.993
40,2:medium,2:medium,,0.993
41,2:medium,2:medium,,0.557
42,2:medium,2:medium,,0.907
43,2:medium,2:medium,,0.69
44,2:medium,2:medium,,0.956
45,2:medium,1:low,+,0.937
46,2:medium,1:low,+,0.999
47,2:medium,1:low,+,0.848
48,2:medium,2:medium,,0.557
49,2:medium,1:low,+,0.982
50,2:medium,1:low,+,0.75
51,2:medium,1:low,+,0.848
52,2:medium,1:low,+,0.767
53,2:medium,1:low,+,0.997
54,2:medium,1:low,+,0.997
55,2:medium,1:low,+,0.98
56,2:medium,1:low,+,0.982
57,2:medium,1:low,+,0.999
58,2:medium,1:low,+,0.953
59,2:medium,1:low,+,0.982
60,2:medium,1:low,+,0.997
61,1:low,1:low,,0.999
62,2:medium,1:low,+,0.996
63,2:medium,1:low,+,0.995
64,2:medium,1:low,+,0.996
65,1:low,1:low,,0.997
66,1:low,1:low,,0.971
67,1:low,1:low,,0.999
68,1:low,1:low,,0.996
69,1:low,1:low,,0.997
70,1:low,1:low,,0.997
71,1:low,1:low,,0.999
72,1:low,1:low,,0.999
73,1:low,1:low,,0.993
74,1:low,1:low,,0.993
75,1:low,1:low,,1
76,1:low,1:low,,0.978
77,1:low,2:medium,+,0.567
78,1:low,1:low,,0.809
79,1:low,1:low,,0.992
80,1:low,1:low,,0.808
81,1:low,1:low,,0.992
82,1:low,1:low,,0.992
83,1:low,1:low,,0.969
84,1:low,1:low,,0.992
85,1:low,1:low,,0.992
86,1:low,1:low,,0.957
87,1:low,2:medium,+,0.589
88,1:low,1:low,,0.871
89,1:low,1:low,,0.757
90,1:low,1:low,,0.978
91,1:low,1:low,,1
92,1:low,1:low,,0.998
93,1:low,1:low,,0.999
94,1:low,1:low,,0.999
95,1:low,1:low,,1
96,1:low,1:low,,1
97,1:low,1:low,,1
98,1:low,1:low,,0.989
99,1:low,1:low,,0.989
100,1:low,1:low,,0.989
101,1:low,1:low,,0.989
102,1:low,1:low,,1
103,1:low,1:low,,1
104,1:low,1:low,,1
105,1:low,1:low,,1
106,1:low,1:low,,1
107,1:low,1:low,,1
108,1:low,1:low,,1
109,1:low,1:low,,1
110,1:low,1:low,,1
111,1:low,1:low,,1
112,1:low,1:low,,1
113,1:low,1:low,,1
114,1:low,1:low,,1
115,1:low,1:low,,1
116,1:low,1:low,,1
117,1:low,1:low,,1
118,1:low,1:low,,0.999
119,1:low,1:low,,0.912
120,1:low,1:low,,0.892
121,1:low,1:low,,0.524
122,1:low,1:low,,0.999
123,1:low,1:low,,1
124,1:low,1:low,,0.662
125,1:low,1:low,,0.999
126,1:low,3:high,+,0.514
127,1:low,3:high,+,0.983
128,1:low,3:high,+,0.993
129,1:low,1:low,,0.987
130,1:low,1:low,,0.997
131,1:low,1:low,,0.998
132,1:low,1:low,,1
133,1:low,1:low,,1
134,1:low,1:low,,1
135,1:low,1:low,,1
136,1:low,1:low,,1
137,1:low,1:low,,1
138,1:low,1:low,,1
139,1:low,1:low,,1
140,1:low,1:low,,1
141,1:low,1:low,,1
142,1:low,1:low,,1
143,1:low,1:low,,1
144,1:low,1:low,,1
145,1:low,1:low,,0.999
146,1:low,1:low,,1
147,1:low,1:low,,1
148,1:low,1:low,,0.999
149,1:low,1:low,,1
150,1:low,1:low,,1
151,1:low,1:low,,1
152,1:low,1:low,,1
153,1:low,1:low,,1
154,1:low,1:low,,1
155,1:low,1:low,,1
156,1:low,1:low,,0.999
157,1:low,1:low,,0.998
158,1:low,1:low,,0.999
159,1:low,1:low,,0.997
160,1:low,1:low,,1
161,1:low,1:low,,1
162,1:low,2:medium,+,0.878
163,1:low,1:low,,1
164,1:low,1:low,,0.994
165,1:low,1:low,,0.989
166,1:low,1:low,,0.972
167,1:low,1:low,,1
168,1:low,1:low,,0.992
169,1:low,1:low,,0.999
170,1:low,1:low,,0.999
171,1:low,1:low,,0.544
172,1:low,1:low,,0.991
173,1:low,1:low,,0.544
174,1:low,1:low,,0.995
175,1:low,1:low,,1
176,1:low,1:low,,1

