inst#,actual,predicted,error,prediction
1,2:medium,1:low,+,0.75
2,2:medium,1:low,+,0.702
3,2:medium,2:medium,,0.759
4,2:medium,1:low,+,0.785
5,1:low,1:low,,0.541
6,2:medium,1:low,+,0.964
7,2:medium,1:low,+,0.931
8,2:medium,2:medium,,0.605
9,2:medium,1:low,+,0.831
10,1:low,2:medium,+,0.774
11,2:medium,1:low,+,0.705
12,2:medium,1:low,+,0.857
13,2:medium,1:low,+,0.86
14,2:medium,1:low,+,0.848
15,2:medium,1:low,+,0.923
16,2:medium,1:low,+,0.929
17,2:medium,1:low,+,0.781
18,2:medium,1:low,+,0.985
19,2:medium,1:low,+,0.782
20,2:medium,1:low,+,0.957
21,2:medium,2:medium,,0.557
22,2:medium,1:low,+,0.955
23,2:medium,1:low,+,0.995
24,2:medium,1:low,+,0.709
25,2:medium,1:low,+,0.759
26,2:medium,1:low,+,0.974
27,2:medium,1:low,+,0.897
28,2:medium,1:low,+,0.999
29,2:medium,1:low,+,0.941
30,2:medium,1:low,+,0.587
31,2:medium,2:medium,,0.985
32,2:medium,2:medium,,0.589
33,2:medium,1:low,+,0.638
34,2:medium,1:low,+,0.786
35,2:medium,2:medium,,0.784
36,2:medium,2:medium,,0.828
37,2:medium,2:medium,,0.7
38,2:medium,2:medium,,0.863
39,2:medium,2:medium,,0.746
40,2:medium,2:medium,,0.817
41,2:medium,2:medium,,0.546
42,2:medium,1:low,+,0.663
43,2:medium,1:low,+,0.509
44,2:medium,2:medium,,0.654
45,2:medium,1:low,+,0.789
46,2:medium,1:low,+,0.986
47,2:medium,1:low,+,0.548
48,2:medium,1:low,+,0.746
49,2:medium,1:low,+,0.57
50,2:medium,1:low,+,0.569
51,2:medium,1:low,+,0.713
52,2:medium,1:low,+,0.56
53,2:medium,1:low,+,0.727
54,2:medium,1:low,+,0.735
55,2:medium,1:low,+,0.882
56,2:medium,1:low,+,0.712
57,2:medium,1:low,+,0.832
58,2:medium,1:low,+,0.517
59,2:medium,1:low,+,0.561
60,2:medium,1:low,+,0.685
61,1:low,1:low,,0.808
62,2:medium,1:low,+,0.899
63,2:medium,1:low,+,0.999
64,2:medium,1:low,+,0.828
65,1:low,1:low,,0.736
66,1:low,1:low,,0.692
67,1:low,1:low,,0.535
68,1:low,1:low,,0.863
69,1:low,1:low,,0.861
70,1:low,1:low,,0.565
71,1:low,1:low,,0.845
72,1:low,1:low,,0.886
73,1:low,1:low,,1
74,1:low,1:low,,1
75,1:low,1:low,,1
76,1:low,1:low,,0.929
77,1:low,1:low,,0.69
78,1:low,1:low,,0.764
79,1:low,1:low,,0.741
80,1:low,1:low,,0.814
81,1:low,1:low,,0.82
82,1:low,1:low,,0.594
83,1:low,1:low,,0.739
84,1:low,1:low,,0.65
85,1:low,1:low,,0.853
86,1:low,1:low,,0.781
87,1:low,1:low,,0.844
88,1:low,1:low,,0.888
89,1:low,1:low,,0.767
90,1:low,1:low,,0.951
91,1:low,1:low,,0.929
92,1:low,1:low,,1
93,1:low,1:low,,0.885
94,1:low,1:low,,0.996
95,1:low,1:low,,1
96,1:low,1:low,,1
97,1:low,1:low,,1
98,1:low,1:low,,1
99,1:low,1:low,,1
100,1:low,1:low,,1
101,1:low,1:low,,1
102,1:low,1:low,,1
103,1:low,1:low,,1
104,1:low,1:low,,1
105,1:low,1:low,,1
106,1:low,1:low,,1
107,1:low,1:low,,1
108,1:low,1:low,,1
109,1:low,1:low,,0.929
110,1:low,1:low,,0.835
111,1:low,1:low,,1
112,1:low,1:low,,0.929
113,1:low,1:low,,0.929
114,1:low,1:low,,0.924
115,1:low,1:low,,0.848
116,1:low,1:low,,0.842
117,1:low,1:low,,0.977
118,1:low,1:low,,0.929
119,1:low,1:low,,0.515
120,1:low,1:low,,0.696
121,1:low,1:low,,0.508
122,1:low,1:low,,1
123,1:low,1:low,,1
124,1:low,1:low,,1
125,1:low,1:low,,1
126,1:low,2:medium,+,0.814
127,1:low,2:medium,+,0.929
128,1:low,3:high,+,0.96
129,1:low,1:low,,1
130,1:low,1:low,,1
131,1:low,1:low,,1
132,1:low,1:low,,1
133,1:low,1:low,,1
134,1:low,1:low,,1
135,1:low,1:low,,1
136,1:low,1:low,,1
137,1:low,1:low,,1
138,1:low,1:low,,1
139,1:low,1:low,,1
140,1:low,1:low,,1
141,1:low,1:low,,1
142,1:low,1:low,,1
143,1:low,1:low,,0.93
144,1:low,1:low,,1
145,1:low,1:low,,1
146,1:low,1:low,,1
147,1:low,1:low,,1
148,1:low,1:low,,1
149,1:low,1:low,,1
150,1:low,1:low,,1
151,1:low,1:low,,1
152,1:low,1:low,,0.929
153,1:low,1:low,,1
154,1:low,1:low,,1
155,1:low,1:low,,0.572
156,1:low,1:low,,1
157,1:low,1:low,,1
158,1:low,1:low,,1
159,1:low,1:low,,0.929
160,1:low,1:low,,1
161,1:low,1:low,,1
162,1:low,2:medium,+,0.889
163,1:low,1:low,,1
164,1:low,1:low,,1
165,1:low,1:low,,1
166,1:low,1:low,,1
167,1:low,1:low,,1
168,1:low,1:low,,0.929
169,1:low,1:low,,1
170,1:low,1:low,,1
171,1:low,1:low,,0.785
172,1:low,1:low,,0.797
173,1:low,1:low,,0.904
174,1:low,1:low,,0.929
175,1:low,1:low,,1
176,1:low,1:low,,1

