inst#,actual,predicted,error,prediction
1,2:medium,2:medium,,0.987
2,2:medium,2:medium,,1
3,2:medium,2:medium,,1
4,2:medium,2:medium,,0.999
5,2:medium,2:medium,,0.946
6,2:medium,2:medium,,0.877
7,2:medium,2:medium,,0.576
8,2:medium,2:medium,,0.999
9,2:medium,2:medium,,1
10,2:medium,2:medium,,0.999
11,3:low,2:medium,+,0.862
12,3:low,2:medium,+,0.603
13,3:low,3:low,,0.503
14,3:low,2:medium,+,0.899
15,2:medium,2:medium,,0.985
16,3:low,3:low,,0.662
17,2:medium,2:medium,,1
18,3:low,2:medium,+,0.999
19,3:low,2:medium,+,1
20,2:medium,2:medium,,0.746
21,2:medium,2:medium,,0.978
22,2:medium,2:medium,,1
23,2:medium,2:medium,,1
24,2:medium,2:medium,,0.682
25,2:medium,3:low,+,0.59
26,2:medium,2:medium,,0.986
27,2:medium,2:medium,,0.999
28,2:medium,2:medium,,1
29,2:medium,2:medium,,1
30,3:low,2:medium,+,1
31,2:medium,2:medium,,1
32,2:medium,2:medium,,1
33,3:low,2:medium,+,1
34,3:low,2:medium,+,1
35,2:medium,2:medium,,1
36,1:high,2:medium,+,1
37,1:high,2:medium,+,0.999
38,2:medium,2:medium,,1
39,2:medium,2:medium,,1
40,2:medium,2:medium,,1
41,2:medium,2:medium,,1
42,2:medium,2:medium,,1
43,2:medium,2:medium,,1
44,2:medium,2:medium,,1
45,3:low,2:medium,+,0.983
46,2:medium,2:medium,,1
47,2:medium,3:low,+,0.97
48,2:medium,2:medium,,0.985

