inst#,actual,predicted,error,prediction
1,2:medium,2:medium,,1
2,2:medium,2:medium,,1
3,2:medium,2:medium,,1
4,2:medium,2:medium,,1
5,2:medium,2:medium,,0.995
6,2:medium,2:medium,,1
7,2:medium,3:low,+,0.889
8,2:medium,2:medium,,1
9,2:medium,2:medium,,1
10,2:medium,2:medium,,1
11,3:low,3:low,,1
12,3:low,2:medium,+,1
13,3:low,2:medium,+,0.986
14,3:low,2:medium,+,1
15,2:medium,2:medium,,1
16,3:low,2:medium,+,1
17,2:medium,2:medium,,1
18,3:low,3:low,,1
19,3:low,2:medium,+,1
20,2:medium,2:medium,,0.604
21,2:medium,2:medium,,1
22,2:medium,2:medium,,1
23,2:medium,2:medium,,1
24,2:medium,2:medium,,1
25,2:medium,2:medium,,1
26,2:medium,2:medium,,1
27,2:medium,2:medium,,1
28,2:medium,2:medium,,1
29,2:medium,2:medium,,1
30,3:low,2:medium,+,1
31,2:medium,2:medium,,1
32,2:medium,3:low,+,1
33,3:low,2:medium,+,1
34,3:low,2:medium,+,1
35,2:medium,2:medium,,1
36,1:high,2:medium,+,1
37,1:high,1:high,,1
38,2:medium,2:medium,,1
39,2:medium,3:low,+,1
40,2:medium,3:low,+,0.982
41,2:medium,2:medium,,0.997
42,2:medium,2:medium,,1
43,2:medium,3:low,+,1
44,2:medium,3:low,+,1
45,3:low,3:low,,0.996
46,2:medium,2:medium,,0.645
47,2:medium,3:low,+,1
48,2:medium,3:low,+,1

