inst#,actual,predicted,error,prediction
1,2:medium,2:medium,,0.552
2,2:medium,2:medium,,0.533
3,2:medium,2:medium,,0.566
4,2:medium,2:medium,,0.492
5,2:medium,2:medium,,0.536
6,2:medium,2:medium,,0.501
7,2:medium,2:medium,,0.519
8,2:medium,2:medium,,0.488
9,2:medium,2:medium,,0.518
10,2:medium,2:medium,,0.489
11,3:low,2:medium,+,0.472
12,3:low,2:medium,+,0.461
13,3:low,2:medium,+,0.459
14,3:low,2:medium,+,0.528
15,2:medium,2:medium,,0.522
16,3:low,2:medium,+,0.454
17,2:medium,2:medium,,0.432
18,3:low,2:medium,+,0.427
19,3:low,2:medium,+,0.435
20,2:medium,2:medium,,0.41
21,2:medium,2:medium,,0.398
22,2:medium,3:low,+,0.421
23,2:medium,3:low,+,0.453
24,2:medium,3:low,+,0.399
25,2:medium,3:low,+,0.41
26,2:medium,3:low,+,0.416
27,2:medium,3:low,+,0.416
28,2:medium,2:medium,,0.519
29,2:medium,2:medium,,0.535
30,3:low,2:medium,+,0.467
31,2:medium,2:medium,,0.485
32,2:medium,2:medium,,0.493
33,3:low,2:medium,+,0.487
34,3:low,2:medium,+,0.502
35,2:medium,2:medium,,0.485
36,1:high,2:medium,+,0.451
37,1:high,1:high,,0.567
38,2:medium,2:medium,,0.432
39,2:medium,2:medium,,0.434
40,2:medium,2:medium,,0.429
41,2:medium,2:medium,,0.457
42,2:medium,2:medium,,0.473
43,2:medium,2:medium,,0.447
44,2:medium,2:medium,,0.473
45,3:low,2:medium,+,0.421
46,2:medium,3:low,+,0.416
47,2:medium,3:low,+,0.416
48,2:medium,2:medium,,0.4

