inst#,actual,predicted,error,prediction
1,2:medium,2:medium,,0.889
2,2:medium,2:medium,,0.909
3,2:medium,2:medium,,0.939
4,2:medium,2:medium,,0.822
5,2:medium,2:medium,,0.88
6,2:medium,2:medium,,0.839
7,2:medium,2:medium,,0.817
8,2:medium,2:medium,,0.81
9,2:medium,2:medium,,0.799
10,2:medium,2:medium,,0.584
11,3:low,2:medium,+,0.769
12,3:low,3:low,,0.507
13,3:low,2:medium,+,0.764
14,3:low,2:medium,+,0.802
15,2:medium,2:medium,,0.562
16,3:low,3:low,,0.618
17,2:medium,2:medium,,0.529
18,3:low,3:low,,0.613
19,3:low,3:low,,0.499
20,2:medium,3:low,+,0.622
21,2:medium,3:low,+,0.546
22,2:medium,3:low,+,0.629
23,2:medium,3:low,+,0.534
24,2:medium,3:low,+,0.606
25,2:medium,3:low,+,0.565
26,2:medium,3:low,+,0.613
27,2:medium,3:low,+,0.588
28,2:medium,2:medium,,0.852
29,2:medium,2:medium,,0.849
30,3:low,2:medium,+,0.527
31,2:medium,2:medium,,0.671
32,2:medium,2:medium,,0.594
33,3:low,2:medium,+,0.617
34,3:low,2:medium,+,0.517
35,2:medium,2:medium,,0.555
36,1:high,2:medium,+,0.507
37,1:high,1:high,,0.949
38,2:medium,2:medium,,0.68
39,2:medium,2:medium,,0.529
40,2:medium,2:medium,,0.592
41,2:medium,2:medium,,0.741
42,2:medium,2:medium,,0.648
43,2:medium,2:medium,,0.582
44,2:medium,2:medium,,0.586
45,3:low,2:medium,+,0.582
46,2:medium,3:low,+,0.649
47,2:medium,3:low,+,0.699
48,2:medium,3:low,+,0.738

