inst#,actual,predicted,error,distribution,,
1,3:low,3:low,,0,0,*1
2,3:low,3:low,,0,0,*1
3,2:medium,3:low,+,0,0,*1
4,3:low,3:low,,0,0,*1
5,3:low,3:low,,0,0,*1
6,3:low,3:low,,0,0,*1
7,3:low,3:low,,0,0,*1
8,3:low,3:low,,0,0,*1
9,3:low,3:low,,0,0,*1
10,3:low,3:low,,0,0,*1
11,3:low,3:low,,0,0,*1
12,2:medium,3:low,+,0,0,*1
13,2:medium,3:low,+,0,0,*1
14,2:medium,3:low,+,0,0,*1
15,2:medium,3:low,+,0,0,*1
16,3:low,3:low,,0,0,*1
17,3:low,3:low,,0,0,*1
18,3:low,3:low,,0,0,*1
19,1:high,3:low,+,0,0,*1
20,1:high,3:low,+,0,0,*1
21,1:high,3:low,+,0,0,*1
22,1:high,3:low,+,0,0,*1
23,1:high,3:low,+,0,0,*1
24,1:high,3:low,+,0,0,*1
25,1:high,3:low,+,0,0,*1
26,1:high,3:low,+,0,0,*1
27,1:high,3:low,+,0,0,*1
28,1:high,3:low,+,0,0,*1
29,1:high,3:low,+,0,0,*1
30,1:high,3:low,+,0,0,*1
31,1:high,3:low,+,0,0,*1
32,1:high,3:low,+,0,0,*1
33,1:high,3:low,+,0,0,*1
34,1:high,3:low,+,0,0,*1
35,1:high,3:low,+,0,0,*1
36,1:high,3:low,+,0,0,*1
37,1:high,3:low,+,0,0,*1
38,1:high,3:low,+,0,0,*1
39,1:high,3:low,+,0,0,*1
40,1:high,3:low,+,0,0,*1
41,1:high,3:low,+,0,0,*1
42,1:high,3:low,+,0,0,*1
43,1:high,3:low,+,0,0,*1
44,1:high,3:low,+,0,0,*1
45,2:medium,3:low,+,0,0,*1
46,3:low,3:low,,0,0,*1
47,2:medium,3:low,+,0,0,*1
48,1:high,3:low,+,0,0,*1
