inst#,actual,predicted,error,prediction
1,2:medium,2:medium,,1
2,2:medium,2:medium,,1
3,2:medium,2:medium,,1
4,2:medium,2:medium,,1
5,2:medium,2:medium,,1
6,2:medium,2:medium,,1
7,2:medium,2:medium,,1
8,3:high,2:medium,+,1
9,3:high,2:medium,+,1
10,3:high,2:medium,+,1
11,3:high,2:medium,+,1
12,3:high,2:medium,+,1
13,3:high,2:medium,+,1
14,3:high,2:medium,+,1
15,3:high,2:medium,+,1
16,3:high,2:medium,+,1
17,3:high,2:medium,+,1
18,3:high,2:medium,+,1
19,3:high,2:medium,+,1
20,2:medium,2:medium,,1
21,2:medium,2:medium,,1
22,2:medium,3:high,+,1
23,2:medium,3:high,+,0.704
24,2:medium,3:high,+,1
25,2:medium,2:medium,,1
26,2:medium,2:medium,,1
27,2:medium,1:low,+,1
28,2:medium,1:low,+,1
29,2:medium,1:low,+,1
30,2:medium,1:low,+,1
31,2:medium,1:low,+,1
32,2:medium,1:low,+,1
33,2:medium,3:high,+,1
34,1:low,3:high,+,0.992
35,1:low,2:medium,+,1
36,1:low,1:low,,1
37,2:medium,1:low,+,1
38,2:medium,3:high,+,1
39,2:medium,3:high,+,1
40,2:medium,3:high,+,0.999
41,2:medium,3:high,+,1
42,2:medium,2:medium,,0.773
43,2:medium,2:medium,,0.992
44,2:medium,2:medium,,1
45,2:medium,2:medium,,1
46,2:medium,2:medium,,1
47,2:medium,2:medium,,1
48,2:medium,1:low,+,1
49,2:medium,1:low,+,1
50,2:medium,2:medium,,1
51,2:medium,2:medium,,1
52,2:medium,2:medium,,1
53,2:medium,2:medium,,1
54,2:medium,3:high,+,0.817
55,2:medium,2:medium,,0.815
56,2:medium,3:high,+,1
57,2:medium,3:high,+,1
58,2:medium,3:high,+,1
59,2:medium,3:high,+,1
60,2:medium,3:high,+,1
61,2:medium,3:high,+,1
62,2:medium,3:high,+,1
63,2:medium,3:high,+,1
64,2:medium,2:medium,,1
65,2:medium,3:high,+,1
66,2:medium,3:high,+,0.931
67,2:medium,3:high,+,1
68,2:medium,3:high,+,1
69,2:medium,2:medium,,1
70,2:medium,2:medium,,1
71,2:medium,3:high,+,1
72,2:medium,3:high,+,1

