inst#,actual,predicted,error,prediction
1,2:medium,2:medium,,0.641
2,2:medium,2:medium,,0.766
3,2:medium,2:medium,,0.828
4,2:medium,2:medium,,0.797
5,2:medium,2:medium,,0.672
6,2:medium,2:medium,,0.969
7,2:medium,2:medium,,0.813
8,3:high,2:medium,+,0.828
9,3:high,2:medium,+,0.797
10,3:high,2:medium,+,0.813
11,3:high,2:medium,+,0.75
12,3:high,2:medium,+,0.672
13,3:high,2:medium,+,0.672
14,3:high,2:medium,+,0.484
15,3:high,3:high,,0.469
16,3:high,2:medium,+,0.469
17,3:high,2:medium,+,0.578
18,3:high,2:medium,+,0.578
19,3:high,2:medium,+,0.563
20,2:medium,2:medium,,0.609
21,2:medium,2:medium,,0.625
22,2:medium,3:high,+,0.547
23,2:medium,3:high,+,0.547
24,2:medium,3:high,+,0.391
25,2:medium,2:medium,,0.453
26,2:medium,2:medium,,0.469
27,2:medium,1:low,+,0.563
28,2:medium,2:medium,,0.531
29,2:medium,2:medium,,0.5
30,2:medium,1:low,+,0.469
31,2:medium,1:low,+,0.453
32,2:medium,1:low,+,0.422
33,2:medium,3:high,+,0.625
34,1:low,3:high,+,0.563
35,1:low,3:high,+,0.625
36,1:low,2:medium,+,0.406
37,2:medium,1:low,+,0.422
38,2:medium,3:high,+,0.516
39,2:medium,3:high,+,0.734
40,2:medium,3:high,+,0.547
41,2:medium,3:high,+,0.703
42,2:medium,1:low,+,0.391
43,2:medium,2:medium,,0.609
44,2:medium,2:medium,,0.578
45,2:medium,2:medium,,0.719
46,2:medium,2:medium,,0.703
47,2:medium,2:medium,,0.672
48,2:medium,2:medium,,0.641
49,2:medium,2:medium,,0.578
50,2:medium,2:medium,,0.578
51,2:medium,2:medium,,0.609
52,2:medium,2:medium,,0.781
53,2:medium,2:medium,,0.656
54,2:medium,2:medium,,0.609
55,2:medium,2:medium,,0.625
56,2:medium,2:medium,,0.516
57,2:medium,3:high,+,0.625
58,2:medium,3:high,+,0.688
59,2:medium,3:high,+,0.719
60,2:medium,3:high,+,0.797
61,2:medium,3:high,+,0.719
62,2:medium,3:high,+,0.719
63,2:medium,3:high,+,0.5
64,2:medium,3:high,+,0.438
65,2:medium,3:high,+,0.457
66,2:medium,3:high,+,0.5
67,2:medium,3:high,+,0.703
68,2:medium,3:high,+,0.516
69,2:medium,2:medium,,0.641
70,2:medium,2:medium,,0.641
71,2:medium,2:medium,,0.625
72,2:medium,2:medium,,0.719

