inst#,actual,predicted,error,prediction
1,2:medium,2:medium,,0.709
2,2:medium,2:medium,,0.818
3,2:medium,2:medium,,0.745
4,2:medium,2:medium,,0.818
5,2:medium,2:medium,,0.782
6,2:medium,2:medium,,0.927
7,2:medium,2:medium,,0.655
8,3:high,2:medium,+,0.618
9,3:high,2:medium,+,0.509
10,3:high,2:medium,+,0.673
11,3:high,3:high,,0.564
12,3:high,3:high,,0.509
13,3:high,2:medium,+,0.582
14,3:high,3:high,,0.545
15,3:high,3:high,,0.691
16,3:high,3:high,,0.673
17,3:high,3:high,,0.6
18,3:high,3:high,,0.545
19,3:high,3:high,,0.527
20,2:medium,2:medium,,0.509
21,2:medium,3:high,+,0.455
22,2:medium,3:high,+,0.582
23,2:medium,3:high,+,0.709
24,2:medium,2:medium,,0.455
25,2:medium,2:medium,,0.4
26,2:medium,2:medium,,0.6
27,2:medium,1:low,+,0.491
28,2:medium,2:medium,,0.636
29,2:medium,2:medium,,0.545
30,2:medium,2:medium,,0.436
31,2:medium,1:low,+,0.473
32,2:medium,1:low,+,0.455
33,2:medium,3:high,+,0.6
34,1:low,3:high,+,0.509
35,1:low,3:high,+,0.491
36,1:low,2:medium,+,0.382
37,2:medium,1:low,+,0.418
38,2:medium,2:medium,,0.418
39,2:medium,3:high,+,0.691
40,2:medium,3:high,+,0.691
41,2:medium,3:high,+,0.782
42,2:medium,2:medium,,0.436
43,2:medium,2:medium,,0.455
44,2:medium,2:medium,,0.491
45,2:medium,2:medium,,0.6
46,2:medium,2:medium,,0.509
47,2:medium,2:medium,,0.491
48,2:medium,2:medium,,0.455
49,2:medium,2:medium,,0.473
50,2:medium,2:medium,,0.491
51,2:medium,2:medium,,0.618
52,2:medium,2:medium,,0.691
53,2:medium,2:medium,,0.618
54,2:medium,2:medium,,0.6
55,2:medium,2:medium,,0.564
56,2:medium,2:medium,,0.455
57,2:medium,3:high,+,0.564
58,2:medium,3:high,+,0.709
59,2:medium,3:high,+,0.782
60,2:medium,3:high,+,0.927
61,2:medium,3:high,+,0.818
62,2:medium,3:high,+,0.764
63,2:medium,3:high,+,0.527
64,2:medium,3:high,+,0.382
65,2:medium,2:medium,,0.527
66,2:medium,3:high,+,0.418
67,2:medium,3:high,+,0.564
68,2:medium,2:medium,,0.582
69,2:medium,2:medium,,0.764
70,2:medium,2:medium,,0.727
71,2:medium,2:medium,,0.564
72,2:medium,2:medium,,0.691

