inst#,actual,predicted,error,prediction
1,2:medium,2:medium,,0.711
2,2:medium,2:medium,,0.715
3,2:medium,2:medium,,0.875
4,2:medium,2:medium,,0.871
5,2:medium,2:medium,,0.783
6,2:medium,2:medium,,0.934
7,2:medium,2:medium,,0.817
8,3:high,2:medium,+,0.865
9,3:high,2:medium,+,0.815
10,3:high,2:medium,+,0.92
11,3:high,2:medium,+,0.841
12,3:high,2:medium,+,0.748
13,3:high,2:medium,+,0.674
14,3:high,2:medium,+,0.542
15,3:high,3:high,,0.592
16,3:high,3:high,,0.619
17,3:high,3:high,,0.63
18,3:high,2:medium,+,0.424
19,3:high,2:medium,+,0.519
20,2:medium,2:medium,,0.518
21,2:medium,3:high,+,0.574
22,2:medium,3:high,+,0.825
23,2:medium,3:high,+,0.853
24,2:medium,2:medium,,0.577
25,2:medium,2:medium,,0.701
26,2:medium,3:high,+,0.611
27,2:medium,2:medium,,0.924
28,2:medium,2:medium,,0.895
29,2:medium,2:medium,,0.8
30,2:medium,2:medium,,0.777
31,2:medium,2:medium,,0.708
32,2:medium,2:medium,,0.627
33,2:medium,2:medium,,0.508
34,1:low,3:high,+,0.708
35,1:low,3:high,+,0.673
36,1:low,3:high,+,0.45
37,2:medium,1:low,+,0.741
38,2:medium,3:high,+,0.577
39,2:medium,3:high,+,0.729
40,2:medium,3:high,+,0.663
41,2:medium,3:high,+,0.687
42,2:medium,1:low,+,0.416
43,2:medium,1:low,+,0.586
44,2:medium,1:low,+,0.639
45,2:medium,1:low,+,0.392
46,2:medium,3:high,+,0.363
47,2:medium,1:low,+,0.41
48,2:medium,1:low,+,0.473
49,2:medium,1:low,+,0.661
50,2:medium,1:low,+,0.492
51,2:medium,2:medium,,0.55
52,2:medium,2:medium,,0.551
53,2:medium,2:medium,,0.545
54,2:medium,2:medium,,0.434
55,2:medium,2:medium,,0.474
56,2:medium,3:high,+,0.43
57,2:medium,3:high,+,0.7
58,2:medium,3:high,+,0.948
59,2:medium,3:high,+,0.931
60,2:medium,3:high,+,0.914
61,2:medium,3:high,+,0.753
62,2:medium,3:high,+,0.773
63,2:medium,3:high,+,0.616
64,2:medium,3:high,+,0.452
65,2:medium,3:high,+,0.66
66,2:medium,2:medium,,0.453
67,2:medium,2:medium,,0.505
68,2:medium,3:high,+,0.603
69,2:medium,3:high,+,0.602
70,2:medium,2:medium,,0.573
71,2:medium,2:medium,,0.716
72,2:medium,2:medium,,0.499

