inst#,actual,predicted,error,prediction
1,2:medium,2:medium,,0.889
2,2:medium,2:medium,,0.906
3,2:medium,2:medium,,0.958
4,2:medium,2:medium,,0.915
5,2:medium,2:medium,,0.905
6,2:medium,2:medium,,0.935
7,2:medium,2:medium,,0.917
8,3:high,2:medium,+,0.941
9,3:high,2:medium,+,0.893
10,3:high,2:medium,+,0.944
11,3:high,2:medium,+,0.948
12,3:high,2:medium,+,0.898
13,3:high,2:medium,+,0.884
14,3:high,2:medium,+,0.779
15,3:high,2:medium,+,0.605
16,3:high,3:high,,0.499
17,3:high,2:medium,+,0.49
18,3:high,2:medium,+,0.743
19,3:high,2:medium,+,0.615
20,2:medium,2:medium,,0.707
21,2:medium,3:high,+,0.414
22,2:medium,2:medium,,0.535
23,2:medium,3:high,+,0.576
24,2:medium,2:medium,,0.391
25,2:medium,1:low,+,0.489
26,2:medium,1:low,+,0.441
27,2:medium,1:low,+,0.535
28,2:medium,1:low,+,0.573
29,2:medium,1:low,+,0.589
30,2:medium,1:low,+,0.611
31,2:medium,1:low,+,0.621
32,2:medium,1:low,+,0.358
33,2:medium,3:high,+,0.996
34,1:low,3:high,+,0.609
35,1:low,2:medium,+,0.947
36,1:low,2:medium,+,0.724
37,2:medium,2:medium,,0.542
38,2:medium,1:low,+,0.44
39,2:medium,3:high,+,0.76
40,2:medium,3:high,+,0.831
41,2:medium,3:high,+,0.704
42,2:medium,1:low,+,0.666
43,2:medium,2:medium,,0.551
44,2:medium,2:medium,,0.643
45,2:medium,2:medium,,0.902
46,2:medium,2:medium,,0.875
47,2:medium,2:medium,,0.875
48,2:medium,2:medium,,0.831
49,2:medium,1:low,+,0.814
50,2:medium,1:low,+,0.822
51,2:medium,1:low,+,0.664
52,2:medium,1:low,+,0.709
53,2:medium,1:low,+,0.789
54,2:medium,1:low,+,0.588
55,2:medium,2:medium,,0.613
56,2:medium,1:low,+,0.79
57,2:medium,3:high,+,0.545
58,2:medium,3:high,+,0.67
59,2:medium,3:high,+,0.856
60,2:medium,3:high,+,0.935
61,2:medium,3:high,+,0.811
62,2:medium,2:medium,,0.539
63,2:medium,2:medium,,0.911
64,2:medium,2:medium,,0.822
65,2:medium,2:medium,,0.727
66,2:medium,2:medium,,0.65
67,2:medium,2:medium,,0.471
68,2:medium,2:medium,,0.94
69,2:medium,2:medium,,0.742
70,2:medium,2:medium,,0.673
71,2:medium,2:medium,,0.515
72,2:medium,2:medium,,0.738

