inst#,actual,predicted,error,distribution,,
1,3:high,3:high,,0,0,*1
2,3:high,3:high,,0,0,*1
3,3:high,3:high,,0,0.032,*0.968
4,3:high,2:medium,+,0,*0.922,0.078
5,3:high,2:medium,+,0,*1,0
6,3:high,2:medium,+,0,*1,0
7,3:high,2:medium,+,0,*1,0
8,3:high,2:medium,+,0,*1,0
9,3:high,3:high,,0,0,*1
10,3:high,2:medium,+,0,*1,0
11,3:high,2:medium,+,0,*1,0
12,3:high,2:medium,+,0,*1,0
13,3:high,2:medium,+,0,*1,0
14,3:high,2:medium,+,0,*1,0
15,3:high,2:medium,+,0,*1,0
16,3:high,2:medium,+,0,*1,0
17,3:high,2:medium,+,0,*1,0
18,3:high,2:medium,+,0,*1,0
19,3:high,2:medium,+,0,*1,0
20,2:medium,2:medium,,0,*1,0
21,2:medium,2:medium,,0,*1,0
22,2:medium,2:medium,,0,*1,0
23,2:medium,2:medium,,0,*1,0
24,2:medium,2:medium,,0,*1,0
25,2:medium,2:medium,,0,*1,0
26,2:medium,2:medium,,0,*1,0
27,2:medium,2:medium,,0,*1,0
28,2:medium,2:medium,,0,*1,0
29,2:medium,2:medium,,0,*1,0
30,2:medium,2:medium,,0,*1,0
31,1:low,2:medium,+,0,*1,0
32,1:low,2:medium,+,0,*1,0
33,1:low,2:medium,+,0,*1,0
34,1:low,2:medium,+,0,*1,0
35,1:low,2:medium,+,0,*1,0
36,1:low,2:medium,+,0,*1,0
37,1:low,2:medium,+,0,*1,0
38,1:low,2:medium,+,0.006,*0.994,0
39,1:low,2:medium,+,0,*1,0
40,1:low,2:medium,+,0,*1,0
41,1:low,2:medium,+,0,*1,0
42,1:low,2:medium,+,0,*1,0
43,1:low,2:medium,+,0,*1,0
44,1:low,2:medium,+,0,*1,0
45,1:low,2:medium,+,0,*1,0
46,1:low,2:medium,+,0,*1,0
47,1:low,2:medium,+,0,*1,0
48,1:low,2:medium,+,0,*1,0
49,1:low,2:medium,+,0,*1,0
50,1:low,2:medium,+,0,*1,0
51,1:low,2:medium,+,0,*1,0
52,1:low,2:medium,+,0,*1,0
53,1:low,2:medium,+,0,*1,0
54,1:low,1:low,,*0.932,0.068,0
55,1:low,2:medium,+,0,*1,0
56,1:low,2:medium,+,0,*1,0
57,1:low,2:medium,+,0,*1,0
58,1:low,2:medium,+,0,*1,0
59,1:low,2:medium,+,0,*1,0
60,1:low,2:medium,+,0,*1,0
61,1:low,2:medium,+,0,*1,0
62,1:low,2:medium,+,0,*1,0
63,1:low,2:medium,+,0,*1,0
64,1:low,2:medium,+,0,*1,0
65,1:low,2:medium,+,0,*0.987,0.013
66,1:low,2:medium,+,0,*0.868,0.132
67,1:low,3:high,+,0,0,*1
68,1:low,3:high,+,0,0,*1
69,2:medium,3:high,+,0,0,*1
70,2:medium,3:high,+,0,0,*1
71,2:medium,3:high,+,0,0.004,*0.996
72,2:medium,3:high,+,0,0.001,*0.999
