inst#,actual,predicted,error,distribution,,
1,3:high,3:high,,0,0.1,*0.9
2,3:high,3:high,,0,0.2,*0.8
3,3:high,3:high,,0,0.4,*0.6
4,3:high,2:medium,+,0.1,*0.5,0.4
5,3:high,2:medium,+,0.1,*0.5,0.4
6,3:high,3:high,,0,0.4,*0.6
7,3:high,3:high,,0.1,0.4,*0.5
8,3:high,2:medium,+,0.1,*0.8,0.1
9,3:high,3:high,,0,0.3,*0.7
10,3:high,2:medium,+,0.1,*0.8,0.1
11,3:high,2:medium,+,0.1,*0.7,0.2
12,3:high,2:medium,+,0.1,*0.9,0
13,3:high,2:medium,+,0.1,*0.9,0
14,3:high,2:medium,+,0,*1,0
15,3:high,2:medium,+,0,*1,0
16,3:high,2:medium,+,0.1,*0.9,0
17,3:high,2:medium,+,0.1,*0.8,0.1
18,3:high,2:medium,+,0.1,*0.8,0.1
19,3:high,2:medium,+,0,*0.7,0.3
20,2:medium,2:medium,,0,*0.6,0.4
21,2:medium,2:medium,,0.1,*0.9,0
22,2:medium,2:medium,,0.1,*0.8,0.1
23,2:medium,2:medium,,0.1,*0.7,0.2
24,2:medium,2:medium,,0.1,*0.8,0.1
25,2:medium,2:medium,,0.1,*0.9,0
26,2:medium,2:medium,,0.1,*0.8,0.1
27,2:medium,2:medium,,0.2,*0.7,0.1
28,2:medium,2:medium,,0.1,*0.7,0.2
29,2:medium,2:medium,,0.1,*0.7,0.2
30,2:medium,2:medium,,0,*0.7,0.3
31,1:low,2:medium,+,0,*1,0
32,1:low,2:medium,+,0.1,*0.8,0.1
33,1:low,2:medium,+,0,*0.8,0.2
34,1:low,2:medium,+,0.1,*0.9,0
35,1:low,2:medium,+,0,*1,0
36,1:low,2:medium,+,0,*1,0
37,1:low,2:medium,+,0.1,*0.6,0.3
38,1:low,2:medium,+,0.1,*0.8,0.1
39,1:low,2:medium,+,0.1,*0.8,0.1
40,1:low,2:medium,+,0,*0.6,0.4
41,1:low,2:medium,+,0,*1,0
42,1:low,2:medium,+,0.1,*0.8,0.1
43,1:low,2:medium,+,0.1,*0.9,0
44,1:low,2:medium,+,0.1,*0.8,0.1
45,1:low,2:medium,+,0.2,*0.8,0
46,1:low,2:medium,+,0.1,*0.8,0.1
47,1:low,2:medium,+,0.2,*0.7,0.1
48,1:low,2:medium,+,0,*0.9,0.1
49,1:low,2:medium,+,0.3,*0.6,0.1
50,1:low,2:medium,+,0.1,*0.9,0
51,1:low,2:medium,+,0.1,*0.9,0
52,1:low,2:medium,+,0.1,*0.9,0
53,1:low,2:medium,+,0.1,*0.9,0
54,1:low,2:medium,+,0.2,*0.7,0.1
55,1:low,2:medium,+,0.2,*0.7,0.1
56,1:low,2:medium,+,0.1,*0.8,0.1
57,1:low,2:medium,+,0.1,*0.8,0.1
58,1:low,2:medium,+,0.1,*0.8,0.1
59,1:low,2:medium,+,0.1,*0.7,0.2
60,1:low,2:medium,+,0.3,*0.6,0.1
61,1:low,2:medium,+,0.2,*0.8,0
62,1:low,2:medium,+,0.2,*0.7,0.1
63,1:low,2:medium,+,0.2,*0.6,0.2
64,1:low,2:medium,+,0.3,*0.6,0.1
65,1:low,3:high,+,0.1,0.2,*0.7
66,1:low,2:medium,+,0.1,*0.5,0.4
67,1:low,3:high,+,0,0.1,*0.9
68,1:low,3:high,+,0,0.2,*0.8
69,2:medium,3:high,+,0.1,0.1,*0.8
70,2:medium,3:high,+,0,0.1,*0.9
71,2:medium,3:high,+,0,0.1,*0.9
72,2:medium,3:high,+,0,0.2,*0.8
