inst#,actual,predicted,error,distribution,,
1,3:high,3:high,,0,0,*1
2,3:high,3:high,,0,0,*1
3,3:high,3:high,,0,0.027,*0.973
4,3:high,3:high,,0,0,*1
5,3:high,2:medium,+,0,*1,0
6,3:high,3:high,,0,0.218,*0.782
7,3:high,3:high,,0.001,0.188,*0.811
8,3:high,2:medium,+,0,*1,0
9,3:high,3:high,,0,0,*1
10,3:high,2:medium,+,0,*0.97,0.03
11,3:high,2:medium,+,0,*1,0
12,3:high,2:medium,+,0,*0.962,0.038
13,3:high,2:medium,+,0,*1,0
14,3:high,2:medium,+,0,*0.997,0.003
15,3:high,2:medium,+,0,*1,0
16,3:high,2:medium,+,0,*1,0
17,3:high,2:medium,+,0,*1,0
18,3:high,3:high,,0,0.024,*0.976
19,3:high,3:high,,0,0.002,*0.998
20,2:medium,2:medium,,0,*0.884,0.115
21,2:medium,2:medium,,0,*1,0
22,2:medium,2:medium,,0,*0.993,0.007
23,2:medium,2:medium,,0,*1,0
24,2:medium,2:medium,,0,*1,0
25,2:medium,2:medium,,0,*1,0
26,2:medium,2:medium,,0,*1,0
27,2:medium,2:medium,,0.002,*0.977,0.021
28,2:medium,3:high,+,0.026,0.002,*0.972
29,2:medium,3:high,+,0.002,0.053,*0.944
30,2:medium,2:medium,,0,*1,0
31,1:low,2:medium,+,0,*1,0
32,1:low,2:medium,+,0,*1,0
33,1:low,2:medium,+,0,*1,0
34,1:low,2:medium,+,0,*1,0
35,1:low,2:medium,+,0,*1,0
36,1:low,2:medium,+,0,*1,0
37,1:low,2:medium,+,0,*1,0
38,1:low,2:medium,+,0,*1,0
39,1:low,2:medium,+,0.061,*0.928,0.011
40,1:low,2:medium,+,0,*1,0
41,1:low,2:medium,+,0,*0.996,0.004
42,1:low,2:medium,+,0,*1,0
43,1:low,2:medium,+,0,*1,0
44,1:low,2:medium,+,0,*1,0
45,1:low,2:medium,+,0,*1,0
46,1:low,2:medium,+,0,*1,0
47,1:low,2:medium,+,0,*0.524,0.476
48,1:low,2:medium,+,0.069,*0.931,0
49,1:low,2:medium,+,0.002,*0.99,0.008
50,1:low,2:medium,+,0.001,*0.988,0.011
51,1:low,2:medium,+,0,*1,0
52,1:low,2:medium,+,0,*1,0
53,1:low,2:medium,+,0,*1,0
54,1:low,2:medium,+,0,*1,0
55,1:low,2:medium,+,0,*1,0
56,1:low,2:medium,+,0,*1,0
57,1:low,2:medium,+,0,*1,0
58,1:low,2:medium,+,0,*1,0
59,1:low,2:medium,+,0,*1,0
60,1:low,2:medium,+,0,*1,0
61,1:low,2:medium,+,0,*1,0
62,1:low,2:medium,+,0,*1,0
63,1:low,2:medium,+,0,*1,0
64,1:low,2:medium,+,0,*1,0
65,1:low,2:medium,+,0,*1,0
66,1:low,2:medium,+,0,*1,0
67,1:low,2:medium,+,0,*0.708,0.292
68,1:low,2:medium,+,0,*1,0
69,2:medium,2:medium,,0,*0.989,0.011
70,2:medium,2:medium,,0,*1,0
71,2:medium,2:medium,,0,*1,0
72,2:medium,2:medium,,0,*1,0
