inst#,actual,predicted,error,distribution,,
1,3:high,3:high,,0,0,*1
2,3:high,3:high,,0,0.015,*0.985
3,3:high,3:high,,0,0.014,*0.986
4,3:high,3:high,,0,0.01,*0.99
5,3:high,3:high,,0,0.156,*0.844
6,3:high,2:medium,+,0,*0.983,0.017
7,3:high,2:medium,+,0,*0.983,0.017
8,3:high,2:medium,+,0,*0.983,0.017
9,3:high,3:high,,0,0,*1
10,3:high,2:medium,+,0,*1,0
11,3:high,2:medium,+,0,*1,0
12,3:high,2:medium,+,0,*1,0
13,3:high,2:medium,+,0,*1,0
14,3:high,2:medium,+,0,*1,0
15,3:high,2:medium,+,0,*1,0
16,3:high,2:medium,+,0,*1,0
17,3:high,2:medium,+,0,*1,0
18,3:high,2:medium,+,0.049,*0.951,0
19,3:high,2:medium,+,0,*0.992,0.008
20,2:medium,2:medium,,0,*0.994,0.006
21,2:medium,2:medium,,0,*1,0
22,2:medium,2:medium,,0,*1,0
23,2:medium,2:medium,,0,*1,0
24,2:medium,2:medium,,0,*1,0
25,2:medium,2:medium,,0,*1,0
26,2:medium,2:medium,,0.005,*0.994,0
27,2:medium,1:low,+,*0.683,0.315,0.002
28,2:medium,1:low,+,*0.683,0.315,0.002
29,2:medium,2:medium,,0.005,*0.994,0
30,2:medium,2:medium,,0,*1,0
31,1:low,2:medium,+,0,*1,0
32,1:low,2:medium,+,0,*1,0
33,1:low,2:medium,+,0,*1,0
34,1:low,2:medium,+,0,*1,0
35,1:low,2:medium,+,0,*1,0
36,1:low,2:medium,+,0,*1,0
37,1:low,2:medium,+,0.005,*0.994,0
38,1:low,2:medium,+,0.057,*0.943,0
39,1:low,1:low,,*0.923,0.029,0.048
40,1:low,2:medium,+,0,*1,0
41,1:low,2:medium,+,0,*1,0
42,1:low,2:medium,+,0,*1,0
43,1:low,2:medium,+,0,*1,0
44,1:low,2:medium,+,0,*1,0
45,1:low,2:medium,+,0.002,*0.998,0
46,1:low,2:medium,+,0.057,*0.943,0
47,1:low,1:low,,*0.54,0.459,0.001
48,1:low,2:medium,+,0,*1,0
49,1:low,2:medium,+,0.006,*0.994,0
50,1:low,2:medium,+,0,*1,0
51,1:low,2:medium,+,0,*1,0
52,1:low,2:medium,+,0.08,*0.92,0
53,1:low,2:medium,+,0,*1,0
54,1:low,1:low,,*0.566,0.432,0.002
55,1:low,2:medium,+,0.035,*0.965,0
56,1:low,2:medium,+,0,*1,0
57,1:low,2:medium,+,0,*1,0
58,1:low,2:medium,+,0,*1,0
59,1:low,2:medium,+,0,*1,0
60,1:low,2:medium,+,0,*1,0
61,1:low,2:medium,+,0,*1,0
62,1:low,2:medium,+,0,*1,0
63,1:low,2:medium,+,0,*1,0
64,1:low,2:medium,+,0.008,*0.992,0
65,1:low,2:medium,+,0,*1,0
66,1:low,3:high,+,0,0.009,*0.991
67,1:low,3:high,+,0,0.165,*0.835
68,1:low,3:high,+,0,0.001,*0.999
69,2:medium,2:medium,,0,*1,0
70,2:medium,2:medium,,0,*1,0
71,2:medium,2:medium,,0,*1,0
72,2:medium,2:medium,,0,*1,0
