inst#,actual,predicted,error,distribution,,
1,3:high,3:high,,0,0,*1
2,3:high,2:medium,+,0,*0.744,0.256
3,3:high,2:medium,+,0,*0.95,0.05
4,3:high,2:medium,+,0.001,*0.91,0.089
5,3:high,2:medium,+,0,*1,0
6,3:high,2:medium,+,0,*0.99,0.009
7,3:high,2:medium,+,0,*0.774,0.225
8,3:high,2:medium,+,0,*0.999,0.001
9,3:high,3:high,,0,0.004,*0.996
10,3:high,2:medium,+,0,*1,0
11,3:high,2:medium,+,0,*1,0
12,3:high,2:medium,+,0,*1,0
13,3:high,2:medium,+,0,*1,0
14,3:high,2:medium,+,0,*1,0
15,3:high,2:medium,+,0,*1,0
16,3:high,2:medium,+,0,*1,0
17,3:high,2:medium,+,0,*1,0
18,3:high,2:medium,+,0,*0.998,0.002
19,3:high,2:medium,+,0,*0.997,0.003
20,2:medium,2:medium,,0,*0.999,0.001
21,2:medium,2:medium,,0,*1,0
22,2:medium,2:medium,,0,*1,0
23,2:medium,2:medium,,0,*1,0
24,2:medium,2:medium,,0,*1,0
25,2:medium,2:medium,,0,*1,0
26,2:medium,2:medium,,0,*1,0
27,2:medium,2:medium,,0,*1,0
28,2:medium,2:medium,,0.002,*0.75,0.247
29,2:medium,2:medium,,0,*1,0
30,2:medium,2:medium,,0,*1,0
31,1:low,2:medium,+,0,*1,0
32,1:low,2:medium,+,0,*1,0
33,1:low,2:medium,+,0,*1,0
34,1:low,2:medium,+,0,*1,0
35,1:low,2:medium,+,0,*1,0
36,1:low,2:medium,+,0,*1,0
37,1:low,2:medium,+,0,*1,0
38,1:low,2:medium,+,0,*1,0
39,1:low,2:medium,+,0.001,*0.994,0.006
40,1:low,2:medium,+,0,*1,0
41,1:low,2:medium,+,0,*1,0
42,1:low,2:medium,+,0,*1,0
43,1:low,2:medium,+,0,*1,0
44,1:low,2:medium,+,0,*1,0
45,1:low,2:medium,+,0,*1,0
46,1:low,2:medium,+,0,*1,0
47,1:low,2:medium,+,0.001,*0.998,0.001
48,1:low,2:medium,+,0,*1,0
49,1:low,1:low,,*0.787,0.188,0.025
50,1:low,2:medium,+,0,*0.998,0.002
51,1:low,2:medium,+,0,*1,0
52,1:low,2:medium,+,0,*1,0
53,1:low,2:medium,+,0.44,*0.557,0.004
54,1:low,1:low,,*0.65,0.35,0
55,1:low,2:medium,+,0.024,*0.973,0.003
56,1:low,2:medium,+,0.02,*0.98,0
57,1:low,2:medium,+,0,*1,0
58,1:low,2:medium,+,0,*1,0
59,1:low,2:medium,+,0,*1,0
60,1:low,2:medium,+,0.032,*0.968,0
61,1:low,2:medium,+,0,*0.999,0.001
62,1:low,2:medium,+,0,*0.999,0
63,1:low,2:medium,+,0,*1,0
64,1:low,2:medium,+,0,*1,0
65,1:low,2:medium,+,0.015,*0.917,0.068
66,1:low,2:medium,+,0,*0.999,0.001
67,1:low,2:medium,+,0,*0.741,0.259
68,1:low,3:high,+,0,0.324,*0.676
69,2:medium,3:high,+,0,0.391,*0.609
70,2:medium,2:medium,,0,*0.934,0.066
71,2:medium,2:medium,,0,*0.963,0.037
72,2:medium,2:medium,,0,*0.974,0.026
