inst#,actual,predicted,error,distribution,,
1,3:low,2:medium,+,0,*1,0
2,3:low,2:medium,+,0,*1,0
3,2:medium,2:medium,,0,*1,0
4,1:high,2:medium,+,0,*1,0
5,3:low,2:medium,+,0,*1,0
6,3:low,2:medium,+,0.006,*0.994,0
7,2:medium,2:medium,,0,*1,0
8,2:medium,2:medium,,0,*1,0
9,3:low,2:medium,+,0.086,*0.914,0
10,1:high,2:medium,+,0.051,*0.949,0
11,2:medium,2:medium,,0,*1,0
12,3:low,2:medium,+,0,*1,0
13,3:low,2:medium,+,0,*1,0
14,2:medium,2:medium,,0,*1,0
15,2:medium,2:medium,,0,*1,0
16,3:low,2:medium,+,0.134,*0.827,0.039
17,2:medium,2:medium,,0,*1,0
18,3:low,2:medium,+,0,*1,0
19,2:medium,2:medium,,0.183,*0.817,0
20,2:medium,2:medium,,0,*1,0
21,2:medium,2:medium,,0,*1,0
22,3:low,2:medium,+,0,*1,0
23,2:medium,2:medium,,0.008,*0.992,0
24,3:low,2:medium,+,0.001,*0.999,0
25,2:medium,2:medium,,0.038,*0.962,0
26,3:low,2:medium,+,0.049,*0.951,0
27,3:low,2:medium,+,0.021,*0.979,0
28,2:medium,2:medium,,0,*1,0
29,2:medium,2:medium,,0.005,*0.995,0
30,2:medium,2:medium,,0.018,*0.982,0
31,2:medium,1:high,+,*0.372,0.372,0.256
32,2:medium,2:medium,,0,*1,0
33,3:low,2:medium,+,0.032,*0.968,0
34,2:medium,2:medium,,0,*1,0
35,3:low,2:medium,+,0,*1,0
36,2:medium,2:medium,,0,*1,0
37,3:low,2:medium,+,0,*1,0
38,3:low,2:medium,+,0,*1,0
39,1:high,3:low,+,0.052,0,*0.948
40,3:low,2:medium,+,0.006,*0.994,0
41,3:low,2:medium,+,0.023,*0.977,0
42,2:medium,2:medium,,0.022,*0.978,0
43,1:high,2:medium,+,0.003,*0.997,0
44,2:medium,2:medium,,0,*1,0
45,3:low,2:medium,+,0.002,*0.998,0
46,3:low,2:medium,+,0.008,*0.992,0
47,3:low,2:medium,+,0.002,*0.998,0
48,3:low,2:medium,+,0.017,*0.983,0
