inst#,actual,predicted,error,distribution,,
1,3:low,2:medium,+,0,*1,0
2,3:low,2:medium,+,0,*0.997,0.003
3,2:medium,2:medium,,0,*1,0
4,1:high,2:medium,+,0,*0.998,0.002
5,3:low,2:medium,+,0,*0.886,0.114
6,3:low,2:medium,+,0,*1,0
7,2:medium,2:medium,,0,*1,0
8,2:medium,2:medium,,0,*1,0
9,3:low,2:medium,+,0,*1,0
10,1:high,3:low,+,0,0.159,*0.841
11,2:medium,3:low,+,0,0,*1
12,3:low,3:low,,0,0,*1
13,3:low,3:low,,0,0,*1
14,2:medium,3:low,+,0,0,*1
15,2:medium,3:low,+,0,0.008,*0.992
16,3:low,2:medium,+,0,*1,0
17,2:medium,2:medium,,0,*0.999,0.001
18,3:low,2:medium,+,0,*1,0
19,2:medium,2:medium,,0,*1,0
20,2:medium,2:medium,,0,*1,0
21,2:medium,2:medium,,0,*1,0
22,3:low,2:medium,+,0,*1,0
23,2:medium,2:medium,,0,*1,0
24,3:low,2:medium,+,0,*1,0
25,2:medium,2:medium,,0,*1,0
26,3:low,2:medium,+,0,*1,0
27,3:low,2:medium,+,0,*1,0
28,2:medium,2:medium,,0,*0.999,0.001
29,2:medium,2:medium,,0,*1,0
30,2:medium,2:medium,,0,*1,0
31,2:medium,1:high,+,*1,0,0
32,2:medium,2:medium,,0,*1,0
33,3:low,2:medium,+,0,*1,0
34,2:medium,3:low,+,0,0.076,*0.924
35,3:low,2:medium,+,0,*0.999,0.001
36,2:medium,2:medium,,0,*0.999,0.001
37,3:low,3:low,,0,0.05,*0.95
38,3:low,2:medium,+,0,*0.999,0.001
39,1:high,3:low,+,0,0,*1
40,3:low,3:low,,0,0.05,*0.95
41,3:low,2:medium,+,0,*0.767,0.233
42,2:medium,2:medium,,0,*0.999,0.001
43,1:high,2:medium,+,0,*0.767,0.233
44,2:medium,3:low,+,0,0.05,*0.95
45,3:low,3:low,,0,0.05,*0.95
46,3:low,2:medium,+,0,*0.999,0.001
47,3:low,2:medium,+,0,*0.999,0.001
48,3:low,2:medium,+,0,*0.999,0.001
