inst#,actual,predicted,error,distribution,,
1,2:medium,2:medium,,0,*0.997,0.003
2,3:low,3:low,,0,0.342,*0.658
3,3:low,2:medium,+,0,*0.999,0.001
4,2:medium,2:medium,,0,*1,0
5,2:medium,2:medium,,0,*1,0
6,2:medium,1:high,+,*0.949,0.05,0.001
7,2:medium,2:medium,,0,*1,0
8,2:medium,2:medium,,0,*1,0
9,2:medium,2:medium,,0,*1,0
10,2:medium,2:medium,,0,*1,0
11,2:medium,2:medium,,0,*1,0
12,2:medium,2:medium,,0,*1,0
13,2:medium,2:medium,,0,*1,0
14,2:medium,2:medium,,0,*1,0
15,2:medium,2:medium,,0,*1,0
16,2:medium,3:low,+,0.05,0.232,*0.718
17,1:high,2:medium,+,0.009,*0.99,0
18,2:medium,2:medium,,0,*1,0
19,2:medium,2:medium,,0,*1,0
20,2:medium,2:medium,,0,*0.529,0.471
21,2:medium,2:medium,,0,*1,0
22,3:low,2:medium,+,0,*1,0
23,3:low,3:low,,0,0.025,*0.975
24,2:medium,2:medium,,0,*0.954,0.046
25,1:high,3:low,+,0,0.031,*0.969
26,2:medium,3:low,+,0,0.105,*0.895
27,2:medium,3:low,+,0,0.01,*0.99
28,2:medium,3:low,+,0,0.001,*0.999
29,2:medium,2:medium,,0,*0.88,0.12
30,2:medium,2:medium,,0,*0.994,0.006
31,2:medium,3:low,+,0,0.002,*0.998
32,2:medium,2:medium,,0,*0.989,0.011
33,1:high,1:high,,*0.45,0.162,0.388
34,2:medium,2:medium,,0,*0.555,0.445
35,2:medium,3:low,+,0,0.132,*0.868
36,2:medium,2:medium,,0,*0.921,0.079
37,2:medium,1:high,+,*0.995,0.004,0.001
38,2:medium,2:medium,,0,*1,0
39,3:low,2:medium,+,0,*0.999,0.001
40,3:low,2:medium,+,0,*0.855,0.145
41,3:low,2:medium,+,0,*0.989,0.011
42,2:medium,2:medium,,0,*1,0
43,2:medium,2:medium,,0,*0.992,0.008
44,2:medium,2:medium,,0,*1,0
45,2:medium,2:medium,,0.001,*0.996,0.004
46,2:medium,2:medium,,0,*1,0
47,2:medium,2:medium,,0.097,*0.903,0
48,3:low,2:medium,+,0.122,*0.877,0.001
