inst#,actual,predicted,error,distribution,,
1,2:medium,2:medium,,0,*1,0
2,3:low,2:medium,+,0,*1,0
3,3:low,2:medium,+,0,*1,0
4,2:medium,2:medium,,0,*1,0
5,2:medium,2:medium,,0,*1,0
6,2:medium,1:high,+,*1,0,0
7,2:medium,2:medium,,0,*1,0
8,2:medium,2:medium,,0,*1,0
9,2:medium,2:medium,,0,*1,0
10,2:medium,2:medium,,0,*1,0
11,2:medium,2:medium,,0,*1,0
12,2:medium,3:low,+,0,0,*1
13,2:medium,2:medium,,0,*1,0
14,2:medium,2:medium,,0,*0.59,0.41
15,2:medium,2:medium,,0,*1,0
16,2:medium,1:high,+,*1,0,0
17,1:high,2:medium,+,0.001,*0.999,0
18,2:medium,2:medium,,0,*1,0
19,2:medium,3:low,+,0,0,*1
20,2:medium,3:low,+,0,0,*1
21,2:medium,2:medium,,0,*1,0
22,3:low,2:medium,+,0,*1,0
23,3:low,2:medium,+,0,*1,0
24,2:medium,2:medium,,0,*1,0
25,1:high,2:medium,+,0,*1,0
26,2:medium,2:medium,,0,*1,0
27,2:medium,2:medium,,0,*1,0
28,2:medium,2:medium,,0,*1,0
29,2:medium,2:medium,,0,*1,0
30,2:medium,3:low,+,0,0.006,*0.994
31,2:medium,2:medium,,0,*0.995,0.005
32,2:medium,2:medium,,0,*0.968,0.032
33,1:high,3:low,+,0,0,*1
34,2:medium,2:medium,,0,*1,0
35,2:medium,2:medium,,0,*0.996,0.004
36,2:medium,3:low,+,0,0.071,*0.929
37,2:medium,1:high,+,*1,0,0
38,2:medium,1:high,+,*1,0,0
39,3:low,2:medium,+,0,*1,0
40,3:low,3:low,,0,0.002,*0.998
41,3:low,2:medium,+,0,*0.997,0.003
42,2:medium,3:low,+,0,0,*1
43,2:medium,2:medium,,0,*0.776,0.224
44,2:medium,2:medium,,0,*1,0
45,2:medium,2:medium,,0,*1,0
46,2:medium,2:medium,,0,*1,0
47,2:medium,2:medium,,0,*1,0
48,3:low,2:medium,+,0,*1,0
