inst#,actual,predicted,error,prediction
1,3:low,3:low,,0.625
2,2:medium,1:high,+,0.563
3,2:medium,3:low,+,0.813
4,2:medium,2:medium,,0.813
5,2:medium,3:low,+,0.813
6,2:medium,3:low,+,0.75
7,2:medium,3:low,+,0.875
8,2:medium,3:low,+,0.875
9,3:low,3:low,,0.813
10,3:low,3:low,,0.563
11,3:low,3:low,,0.813
12,3:low,3:low,,0.625
13,3:low,3:low,,0.625
14,3:low,3:low,,0.688
15,3:low,3:low,,0.625
16,3:low,3:low,,0.563
17,3:low,3:low,,0.563
18,3:low,3:low,,0.625
19,3:low,3:low,,0.688
20,3:low,3:low,,0.625
21,3:low,3:low,,0.688
22,3:low,3:low,,0.5
23,3:low,3:low,,0.625
24,3:low,3:low,,0.5
25,3:low,3:low,,0.563
26,2:medium,3:low,+,0.5
27,3:low,3:low,,0.563
28,3:low,3:low,,0.625
29,3:low,3:low,,0.563
30,3:low,3:low,,0.625
31,3:low,3:low,,0.5
32,2:medium,3:low,+,0.625
33,3:low,3:low,,0.563
34,2:medium,3:low,+,0.688
35,2:medium,2:medium,,0.563
36,3:low,3:low,,0.625
37,2:medium,2:medium,,0.375
38,3:low,3:low,,0.5
39,3:low,3:low,,0.625
40,3:low,3:low,,0.625
41,3:low,3:low,,0.563
42,3:low,3:low,,0.625
43,2:medium,3:low,+,0.625
44,3:low,3:low,,0.563
45,3:low,3:low,,0.563
46,2:medium,3:low,+,0.5
47,3:low,3:low,,0.625
48,3:low,3:low,,0.625

