inst#,actual,predicted,error,prediction
1,3:low,3:low,,0.594
2,2:medium,2:medium,,0.6
3,2:medium,3:low,+,0.511
4,2:medium,2:medium,,0.6
5,2:medium,3:low,+,0.582
6,2:medium,3:low,+,0.547
7,2:medium,3:low,+,0.563
8,2:medium,3:low,+,0.551
9,3:low,3:low,,0.586
10,3:low,3:low,,0.563
11,3:low,3:low,,0.547
12,3:low,3:low,,0.458
13,3:low,3:low,,0.549
14,3:low,3:low,,0.545
15,3:low,3:low,,0.57
16,3:low,3:low,,0.49
17,3:low,3:low,,0.567
18,3:low,3:low,,0.547
19,3:low,3:low,,0.493
20,3:low,3:low,,0.565
21,3:low,3:low,,0.541
22,3:low,3:low,,0.534
23,3:low,3:low,,0.587
24,3:low,3:low,,0.511
25,3:low,3:low,,0.558
26,2:medium,3:low,+,0.592
27,3:low,3:low,,0.591
28,3:low,3:low,,0.591
29,3:low,3:low,,0.587
30,3:low,3:low,,0.598
31,3:low,3:low,,0.585
32,2:medium,3:low,+,0.58
33,3:low,3:low,,0.58
34,2:medium,3:low,+,0.555
35,2:medium,3:low,+,0.536
36,3:low,3:low,,0.591
37,2:medium,2:medium,,0.433
38,3:low,3:low,,0.573
39,3:low,3:low,,0.584
40,3:low,3:low,,0.588
41,3:low,3:low,,0.582
42,3:low,3:low,,0.589
43,2:medium,3:low,+,0.59
44,3:low,3:low,,0.586
45,3:low,3:low,,0.578
46,2:medium,3:low,+,0.571
47,3:low,3:low,,0.579
48,3:low,3:low,,0.588

