inst#,actual,predicted,error,prediction
1,3:low,3:low,,0.916
2,2:medium,3:low,+,0.369
3,2:medium,3:low,+,0.819
4,2:medium,3:low,+,0.573
5,2:medium,3:low,+,0.862
6,2:medium,3:low,+,0.865
7,2:medium,3:low,+,0.862
8,2:medium,3:low,+,0.836
9,3:low,3:low,,0.862
10,3:low,3:low,,0.862
11,3:low,3:low,,0.842
12,3:low,3:low,,0.794
13,3:low,3:low,,0.755
14,3:low,3:low,,0.908
15,3:low,3:low,,0.883
16,3:low,3:low,,0.908
17,3:low,3:low,,0.883
18,3:low,3:low,,0.794
19,3:low,3:low,,0.843
20,3:low,3:low,,0.875
21,3:low,3:low,,0.768
22,3:low,3:low,,0.837
23,3:low,3:low,,0.883
24,3:low,3:low,,0.888
25,3:low,3:low,,0.843
26,2:medium,3:low,+,0.553
27,3:low,1:high,+,0.5
28,3:low,3:low,,0.513
29,3:low,3:low,,0.804
30,3:low,1:high,+,0.5
31,3:low,3:low,,0.908
32,2:medium,3:low,+,0.874
33,3:low,3:low,,0.794
34,2:medium,3:low,+,0.778
35,2:medium,3:low,+,0.555
36,3:low,1:high,+,0.5
37,2:medium,1:high,+,0.676
38,3:low,1:high,+,0.5
39,3:low,3:low,,0.628
40,3:low,3:low,,0.474
41,3:low,1:high,+,0.5
42,3:low,1:high,+,0.5
43,2:medium,1:high,+,0.5
44,3:low,1:high,+,0.5
45,3:low,1:high,+,0.5
46,2:medium,1:high,+,0.5
47,3:low,1:high,+,0.5
48,3:low,1:high,+,0.471

