inst#,actual,predicted,error,prediction
1,3:low,3:low,,0.899
2,2:medium,2:medium,,0.461
3,2:medium,1:high,+,0.607
4,2:medium,1:high,+,0.453
5,2:medium,3:low,+,0.988
6,2:medium,3:low,+,0.797
7,2:medium,3:low,+,0.928
8,2:medium,3:low,+,0.503
9,3:low,3:low,,0.503
10,3:low,3:low,,0.483
11,3:low,3:low,,0.696
12,3:low,1:high,+,0.627
13,3:low,1:high,+,0.637
14,3:low,1:high,+,0.538
15,3:low,3:low,,0.696
16,3:low,3:low,,0.727
17,3:low,3:low,,0.787
18,3:low,3:low,,0.797
19,3:low,1:high,+,0.597
20,3:low,3:low,,0.727
21,3:low,1:high,+,0.606
22,3:low,1:high,+,0.567
23,3:low,3:low,,0.777
24,3:low,3:low,,0.736
25,3:low,3:low,,0.758
26,2:medium,1:high,+,0.567
27,3:low,1:high,+,0.637
28,3:low,1:high,+,0.588
29,3:low,1:high,+,0.518
30,3:low,1:high,+,0.617
31,3:low,1:high,+,0.578
32,2:medium,1:high,+,0.568
33,3:low,1:high,+,0.509
34,2:medium,1:high,+,0.555
35,2:medium,1:high,+,0.468
36,3:low,1:high,+,0.577
37,2:medium,1:high,+,0.802
38,3:low,1:high,+,0.577
39,3:low,1:high,+,0.557
40,3:low,1:high,+,0.628
41,3:low,1:high,+,0.577
42,3:low,1:high,+,0.627
43,2:medium,1:high,+,0.677
44,3:low,1:high,+,0.656
45,3:low,1:high,+,0.667
46,2:medium,1:high,+,0.568
47,3:low,1:high,+,0.627
48,3:low,1:high,+,0.667

