inst#,actual,predicted,error,prediction
1,3:low,3:low,,0.897
2,2:medium,1:high,+,0.692
3,2:medium,2:medium,,0.624
4,2:medium,3:low,+,0.563
5,2:medium,3:low,+,0.897
6,2:medium,3:low,+,0.837
7,2:medium,3:low,+,0.897
8,2:medium,3:low,+,0.623
9,3:low,3:low,,0.623
10,3:low,3:low,,0.563
11,3:low,3:low,,0.767
12,3:low,3:low,,0.493
13,3:low,3:low,,0.493
14,3:low,3:low,,0.493
15,3:low,3:low,,0.767
16,3:low,3:low,,0.767
17,3:low,3:low,,0.767
18,3:low,3:low,,0.767
19,3:low,3:low,,0.493
20,3:low,3:low,,0.767
21,3:low,3:low,,0.493
22,3:low,3:low,,0.493
23,3:low,3:low,,0.767
24,3:low,3:low,,0.767
25,3:low,3:low,,0.767
26,2:medium,3:low,+,0.493
27,3:low,3:low,,0.493
28,3:low,3:low,,0.493
29,3:low,3:low,,0.493
30,3:low,3:low,,0.493
31,3:low,3:low,,0.493
32,2:medium,3:low,+,0.493
33,3:low,3:low,,0.493
34,2:medium,3:low,+,0.493
35,2:medium,2:medium,,0.624
36,3:low,3:low,,0.493
37,2:medium,1:high,+,0.692
38,3:low,3:low,,0.493
39,3:low,3:low,,0.493
40,3:low,3:low,,0.493
41,3:low,3:low,,0.493
42,3:low,1:high,+,0.538
43,2:medium,1:high,+,0.538
44,3:low,3:low,,0.493
45,3:low,1:high,+,0.538
46,2:medium,1:high,+,0.538
47,3:low,1:high,+,0.538
48,3:low,1:high,+,0.538

