inst#,actual,predicted,error,prediction
1,3:low,3:low,,0.778
2,2:medium,1:high,+,0.512
3,2:medium,3:low,+,0.535
4,2:medium,2:medium,,0.547
5,2:medium,3:low,+,0.635
6,2:medium,3:low,+,0.612
7,2:medium,3:low,+,0.669
8,2:medium,3:low,+,0.61
9,3:low,3:low,,0.66
10,3:low,3:low,,0.542
11,3:low,3:low,,0.532
12,3:low,3:low,,0.494
13,3:low,3:low,,0.508
14,3:low,2:medium,+,0.533
15,3:low,2:medium,+,0.566
16,3:low,2:medium,+,0.514
17,3:low,3:low,,0.526
18,3:low,3:low,,0.453
19,3:low,3:low,,0.499
20,3:low,2:medium,+,0.462
21,3:low,3:low,,0.429
22,3:low,2:medium,+,0.424
23,3:low,2:medium,+,0.46
24,3:low,2:medium,+,0.473
25,3:low,3:low,,0.52
26,2:medium,2:medium,,0.461
27,3:low,3:low,,0.451
28,3:low,2:medium,+,0.43
29,3:low,2:medium,+,0.485
30,3:low,3:low,,0.534
31,3:low,2:medium,+,0.512
32,2:medium,3:low,+,0.471
33,3:low,2:medium,+,0.438
34,2:medium,3:low,+,0.479
35,2:medium,2:medium,,0.454
36,3:low,2:medium,+,0.399
37,2:medium,2:medium,,0.501
38,3:low,2:medium,+,0.485
39,3:low,3:low,,0.443
40,3:low,2:medium,+,0.456
41,3:low,2:medium,+,0.481
42,3:low,2:medium,+,0.35
43,2:medium,2:medium,,0.396
44,3:low,2:medium,+,0.481
45,3:low,2:medium,+,0.401
46,2:medium,2:medium,,0.404
47,3:low,2:medium,+,0.35
48,3:low,2:medium,+,0.369

