inst#,actual,predicted,error,prediction
1,3:low,3:low,,0.682
2,2:medium,2:medium,,0.548
3,2:medium,2:medium,,0.465
4,2:medium,2:medium,,0.576
5,2:medium,3:low,+,0.683
6,2:medium,3:low,+,0.55
7,2:medium,3:low,+,0.639
8,2:medium,3:low,+,0.55
9,3:low,3:low,,0.617
10,3:low,3:low,,0.505
11,3:low,3:low,,0.528
12,3:low,3:low,,0.572
13,3:low,3:low,,0.461
14,3:low,3:low,,0.485
15,3:low,2:medium,+,0.492
16,3:low,3:low,,0.531
17,3:low,3:low,,0.507
18,3:low,3:low,,0.505
19,3:low,3:low,,0.461
20,3:low,3:low,,0.507
21,3:low,3:low,,0.461
22,3:low,3:low,,0.396
23,3:low,3:low,,0.507
24,3:low,3:low,,0.529
25,3:low,3:low,,0.528
26,2:medium,3:low,+,0.551
27,3:low,3:low,,0.529
28,3:low,3:low,,0.419
29,3:low,3:low,,0.485
30,3:low,3:low,,0.55
31,3:low,3:low,,0.529
32,2:medium,3:low,+,0.461
33,3:low,3:low,,0.44
34,2:medium,3:low,+,0.507
35,2:medium,2:medium,,0.649
36,3:low,3:low,,0.483
37,2:medium,2:medium,,0.556
38,3:low,3:low,,0.483
39,3:low,3:low,,0.461
40,3:low,3:low,,0.505
41,3:low,2:medium,+,0.472
42,3:low,2:medium,+,0.383
43,2:medium,3:low,+,0.394
44,3:low,2:medium,+,0.472
45,3:low,2:medium,+,0.383
46,2:medium,2:medium,,0.426
47,3:low,2:medium,+,0.383
48,3:low,2:medium,+,0.383

