inst#,actual,predicted,error,prediction
1,3:low,3:low,,0.805
2,2:medium,2:medium,,0.919
3,2:medium,3:low,+,0.763
4,2:medium,2:medium,,0.609
5,2:medium,3:low,+,0.641
6,2:medium,3:low,+,0.55
7,2:medium,3:low,+,0.624
8,2:medium,3:low,+,0.617
9,3:low,3:low,,0.677
10,3:low,3:low,,0.588
11,3:low,3:low,,0.536
12,3:low,3:low,,0.592
13,3:low,3:low,,0.594
14,3:low,3:low,,0.593
15,3:low,3:low,,0.589
16,3:low,3:low,,0.535
17,3:low,3:low,,0.557
18,3:low,3:low,,0.606
19,3:low,3:low,,0.637
20,3:low,3:low,,0.563
21,3:low,3:low,,0.604
22,3:low,3:low,,0.536
23,3:low,3:low,,0.617
24,3:low,3:low,,0.582
25,3:low,3:low,,0.617
26,2:medium,3:low,+,0.678
27,3:low,3:low,,0.678
28,3:low,3:low,,0.571
29,3:low,3:low,,0.632
30,3:low,3:low,,0.669
31,3:low,3:low,,0.711
32,2:medium,3:low,+,0.684
33,3:low,3:low,,0.649
34,2:medium,3:low,+,0.611
35,2:medium,3:low,+,0.626
36,3:low,3:low,,0.679
37,2:medium,3:low,+,0.563
38,3:low,3:low,,0.728
39,3:low,3:low,,0.73
40,3:low,3:low,,0.746
41,3:low,3:low,,0.753
42,3:low,3:low,,0.683
43,2:medium,3:low,+,0.739
44,3:low,3:low,,0.715
45,3:low,3:low,,0.73
46,2:medium,3:low,+,0.736
47,3:low,3:low,,0.755
48,3:low,3:low,,0.71

