inst#,actual,predicted,error,prediction
1,3:low,3:low,,0.919
2,2:medium,1:high,+,0.873
3,2:medium,3:low,+,0.556
4,2:medium,1:high,+,0.731
5,2:medium,3:low,+,0.652
6,2:medium,2:medium,,0.541
7,2:medium,3:low,+,0.537
8,2:medium,2:medium,,0.511
9,3:low,3:low,,0.671
10,3:low,3:low,,0.604
11,3:low,2:medium,+,0.489
12,3:low,3:low,,0.515
13,3:low,3:low,,0.58
14,3:low,3:low,,0.519
15,3:low,3:low,,0.591
16,3:low,3:low,,0.5
17,3:low,2:medium,+,0.493
18,3:low,3:low,,0.561
19,3:low,2:medium,+,0.495
20,3:low,2:medium,+,0.537
21,3:low,3:low,,0.492
22,3:low,2:medium,+,0.622
23,3:low,3:low,,0.517
24,3:low,3:low,,0.489
25,3:low,3:low,,0.558
26,2:medium,3:low,+,0.519
27,3:low,3:low,,0.577
28,3:low,3:low,,0.494
29,3:low,3:low,,0.628
30,3:low,3:low,,0.585
31,3:low,3:low,,0.495
32,2:medium,2:medium,,0.501
33,3:low,2:medium,+,0.498
34,2:medium,2:medium,,0.469
35,2:medium,2:medium,,0.469
36,3:low,3:low,,0.519
37,2:medium,2:medium,,0.713
38,3:low,3:low,,0.517
39,3:low,3:low,,0.493
40,3:low,3:low,,0.493
41,3:low,3:low,,0.628
42,3:low,3:low,,0.542
43,2:medium,3:low,+,0.564
44,3:low,3:low,,0.556
45,3:low,3:low,,0.517
46,2:medium,3:low,+,0.539
47,3:low,3:low,,0.604
48,3:low,3:low,,0.556

