inst#,actual,predicted,error,prediction
1,3:low,3:low,,0.996
2,2:medium,2:medium,,0.883
3,2:medium,3:low,+,0.838
4,2:medium,2:medium,,0.583
5,2:medium,3:low,+,0.969
6,2:medium,3:low,+,0.906
7,2:medium,3:low,+,0.927
8,2:medium,3:low,+,0.873
9,3:low,3:low,,0.968
10,3:low,3:low,,0.906
11,3:low,3:low,,0.887
12,3:low,3:low,,0.669
13,3:low,3:low,,0.91
14,3:low,3:low,,0.87
15,3:low,3:low,,0.958
16,3:low,3:low,,0.832
17,3:low,3:low,,0.955
18,3:low,3:low,,0.925
19,3:low,3:low,,0.73
20,3:low,3:low,,0.896
21,3:low,3:low,,0.844
22,3:low,3:low,,0.874
23,3:low,3:low,,0.978
24,3:low,3:low,,0.796
25,3:low,3:low,,0.855
26,2:medium,3:low,+,0.974
27,3:low,3:low,,0.981
28,3:low,3:low,,0.977
29,3:low,3:low,,0.981
30,3:low,3:low,,0.987
31,3:low,3:low,,0.95
32,2:medium,3:low,+,0.935
33,3:low,3:low,,0.892
34,2:medium,3:low,+,0.88
35,2:medium,3:low,+,0.81
36,3:low,3:low,,0.978
37,2:medium,3:low,+,0.637
38,3:low,3:low,,0.95
39,3:low,3:low,,0.949
40,3:low,3:low,,0.948
41,3:low,3:low,,0.954
42,3:low,3:low,,0.958
43,2:medium,3:low,+,0.915
44,3:low,3:low,,0.958
45,3:low,3:low,,0.952
46,2:medium,3:low,+,0.925
47,3:low,3:low,,0.932
48,3:low,3:low,,0.967

