inst#,actual,predicted,error,prediction
1,3:low,3:low,,0.987
2,2:medium,1:high,+,0.829
3,2:medium,2:medium,,0.566
4,2:medium,3:low,+,0.526
5,2:medium,3:low,+,0.947
6,2:medium,3:low,+,0.921
7,2:medium,3:low,+,0.947
8,2:medium,3:low,+,0.684
9,3:low,3:low,,0.697
10,3:low,3:low,,0.684
11,3:low,3:low,,0.842
12,3:low,3:low,,0.539
13,3:low,3:low,,0.539
14,3:low,3:low,,0.526
15,3:low,3:low,,0.803
16,3:low,3:low,,0.75
17,3:low,3:low,,0.803
18,3:low,3:low,,0.803
19,3:low,3:low,,0.526
20,3:low,3:low,,0.75
21,3:low,3:low,,0.513
22,3:low,3:low,,0.5
23,3:low,3:low,,0.803
24,3:low,3:low,,0.776
25,3:low,3:low,,0.776
26,2:medium,3:low,+,0.553
27,3:low,3:low,,0.487
28,3:low,3:low,,0.526
29,3:low,3:low,,0.513
30,3:low,3:low,,0.526
31,3:low,3:low,,0.513
32,2:medium,3:low,+,0.526
33,3:low,3:low,,0.474
34,2:medium,3:low,+,0.474
35,2:medium,2:medium,,0.513
36,3:low,3:low,,0.526
37,2:medium,1:high,+,0.961
38,3:low,3:low,,0.526
39,3:low,3:low,,0.539
40,3:low,3:low,,0.553
41,3:low,3:low,,0.513
42,3:low,1:high,+,0.895
43,2:medium,1:high,+,0.895
44,3:low,3:low,,0.539
45,3:low,1:high,+,0.895
46,2:medium,1:high,+,0.895
47,3:low,1:high,+,0.895
48,3:low,1:high,+,0.895

