inst#,actual,predicted,error,prediction
1,3:low,3:low,,0.861
2,2:medium,1:high,+,0.632
3,2:medium,3:low,+,0.814
4,2:medium,3:low,+,0.818
5,2:medium,3:low,+,0.861
6,2:medium,3:low,+,0.818
7,2:medium,3:low,+,0.861
8,2:medium,3:low,+,0.808
9,3:low,3:low,,0.815
10,3:low,3:low,,0.771
11,3:low,3:low,,0.818
12,3:low,3:low,,0.814
13,3:low,3:low,,0.814
14,3:low,3:low,,0.814
15,3:low,3:low,,0.771
16,3:low,3:low,,0.771
17,3:low,3:low,,0.771
18,3:low,3:low,,0.814
19,3:low,3:low,,0.814
20,3:low,3:low,,0.771
21,3:low,3:low,,0.814
22,3:low,3:low,,0.771
23,3:low,3:low,,0.814
24,3:low,3:low,,0.771
25,3:low,3:low,,0.814
26,2:medium,3:low,+,0.725
27,3:low,3:low,,0.814
28,3:low,3:low,,0.771
29,3:low,3:low,,0.771
30,3:low,3:low,,0.814
31,3:low,3:low,,0.771
32,2:medium,3:low,+,0.814
33,3:low,3:low,,0.771
34,2:medium,3:low,+,0.814
35,2:medium,3:low,+,0.571
36,3:low,3:low,,0.814
37,2:medium,3:low,+,0.535
38,3:low,3:low,,0.814
39,3:low,3:low,,0.814
40,3:low,3:low,,0.814
41,3:low,3:low,,0.762
42,3:low,3:low,,0.762
43,2:medium,3:low,+,0.762
44,3:low,3:low,,0.762
45,3:low,3:low,,0.762
46,2:medium,3:low,+,0.718
47,3:low,3:low,,0.715
48,3:low,3:low,,0.762

