inst#,actual,predicted,error,prediction
1,3:low,3:low,,0.652
2,2:medium,2:medium,,0.885
3,2:medium,2:medium,,0.739
4,2:medium,2:medium,,0.886
5,2:medium,2:medium,,0.627
6,2:medium,2:medium,,0.764
7,2:medium,2:medium,,0.724
8,2:medium,2:medium,,0.558
9,3:low,2:medium,+,0.562
10,3:low,2:medium,+,0.64
11,3:low,2:medium,+,0.691
12,3:low,2:medium,+,0.592
13,3:low,2:medium,+,0.761
14,3:low,2:medium,+,0.723
15,3:low,2:medium,+,0.678
16,3:low,2:medium,+,0.493
17,3:low,2:medium,+,0.737
18,3:low,2:medium,+,0.779
19,3:low,2:medium,+,0.706
20,3:low,2:medium,+,0.85
21,3:low,2:medium,+,0.766
22,3:low,2:medium,+,0.813
23,3:low,2:medium,+,0.733
24,3:low,2:medium,+,0.85
25,3:low,2:medium,+,0.844
26,2:medium,2:medium,,0.914
27,3:low,2:medium,+,0.838
28,3:low,2:medium,+,0.837
29,3:low,2:medium,+,0.903
30,3:low,2:medium,+,0.803
31,3:low,2:medium,+,0.939
32,2:medium,2:medium,,0.902
33,3:low,2:medium,+,0.959
34,2:medium,2:medium,,0.902
35,2:medium,2:medium,,0.919
36,3:low,2:medium,+,0.887
37,2:medium,2:medium,,0.967
38,3:low,2:medium,+,0.928
39,3:low,2:medium,+,0.921
40,3:low,2:medium,+,0.93
41,3:low,2:medium,+,0.929
42,3:low,2:medium,+,0.889
43,2:medium,2:medium,,0.91
44,3:low,2:medium,+,0.941
45,3:low,2:medium,+,0.957
46,2:medium,2:medium,,0.944
47,3:low,2:medium,+,0.885
48,3:low,2:medium,+,0.882

