inst#,actual,predicted,error,prediction
1,3:low,3:low,,0.731
2,2:medium,2:medium,,0.538
3,2:medium,3:low,+,0.808
4,2:medium,2:medium,,0.5
5,2:medium,3:low,+,0.769
6,2:medium,3:low,+,0.769
7,2:medium,3:low,+,0.846
8,2:medium,3:low,+,0.731
9,3:low,3:low,,0.846
10,3:low,3:low,,0.846
11,3:low,3:low,,0.808
12,3:low,3:low,,0.731
13,3:low,3:low,,0.769
14,3:low,3:low,,0.538
15,3:low,3:low,,0.615
16,3:low,3:low,,0.615
17,3:low,3:low,,0.654
18,3:low,3:low,,0.808
19,3:low,3:low,,0.654
20,3:low,3:low,,0.692
21,3:low,3:low,,0.769
22,3:low,3:low,,0.538
23,3:low,3:low,,0.808
24,3:low,3:low,,0.769
25,3:low,3:low,,0.769
26,2:medium,3:low,+,0.846
27,3:low,3:low,,0.885
28,3:low,3:low,,0.846
29,3:low,3:low,,0.846
30,3:low,3:low,,0.769
31,3:low,3:low,,0.846
32,2:medium,3:low,+,0.769
33,3:low,3:low,,0.769
34,2:medium,3:low,+,0.808
35,2:medium,3:low,+,0.846
36,3:low,3:low,,0.731
37,2:medium,2:medium,,0.577
38,3:low,3:low,,0.808
39,3:low,3:low,,0.769
40,3:low,3:low,,0.769
41,3:low,3:low,,0.692
42,3:low,3:low,,0.577
43,2:medium,3:low,+,0.654
44,3:low,3:low,,0.692
45,3:low,3:low,,0.692
46,2:medium,3:low,+,0.731
47,3:low,3:low,,0.692
48,3:low,3:low,,0.731

