inst#,actual,predicted,error,prediction
1,3:low,3:low,,0.948
2,2:medium,2:medium,,0.888
3,2:medium,3:low,+,0.779
4,2:medium,2:medium,,0.811
5,2:medium,3:low,+,0.929
6,2:medium,3:low,+,0.934
7,2:medium,3:low,+,0.956
8,2:medium,3:low,+,0.949
9,3:low,3:low,,0.943
10,3:low,3:low,,0.952
11,3:low,3:low,,0.912
12,3:low,3:low,,0.91
13,3:low,3:low,,0.941
14,3:low,3:low,,0.935
15,3:low,3:low,,0.939
16,3:low,3:low,,0.899
17,3:low,3:low,,0.965
18,3:low,3:low,,0.963
19,3:low,3:low,,0.912
20,3:low,3:low,,0.93
21,3:low,3:low,,0.91
22,3:low,3:low,,0.907
23,3:low,3:low,,0.949
24,3:low,3:low,,0.909
25,3:low,3:low,,0.941
26,2:medium,3:low,+,0.922
27,3:low,3:low,,0.957
28,3:low,3:low,,0.94
29,3:low,3:low,,0.892
30,3:low,3:low,,0.931
31,3:low,3:low,,0.854
32,2:medium,3:low,+,0.933
33,3:low,3:low,,0.831
34,2:medium,3:low,+,0.822
35,2:medium,3:low,+,0.787
36,3:low,3:low,,0.951
37,2:medium,2:medium,,0.762
38,3:low,3:low,,0.902
39,3:low,3:low,,0.931
40,3:low,3:low,,0.915
41,3:low,3:low,,0.872
42,3:low,3:low,,0.924
43,2:medium,3:low,+,0.899
44,3:low,3:low,,0.894
45,3:low,3:low,,0.864
46,2:medium,3:low,+,0.85
47,3:low,3:low,,0.927
48,3:low,3:low,,0.906

