inst#,actual,predicted,error,prediction
1,3:low,3:low,,0.862
2,2:medium,1:high,+,0.691
3,2:medium,2:medium,,0.465
4,2:medium,3:low,+,0.505
5,2:medium,3:low,+,0.911
6,2:medium,3:low,+,0.853
7,2:medium,3:low,+,0.947
8,2:medium,3:low,+,0.691
9,3:low,3:low,,0.708
10,3:low,3:low,,0.674
11,3:low,3:low,,0.818
12,3:low,3:low,,0.491
13,3:low,3:low,,0.482
14,3:low,3:low,,0.445
15,3:low,3:low,,0.681
16,3:low,3:low,,0.673
17,3:low,3:low,,0.709
18,3:low,3:low,,0.718
19,3:low,3:low,,0.49
20,3:low,3:low,,0.642
21,3:low,3:low,,0.444
22,3:low,1:high,+,0.443
23,3:low,3:low,,0.718
24,3:low,3:low,,0.709
25,3:low,3:low,,0.718
26,2:medium,3:low,+,0.455
27,3:low,3:low,,0.481
28,3:low,3:low,,0.472
29,3:low,3:low,,0.446
30,3:low,3:low,,0.465
31,3:low,3:low,,0.463
32,2:medium,3:low,+,0.481
33,3:low,1:high,+,0.443
34,2:medium,1:high,+,0.443
35,2:medium,1:high,+,0.443
36,3:low,3:low,,0.474
37,2:medium,1:high,+,0.918
38,3:low,1:high,+,0.443
39,3:low,3:low,,0.454
40,3:low,3:low,,0.471
41,3:low,1:high,+,0.443
42,3:low,1:high,+,0.856
43,2:medium,1:high,+,0.845
44,3:low,3:low,,0.491
45,3:low,1:high,+,0.845
46,2:medium,1:high,+,0.845
47,3:low,1:high,+,0.845
48,3:low,1:high,+,0.845

