inst#,actual,predicted,error,distribution,,
1,2:medium,1:low,+,*1,0,0
2,2:medium,1:low,+,*0.836,0.164,0
3,2:medium,2:medium,,0,*1,0
4,2:medium,1:low,+,*1,0,0
5,1:low,1:low,,*1,0,0
6,2:medium,1:low,+,*1,0,0
7,2:medium,2:medium,,0,*1,0
8,2:medium,1:low,+,*0.578,0.422,0
9,2:medium,1:low,+,*1,0,0
10,1:low,2:medium,+,0,*1,0
11,2:medium,2:medium,,0,*1,0
12,2:medium,1:low,+,*1,0,0
13,2:medium,1:low,+,*1,0,0
14,2:medium,1:low,+,*1,0,0
15,2:medium,1:low,+,*1,0,0
16,2:medium,1:low,+,*1,0,0
17,2:medium,1:low,+,*1,0,0
18,2:medium,1:low,+,*1,0,0
19,2:medium,1:low,+,*1,0,0
20,2:medium,1:low,+,*1,0,0
21,2:medium,1:low,+,*1,0,0
22,2:medium,1:low,+,*1,0,0
23,2:medium,1:low,+,*1,0,0
24,2:medium,1:low,+,*1,0,0
25,2:medium,1:low,+,*1,0,0
26,2:medium,1:low,+,*1,0,0
27,2:medium,1:low,+,*1,0,0
28,2:medium,1:low,+,*1,0,0
29,2:medium,1:low,+,*1,0,0
30,2:medium,1:low,+,*1,0,0
31,2:medium,2:medium,,0,*1,0
32,2:medium,2:medium,,0,*1,0
33,2:medium,2:medium,,0,*1,0
34,2:medium,2:medium,,0,*1,0
35,2:medium,2:medium,,0,*1,0
36,2:medium,2:medium,,0,*1,0
37,2:medium,2:medium,,0,*1,0
38,2:medium,2:medium,,0,*1,0
39,2:medium,2:medium,,0,*1,0
40,2:medium,2:medium,,0,*1,0
41,2:medium,2:medium,,0,*1,0
42,2:medium,2:medium,,0,*1,0
43,2:medium,2:medium,,0,*1,0
44,2:medium,2:medium,,0,*1,0
45,2:medium,1:low,+,*1,0,0
46,2:medium,1:low,+,*1,0,0
47,2:medium,2:medium,,0,*1,0
48,2:medium,2:medium,,0.015,*0.985,0
49,2:medium,1:low,+,*1,0,0
50,2:medium,2:medium,,0,*1,0
51,2:medium,2:medium,,0.002,*0.998,0
52,2:medium,1:low,+,*1,0,0
53,2:medium,1:low,+,*1,0,0
54,2:medium,1:low,+,*1,0,0
55,2:medium,1:low,+,*1,0,0
56,2:medium,2:medium,,0,*1,0
57,2:medium,1:low,+,*1,0,0
58,2:medium,2:medium,,0,*1,0
59,2:medium,2:medium,,0,*1,0
60,2:medium,2:medium,,0,*1,0
61,1:low,1:low,,*1,0,0
62,2:medium,1:low,+,*1,0,0
63,2:medium,1:low,+,*1,0,0
64,2:medium,1:low,+,*1,0,0
65,1:low,2:medium,+,0,*1,0
66,1:low,2:medium,+,0.005,*0.995,0
67,1:low,1:low,,*1,0,0
68,1:low,1:low,,*1,0,0
69,1:low,1:low,,*1,0,0
70,1:low,2:medium,+,0.003,*0.997,0
71,1:low,1:low,,*1,0,0
72,1:low,1:low,,*1,0,0
73,1:low,1:low,,*1,0,0
74,1:low,1:low,,*1,0,0
75,1:low,1:low,,*1,0,0
76,1:low,1:low,,*1,0,0
77,1:low,1:low,,*1,0,0
78,1:low,2:medium,+,0,*1,0
79,1:low,1:low,,*1,0,0
80,1:low,2:medium,+,0,*1,0
81,1:low,2:medium,+,0,*1,0
82,1:low,2:medium,+,0,*1,0
83,1:low,2:medium,+,0,*1,0
84,1:low,2:medium,+,0,*1,0
85,1:low,2:medium,+,0,*1,0
86,1:low,2:medium,+,0.003,*0.997,0
87,1:low,2:medium,+,0,*1,0
88,1:low,2:medium,+,0,*1,0
89,1:low,1:low,,*1,0,0
90,1:low,1:low,,*1,0,0
91,1:low,1:low,,*1,0,0
92,1:low,2:medium,+,0.002,*0.998,0
93,1:low,1:low,,*1,0,0
94,1:low,1:low,,*1,0,0
95,1:low,1:low,,*1,0,0
96,1:low,1:low,,*1,0,0
97,1:low,1:low,,*1,0,0
98,1:low,1:low,,*1,0,0
99,1:low,1:low,,*1,0,0
100,1:low,1:low,,*1,0,0
101,1:low,1:low,,*1,0,0
102,1:low,1:low,,*1,0,0
103,1:low,1:low,,*1,0,0
104,1:low,1:low,,*1,0,0
105,1:low,1:low,,*1,0,0
106,1:low,1:low,,*1,0,0
107,1:low,1:low,,*1,0,0
108,1:low,1:low,,*1,0,0
109,1:low,1:low,,*1,0,0
110,1:low,1:low,,*1,0,0
111,1:low,1:low,,*1,0,0
112,1:low,1:low,,*1,0,0
113,1:low,1:low,,*1,0,0
114,1:low,1:low,,*1,0,0
115,1:low,1:low,,*1,0,0
116,1:low,1:low,,*1,0,0
117,1:low,1:low,,*1,0,0
118,1:low,2:medium,+,0,*1,0
119,1:low,2:medium,+,0,*1,0
120,1:low,2:medium,+,0,*1,0
121,1:low,2:medium,+,0,*1,0
122,1:low,1:low,,*1,0,0
123,1:low,1:low,,*1,0,0
124,1:low,1:low,,*1,0,0
125,1:low,1:low,,*1,0,0
126,1:low,2:medium,+,0,*1,0
127,1:low,2:medium,+,0,*1,0
128,1:low,3:high,+,0,0,*1
129,1:low,1:low,,*1,0,0
130,1:low,1:low,,*1,0,0
131,1:low,1:low,,*1,0,0
132,1:low,1:low,,*1,0,0
133,1:low,1:low,,*1,0,0
134,1:low,1:low,,*1,0,0
135,1:low,1:low,,*1,0,0
136,1:low,1:low,,*1,0,0
137,1:low,1:low,,*1,0,0
138,1:low,1:low,,*1,0,0
139,1:low,1:low,,*1,0,0
140,1:low,1:low,,*1,0,0
141,1:low,1:low,,*1,0,0
142,1:low,1:low,,*1,0,0
143,1:low,1:low,,*1,0,0
144,1:low,1:low,,*1,0,0
145,1:low,1:low,,*1,0,0
146,1:low,1:low,,*1,0,0
147,1:low,1:low,,*1,0,0
148,1:low,1:low,,*1,0,0
149,1:low,1:low,,*1,0,0
150,1:low,1:low,,*1,0,0
151,1:low,1:low,,*1,0,0
152,1:low,1:low,,*1,0,0
153,1:low,1:low,,*1,0,0
154,1:low,1:low,,*1,0,0
155,1:low,1:low,,*1,0,0
156,1:low,1:low,,*1,0,0
157,1:low,1:low,,*1,0,0
158,1:low,1:low,,*1,0,0
159,1:low,1:low,,*1,0,0
160,1:low,1:low,,*1,0,0
161,1:low,1:low,,*1,0,0
162,1:low,2:medium,+,0,*1,0
163,1:low,1:low,,*1,0,0
164,1:low,1:low,,*1,0,0
165,1:low,1:low,,*1,0,0
166,1:low,1:low,,*1,0,0
167,1:low,1:low,,*1,0,0
168,1:low,1:low,,*1,0,0
169,1:low,1:low,,*1,0,0
170,1:low,1:low,,*1,0,0
171,1:low,1:low,,*1,0,0
172,1:low,2:medium,+,0,*1,0
173,1:low,1:low,,*1,0,0
174,1:low,1:low,,*1,0,0
175,1:low,1:low,,*1,0,0
176,1:low,1:low,,*1,0,0
