inst#,actual,predicted,error,prediction
1,2:medium,2:medium,,0.861
2,2:medium,2:medium,,0.719
3,2:medium,2:medium,,0.621
4,2:medium,3:low,+,0.503
5,2:medium,2:medium,,0.598
6,2:medium,3:low,+,0.614
7,2:medium,3:low,+,0.597
8,2:medium,3:low,+,0.591
9,2:medium,2:medium,,0.676
10,2:medium,2:medium,,0.544
11,3:low,3:low,,0.49
12,3:low,2:medium,+,0.578
13,3:low,3:low,,0.561
14,3:low,2:medium,+,0.753
15,2:medium,2:medium,,0.756
16,3:low,2:medium,+,0.784
17,2:medium,2:medium,,0.829
18,3:low,2:medium,+,0.588
19,3:low,2:medium,+,0.709
20,2:medium,2:medium,,0.713
21,2:medium,2:medium,,0.721
22,2:medium,2:medium,,0.63
23,2:medium,2:medium,,0.646
24,2:medium,2:medium,,0.675
25,2:medium,2:medium,,0.709
26,2:medium,2:medium,,0.762
27,2:medium,2:medium,,0.592
28,2:medium,2:medium,,0.808
29,2:medium,2:medium,,0.526
30,3:low,2:medium,+,0.755
31,2:medium,2:medium,,0.805
32,2:medium,2:medium,,0.712
33,3:low,2:medium,+,0.762
34,3:low,2:medium,+,0.763
35,2:medium,2:medium,,0.675
36,1:high,2:medium,+,0.763
37,1:high,2:medium,+,0.433
38,2:medium,2:medium,,0.505
39,2:medium,3:low,+,0.579
40,2:medium,2:medium,,0.55
41,2:medium,2:medium,,0.553
42,2:medium,2:medium,,0.733
43,2:medium,2:medium,,0.623
44,2:medium,2:medium,,0.582
45,3:low,3:low,,0.519
46,2:medium,2:medium,,0.671
47,2:medium,2:medium,,0.56
48,2:medium,2:medium,,0.506
49,2:medium,2:medium,,0.51
50,3:low,3:low,,0.592
51,3:low,2:medium,+,0.572
52,2:medium,2:medium,,0.511
53,2:medium,2:medium,,0.752
54,2:medium,3:low,+,0.461
55,2:medium,2:medium,,0.579
56,2:medium,2:medium,,0.596
57,2:medium,2:medium,,0.56
58,2:medium,2:medium,,0.552
59,2:medium,2:medium,,0.573
60,2:medium,3:low,+,0.546
61,2:medium,2:medium,,0.811
62,2:medium,2:medium,,0.819
63,2:medium,2:medium,,0.654
64,2:medium,2:medium,,0.766
65,1:high,1:high,,0.502
66,2:medium,2:medium,,0.749
67,2:medium,2:medium,,0.542
68,2:medium,2:medium,,0.548
69,2:medium,2:medium,,0.651
70,3:low,2:medium,+,0.694
71,3:low,2:medium,+,0.563
72,2:medium,2:medium,,0.745
73,1:high,2:medium,+,0.601
74,2:medium,2:medium,,0.648
75,2:medium,2:medium,,0.596
76,2:medium,2:medium,,0.537
77,2:medium,2:medium,,0.66
78,2:medium,2:medium,,0.594
79,2:medium,2:medium,,0.607
80,2:medium,2:medium,,0.629
81,1:high,2:medium,+,0.536
82,2:medium,2:medium,,0.509
83,2:medium,2:medium,,0.501
84,2:medium,3:low,+,0.532
85,2:medium,2:medium,,0.547
86,2:medium,3:low,+,0.565
87,3:low,3:low,,0.619
88,3:low,2:medium,+,0.513
89,3:low,2:medium,+,0.493
90,2:medium,2:medium,,0.484
91,2:medium,2:medium,,0.525
92,2:medium,2:medium,,0.533
93,2:medium,2:medium,,0.554
94,2:medium,2:medium,,0.524
95,2:medium,3:low,+,0.504
96,3:low,3:low,,0.614
97,2:medium,3:low,+,0.499
98,2:medium,2:medium,,0.389
99,2:medium,3:low,+,0.407
100,3:low,3:low,,0.429
101,2:medium,3:low,+,0.516
102,2:medium,2:medium,,0.622
103,2:medium,3:low,+,0.505
104,3:low,2:medium,+,0.503
105,2:medium,2:medium,,0.499
106,2:medium,2:medium,,0.416
107,2:medium,2:medium,,0.634
108,2:medium,3:low,+,0.398
109,2:medium,3:low,+,0.345
110,2:medium,1:high,+,0.375
111,2:medium,1:high,+,0.403
112,2:medium,1:high,+,0.424
113,2:medium,1:high,+,0.424
114,2:medium,1:high,+,0.488
115,3:low,2:medium,+,0.479
116,2:medium,2:medium,,0.593
117,3:low,2:medium,+,0.596
118,3:low,2:medium,+,0.619
119,3:low,2:medium,+,0.642
120,3:low,2:medium,+,0.634
121,3:low,2:medium,+,0.575
122,2:medium,1:high,+,0.515
123,2:medium,1:high,+,0.537
124,3:low,1:high,+,0.512
125,3:low,1:high,+,0.49
126,2:medium,1:high,+,0.492
127,2:medium,2:medium,,0.618
128,2:medium,2:medium,,0.628
129,1:high,1:high,,0.616
130,1:high,1:high,,0.715
131,1:high,1:high,,0.667
132,1:high,1:high,,0.81
133,1:high,1:high,,0.663
134,1:high,1:high,,0.739
135,1:high,1:high,,0.884
136,1:high,1:high,,0.902
137,1:high,1:high,,0.871
138,1:high,1:high,,0.879
139,1:high,1:high,,0.879
140,1:high,1:high,,0.86
141,1:high,1:high,,0.866
142,1:high,1:high,,0.879
143,1:high,1:high,,0.902
144,1:high,1:high,,0.971
145,1:high,1:high,,0.902
146,1:high,1:high,,0.902
147,1:high,1:high,,0.879
148,1:high,1:high,,0.875
149,1:high,1:high,,0.875
150,1:high,1:high,,0.922
151,1:high,1:high,,0.968
152,1:high,1:high,,0.758
153,1:high,1:high,,0.879
154,1:high,1:high,,0.902
155,1:high,1:high,,0.902
156,1:high,1:high,,0.902
157,1:high,1:high,,0.902
158,1:high,1:high,,0.97
159,1:high,1:high,,0.926
160,1:high,1:high,,0.926
161,1:high,1:high,,0.887
162,1:high,1:high,,0.908
163,1:high,1:high,,0.994
164,1:high,1:high,,0.994
165,1:high,1:high,,0.994
166,3:low,2:medium,+,0.569
167,2:medium,2:medium,,0.534
168,3:low,2:medium,+,0.508
169,3:low,2:medium,+,0.455
170,3:low,3:low,,0.525
171,3:low,2:medium,+,0.485
172,2:medium,2:medium,,0.537
173,2:medium,2:medium,,0.515
174,3:low,2:medium,+,0.458
175,3:low,2:medium,+,0.486
176,3:low,3:low,,0.501
177,3:low,3:low,,0.46
178,3:low,2:medium,+,0.497
179,3:low,2:medium,+,0.545
180,3:low,2:medium,+,0.518
181,2:medium,2:medium,,0.511
182,2:medium,2:medium,,0.437
183,2:medium,1:high,+,0.484
184,2:medium,2:medium,,0.423
185,2:medium,3:low,+,0.396
186,2:medium,2:medium,,0.463
187,2:medium,2:medium,,0.459
188,3:low,3:low,,0.603
189,3:low,3:low,,0.488
190,2:medium,1:high,+,0.444
191,1:high,2:medium,+,0.485
192,3:low,2:medium,+,0.534
193,3:low,2:medium,+,0.442
194,2:medium,2:medium,,0.549
195,2:medium,2:medium,,0.47
196,2:medium,1:high,+,0.505
197,2:medium,3:low,+,0.488
198,2:medium,2:medium,,0.471
199,2:medium,2:medium,,0.494
200,2:medium,2:medium,,0.487
201,3:low,2:medium,+,0.448
202,3:low,2:medium,+,0.445
203,3:low,3:low,,0.475
204,3:low,2:medium,+,0.364
205,3:low,2:medium,+,0.432
206,3:low,2:medium,+,0.446
207,3:low,2:medium,+,0.414
208,3:low,2:medium,+,0.367
209,3:low,2:medium,+,0.345
210,3:low,2:medium,+,0.419
211,3:low,2:medium,+,0.361
212,3:low,2:medium,+,0.363
213,3:low,2:medium,+,0.453
214,3:low,2:medium,+,0.353
215,3:low,2:medium,+,0.37
216,3:low,2:medium,+,0.392
217,3:low,2:medium,+,0.408
218,2:medium,2:medium,,0.444
219,3:low,2:medium,+,0.397
220,3:low,2:medium,+,0.439
221,3:low,2:medium,+,0.35
222,3:low,2:medium,+,0.5
223,3:low,2:medium,+,0.37
224,2:medium,2:medium,,0.344
225,3:low,2:medium,+,0.417
226,2:medium,2:medium,,0.375
227,2:medium,2:medium,,0.365
228,3:low,2:medium,+,0.504
229,2:medium,1:high,+,0.481
230,3:low,2:medium,+,0.479
231,3:low,2:medium,+,0.426
232,3:low,2:medium,+,0.435
233,3:low,2:medium,+,0.386
234,3:low,2:medium,+,0.46
235,2:medium,2:medium,,0.435
236,3:low,2:medium,+,0.438
237,3:low,2:medium,+,0.431
238,2:medium,2:medium,,0.405
239,3:low,2:medium,+,0.409
240,3:low,2:medium,+,0.426
241,3:low,2:medium,+,0.449
242,3:low,2:medium,+,0.402
243,2:medium,2:medium,,0.374
244,3:low,2:medium,+,0.375
245,3:low,2:medium,+,0.394
246,2:medium,2:medium,,0.377
247,3:low,2:medium,+,0.402
248,3:low,2:medium,+,0.372
249,2:medium,2:medium,,0.426
250,2:medium,2:medium,,0.394
251,3:low,2:medium,+,0.423
252,3:low,2:medium,+,0.372
253,3:low,2:medium,+,0.387
254,3:low,1:high,+,0.383
255,3:low,2:medium,+,0.379
256,3:low,1:high,+,0.423
257,3:low,2:medium,+,0.399
258,2:medium,2:medium,,0.444
259,2:medium,1:high,+,0.399
260,3:low,2:medium,+,0.402
261,3:low,2:medium,+,0.379
262,2:medium,2:medium,,0.378
263,3:low,2:medium,+,0.392
264,3:low,2:medium,+,0.399
265,3:low,1:high,+,0.382
266,2:medium,2:medium,,0.446
267,3:low,2:medium,+,0.42
268,3:low,2:medium,+,0.399
269,3:low,1:high,+,0.769
270,3:low,2:medium,+,0.424
271,3:low,2:medium,+,0.383
272,2:medium,2:medium,,0.444
273,2:medium,2:medium,,0.445
274,2:medium,2:medium,,0.426
275,1:high,1:high,,0.494
276,3:low,1:high,+,0.382
277,3:low,2:medium,+,0.411
278,3:low,2:medium,+,0.362
279,2:medium,2:medium,,0.415
280,2:medium,1:high,+,0.419
281,3:low,1:high,+,0.414
282,3:low,1:high,+,0.39
283,2:medium,2:medium,,0.459
284,3:low,2:medium,+,0.471
285,3:low,2:medium,+,0.428
286,2:medium,1:high,+,0.367
287,3:low,1:high,+,0.39
288,1:high,2:medium,+,0.537
289,1:high,1:high,,0.533
290,2:medium,1:high,+,0.614
291,3:low,2:medium,+,0.533
292,3:low,1:high,+,0.632
293,2:medium,1:high,+,0.442
294,2:medium,2:medium,,0.467
295,2:medium,2:medium,,0.502
296,2:medium,2:medium,,0.496
297,2:medium,2:medium,,0.546
298,2:medium,2:medium,,0.565
299,3:low,2:medium,+,0.541
300,3:low,2:medium,+,0.541
301,2:medium,1:high,+,0.659
302,1:high,1:high,,0.47
303,3:low,1:high,+,0.523
304,3:low,1:high,+,0.477
305,3:low,1:high,+,0.872
306,3:low,1:high,+,0.547
307,3:low,2:medium,+,0.475
308,2:medium,2:medium,,0.432
309,3:low,2:medium,+,0.521
310,3:low,2:medium,+,0.581
311,3:low,2:medium,+,0.491
312,2:medium,2:medium,,0.45
313,2:medium,2:medium,,0.54
314,3:low,2:medium,+,0.47
315,2:medium,2:medium,,0.49
316,3:low,2:medium,+,0.547
317,3:low,2:medium,+,0.504
318,2:medium,2:medium,,0.611
319,3:low,2:medium,+,0.494
320,3:low,2:medium,+,0.494
321,2:medium,2:medium,,0.546
322,3:low,2:medium,+,0.482
323,3:low,2:medium,+,0.479
324,3:low,2:medium,+,0.451
325,3:low,2:medium,+,0.479
326,3:low,2:medium,+,0.445
327,2:medium,2:medium,,0.442
328,2:medium,2:medium,,0.439
329,2:medium,1:high,+,0.501
330,2:medium,1:high,+,0.549
331,3:low,1:high,+,0.511
332,2:medium,1:high,+,0.555
333,2:medium,2:medium,,0.476
334,3:low,1:high,+,0.507
335,3:low,1:high,+,0.477
336,3:low,2:medium,+,0.423
337,3:low,1:high,+,0.447
338,3:low,1:high,+,0.415
339,2:medium,1:high,+,0.503
340,3:low,1:high,+,0.501
341,3:low,1:high,+,0.471
342,3:low,1:high,+,0.415
343,3:low,1:high,+,0.446
344,3:low,1:high,+,0.644
345,3:low,1:high,+,0.382
346,3:low,1:high,+,0.382
347,3:low,2:medium,+,0.378
348,2:medium,2:medium,,0.41
349,3:low,2:medium,+,0.398
350,3:low,1:high,+,0.376
351,3:low,1:high,+,0.381
352,2:medium,2:medium,,0.491
353,3:low,1:high,+,0.419
354,2:medium,1:high,+,0.455
355,3:low,1:high,+,0.371
356,3:low,1:high,+,0.421
357,1:high,2:medium,+,0.452
358,3:low,2:medium,+,0.459
359,3:low,2:medium,+,0.458
360,3:low,1:high,+,0.419
361,3:low,1:high,+,0.382
362,3:low,2:medium,+,0.499
363,3:low,2:medium,+,0.405
364,3:low,2:medium,+,0.427
365,3:low,2:medium,+,0.461
366,3:low,1:high,+,0.394
367,3:low,2:medium,+,0.435
368,3:low,1:high,+,0.382
369,3:low,2:medium,+,0.47
370,3:low,2:medium,+,0.494
371,3:low,2:medium,+,0.446
372,3:low,2:medium,+,0.402
373,3:low,1:high,+,0.492
374,3:low,1:high,+,0.416
375,3:low,1:high,+,0.397
376,3:low,1:high,+,0.393
377,3:low,2:medium,+,0.406
378,3:low,2:medium,+,0.424
379,3:low,1:high,+,0.416
380,3:low,2:medium,+,0.427
381,3:low,1:high,+,0.426
382,3:low,1:high,+,0.399
383,3:low,1:high,+,0.484
384,3:low,2:medium,+,0.442
385,3:low,2:medium,+,0.38
386,3:low,1:high,+,0.468
387,2:medium,1:high,+,0.468
388,3:low,2:medium,+,0.445
389,3:low,1:high,+,0.444
390,3:low,1:high,+,0.468
391,3:low,1:high,+,0.464
392,3:low,1:high,+,0.374
393,3:low,1:high,+,0.375
394,3:low,1:high,+,0.523
395,3:low,2:medium,+,0.419
396,2:medium,1:high,+,0.514
397,2:medium,1:high,+,0.556
398,2:medium,2:medium,,0.46
399,2:medium,2:medium,,0.429
400,3:low,2:medium,+,0.432
401,3:low,2:medium,+,0.518
402,3:low,1:high,+,0.41
403,1:high,1:high,,0.783
404,1:high,1:high,,0.73
405,1:high,1:high,,0.852
406,1:high,1:high,,0.785
407,1:high,1:high,,0.762
408,1:high,1:high,,0.763
409,1:high,1:high,,0.717
410,1:high,1:high,,0.67
411,1:high,1:high,,0.758
412,1:high,1:high,,0.875
413,1:high,1:high,,0.846
414,1:high,1:high,,0.849
415,1:high,1:high,,0.818
416,1:high,1:high,,0.758
417,1:high,1:high,,0.829
418,1:high,1:high,,0.797
419,1:high,1:high,,0.869
420,1:high,1:high,,0.828
421,1:high,1:high,,0.843
422,1:high,1:high,,0.826
423,1:high,1:high,,0.872
424,1:high,1:high,,0.825
425,1:high,1:high,,0.82
426,1:high,1:high,,0.85
427,1:high,1:high,,0.781
428,1:high,1:high,,0.756
429,2:medium,1:high,+,0.561
430,3:low,1:high,+,0.593
431,2:medium,1:high,+,0.598
432,1:high,2:medium,+,0.575
433,3:low,1:high,+,0.605
434,3:low,1:high,+,0.556
435,2:medium,1:high,+,0.609
436,1:high,1:high,,0.625
437,3:low,1:high,+,0.528
438,3:low,1:high,+,0.639
439,2:medium,1:high,+,0.513
440,2:medium,1:high,+,0.54
441,3:low,1:high,+,0.685
442,1:high,1:high,,0.483
443,2:medium,2:medium,,0.536
444,3:low,2:medium,+,0.565
445,3:low,2:medium,+,0.507
446,2:medium,2:medium,,0.482
447,2:medium,1:high,+,0.599
448,3:low,1:high,+,0.514
449,2:medium,1:high,+,0.582
450,3:low,1:high,+,0.404
451,2:medium,1:high,+,0.7
452,2:medium,2:medium,,0.419
453,2:medium,1:high,+,0.624
454,3:low,1:high,+,0.574
455,2:medium,1:high,+,0.592
456,3:low,2:medium,+,0.438
457,2:medium,2:medium,,0.454
458,3:low,2:medium,+,0.538
459,3:low,2:medium,+,0.506
460,2:medium,2:medium,,0.465
461,2:medium,2:medium,,0.447
462,2:medium,2:medium,,0.512
463,2:medium,1:high,+,0.52
464,2:medium,2:medium,,0.546
465,3:low,2:medium,+,0.427
466,2:medium,2:medium,,0.597
467,3:low,2:medium,+,0.466
468,2:medium,2:medium,,0.519
469,3:low,2:medium,+,0.471
470,3:low,2:medium,+,0.509
471,1:high,2:medium,+,0.388
472,3:low,2:medium,+,0.508
473,3:low,2:medium,+,0.488
474,2:medium,2:medium,,0.483
475,1:high,2:medium,+,0.585
476,2:medium,2:medium,,0.53
477,3:low,2:medium,+,0.551
478,3:low,2:medium,+,0.529
479,3:low,2:medium,+,0.507
480,3:low,2:medium,+,0.562

