inst#,actual,predicted,error,prediction
1,2:medium,2:medium,,0.849
2,2:medium,2:medium,,0.808
3,2:medium,2:medium,,0.737
4,2:medium,2:medium,,0.773
5,2:medium,2:medium,,0.804
6,2:medium,2:medium,,0.76
7,2:medium,2:medium,,0.72
8,2:medium,2:medium,,0.747
9,2:medium,2:medium,,0.662
10,2:medium,2:medium,,0.742
11,3:low,2:medium,+,0.691
12,3:low,2:medium,+,0.669
13,3:low,2:medium,+,0.694
14,3:low,2:medium,+,0.816
15,2:medium,2:medium,,0.646
16,3:low,2:medium,+,0.61
17,2:medium,2:medium,,0.551
18,3:low,2:medium,+,0.618
19,3:low,2:medium,+,0.593
20,2:medium,2:medium,,0.657
21,2:medium,2:medium,,0.521
22,2:medium,2:medium,,0.532
23,2:medium,2:medium,,0.497
24,2:medium,2:medium,,0.488
25,2:medium,2:medium,,0.535
26,2:medium,3:low,+,0.478
27,2:medium,3:low,+,0.488
28,2:medium,2:medium,,0.849
29,2:medium,2:medium,,0.777
30,3:low,2:medium,+,0.516
31,2:medium,2:medium,,0.707
32,2:medium,2:medium,,0.773
33,3:low,2:medium,+,0.755
34,3:low,2:medium,+,0.65
35,2:medium,2:medium,,0.702
36,1:high,2:medium,+,0.553
37,1:high,1:high,,0.483
38,2:medium,2:medium,,0.522
39,2:medium,2:medium,,0.621
40,2:medium,2:medium,,0.608
41,2:medium,2:medium,,0.771
42,2:medium,2:medium,,0.733
43,2:medium,2:medium,,0.647
44,2:medium,2:medium,,0.68
45,3:low,2:medium,+,0.617
46,2:medium,2:medium,,0.573
47,2:medium,3:low,+,0.601
48,2:medium,3:low,+,0.613
49,2:medium,3:low,+,0.549
50,3:low,3:low,,0.575
51,3:low,3:low,,0.519
52,2:medium,3:low,+,0.677
53,2:medium,2:medium,,0.529
54,2:medium,2:medium,,0.574
55,2:medium,3:low,+,0.655
56,2:medium,2:medium,,0.529
57,2:medium,2:medium,,0.515
58,2:medium,2:medium,,0.504
59,2:medium,2:medium,,0.645
60,2:medium,3:low,+,0.67
61,2:medium,2:medium,,0.759
62,2:medium,2:medium,,0.748
63,2:medium,2:medium,,0.747
64,2:medium,3:low,+,0.536
65,1:high,3:low,+,0.596
66,2:medium,2:medium,,0.593
67,2:medium,2:medium,,0.663
68,2:medium,2:medium,,0.674
69,2:medium,2:medium,,0.656
70,3:low,2:medium,+,0.675
71,3:low,2:medium,+,0.547
72,2:medium,2:medium,,0.671
73,1:high,2:medium,+,0.62
74,2:medium,2:medium,,0.49
75,2:medium,3:low,+,0.55
76,2:medium,2:medium,,0.509
77,2:medium,2:medium,,0.62
78,2:medium,2:medium,,0.62
79,2:medium,3:low,+,0.585
80,2:medium,3:low,+,0.71
81,1:high,3:low,+,0.508
82,2:medium,3:low,+,0.496
83,2:medium,3:low,+,0.466
84,2:medium,2:medium,,0.486
85,2:medium,1:high,+,0.782
86,2:medium,3:low,+,0.672
87,3:low,3:low,,0.694
88,3:low,2:medium,+,0.614
89,3:low,2:medium,+,0.599
90,2:medium,2:medium,,0.598
91,2:medium,2:medium,,0.679
92,2:medium,2:medium,,0.635
93,2:medium,2:medium,,0.668
94,2:medium,2:medium,,0.653
95,2:medium,2:medium,,0.665
96,3:low,2:medium,+,0.669
97,2:medium,2:medium,,0.673
98,2:medium,2:medium,,0.731
99,2:medium,2:medium,,0.661
100,3:low,2:medium,+,0.593
101,2:medium,2:medium,,0.63
102,2:medium,2:medium,,0.672
103,2:medium,2:medium,,0.635
104,3:low,2:medium,+,0.603
105,2:medium,2:medium,,0.519
106,2:medium,3:low,+,0.516
107,2:medium,2:medium,,0.531
108,2:medium,3:low,+,0.519
109,2:medium,3:low,+,0.498
110,2:medium,2:medium,,0.553
111,2:medium,2:medium,,0.535
112,2:medium,2:medium,,0.575
113,2:medium,2:medium,,0.587
114,2:medium,2:medium,,0.666
115,3:low,2:medium,+,0.6
116,2:medium,2:medium,,0.59
117,3:low,2:medium,+,0.672
118,3:low,2:medium,+,0.632
119,3:low,2:medium,+,0.675
120,3:low,2:medium,+,0.72
121,3:low,2:medium,+,0.717
122,2:medium,2:medium,,0.607
123,2:medium,2:medium,,0.56
124,3:low,2:medium,+,0.561
125,3:low,2:medium,+,0.583
126,2:medium,2:medium,,0.573
127,2:medium,2:medium,,0.568
128,2:medium,2:medium,,0.585
129,1:high,1:high,,0.628
130,1:high,1:high,,0.515
131,1:high,1:high,,0.559
132,1:high,1:high,,0.791
133,1:high,1:high,,0.793
134,1:high,1:high,,0.568
135,1:high,1:high,,0.694
136,1:high,1:high,,0.742
137,1:high,1:high,,0.68
138,1:high,1:high,,0.635
139,1:high,1:high,,0.639
140,1:high,1:high,,0.596
141,1:high,1:high,,0.578
142,1:high,1:high,,0.547
143,1:high,1:high,,0.578
144,1:high,1:high,,0.787
145,1:high,1:high,,0.55
146,1:high,1:high,,0.502
147,1:high,1:high,,0.526
148,1:high,1:high,,0.526
149,1:high,1:high,,0.492
150,1:high,1:high,,0.444
151,1:high,2:medium,+,0.57
152,1:high,2:medium,+,0.598
153,1:high,1:high,,0.52
154,1:high,1:high,,0.669
155,1:high,1:high,,0.682
156,1:high,1:high,,0.654
157,1:high,1:high,,0.667
158,1:high,1:high,,0.698
159,1:high,1:high,,0.72
160,1:high,1:high,,0.734
161,1:high,1:high,,0.887
162,1:high,2:medium,+,0.534
163,1:high,1:high,,0.766
164,1:high,1:high,,0.879
165,1:high,1:high,,0.761
166,3:low,2:medium,+,0.532
167,2:medium,2:medium,,0.54
168,3:low,2:medium,+,0.546
169,3:low,2:medium,+,0.606
170,3:low,2:medium,+,0.514
171,3:low,2:medium,+,0.529
172,2:medium,2:medium,,0.71
173,2:medium,2:medium,,0.703
174,3:low,2:medium,+,0.587
175,3:low,2:medium,+,0.525
176,3:low,2:medium,+,0.516
177,3:low,2:medium,+,0.564
178,3:low,2:medium,+,0.536
179,3:low,2:medium,+,0.555
180,3:low,2:medium,+,0.507
181,2:medium,2:medium,,0.54
182,2:medium,2:medium,,0.724
183,2:medium,2:medium,,0.74
184,2:medium,2:medium,,0.632
185,2:medium,2:medium,,0.508
186,2:medium,2:medium,,0.556
187,2:medium,2:medium,,0.53
188,3:low,2:medium,+,0.51
189,3:low,2:medium,+,0.529
190,2:medium,3:low,+,0.877
191,1:high,2:medium,+,0.628
192,3:low,2:medium,+,0.578
193,3:low,2:medium,+,0.539
194,2:medium,2:medium,,0.734
195,2:medium,2:medium,,0.723
196,2:medium,3:low,+,0.685
197,2:medium,2:medium,,0.529
198,2:medium,2:medium,,0.565
199,2:medium,2:medium,,0.558
200,2:medium,2:medium,,0.549
201,3:low,2:medium,+,0.533
202,3:low,2:medium,+,0.568
203,3:low,2:medium,+,0.523
204,3:low,2:medium,+,0.525
205,3:low,2:medium,+,0.568
206,3:low,2:medium,+,0.549
207,3:low,2:medium,+,0.552
208,3:low,2:medium,+,0.492
209,3:low,2:medium,+,0.524
210,3:low,2:medium,+,0.557
211,3:low,2:medium,+,0.513
212,3:low,2:medium,+,0.527
213,3:low,2:medium,+,0.561
214,3:low,2:medium,+,0.517
215,3:low,2:medium,+,0.511
216,3:low,2:medium,+,0.515
217,3:low,2:medium,+,0.545
218,2:medium,2:medium,,0.53
219,3:low,2:medium,+,0.527
220,3:low,2:medium,+,0.538
221,3:low,2:medium,+,0.544
222,3:low,2:medium,+,0.558
223,3:low,2:medium,+,0.542
224,2:medium,2:medium,,0.567
225,3:low,2:medium,+,0.54
226,2:medium,2:medium,,0.552
227,2:medium,2:medium,,0.517
228,3:low,2:medium,+,0.535
229,2:medium,2:medium,,0.576
230,3:low,2:medium,+,0.527
231,3:low,2:medium,+,0.545
232,3:low,2:medium,+,0.531
233,3:low,2:medium,+,0.572
234,3:low,2:medium,+,0.543
235,2:medium,2:medium,,0.52
236,3:low,2:medium,+,0.532
237,3:low,2:medium,+,0.567
238,2:medium,2:medium,,0.531
239,3:low,2:medium,+,0.562
240,3:low,2:medium,+,0.535
241,3:low,2:medium,+,0.538
242,3:low,2:medium,+,0.571
243,2:medium,2:medium,,0.576
244,3:low,2:medium,+,0.583
245,3:low,2:medium,+,0.615
246,2:medium,2:medium,,0.63
247,3:low,2:medium,+,0.624
248,3:low,2:medium,+,0.633
249,2:medium,2:medium,,0.62
250,2:medium,2:medium,,0.628
251,3:low,2:medium,+,0.642
252,3:low,2:medium,+,0.617
253,3:low,2:medium,+,0.601
254,3:low,2:medium,+,0.644
255,3:low,2:medium,+,0.593
256,3:low,2:medium,+,0.624
257,3:low,2:medium,+,0.605
258,2:medium,2:medium,,0.592
259,2:medium,2:medium,,0.618
260,3:low,2:medium,+,0.613
261,3:low,2:medium,+,0.621
262,2:medium,2:medium,,0.627
263,3:low,2:medium,+,0.63
264,3:low,2:medium,+,0.586
265,3:low,2:medium,+,0.644
266,2:medium,2:medium,,0.555
267,3:low,2:medium,+,0.62
268,3:low,2:medium,+,0.6
269,3:low,2:medium,+,0.538
270,3:low,2:medium,+,0.593
271,3:low,2:medium,+,0.605
272,2:medium,2:medium,,0.54
273,2:medium,2:medium,,0.566
274,2:medium,2:medium,,0.627
275,1:high,2:medium,+,0.838
276,3:low,2:medium,+,0.656
277,3:low,2:medium,+,0.558
278,3:low,2:medium,+,0.672
279,2:medium,2:medium,,0.622
280,2:medium,2:medium,,0.656
281,3:low,2:medium,+,0.638
282,3:low,2:medium,+,0.624
283,2:medium,2:medium,,0.614
284,3:low,2:medium,+,0.61
285,3:low,2:medium,+,0.644
286,2:medium,2:medium,,0.613
287,3:low,2:medium,+,0.637
288,1:high,1:high,,0.681
289,1:high,1:high,,0.697
290,2:medium,2:medium,,0.474
291,3:low,2:medium,+,0.527
292,3:low,2:medium,+,0.38
293,2:medium,2:medium,,0.439
294,2:medium,3:low,+,0.528
295,2:medium,1:high,+,0.664
296,2:medium,1:high,+,0.596
297,2:medium,1:high,+,0.449
298,2:medium,2:medium,,0.527
299,3:low,2:medium,+,0.508
300,3:low,2:medium,+,0.488
301,2:medium,1:high,+,0.623
302,1:high,2:medium,+,0.393
303,3:low,2:medium,+,0.538
304,3:low,2:medium,+,0.558
305,3:low,1:high,+,0.618
306,3:low,2:medium,+,0.487
307,3:low,2:medium,+,0.669
308,2:medium,2:medium,,0.54
309,3:low,2:medium,+,0.653
310,3:low,2:medium,+,0.573
311,3:low,2:medium,+,0.597
312,2:medium,2:medium,,0.543
313,2:medium,2:medium,,0.556
314,3:low,2:medium,+,0.595
315,2:medium,2:medium,,0.586
316,3:low,2:medium,+,0.538
317,3:low,2:medium,+,0.584
318,2:medium,2:medium,,0.509
319,3:low,2:medium,+,0.563
320,3:low,2:medium,+,0.53
321,2:medium,2:medium,,0.508
322,3:low,2:medium,+,0.525
323,3:low,2:medium,+,0.523
324,3:low,2:medium,+,0.521
325,3:low,2:medium,+,0.556
326,3:low,2:medium,+,0.543
327,2:medium,2:medium,,0.588
328,2:medium,2:medium,,0.6
329,2:medium,2:medium,,0.672
330,2:medium,2:medium,,0.62
331,3:low,2:medium,+,0.727
332,2:medium,2:medium,,0.656
333,2:medium,2:medium,,0.662
334,3:low,2:medium,+,0.722
335,3:low,2:medium,+,0.688
336,3:low,2:medium,+,0.585
337,3:low,2:medium,+,0.592
338,3:low,2:medium,+,0.583
339,2:medium,2:medium,,0.688
340,3:low,2:medium,+,0.666
341,3:low,2:medium,+,0.666
342,3:low,2:medium,+,0.588
343,3:low,2:medium,+,0.576
344,3:low,2:medium,+,0.382
345,3:low,2:medium,+,0.563
346,3:low,2:medium,+,0.612
347,3:low,2:medium,+,0.638
348,2:medium,2:medium,,0.542
349,3:low,2:medium,+,0.585
350,3:low,2:medium,+,0.652
351,3:low,2:medium,+,0.617
352,2:medium,2:medium,,0.567
353,3:low,2:medium,+,0.621
354,2:medium,2:medium,,0.608
355,3:low,2:medium,+,0.55
356,3:low,2:medium,+,0.589
357,1:high,2:medium,+,0.535
358,3:low,2:medium,+,0.572
359,3:low,2:medium,+,0.496
360,3:low,2:medium,+,0.527
361,3:low,2:medium,+,0.546
362,3:low,2:medium,+,0.591
363,3:low,2:medium,+,0.548
364,3:low,2:medium,+,0.549
365,3:low,2:medium,+,0.621
366,3:low,2:medium,+,0.573
367,3:low,2:medium,+,0.555
368,3:low,2:medium,+,0.617
369,3:low,2:medium,+,0.429
370,3:low,2:medium,+,0.432
371,3:low,2:medium,+,0.424
372,3:low,2:medium,+,0.461
373,3:low,2:medium,+,0.55
374,3:low,2:medium,+,0.533
375,3:low,2:medium,+,0.503
376,3:low,2:medium,+,0.499
377,3:low,2:medium,+,0.526
378,3:low,2:medium,+,0.536
379,3:low,2:medium,+,0.544
380,3:low,2:medium,+,0.542
381,3:low,2:medium,+,0.538
382,3:low,2:medium,+,0.54
383,3:low,2:medium,+,0.491
384,3:low,2:medium,+,0.53
385,3:low,2:medium,+,0.536
386,3:low,2:medium,+,0.552
387,2:medium,2:medium,,0.457
388,3:low,2:medium,+,0.617
389,3:low,2:medium,+,0.547
390,3:low,2:medium,+,0.568
391,3:low,2:medium,+,0.566
392,3:low,2:medium,+,0.571
393,3:low,2:medium,+,0.606
394,3:low,2:medium,+,0.847
395,3:low,2:medium,+,0.508
396,2:medium,2:medium,,0.549
397,2:medium,2:medium,,0.555
398,2:medium,2:medium,,0.549
399,2:medium,2:medium,,0.538
400,3:low,2:medium,+,0.579
401,3:low,2:medium,+,0.572
402,3:low,2:medium,+,0.571
403,1:high,1:high,,0.927
404,1:high,1:high,,0.771
405,1:high,1:high,,0.768
406,1:high,1:high,,0.765
407,1:high,1:high,,0.591
408,1:high,1:high,,0.632
409,1:high,1:high,,0.63
410,1:high,1:high,,0.595
411,1:high,1:high,,0.585
412,1:high,1:high,,0.604
413,1:high,1:high,,0.684
414,1:high,1:high,,0.565
415,1:high,1:high,,0.703
416,1:high,1:high,,0.664
417,1:high,1:high,,0.646
418,1:high,1:high,,0.723
419,1:high,1:high,,0.755
420,1:high,1:high,,0.662
421,1:high,1:high,,0.771
422,1:high,1:high,,0.754
423,1:high,1:high,,0.703
424,1:high,1:high,,0.793
425,1:high,1:high,,0.761
426,1:high,1:high,,0.72
427,1:high,1:high,,0.89
428,1:high,1:high,,0.671
429,2:medium,2:medium,,0.445
430,3:low,2:medium,+,0.479
431,2:medium,2:medium,,0.488
432,1:high,1:high,,0.569
433,3:low,2:medium,+,0.49
434,3:low,2:medium,+,0.454
435,2:medium,2:medium,,0.516
436,1:high,2:medium,+,0.578
437,3:low,2:medium,+,0.516
438,3:low,3:low,,0.468
439,2:medium,2:medium,,0.475
440,2:medium,2:medium,,0.375
441,3:low,2:medium,+,0.513
442,1:high,2:medium,+,0.57
443,2:medium,2:medium,,0.555
444,3:low,2:medium,+,0.561
445,3:low,2:medium,+,0.581
446,2:medium,2:medium,,0.708
447,2:medium,2:medium,,0.72
448,3:low,2:medium,+,0.559
449,2:medium,2:medium,,0.617
450,3:low,2:medium,+,0.587
451,2:medium,2:medium,,0.52
452,2:medium,2:medium,,0.554
453,2:medium,2:medium,,0.684
454,3:low,2:medium,+,0.626
455,2:medium,2:medium,,0.66
456,3:low,2:medium,+,0.563
457,2:medium,2:medium,,0.566
458,3:low,2:medium,+,0.556
459,3:low,2:medium,+,0.487
460,2:medium,2:medium,,0.507
461,2:medium,2:medium,,0.538
462,2:medium,2:medium,,0.56
463,2:medium,2:medium,,0.549
464,2:medium,2:medium,,0.535
465,3:low,2:medium,+,0.584
466,2:medium,2:medium,,0.631
467,3:low,2:medium,+,0.633
468,2:medium,2:medium,,0.67
469,3:low,2:medium,+,0.625
470,3:low,2:medium,+,0.653
471,1:high,2:medium,+,0.679
472,3:low,2:medium,+,0.597
473,3:low,2:medium,+,0.66
474,2:medium,2:medium,,0.618
475,1:high,2:medium,+,0.614
476,2:medium,2:medium,,0.601
477,3:low,2:medium,+,0.663
478,3:low,2:medium,+,0.688
479,3:low,2:medium,+,0.673
480,3:low,2:medium,+,0.636

