inst#,actual,predicted,error,prediction
1,2:medium,2:medium,,0.782
2,2:medium,2:medium,,0.705
3,2:medium,2:medium,,0.795
4,2:medium,2:medium,,0.624
5,2:medium,2:medium,,0.736
6,2:medium,2:medium,,0.664
7,2:medium,2:medium,,0.698
8,2:medium,2:medium,,0.567
9,2:medium,2:medium,,0.804
10,2:medium,2:medium,,0.665
11,3:low,2:medium,+,0.633
12,3:low,2:medium,+,0.554
13,3:low,2:medium,+,0.558
14,3:low,2:medium,+,0.767
15,2:medium,2:medium,,0.833
16,3:low,2:medium,+,0.579
17,2:medium,2:medium,,0.604
18,3:low,2:medium,+,0.531
19,3:low,2:medium,+,0.563
20,2:medium,3:low,+,0.546
21,2:medium,3:low,+,0.52
22,2:medium,2:medium,,0.505
23,2:medium,3:low,+,0.536
24,2:medium,3:low,+,0.502
25,2:medium,3:low,+,0.532
26,2:medium,3:low,+,0.537
27,2:medium,3:low,+,0.589
28,2:medium,2:medium,,0.771
29,2:medium,2:medium,,0.727
30,3:low,2:medium,+,0.608
31,2:medium,2:medium,,0.65
32,2:medium,2:medium,,0.651
33,3:low,2:medium,+,0.725
34,3:low,2:medium,+,0.725
35,2:medium,2:medium,,0.733
36,1:high,2:medium,+,0.567
37,1:high,2:medium,+,0.695
38,2:medium,2:medium,,0.521
39,2:medium,3:low,+,0.51
40,2:medium,2:medium,,0.507
41,2:medium,2:medium,,0.584
42,2:medium,2:medium,,0.639
43,2:medium,2:medium,,0.611
44,2:medium,2:medium,,0.647
45,3:low,3:low,,0.497
46,2:medium,3:low,+,0.529
47,2:medium,3:low,+,0.517
48,2:medium,2:medium,,0.527
49,2:medium,3:low,+,0.499
50,3:low,3:low,,0.541
51,3:low,2:medium,+,0.637
52,2:medium,2:medium,,0.673
53,2:medium,2:medium,,0.62
54,2:medium,2:medium,,0.874
55,2:medium,2:medium,,0.642
56,2:medium,2:medium,,0.72
57,2:medium,2:medium,,0.637
58,2:medium,2:medium,,0.629
59,2:medium,2:medium,,0.685
60,2:medium,2:medium,,0.635
61,2:medium,2:medium,,0.78
62,2:medium,2:medium,,0.641
63,2:medium,2:medium,,0.689
64,2:medium,2:medium,,0.743
65,1:high,3:low,+,0.421
66,2:medium,2:medium,,0.806
67,2:medium,3:low,+,0.521
68,2:medium,2:medium,,0.502
69,2:medium,2:medium,,0.562
70,3:low,2:medium,+,0.798
71,3:low,2:medium,+,0.595
72,2:medium,2:medium,,0.752
73,1:high,2:medium,+,0.604
74,2:medium,2:medium,,0.558
75,2:medium,2:medium,,0.574
76,2:medium,2:medium,,0.555
77,2:medium,2:medium,,0.701
78,2:medium,2:medium,,0.702
79,2:medium,2:medium,,0.574
80,2:medium,2:medium,,0.528
81,1:high,3:low,+,0.558
82,2:medium,3:low,+,0.498
83,2:medium,3:low,+,0.494
84,2:medium,3:low,+,0.543
85,2:medium,1:high,+,0.723
86,2:medium,2:medium,,0.6
87,3:low,2:medium,+,0.597
88,3:low,2:medium,+,0.589
89,3:low,3:low,,0.492
90,2:medium,2:medium,,0.563
91,2:medium,3:low,+,0.507
92,2:medium,2:medium,,0.491
93,2:medium,2:medium,,0.624
94,2:medium,2:medium,,0.611
95,2:medium,2:medium,,0.602
96,3:low,2:medium,+,0.604
97,2:medium,2:medium,,0.578
98,2:medium,2:medium,,0.663
99,2:medium,2:medium,,0.608
100,3:low,2:medium,+,0.581
101,2:medium,2:medium,,0.576
102,2:medium,2:medium,,0.672
103,2:medium,2:medium,,0.546
104,3:low,2:medium,+,0.54
105,2:medium,2:medium,,0.625
106,2:medium,2:medium,,0.529
107,2:medium,2:medium,,0.539
108,2:medium,2:medium,,0.556
109,2:medium,2:medium,,0.541
110,2:medium,2:medium,,0.655
111,2:medium,2:medium,,0.576
112,2:medium,2:medium,,0.561
113,2:medium,2:medium,,0.797
114,2:medium,2:medium,,0.763
115,3:low,2:medium,+,0.739
116,2:medium,2:medium,,0.796
117,3:low,2:medium,+,0.75
118,3:low,2:medium,+,0.792
119,3:low,2:medium,+,0.789
120,3:low,2:medium,+,0.709
121,3:low,2:medium,+,0.691
122,2:medium,2:medium,,0.712
123,2:medium,2:medium,,0.794
124,3:low,2:medium,+,0.702
125,3:low,2:medium,+,0.727
126,2:medium,2:medium,,0.763
127,2:medium,2:medium,,0.839
128,2:medium,2:medium,,0.845
129,1:high,1:high,,0.712
130,1:high,1:high,,0.934
131,1:high,1:high,,0.966
132,1:high,1:high,,0.995
133,1:high,1:high,,1
134,1:high,1:high,,0.989
135,1:high,1:high,,0.991
136,1:high,1:high,,0.999
137,1:high,1:high,,0.998
138,1:high,1:high,,0.997
139,1:high,1:high,,0.998
140,1:high,1:high,,0.999
141,1:high,1:high,,0.967
142,1:high,1:high,,1
143,1:high,1:high,,1
144,1:high,1:high,,1
145,1:high,1:high,,1
146,1:high,1:high,,1
147,1:high,1:high,,1
148,1:high,1:high,,0.999
149,1:high,1:high,,1
150,1:high,1:high,,1
151,1:high,1:high,,0.999
152,1:high,2:medium,+,0.594
153,1:high,1:high,,1
154,1:high,1:high,,1
155,1:high,1:high,,1
156,1:high,1:high,,1
157,1:high,1:high,,1
158,1:high,1:high,,1
159,1:high,1:high,,1
160,1:high,1:high,,1
161,1:high,1:high,,0.617
162,1:high,1:high,,0.981
163,1:high,1:high,,1
164,1:high,1:high,,1
165,1:high,1:high,,1
166,3:low,2:medium,+,0.816
167,2:medium,2:medium,,0.712
168,3:low,2:medium,+,0.71
169,3:low,2:medium,+,0.83
170,3:low,2:medium,+,0.662
171,3:low,2:medium,+,0.721
172,2:medium,2:medium,,0.896
173,2:medium,2:medium,,0.863
174,3:low,2:medium,+,0.732
175,3:low,2:medium,+,0.8
176,3:low,2:medium,+,0.647
177,3:low,2:medium,+,0.756
178,3:low,2:medium,+,0.807
179,3:low,2:medium,+,0.707
180,3:low,2:medium,+,0.631
181,2:medium,2:medium,,0.746
182,2:medium,2:medium,,0.868
183,2:medium,2:medium,,0.891
184,2:medium,2:medium,,0.85
185,2:medium,2:medium,,0.789
186,2:medium,2:medium,,0.845
187,2:medium,2:medium,,0.605
188,3:low,2:medium,+,0.575
189,3:low,2:medium,+,0.62
190,2:medium,3:low,+,0.508
191,1:high,2:medium,+,0.797
192,3:low,2:medium,+,0.815
193,3:low,2:medium,+,0.534
194,2:medium,2:medium,,0.662
195,2:medium,2:medium,,0.796
196,2:medium,3:low,+,0.512
197,2:medium,2:medium,,0.732
198,2:medium,2:medium,,0.663
199,2:medium,2:medium,,0.722
200,2:medium,2:medium,,0.723
201,3:low,2:medium,+,0.602
202,3:low,2:medium,+,0.654
203,3:low,2:medium,+,0.687
204,3:low,2:medium,+,0.789
205,3:low,2:medium,+,0.612
206,3:low,2:medium,+,0.68
207,3:low,2:medium,+,0.671
208,3:low,2:medium,+,0.723
209,3:low,2:medium,+,0.691
210,3:low,2:medium,+,0.722
211,3:low,2:medium,+,0.816
212,3:low,2:medium,+,0.699
213,3:low,2:medium,+,0.718
214,3:low,2:medium,+,0.799
215,3:low,2:medium,+,0.759
216,3:low,2:medium,+,0.789
217,3:low,2:medium,+,0.801
218,2:medium,2:medium,,0.737
219,3:low,2:medium,+,0.724
220,3:low,2:medium,+,0.724
221,3:low,2:medium,+,0.761
222,3:low,2:medium,+,0.796
223,3:low,2:medium,+,0.772
224,2:medium,2:medium,,0.83
225,3:low,2:medium,+,0.74
226,2:medium,2:medium,,0.751
227,2:medium,2:medium,,0.833
228,3:low,2:medium,+,0.724
229,2:medium,2:medium,,0.672
230,3:low,2:medium,+,0.818
231,3:low,2:medium,+,0.713
232,3:low,2:medium,+,0.801
233,3:low,2:medium,+,0.669
234,3:low,2:medium,+,0.718
235,2:medium,2:medium,,0.784
236,3:low,2:medium,+,0.765
237,3:low,2:medium,+,0.703
238,2:medium,2:medium,,0.786
239,3:low,2:medium,+,0.716
240,3:low,2:medium,+,0.755
241,3:low,2:medium,+,0.788
242,3:low,2:medium,+,0.767
243,2:medium,2:medium,,0.713
244,3:low,2:medium,+,0.733
245,3:low,2:medium,+,0.695
246,2:medium,2:medium,,0.737
247,3:low,2:medium,+,0.695
248,3:low,2:medium,+,0.67
249,2:medium,2:medium,,0.785
250,2:medium,2:medium,,0.711
251,3:low,2:medium,+,0.666
252,3:low,2:medium,+,0.712
253,3:low,2:medium,+,0.721
254,3:low,2:medium,+,0.63
255,3:low,2:medium,+,0.73
256,3:low,2:medium,+,0.657
257,3:low,2:medium,+,0.683
258,2:medium,2:medium,,0.74
259,2:medium,2:medium,,0.688
260,3:low,2:medium,+,0.771
261,3:low,2:medium,+,0.669
262,2:medium,2:medium,,0.645
263,3:low,2:medium,+,0.625
264,3:low,2:medium,+,0.696
265,3:low,2:medium,+,0.648
266,2:medium,2:medium,,0.796
267,3:low,2:medium,+,0.643
268,3:low,2:medium,+,0.663
269,3:low,2:medium,+,0.575
270,3:low,2:medium,+,0.625
271,3:low,2:medium,+,0.65
272,2:medium,2:medium,,0.772
273,2:medium,2:medium,,0.84
274,2:medium,2:medium,,0.683
275,1:high,2:medium,+,0.665
276,3:low,2:medium,+,0.571
277,3:low,2:medium,+,0.665
278,3:low,2:medium,+,0.588
279,2:medium,2:medium,,0.543
280,2:medium,2:medium,,0.602
281,3:low,2:medium,+,0.628
282,3:low,2:medium,+,0.59
283,2:medium,2:medium,,0.593
284,3:low,2:medium,+,0.599
285,3:low,2:medium,+,0.502
286,2:medium,2:medium,,0.599
287,3:low,2:medium,+,0.581
288,1:high,2:medium,+,0.57
289,1:high,1:high,,0.532
290,2:medium,1:high,+,0.485
291,3:low,2:medium,+,0.62
292,3:low,2:medium,+,0.564
293,2:medium,2:medium,,0.629
294,2:medium,3:low,+,0.465
295,2:medium,2:medium,,0.574
296,2:medium,2:medium,,0.548
297,2:medium,2:medium,,0.558
298,2:medium,2:medium,,0.508
299,3:low,2:medium,+,0.531
300,3:low,2:medium,+,0.541
301,2:medium,1:high,+,0.811
302,1:high,2:medium,+,0.667
303,3:low,2:medium,+,0.728
304,3:low,2:medium,+,0.544
305,3:low,1:high,+,0.774
306,3:low,2:medium,+,0.829
307,3:low,2:medium,+,0.561
308,2:medium,2:medium,,0.786
309,3:low,2:medium,+,0.455
310,3:low,2:medium,+,0.753
311,3:low,2:medium,+,0.604
312,2:medium,2:medium,,0.671
313,2:medium,2:medium,,0.74
314,3:low,2:medium,+,0.693
315,2:medium,2:medium,,0.695
316,3:low,2:medium,+,0.75
317,3:low,2:medium,+,0.551
318,2:medium,2:medium,,0.748
319,3:low,2:medium,+,0.712
320,3:low,2:medium,+,0.687
321,2:medium,2:medium,,0.781
322,3:low,2:medium,+,0.715
323,3:low,2:medium,+,0.678
324,3:low,2:medium,+,0.755
325,3:low,2:medium,+,0.739
326,3:low,2:medium,+,0.748
327,2:medium,2:medium,,0.755
328,2:medium,2:medium,,0.714
329,2:medium,2:medium,,0.849
330,2:medium,2:medium,,0.876
331,3:low,2:medium,+,0.857
332,2:medium,2:medium,,0.919
333,2:medium,2:medium,,0.785
334,3:low,2:medium,+,0.897
335,3:low,2:medium,+,0.812
336,3:low,2:medium,+,0.744
337,3:low,2:medium,+,0.753
338,3:low,2:medium,+,0.721
339,2:medium,2:medium,,0.761
340,3:low,2:medium,+,0.802
341,3:low,2:medium,+,0.628
342,3:low,2:medium,+,0.724
343,3:low,2:medium,+,0.662
344,3:low,2:medium,+,0.745
345,3:low,2:medium,+,0.588
346,3:low,2:medium,+,0.586
347,3:low,2:medium,+,0.682
348,2:medium,2:medium,,0.634
349,3:low,2:medium,+,0.555
350,3:low,2:medium,+,0.599
351,3:low,2:medium,+,0.6
352,2:medium,2:medium,,0.687
353,3:low,2:medium,+,0.612
354,2:medium,2:medium,,0.612
355,3:low,2:medium,+,0.461
356,3:low,2:medium,+,0.671
357,1:high,1:high,,0.928
358,3:low,2:medium,+,0.648
359,3:low,2:medium,+,0.677
360,3:low,2:medium,+,0.642
361,3:low,2:medium,+,0.633
362,3:low,2:medium,+,0.715
363,3:low,2:medium,+,0.7
364,3:low,2:medium,+,0.641
365,3:low,2:medium,+,0.66
366,3:low,2:medium,+,0.692
367,3:low,2:medium,+,0.742
368,3:low,2:medium,+,0.62
369,3:low,2:medium,+,0.662
370,3:low,2:medium,+,0.675
371,3:low,2:medium,+,0.647
372,3:low,2:medium,+,0.636
373,3:low,2:medium,+,0.661
374,3:low,2:medium,+,0.605
375,3:low,2:medium,+,0.664
376,3:low,2:medium,+,0.655
377,3:low,2:medium,+,0.63
378,3:low,2:medium,+,0.609
379,3:low,2:medium,+,0.572
380,3:low,2:medium,+,0.607
381,3:low,2:medium,+,0.674
382,3:low,2:medium,+,0.649
383,3:low,2:medium,+,0.722
384,3:low,2:medium,+,0.68
385,3:low,2:medium,+,0.688
386,3:low,2:medium,+,0.692
387,2:medium,2:medium,,0.779
388,3:low,2:medium,+,0.649
389,3:low,2:medium,+,0.779
390,3:low,2:medium,+,0.704
391,3:low,2:medium,+,0.732
392,3:low,2:medium,+,0.642
393,3:low,2:medium,+,0.569
394,3:low,2:medium,+,0.826
395,3:low,2:medium,+,0.561
396,2:medium,2:medium,,0.721
397,2:medium,2:medium,,0.543
398,2:medium,2:medium,,0.523
399,2:medium,2:medium,,0.492
400,3:low,2:medium,+,0.514
401,3:low,3:low,,0.455
402,3:low,2:medium,+,0.475
403,1:high,1:high,,0.802
404,1:high,1:high,,0.74
405,1:high,1:high,,0.821
406,1:high,1:high,,0.764
407,1:high,1:high,,0.759
408,1:high,1:high,,0.935
409,1:high,1:high,,0.998
410,1:high,1:high,,0.996
411,1:high,1:high,,0.997
412,1:high,1:high,,0.975
413,1:high,1:high,,0.998
414,1:high,1:high,,0.998
415,1:high,1:high,,0.999
416,1:high,1:high,,0.998
417,1:high,1:high,,0.998
418,1:high,1:high,,0.935
419,1:high,1:high,,0.954
420,1:high,1:high,,0.95
421,1:high,1:high,,0.933
422,1:high,1:high,,0.966
423,1:high,1:high,,0.963
424,1:high,1:high,,0.922
425,1:high,1:high,,0.904
426,1:high,1:high,,0.961
427,1:high,1:high,,0.623
428,1:high,1:high,,0.555
429,2:medium,2:medium,,0.599
430,3:low,2:medium,+,0.786
431,2:medium,2:medium,,0.839
432,1:high,1:high,,0.515
433,3:low,2:medium,+,0.8
434,3:low,2:medium,+,0.753
435,2:medium,2:medium,,0.849
436,1:high,2:medium,+,0.726
437,3:low,2:medium,+,0.772
438,3:low,2:medium,+,0.824
439,2:medium,2:medium,,0.746
440,2:medium,2:medium,,0.723
441,3:low,2:medium,+,0.704
442,1:high,2:medium,+,0.626
443,2:medium,2:medium,,0.749
444,3:low,2:medium,+,0.704
445,3:low,2:medium,+,0.71
446,2:medium,2:medium,,0.726
447,2:medium,2:medium,,0.75
448,3:low,2:medium,+,0.58
449,2:medium,2:medium,,0.841
450,3:low,2:medium,+,0.853
451,2:medium,2:medium,,0.8
452,2:medium,2:medium,,0.797
453,2:medium,2:medium,,0.838
454,3:low,2:medium,+,0.828
455,2:medium,2:medium,,0.827
456,3:low,2:medium,+,0.836
457,2:medium,2:medium,,0.866
458,3:low,2:medium,+,0.847
459,3:low,2:medium,+,0.876
460,2:medium,2:medium,,0.85
461,2:medium,2:medium,,0.851
462,2:medium,2:medium,,0.86
463,2:medium,1:high,+,0.942
464,2:medium,2:medium,,0.728
465,3:low,2:medium,+,0.846
466,2:medium,2:medium,,0.771
467,3:low,2:medium,+,0.775
468,2:medium,2:medium,,0.798
469,3:low,2:medium,+,0.767
470,3:low,2:medium,+,0.813
471,1:high,2:medium,+,0.786
472,3:low,2:medium,+,0.712
473,3:low,2:medium,+,0.78
474,2:medium,2:medium,,0.685
475,1:high,2:medium,+,0.844
476,2:medium,2:medium,,0.821
477,3:low,2:medium,+,0.8
478,3:low,2:medium,+,0.683
479,3:low,2:medium,+,0.698
480,3:low,2:medium,+,0.789

