inst#,actual,predicted,error,prediction
1,2:medium,2:medium,,0.758
2,2:medium,2:medium,,0.7
3,2:medium,2:medium,,0.554
4,2:medium,2:medium,,0.556
5,2:medium,2:medium,,0.662
6,2:medium,3:low,+,0.517
7,2:medium,2:medium,,0.584
8,2:medium,2:medium,,0.593
9,2:medium,2:medium,,0.651
10,2:medium,2:medium,,0.666
11,3:low,3:low,,0.615
12,3:low,2:medium,+,0.652
13,3:low,3:low,,0.61
14,3:low,2:medium,+,0.576
15,2:medium,2:medium,,0.694
16,3:low,2:medium,+,0.594
17,2:medium,2:medium,,0.549
18,3:low,2:medium,+,0.523
19,3:low,2:medium,+,0.652
20,2:medium,2:medium,,0.537
21,2:medium,2:medium,,0.715
22,2:medium,2:medium,,0.66
23,2:medium,2:medium,,0.575
24,2:medium,2:medium,,0.644
25,2:medium,2:medium,,0.58
26,2:medium,2:medium,,0.641
27,2:medium,2:medium,,0.607
28,2:medium,2:medium,,0.671
29,2:medium,2:medium,,0.644
30,3:low,2:medium,+,0.557
31,2:medium,2:medium,,0.607
32,2:medium,3:low,+,0.449
33,3:low,2:medium,+,0.564
34,3:low,2:medium,+,0.555
35,2:medium,2:medium,,0.517
36,1:high,2:medium,+,0.469
37,1:high,3:low,+,0.59
38,2:medium,2:medium,,0.461
39,2:medium,3:low,+,0.579
40,2:medium,2:medium,,0.474
41,2:medium,2:medium,,0.559
42,2:medium,2:medium,,0.491
43,2:medium,3:low,+,0.613
44,2:medium,3:low,+,0.499
45,3:low,3:low,,0.655
46,2:medium,3:low,+,0.535
47,2:medium,3:low,+,0.552
48,2:medium,3:low,+,0.491
49,2:medium,2:medium,,0.501
50,3:low,2:medium,+,0.487
51,3:low,2:medium,+,0.538
52,2:medium,2:medium,,0.482
53,2:medium,2:medium,,0.588
54,2:medium,1:high,+,0.456
55,2:medium,1:high,+,0.381
56,2:medium,2:medium,,0.596
57,2:medium,2:medium,,0.501
58,2:medium,2:medium,,0.386
59,2:medium,2:medium,,0.685
60,2:medium,3:low,+,0.616
61,2:medium,2:medium,,0.428
62,2:medium,2:medium,,0.462
63,2:medium,2:medium,,0.63
64,2:medium,1:high,+,0.642
65,1:high,1:high,,0.654
66,2:medium,2:medium,,0.618
67,2:medium,3:low,+,0.633
68,2:medium,2:medium,,0.534
69,2:medium,3:low,+,0.641
70,3:low,2:medium,+,0.618
71,3:low,3:low,,0.732
72,2:medium,2:medium,,0.522
73,1:high,3:low,+,0.582
74,2:medium,2:medium,,0.579
75,2:medium,2:medium,,0.631
76,2:medium,3:low,+,0.492
77,2:medium,3:low,+,0.494
78,2:medium,3:low,+,0.528
79,2:medium,2:medium,,0.585
80,2:medium,2:medium,,0.481
81,1:high,3:low,+,0.376
82,2:medium,2:medium,,0.427
83,2:medium,2:medium,,0.441
84,2:medium,3:low,+,0.501
85,2:medium,1:high,+,0.441
86,2:medium,2:medium,,0.374
87,3:low,3:low,,0.703
88,3:low,2:medium,+,0.591
89,3:low,2:medium,+,0.58
90,2:medium,2:medium,,0.628
91,2:medium,2:medium,,0.623
92,2:medium,2:medium,,0.642
93,2:medium,2:medium,,0.687
94,2:medium,2:medium,,0.657
95,2:medium,2:medium,,0.748
96,3:low,2:medium,+,0.691
97,2:medium,2:medium,,0.708
98,2:medium,2:medium,,0.701
99,2:medium,2:medium,,0.717
100,3:low,2:medium,+,0.703
101,2:medium,2:medium,,0.674
102,2:medium,2:medium,,0.536
103,2:medium,2:medium,,0.511
104,3:low,2:medium,+,0.545
105,2:medium,2:medium,,0.41
106,2:medium,3:low,+,0.469
107,2:medium,3:low,+,0.439
108,2:medium,3:low,+,0.451
109,2:medium,3:low,+,0.424
110,2:medium,3:low,+,0.407
111,2:medium,2:medium,,0.519
112,2:medium,3:low,+,0.47
113,2:medium,2:medium,,0.432
114,2:medium,2:medium,,0.646
115,3:low,2:medium,+,0.562
116,2:medium,2:medium,,0.666
117,3:low,2:medium,+,0.656
118,3:low,2:medium,+,0.551
119,3:low,2:medium,+,0.59
120,3:low,2:medium,+,0.651
121,3:low,2:medium,+,0.598
122,2:medium,1:high,+,0.521
123,2:medium,1:high,+,0.471
124,3:low,2:medium,+,0.59
125,3:low,2:medium,+,0.598
126,2:medium,2:medium,,0.655
127,2:medium,2:medium,,0.661
128,2:medium,2:medium,,0.512
129,1:high,1:high,,0.559
130,1:high,1:high,,0.476
131,1:high,1:high,,0.594
132,1:high,1:high,,0.722
133,1:high,1:high,,0.877
134,1:high,1:high,,0.744
135,1:high,1:high,,0.907
136,1:high,1:high,,0.801
137,1:high,1:high,,0.73
138,1:high,1:high,,0.735
139,1:high,1:high,,0.749
140,1:high,1:high,,0.652
141,1:high,1:high,,0.816
142,1:high,1:high,,0.795
143,1:high,1:high,,0.856
144,1:high,1:high,,0.685
145,1:high,1:high,,0.794
146,1:high,1:high,,0.539
147,1:high,1:high,,0.678
148,1:high,1:high,,0.799
149,1:high,1:high,,0.721
150,1:high,1:high,,0.817
151,1:high,1:high,,0.947
152,1:high,1:high,,0.671
153,1:high,1:high,,0.758
154,1:high,1:high,,0.823
155,1:high,1:high,,0.71
156,1:high,1:high,,0.768
157,1:high,1:high,,0.739
158,1:high,1:high,,0.906
159,1:high,1:high,,0.823
160,1:high,1:high,,0.85
161,1:high,1:high,,0.759
162,1:high,1:high,,0.664
163,1:high,1:high,,0.68
164,1:high,1:high,,0.944
165,1:high,1:high,,0.687
166,3:low,2:medium,+,0.412
167,2:medium,2:medium,,0.498
168,3:low,1:high,+,0.383
169,3:low,2:medium,+,0.588
170,3:low,2:medium,+,0.487
171,3:low,2:medium,+,0.418
172,2:medium,2:medium,,0.492
173,2:medium,1:high,+,0.459
174,3:low,2:medium,+,0.446
175,3:low,2:medium,+,0.474
176,3:low,3:low,,0.534
177,3:low,1:high,+,0.395
178,3:low,2:medium,+,0.421
179,3:low,2:medium,+,0.474
180,3:low,2:medium,+,0.482
181,2:medium,2:medium,,0.644
182,2:medium,2:medium,,0.481
183,2:medium,1:high,+,0.675
184,2:medium,2:medium,,0.554
185,2:medium,2:medium,,0.531
186,2:medium,2:medium,,0.496
187,2:medium,2:medium,,0.479
188,3:low,3:low,,0.467
189,3:low,3:low,,0.497
190,2:medium,2:medium,,0.482
191,1:high,1:high,,0.716
192,3:low,2:medium,+,0.429
193,3:low,3:low,,0.45
194,2:medium,1:high,+,0.445
195,2:medium,2:medium,,0.447
196,2:medium,2:medium,,0.449
197,2:medium,2:medium,,0.476
198,2:medium,2:medium,,0.556
199,2:medium,2:medium,,0.486
200,2:medium,1:high,+,0.458
201,3:low,2:medium,+,0.473
202,3:low,1:high,+,0.453
203,3:low,2:medium,+,0.469
204,3:low,1:high,+,0.494
205,3:low,1:high,+,0.456
206,3:low,2:medium,+,0.5
207,3:low,2:medium,+,0.433
208,3:low,2:medium,+,0.427
209,3:low,2:medium,+,0.518
210,3:low,2:medium,+,0.507
211,3:low,2:medium,+,0.467
212,3:low,2:medium,+,0.528
213,3:low,1:high,+,0.558
214,3:low,2:medium,+,0.479
215,3:low,2:medium,+,0.502
216,3:low,2:medium,+,0.489
217,3:low,1:high,+,0.555
218,2:medium,2:medium,,0.548
219,3:low,2:medium,+,0.509
220,3:low,2:medium,+,0.425
221,3:low,2:medium,+,0.43
222,3:low,2:medium,+,0.529
223,3:low,2:medium,+,0.45
224,2:medium,1:high,+,0.527
225,3:low,2:medium,+,0.539
226,2:medium,2:medium,,0.495
227,2:medium,2:medium,,0.443
228,3:low,2:medium,+,0.56
229,2:medium,1:high,+,0.703
230,3:low,1:high,+,0.588
231,3:low,2:medium,+,0.521
232,3:low,2:medium,+,0.508
233,3:low,1:high,+,0.461
234,3:low,2:medium,+,0.535
235,2:medium,2:medium,,0.509
236,3:low,2:medium,+,0.427
237,3:low,1:high,+,0.528
238,2:medium,1:high,+,0.553
239,3:low,1:high,+,0.47
240,3:low,2:medium,+,0.539
241,3:low,2:medium,+,0.463
242,3:low,2:medium,+,0.514
243,2:medium,1:high,+,0.543
244,3:low,1:high,+,0.45
245,3:low,1:high,+,0.471
246,2:medium,2:medium,,0.563
247,3:low,2:medium,+,0.55
248,3:low,2:medium,+,0.535
249,2:medium,1:high,+,0.477
250,2:medium,2:medium,,0.576
251,3:low,2:medium,+,0.512
252,3:low,1:high,+,0.409
253,3:low,1:high,+,0.464
254,3:low,1:high,+,0.503
255,3:low,1:high,+,0.44
256,3:low,1:high,+,0.427
257,3:low,1:high,+,0.497
258,2:medium,2:medium,,0.545
259,2:medium,1:high,+,0.469
260,3:low,1:high,+,0.509
261,3:low,2:medium,+,0.414
262,2:medium,2:medium,,0.401
263,3:low,1:high,+,0.447
264,3:low,2:medium,+,0.549
265,3:low,2:medium,+,0.609
266,2:medium,2:medium,,0.531
267,3:low,2:medium,+,0.468
268,3:low,2:medium,+,0.532
269,3:low,1:high,+,0.604
270,3:low,1:high,+,0.483
271,3:low,1:high,+,0.435
272,2:medium,1:high,+,0.562
273,2:medium,2:medium,,0.496
274,2:medium,2:medium,,0.532
275,1:high,2:medium,+,0.416
276,3:low,2:medium,+,0.55
277,3:low,2:medium,+,0.568
278,3:low,3:low,,0.473
279,2:medium,2:medium,,0.614
280,2:medium,2:medium,,0.489
281,3:low,2:medium,+,0.581
282,3:low,2:medium,+,0.602
283,2:medium,2:medium,,0.59
284,3:low,2:medium,+,0.426
285,3:low,2:medium,+,0.566
286,2:medium,2:medium,,0.627
287,3:low,2:medium,+,0.62
288,1:high,1:high,,0.814
289,1:high,1:high,,0.963
290,2:medium,1:high,+,0.771
291,3:low,1:high,+,0.537
292,3:low,2:medium,+,0.585
293,2:medium,2:medium,,0.497
294,2:medium,3:low,+,0.644
295,2:medium,1:high,+,0.76
296,2:medium,1:high,+,0.668
297,2:medium,1:high,+,0.575
298,2:medium,1:high,+,0.58
299,3:low,1:high,+,0.583
300,3:low,1:high,+,0.579
301,2:medium,1:high,+,0.617
302,1:high,2:medium,+,0.464
303,3:low,2:medium,+,0.453
304,3:low,1:high,+,0.586
305,3:low,1:high,+,0.658
306,3:low,2:medium,+,0.451
307,3:low,2:medium,+,0.582
308,2:medium,2:medium,,0.522
309,3:low,1:high,+,0.436
310,3:low,2:medium,+,0.591
311,3:low,2:medium,+,0.529
312,2:medium,2:medium,,0.534
313,2:medium,1:high,+,0.469
314,3:low,1:high,+,0.631
315,2:medium,1:high,+,0.48
316,3:low,2:medium,+,0.438
317,3:low,2:medium,+,0.497
318,2:medium,1:high,+,0.728
319,3:low,2:medium,+,0.478
320,3:low,2:medium,+,0.514
321,2:medium,1:high,+,0.712
322,3:low,2:medium,+,0.55
323,3:low,2:medium,+,0.591
324,3:low,1:high,+,0.552
325,3:low,1:high,+,0.58
326,3:low,1:high,+,0.758
327,2:medium,2:medium,,0.547
328,2:medium,1:high,+,0.486
329,2:medium,1:high,+,0.505
330,2:medium,1:high,+,0.481
331,3:low,1:high,+,0.465
332,2:medium,1:high,+,0.838
333,2:medium,1:high,+,0.434
334,3:low,1:high,+,0.467
335,3:low,1:high,+,0.624
336,3:low,2:medium,+,0.476
337,3:low,2:medium,+,0.46
338,3:low,1:high,+,0.421
339,2:medium,1:high,+,0.632
340,3:low,1:high,+,0.466
341,3:low,2:medium,+,0.424
342,3:low,2:medium,+,0.56
343,3:low,2:medium,+,0.54
344,3:low,1:high,+,0.759
345,3:low,2:medium,+,0.598
346,3:low,2:medium,+,0.546
347,3:low,2:medium,+,0.534
348,2:medium,1:high,+,0.555
349,3:low,2:medium,+,0.449
350,3:low,2:medium,+,0.526
351,3:low,2:medium,+,0.397
352,2:medium,2:medium,,0.437
353,3:low,2:medium,+,0.511
354,2:medium,1:high,+,0.438
355,3:low,2:medium,+,0.478
356,3:low,1:high,+,0.57
357,1:high,1:high,,0.458
358,3:low,2:medium,+,0.629
359,3:low,2:medium,+,0.613
360,3:low,2:medium,+,0.565
361,3:low,2:medium,+,0.542
362,3:low,2:medium,+,0.556
363,3:low,2:medium,+,0.57
364,3:low,2:medium,+,0.541
365,3:low,2:medium,+,0.573
366,3:low,2:medium,+,0.571
367,3:low,1:high,+,0.575
368,3:low,2:medium,+,0.443
369,3:low,2:medium,+,0.4
370,3:low,2:medium,+,0.428
371,3:low,1:high,+,0.512
372,3:low,2:medium,+,0.505
373,3:low,1:high,+,0.428
374,3:low,1:high,+,0.422
375,3:low,1:high,+,0.493
376,3:low,1:high,+,0.422
377,3:low,1:high,+,0.54
378,3:low,2:medium,+,0.464
379,3:low,2:medium,+,0.401
380,3:low,1:high,+,0.451
381,3:low,1:high,+,0.506
382,3:low,1:high,+,0.433
383,3:low,1:high,+,0.622
384,3:low,1:high,+,0.507
385,3:low,2:medium,+,0.604
386,3:low,1:high,+,0.478
387,2:medium,1:high,+,0.649
388,3:low,2:medium,+,0.444
389,3:low,1:high,+,0.581
390,3:low,1:high,+,0.581
391,3:low,1:high,+,0.482
392,3:low,2:medium,+,0.477
393,3:low,2:medium,+,0.428
394,3:low,2:medium,+,0.537
395,3:low,1:high,+,0.46
396,2:medium,1:high,+,0.728
397,2:medium,1:high,+,0.661
398,2:medium,1:high,+,0.471
399,2:medium,1:high,+,0.444
400,3:low,1:high,+,0.415
401,3:low,2:medium,+,0.479
402,3:low,2:medium,+,0.463
403,1:high,1:high,,0.876
404,1:high,1:high,,0.559
405,1:high,1:high,,0.684
406,1:high,1:high,,0.679
407,1:high,1:high,,0.504
408,1:high,1:high,,0.581
409,1:high,1:high,,0.58
410,1:high,1:high,,0.563
411,1:high,1:high,,0.626
412,1:high,1:high,,0.866
413,1:high,1:high,,0.72
414,1:high,1:high,,0.605
415,1:high,1:high,,0.745
416,1:high,1:high,,0.725
417,1:high,1:high,,0.671
418,1:high,1:high,,0.629
419,1:high,1:high,,0.663
420,1:high,1:high,,0.625
421,1:high,1:high,,0.624
422,1:high,1:high,,0.673
423,1:high,1:high,,0.777
424,1:high,1:high,,0.647
425,1:high,1:high,,0.592
426,1:high,1:high,,0.677
427,1:high,1:high,,0.532
428,1:high,1:high,,0.895
429,2:medium,1:high,+,0.713
430,3:low,2:medium,+,0.561
431,2:medium,1:high,+,0.617
432,1:high,1:high,,0.735
433,3:low,1:high,+,0.552
434,3:low,2:medium,+,0.598
435,2:medium,1:high,+,0.723
436,1:high,1:high,,0.554
437,3:low,2:medium,+,0.641
438,3:low,1:high,+,0.689
439,2:medium,1:high,+,0.55
440,2:medium,2:medium,,0.609
441,3:low,1:high,+,0.617
442,1:high,2:medium,+,0.516
443,2:medium,2:medium,,0.648
444,3:low,2:medium,+,0.729
445,3:low,2:medium,+,0.738
446,2:medium,2:medium,,0.706
447,2:medium,2:medium,,0.539
448,3:low,2:medium,+,0.598
449,2:medium,1:high,+,0.719
450,3:low,1:high,+,0.474
451,2:medium,1:high,+,0.807
452,2:medium,2:medium,,0.418
453,2:medium,1:high,+,0.769
454,3:low,1:high,+,0.541
455,2:medium,1:high,+,0.625
456,3:low,2:medium,+,0.402
457,2:medium,2:medium,,0.457
458,3:low,2:medium,+,0.532
459,3:low,2:medium,+,0.382
460,2:medium,2:medium,,0.477
461,2:medium,1:high,+,0.469
462,2:medium,2:medium,,0.537
463,2:medium,3:low,+,0.548
464,2:medium,2:medium,,0.545
465,3:low,2:medium,+,0.568
466,2:medium,2:medium,,0.413
467,3:low,2:medium,+,0.635
468,2:medium,1:high,+,0.451
469,3:low,2:medium,+,0.611
470,3:low,2:medium,+,0.407
471,1:high,1:high,,0.576
472,3:low,2:medium,+,0.607
473,3:low,2:medium,+,0.42
474,2:medium,3:low,+,0.441
475,1:high,2:medium,+,0.584
476,2:medium,2:medium,,0.535
477,3:low,2:medium,+,0.557
478,3:low,2:medium,+,0.453
479,3:low,2:medium,+,0.448
480,3:low,1:high,+,0.527

