inst#,actual,predicted,error,prediction
1,2:medium,2:medium,,0.692
2,2:medium,2:medium,,0.728
3,2:medium,2:medium,,0.676
4,2:medium,2:medium,,0.534
5,2:medium,2:medium,,0.649
6,2:medium,2:medium,,0.639
7,2:medium,3:low,+,0.467
8,2:medium,2:medium,,0.662
9,2:medium,2:medium,,0.74
10,2:medium,2:medium,,0.641
11,3:low,2:medium,+,0.675
12,3:low,2:medium,+,0.569
13,3:low,2:medium,+,0.479
14,3:low,2:medium,+,0.58
15,2:medium,2:medium,,0.749
16,3:low,2:medium,+,0.677
17,2:medium,2:medium,,0.788
18,3:low,2:medium,+,0.521
19,3:low,2:medium,+,0.663
20,2:medium,2:medium,,0.491
21,2:medium,2:medium,,0.677
22,2:medium,2:medium,,0.667
23,2:medium,2:medium,,0.681
24,2:medium,2:medium,,0.584
25,2:medium,2:medium,,0.686
26,2:medium,2:medium,,0.615
27,2:medium,2:medium,,0.673
28,2:medium,2:medium,,0.579
29,2:medium,2:medium,,0.647
30,3:low,2:medium,+,0.768
31,2:medium,2:medium,,0.782
32,2:medium,2:medium,,0.582
33,3:low,2:medium,+,0.649
34,3:low,2:medium,+,0.738
35,2:medium,2:medium,,0.758
36,1:high,2:medium,+,0.824
37,1:high,1:high,,0.789
38,2:medium,3:low,+,0.558
39,2:medium,3:low,+,0.628
40,2:medium,2:medium,,0.711
41,2:medium,2:medium,,0.565
42,2:medium,2:medium,,0.643
43,2:medium,2:medium,,0.636
44,2:medium,2:medium,,0.542
45,3:low,2:medium,+,0.52
46,2:medium,2:medium,,0.694
47,2:medium,3:low,+,0.663
48,2:medium,3:low,+,0.639
49,2:medium,3:low,+,0.55
50,3:low,3:low,,0.613
51,3:low,3:low,,0.493
52,2:medium,1:high,+,0.752
53,2:medium,2:medium,,0.593
54,2:medium,1:high,+,0.512
55,2:medium,2:medium,,0.491
56,2:medium,3:low,+,0.406
57,2:medium,2:medium,,0.591
58,2:medium,1:high,+,0.707
59,2:medium,2:medium,,0.479
60,2:medium,3:low,+,0.425
61,2:medium,2:medium,,0.628
62,2:medium,2:medium,,0.631
63,2:medium,2:medium,,0.88
64,2:medium,1:high,+,0.573
65,1:high,2:medium,+,0.705
66,2:medium,2:medium,,0.486
67,2:medium,3:low,+,0.735
68,2:medium,3:low,+,0.626
69,2:medium,3:low,+,0.603
70,3:low,2:medium,+,0.751
71,3:low,3:low,,0.792
72,2:medium,2:medium,,0.626
73,1:high,2:medium,+,0.843
74,2:medium,3:low,+,0.49
75,2:medium,2:medium,,0.681
76,2:medium,2:medium,,0.69
77,2:medium,2:medium,,0.511
78,2:medium,2:medium,,0.563
79,2:medium,2:medium,,0.504
80,2:medium,2:medium,,0.464
81,1:high,2:medium,+,0.518
82,2:medium,3:low,+,0.51
83,2:medium,3:low,+,0.462
84,2:medium,2:medium,,0.507
85,2:medium,1:high,+,0.779
86,2:medium,1:high,+,0.654
87,3:low,3:low,,0.577
88,3:low,2:medium,+,0.61
89,3:low,2:medium,+,0.645
90,2:medium,2:medium,,0.749
91,2:medium,2:medium,,0.697
92,2:medium,2:medium,,0.744
93,2:medium,2:medium,,0.704
94,2:medium,2:medium,,0.74
95,2:medium,2:medium,,0.75
96,3:low,2:medium,+,0.65
97,2:medium,2:medium,,0.79
98,2:medium,2:medium,,0.753
99,2:medium,2:medium,,0.766
100,3:low,2:medium,+,0.738
101,2:medium,2:medium,,0.744
102,2:medium,2:medium,,0.764
103,2:medium,2:medium,,0.709
104,3:low,2:medium,+,0.68
105,2:medium,2:medium,,0.774
106,2:medium,2:medium,,0.761
107,2:medium,2:medium,,0.737
108,2:medium,2:medium,,0.77
109,2:medium,2:medium,,0.773
110,2:medium,2:medium,,0.789
111,2:medium,2:medium,,0.583
112,2:medium,2:medium,,0.761
113,2:medium,2:medium,,0.73
114,2:medium,2:medium,,0.778
115,3:low,2:medium,+,0.685
116,2:medium,2:medium,,0.597
117,3:low,2:medium,+,0.57
118,3:low,2:medium,+,0.64
119,3:low,2:medium,+,0.749
120,3:low,2:medium,+,0.782
121,3:low,2:medium,+,0.596
122,2:medium,2:medium,,0.473
123,2:medium,2:medium,,0.487
124,3:low,2:medium,+,0.604
125,3:low,2:medium,+,0.614
126,2:medium,2:medium,,0.611
127,2:medium,2:medium,,0.723
128,2:medium,2:medium,,0.561
129,1:high,1:high,,0.928
130,1:high,1:high,,0.985
131,1:high,1:high,,0.985
132,1:high,1:high,,0.985
133,1:high,1:high,,0.985
134,1:high,1:high,,0.985
135,1:high,1:high,,0.985
136,1:high,1:high,,0.981
137,1:high,1:high,,0.985
138,1:high,1:high,,0.985
139,1:high,1:high,,0.928
140,1:high,1:high,,0.928
141,1:high,1:high,,0.928
142,1:high,1:high,,0.975
143,1:high,1:high,,0.975
144,1:high,1:high,,0.88
145,1:high,1:high,,0.928
146,1:high,1:high,,0.928
147,1:high,1:high,,0.928
148,1:high,1:high,,0.975
149,1:high,1:high,,0.928
150,1:high,1:high,,0.975
151,1:high,1:high,,0.975
152,1:high,1:high,,0.668
153,1:high,1:high,,0.975
154,1:high,1:high,,0.975
155,1:high,1:high,,0.975
156,1:high,1:high,,0.975
157,1:high,1:high,,0.975
158,1:high,1:high,,0.975
159,1:high,1:high,,0.975
160,1:high,1:high,,0.975
161,1:high,1:high,,0.981
162,1:high,1:high,,0.928
163,1:high,1:high,,0.928
164,1:high,1:high,,0.928
165,1:high,1:high,,0.928
166,3:low,2:medium,+,0.597
167,2:medium,2:medium,,0.533
168,3:low,1:high,+,0.69
169,3:low,2:medium,+,0.567
170,3:low,2:medium,+,0.56
171,3:low,2:medium,+,0.642
172,2:medium,2:medium,,0.64
173,2:medium,2:medium,,0.615
174,3:low,2:medium,+,0.631
175,3:low,2:medium,+,0.481
176,3:low,2:medium,+,0.683
177,3:low,1:high,+,0.691
178,3:low,2:medium,+,0.588
179,3:low,2:medium,+,0.629
180,3:low,2:medium,+,0.631
181,2:medium,2:medium,,0.634
182,2:medium,2:medium,,0.524
183,2:medium,1:high,+,0.741
184,2:medium,2:medium,,0.689
185,2:medium,2:medium,,0.616
186,2:medium,2:medium,,0.629
187,2:medium,2:medium,,0.534
188,3:low,2:medium,+,0.492
189,3:low,2:medium,+,0.45
190,2:medium,2:medium,,0.612
191,1:high,2:medium,+,0.535
192,3:low,2:medium,+,0.573
193,3:low,2:medium,+,0.522
194,2:medium,1:high,+,0.7
195,2:medium,1:high,+,0.699
196,2:medium,2:medium,,0.508
197,2:medium,2:medium,,0.546
198,2:medium,2:medium,,0.622
199,2:medium,2:medium,,0.533
200,2:medium,1:high,+,0.638
201,3:low,2:medium,+,0.552
202,3:low,1:high,+,0.593
203,3:low,2:medium,+,0.598
204,3:low,1:high,+,0.594
205,3:low,1:high,+,0.646
206,3:low,2:medium,+,0.725
207,3:low,2:medium,+,0.596
208,3:low,2:medium,+,0.629
209,3:low,2:medium,+,0.724
210,3:low,2:medium,+,0.733
211,3:low,2:medium,+,0.43
212,3:low,2:medium,+,0.649
213,3:low,1:high,+,0.646
214,3:low,2:medium,+,0.716
215,3:low,2:medium,+,0.645
216,3:low,1:high,+,0.432
217,3:low,1:high,+,0.695
218,2:medium,2:medium,,0.781
219,3:low,2:medium,+,0.789
220,3:low,2:medium,+,0.647
221,3:low,2:medium,+,0.725
222,3:low,2:medium,+,0.826
223,3:low,2:medium,+,0.515
224,2:medium,1:high,+,0.688
225,3:low,2:medium,+,0.632
226,2:medium,2:medium,,0.674
227,2:medium,2:medium,,0.642
228,3:low,2:medium,+,0.82
229,2:medium,1:high,+,0.642
230,3:low,1:high,+,0.594
231,3:low,2:medium,+,0.645
232,3:low,2:medium,+,0.645
233,3:low,1:high,+,0.564
234,3:low,2:medium,+,0.729
235,2:medium,2:medium,,0.696
236,3:low,2:medium,+,0.781
237,3:low,1:high,+,0.616
238,2:medium,1:high,+,0.646
239,3:low,1:high,+,0.593
240,3:low,2:medium,+,0.524
241,3:low,2:medium,+,0.581
242,3:low,2:medium,+,0.543
243,2:medium,1:high,+,0.642
244,3:low,1:high,+,0.596
245,3:low,1:high,+,0.646
246,2:medium,2:medium,,0.469
247,3:low,2:medium,+,0.467
248,3:low,2:medium,+,0.504
249,2:medium,1:high,+,0.642
250,2:medium,2:medium,,0.421
251,3:low,3:low,,0.419
252,3:low,1:high,+,0.646
253,3:low,1:high,+,0.646
254,3:low,1:high,+,0.654
255,3:low,1:high,+,0.657
256,3:low,1:high,+,0.657
257,3:low,1:high,+,0.657
258,2:medium,2:medium,,0.593
259,2:medium,1:high,+,0.604
260,3:low,1:high,+,0.706
261,3:low,1:high,+,0.606
262,2:medium,1:high,+,0.606
263,3:low,1:high,+,0.604
264,3:low,2:medium,+,0.55
265,3:low,2:medium,+,0.6
266,2:medium,2:medium,,0.601
267,3:low,1:high,+,0.477
268,3:low,1:high,+,0.453
269,3:low,2:medium,+,0.571
270,3:low,1:high,+,0.657
271,3:low,1:high,+,0.657
272,2:medium,1:high,+,0.657
273,2:medium,2:medium,,0.593
274,2:medium,1:high,+,0.48
275,1:high,1:high,,0.521
276,3:low,2:medium,+,0.411
277,3:low,2:medium,+,0.626
278,3:low,2:medium,+,0.418
279,2:medium,2:medium,,0.418
280,2:medium,1:high,+,0.654
281,3:low,2:medium,+,0.455
282,3:low,2:medium,+,0.628
283,2:medium,2:medium,,0.558
284,3:low,1:high,+,0.657
285,3:low,2:medium,+,0.456
286,2:medium,2:medium,,0.547
287,3:low,2:medium,+,0.6
288,1:high,1:high,,0.932
289,1:high,1:high,,0.936
290,2:medium,2:medium,,0.53
291,3:low,1:high,+,0.69
292,3:low,2:medium,+,0.652
293,2:medium,2:medium,,0.602
294,2:medium,3:low,+,0.48
295,2:medium,1:high,+,0.936
296,2:medium,1:high,+,0.936
297,2:medium,1:high,+,0.842
298,2:medium,1:high,+,0.936
299,3:low,1:high,+,0.936
300,3:low,1:high,+,0.936
301,2:medium,1:high,+,0.862
302,1:high,1:high,,0.646
303,3:low,2:medium,+,0.611
304,3:low,1:high,+,0.724
305,3:low,1:high,+,0.916
306,3:low,2:medium,+,0.619
307,3:low,2:medium,+,0.582
308,2:medium,2:medium,,0.449
309,3:low,2:medium,+,0.501
310,3:low,2:medium,+,0.58
311,3:low,2:medium,+,0.644
312,2:medium,2:medium,,0.565
313,2:medium,2:medium,,0.593
314,3:low,2:medium,+,0.469
315,2:medium,2:medium,,0.604
316,3:low,2:medium,+,0.647
317,3:low,2:medium,+,0.516
318,2:medium,2:medium,,0.634
319,3:low,2:medium,+,0.679
320,3:low,2:medium,+,0.636
321,2:medium,2:medium,,0.71
322,3:low,2:medium,+,0.779
323,3:low,2:medium,+,0.73
324,3:low,2:medium,+,0.513
325,3:low,2:medium,+,0.635
326,3:low,2:medium,+,0.775
327,2:medium,2:medium,,0.723
328,2:medium,2:medium,,0.676
329,2:medium,2:medium,,0.65
330,2:medium,2:medium,,0.589
331,3:low,2:medium,+,0.592
332,2:medium,2:medium,,0.627
333,2:medium,2:medium,,0.738
334,3:low,2:medium,+,0.685
335,3:low,2:medium,+,0.55
336,3:low,2:medium,+,0.597
337,3:low,2:medium,+,0.682
338,3:low,1:high,+,0.567
339,2:medium,2:medium,,0.604
340,3:low,2:medium,+,0.671
341,3:low,2:medium,+,0.511
342,3:low,2:medium,+,0.571
343,3:low,2:medium,+,0.645
344,3:low,1:high,+,0.553
345,3:low,2:medium,+,0.537
346,3:low,2:medium,+,0.518
347,3:low,2:medium,+,0.466
348,2:medium,1:high,+,0.594
349,3:low,2:medium,+,0.478
350,3:low,2:medium,+,0.506
351,3:low,1:high,+,0.593
352,2:medium,2:medium,,0.718
353,3:low,2:medium,+,0.647
354,2:medium,1:high,+,0.646
355,3:low,2:medium,+,0.459
356,3:low,1:high,+,0.665
357,1:high,1:high,,0.846
358,3:low,2:medium,+,0.747
359,3:low,2:medium,+,0.782
360,3:low,2:medium,+,0.509
361,3:low,2:medium,+,0.49
362,3:low,2:medium,+,0.581
363,3:low,2:medium,+,0.681
364,3:low,2:medium,+,0.413
365,3:low,2:medium,+,0.507
366,3:low,2:medium,+,0.605
367,3:low,1:high,+,0.644
368,3:low,2:medium,+,0.566
369,3:low,2:medium,+,0.668
370,3:low,2:medium,+,0.616
371,3:low,2:medium,+,0.572
372,3:low,2:medium,+,0.484
373,3:low,1:high,+,0.574
374,3:low,2:medium,+,0.524
375,3:low,1:high,+,0.748
376,3:low,1:high,+,0.626
377,3:low,1:high,+,0.744
378,3:low,1:high,+,0.507
379,3:low,1:high,+,0.648
380,3:low,1:high,+,0.748
381,3:low,1:high,+,0.795
382,3:low,1:high,+,0.648
383,3:low,1:high,+,0.744
384,3:low,1:high,+,0.697
385,3:low,2:medium,+,0.466
386,3:low,2:medium,+,0.648
387,2:medium,2:medium,,0.505
388,3:low,1:high,+,0.642
389,3:low,1:high,+,0.695
390,3:low,1:high,+,0.695
391,3:low,1:high,+,0.695
392,3:low,1:high,+,0.642
393,3:low,1:high,+,0.593
394,3:low,2:medium,+,0.615
395,3:low,1:high,+,0.642
396,2:medium,1:high,+,0.644
397,2:medium,1:high,+,0.644
398,2:medium,1:high,+,0.695
399,2:medium,1:high,+,0.642
400,3:low,1:high,+,0.642
401,3:low,1:high,+,0.405
402,3:low,2:medium,+,0.416
403,1:high,1:high,,0.954
404,1:high,1:high,,0.981
405,1:high,1:high,,0.975
406,1:high,1:high,,0.975
407,1:high,1:high,,0.975
408,1:high,1:high,,0.975
409,1:high,1:high,,0.975
410,1:high,1:high,,0.975
411,1:high,1:high,,0.928
412,1:high,1:high,,0.975
413,1:high,1:high,,0.975
414,1:high,1:high,,0.975
415,1:high,1:high,,0.975
416,1:high,1:high,,0.975
417,1:high,1:high,,0.975
418,1:high,1:high,,0.975
419,1:high,1:high,,0.975
420,1:high,1:high,,0.975
421,1:high,1:high,,0.975
422,1:high,1:high,,0.975
423,1:high,1:high,,0.975
424,1:high,1:high,,0.975
425,1:high,1:high,,0.975
426,1:high,1:high,,0.975
427,1:high,2:medium,+,0.492
428,1:high,1:high,,0.786
429,2:medium,2:medium,,0.557
430,3:low,2:medium,+,0.74
431,2:medium,2:medium,,0.705
432,1:high,1:high,,0.936
433,3:low,2:medium,+,0.746
434,3:low,2:medium,+,0.77
435,2:medium,2:medium,,0.613
436,1:high,1:high,,0.575
437,3:low,2:medium,+,0.818
438,3:low,2:medium,+,0.67
439,2:medium,2:medium,,0.641
440,2:medium,2:medium,,0.579
441,3:low,2:medium,+,0.644
442,1:high,2:medium,+,0.558
443,2:medium,2:medium,,0.553
444,3:low,2:medium,+,0.615
445,3:low,2:medium,+,0.596
446,2:medium,2:medium,,0.632
447,2:medium,2:medium,,0.56
448,3:low,2:medium,+,0.39
449,2:medium,2:medium,,0.682
450,3:low,2:medium,+,0.495
451,2:medium,1:high,+,0.751
452,2:medium,2:medium,,0.604
453,2:medium,2:medium,,0.655
454,3:low,2:medium,+,0.46
455,2:medium,2:medium,,0.604
456,3:low,2:medium,+,0.438
457,2:medium,2:medium,,0.459
458,3:low,2:medium,+,0.522
459,3:low,2:medium,+,0.503
460,2:medium,2:medium,,0.466
461,2:medium,2:medium,,0.511
462,2:medium,2:medium,,0.542
463,2:medium,1:high,+,0.883
464,2:medium,2:medium,,0.643
465,3:low,2:medium,+,0.508
466,2:medium,2:medium,,0.496
467,3:low,2:medium,+,0.483
468,2:medium,2:medium,,0.664
469,3:low,2:medium,+,0.526
470,3:low,2:medium,+,0.659
471,1:high,1:high,,0.602
472,3:low,2:medium,+,0.552
473,3:low,2:medium,+,0.528
474,2:medium,2:medium,,0.476
475,1:high,2:medium,+,0.7
476,2:medium,2:medium,,0.7
477,3:low,2:medium,+,0.658
478,3:low,2:medium,+,0.553
479,3:low,2:medium,+,0.51
480,3:low,2:medium,+,0.513

