inst#,actual,predicted,error,prediction
1,2:medium,2:medium,,0.777
2,2:medium,2:medium,,0.72
3,2:medium,2:medium,,0.726
4,2:medium,3:low,+,0.496
5,2:medium,2:medium,,0.665
6,2:medium,2:medium,,0.597
7,2:medium,2:medium,,0.666
8,2:medium,2:medium,,0.694
9,2:medium,2:medium,,0.52
10,2:medium,2:medium,,0.595
11,3:low,2:medium,+,0.583
12,3:low,2:medium,+,0.572
13,3:low,3:low,,0.533
14,3:low,2:medium,+,0.722
15,2:medium,2:medium,,0.704
16,3:low,2:medium,+,0.62
17,2:medium,2:medium,,0.627
18,3:low,2:medium,+,0.579
19,3:low,2:medium,+,0.725
20,2:medium,2:medium,,0.576
21,2:medium,2:medium,,0.566
22,2:medium,2:medium,,0.568
23,2:medium,2:medium,,0.519
24,2:medium,2:medium,,0.53
25,2:medium,2:medium,,0.58
26,2:medium,2:medium,,0.638
27,2:medium,2:medium,,0.68
28,2:medium,2:medium,,0.692
29,2:medium,2:medium,,0.582
30,3:low,2:medium,+,0.613
31,2:medium,2:medium,,0.574
32,2:medium,2:medium,,0.646
33,3:low,2:medium,+,0.596
34,3:low,2:medium,+,0.634
35,2:medium,2:medium,,0.651
36,1:high,2:medium,+,0.634
37,1:high,1:high,,0.702
38,2:medium,2:medium,,0.491
39,2:medium,3:low,+,0.508
40,2:medium,2:medium,,0.646
41,2:medium,2:medium,,0.54
42,2:medium,2:medium,,0.482
43,2:medium,3:low,+,0.494
44,2:medium,2:medium,,0.504
45,3:low,3:low,,0.568
46,2:medium,2:medium,,0.557
47,2:medium,3:low,+,0.598
48,2:medium,3:low,+,0.51
49,2:medium,3:low,+,0.526
50,3:low,3:low,,0.5
51,3:low,2:medium,+,0.577
52,2:medium,2:medium,,0.533
53,2:medium,2:medium,,0.602
54,2:medium,1:high,+,0.511
55,2:medium,2:medium,,0.526
56,2:medium,2:medium,,0.563
57,2:medium,2:medium,,0.617
58,2:medium,2:medium,,0.481
59,2:medium,2:medium,,0.686
60,2:medium,2:medium,,0.496
61,2:medium,2:medium,,0.717
62,2:medium,2:medium,,0.602
63,2:medium,2:medium,,0.7
64,2:medium,2:medium,,0.481
65,1:high,2:medium,+,0.443
66,2:medium,2:medium,,0.629
67,2:medium,2:medium,,0.635
68,2:medium,2:medium,,0.585
69,2:medium,2:medium,,0.581
70,3:low,2:medium,+,0.57
71,3:low,3:low,,0.584
72,2:medium,2:medium,,0.544
73,1:high,3:low,+,0.502
74,2:medium,2:medium,,0.491
75,2:medium,3:low,+,0.505
76,2:medium,3:low,+,0.577
77,2:medium,3:low,+,0.516
78,2:medium,2:medium,,0.508
79,2:medium,3:low,+,0.476
80,2:medium,3:low,+,0.535
81,1:high,3:low,+,0.539
82,2:medium,2:medium,,0.537
83,2:medium,2:medium,,0.504
84,2:medium,2:medium,,0.558
85,2:medium,1:high,+,0.69
86,2:medium,2:medium,,0.487
87,3:low,3:low,,0.52
88,3:low,2:medium,+,0.54
89,3:low,2:medium,+,0.552
90,2:medium,2:medium,,0.545
91,2:medium,2:medium,,0.524
92,2:medium,2:medium,,0.571
93,2:medium,2:medium,,0.537
94,2:medium,2:medium,,0.521
95,2:medium,2:medium,,0.559
96,3:low,2:medium,+,0.517
97,2:medium,2:medium,,0.491
98,2:medium,2:medium,,0.463
99,2:medium,2:medium,,0.56
100,3:low,2:medium,+,0.457
101,2:medium,2:medium,,0.553
102,2:medium,2:medium,,0.568
103,2:medium,2:medium,,0.542
104,3:low,2:medium,+,0.567
105,2:medium,2:medium,,0.638
106,2:medium,2:medium,,0.588
107,2:medium,2:medium,,0.596
108,2:medium,2:medium,,0.577
109,2:medium,2:medium,,0.59
110,2:medium,2:medium,,0.606
111,2:medium,2:medium,,0.507
112,2:medium,2:medium,,0.517
113,2:medium,2:medium,,0.539
114,2:medium,2:medium,,0.526
115,3:low,2:medium,+,0.571
116,2:medium,2:medium,,0.597
117,3:low,2:medium,+,0.576
118,3:low,2:medium,+,0.53
119,3:low,2:medium,+,0.648
120,3:low,2:medium,+,0.587
121,3:low,2:medium,+,0.521
122,2:medium,2:medium,,0.411
123,2:medium,2:medium,,0.468
124,3:low,2:medium,+,0.484
125,3:low,2:medium,+,0.463
126,2:medium,2:medium,,0.479
127,2:medium,2:medium,,0.541
128,2:medium,2:medium,,0.541
129,1:high,1:high,,0.638
130,1:high,1:high,,0.705
131,1:high,1:high,,0.653
132,1:high,1:high,,0.791
133,1:high,1:high,,0.842
134,1:high,1:high,,0.802
135,1:high,1:high,,0.83
136,1:high,1:high,,0.804
137,1:high,1:high,,0.778
138,1:high,1:high,,0.808
139,1:high,1:high,,0.781
140,1:high,1:high,,0.819
141,1:high,1:high,,0.827
142,1:high,1:high,,0.794
143,1:high,1:high,,0.879
144,1:high,1:high,,0.897
145,1:high,1:high,,0.829
146,1:high,1:high,,0.829
147,1:high,1:high,,0.801
148,1:high,1:high,,0.826
149,1:high,1:high,,0.818
150,1:high,1:high,,0.819
151,1:high,1:high,,0.847
152,1:high,1:high,,0.518
153,1:high,1:high,,0.768
154,1:high,1:high,,0.828
155,1:high,1:high,,0.802
156,1:high,1:high,,0.828
157,1:high,1:high,,0.787
158,1:high,1:high,,0.931
159,1:high,1:high,,0.85
160,1:high,1:high,,0.827
161,1:high,1:high,,0.875
162,1:high,1:high,,0.79
163,1:high,1:high,,0.875
164,1:high,1:high,,0.928
165,1:high,1:high,,0.907
166,3:low,2:medium,+,0.589
167,2:medium,2:medium,,0.545
168,3:low,2:medium,+,0.528
169,3:low,2:medium,+,0.524
170,3:low,2:medium,+,0.503
171,3:low,2:medium,+,0.492
172,2:medium,2:medium,,0.508
173,2:medium,2:medium,,0.529
174,3:low,2:medium,+,0.457
175,3:low,2:medium,+,0.474
176,3:low,2:medium,+,0.511
177,3:low,2:medium,+,0.469
178,3:low,2:medium,+,0.508
179,3:low,2:medium,+,0.539
180,3:low,2:medium,+,0.531
181,2:medium,2:medium,,0.438
182,2:medium,2:medium,,0.48
183,2:medium,2:medium,,0.477
184,2:medium,2:medium,,0.483
185,2:medium,2:medium,,0.449
186,2:medium,2:medium,,0.496
187,2:medium,2:medium,,0.504
188,3:low,2:medium,+,0.46
189,3:low,2:medium,+,0.491
190,2:medium,2:medium,,0.431
191,1:high,2:medium,+,0.637
192,3:low,2:medium,+,0.546
193,3:low,2:medium,+,0.538
194,2:medium,1:high,+,0.577
195,2:medium,2:medium,,0.569
196,2:medium,1:high,+,0.476
197,2:medium,2:medium,,0.473
198,2:medium,2:medium,,0.436
199,2:medium,2:medium,,0.528
200,2:medium,2:medium,,0.614
201,3:low,2:medium,+,0.523
202,3:low,2:medium,+,0.577
203,3:low,2:medium,+,0.522
204,3:low,2:medium,+,0.61
205,3:low,2:medium,+,0.584
206,3:low,2:medium,+,0.627
207,3:low,2:medium,+,0.582
208,3:low,2:medium,+,0.522
209,3:low,2:medium,+,0.559
210,3:low,2:medium,+,0.592
211,3:low,2:medium,+,0.544
212,3:low,2:medium,+,0.548
213,3:low,2:medium,+,0.499
214,3:low,2:medium,+,0.518
215,3:low,2:medium,+,0.61
216,3:low,2:medium,+,0.586
217,3:low,2:medium,+,0.606
218,2:medium,2:medium,,0.638
219,3:low,2:medium,+,0.609
220,3:low,2:medium,+,0.61
221,3:low,2:medium,+,0.611
222,3:low,2:medium,+,0.563
223,3:low,2:medium,+,0.558
224,2:medium,2:medium,,0.56
225,3:low,2:medium,+,0.575
226,2:medium,2:medium,,0.557
227,2:medium,2:medium,,0.575
228,3:low,2:medium,+,0.56
229,2:medium,2:medium,,0.38
230,3:low,2:medium,+,0.662
231,3:low,2:medium,+,0.637
232,3:low,2:medium,+,0.596
233,3:low,2:medium,+,0.682
234,3:low,2:medium,+,0.594
235,2:medium,2:medium,,0.686
236,3:low,2:medium,+,0.678
237,3:low,2:medium,+,0.657
238,2:medium,2:medium,,0.679
239,3:low,2:medium,+,0.687
240,3:low,2:medium,+,0.707
241,3:low,2:medium,+,0.676
242,3:low,2:medium,+,0.727
243,2:medium,2:medium,,0.649
244,3:low,2:medium,+,0.656
245,3:low,2:medium,+,0.652
246,2:medium,2:medium,,0.603
247,3:low,2:medium,+,0.537
248,3:low,2:medium,+,0.651
249,2:medium,2:medium,,0.569
250,2:medium,2:medium,,0.569
251,3:low,2:medium,+,0.662
252,3:low,2:medium,+,0.602
253,3:low,2:medium,+,0.59
254,3:low,2:medium,+,0.651
255,3:low,2:medium,+,0.585
256,3:low,2:medium,+,0.6
257,3:low,2:medium,+,0.586
258,2:medium,2:medium,,0.57
259,2:medium,2:medium,,0.567
260,3:low,2:medium,+,0.586
261,3:low,2:medium,+,0.593
262,2:medium,2:medium,,0.565
263,3:low,2:medium,+,0.561
264,3:low,2:medium,+,0.568
265,3:low,2:medium,+,0.535
266,2:medium,2:medium,,0.599
267,3:low,2:medium,+,0.523
268,3:low,2:medium,+,0.589
269,3:low,1:high,+,0.575
270,3:low,2:medium,+,0.536
271,3:low,2:medium,+,0.553
272,2:medium,2:medium,,0.602
273,2:medium,2:medium,,0.605
274,2:medium,2:medium,,0.507
275,1:high,1:high,,0.483
276,3:low,2:medium,+,0.538
277,3:low,2:medium,+,0.49
278,3:low,2:medium,+,0.535
279,2:medium,2:medium,,0.559
280,2:medium,2:medium,,0.529
281,3:low,2:medium,+,0.551
282,3:low,2:medium,+,0.542
283,2:medium,2:medium,,0.6
284,3:low,2:medium,+,0.556
285,3:low,2:medium,+,0.554
286,2:medium,2:medium,,0.533
287,3:low,2:medium,+,0.524
288,1:high,1:high,,0.589
289,1:high,1:high,,0.526
290,2:medium,2:medium,,0.473
291,3:low,2:medium,+,0.602
292,3:low,2:medium,+,0.479
293,2:medium,2:medium,,0.477
294,2:medium,2:medium,,0.496
295,2:medium,1:high,+,0.651
296,2:medium,1:high,+,0.555
297,2:medium,1:high,+,0.526
298,2:medium,1:high,+,0.638
299,3:low,1:high,+,0.638
300,3:low,1:high,+,0.61
301,2:medium,1:high,+,0.664
302,1:high,1:high,,0.618
303,3:low,2:medium,+,0.547
304,3:low,2:medium,+,0.516
305,3:low,1:high,+,0.758
306,3:low,2:medium,+,0.563
307,3:low,2:medium,+,0.701
308,2:medium,2:medium,,0.714
309,3:low,2:medium,+,0.538
310,3:low,2:medium,+,0.667
311,3:low,2:medium,+,0.589
312,2:medium,2:medium,,0.658
313,2:medium,2:medium,,0.617
314,3:low,2:medium,+,0.54
315,2:medium,2:medium,,0.63
316,3:low,2:medium,+,0.639
317,3:low,2:medium,+,0.609
318,2:medium,2:medium,,0.548
319,3:low,2:medium,+,0.673
320,3:low,2:medium,+,0.632
321,2:medium,2:medium,,0.494
322,3:low,2:medium,+,0.662
323,3:low,2:medium,+,0.694
324,3:low,2:medium,+,0.588
325,3:low,2:medium,+,0.581
326,3:low,2:medium,+,0.597
327,2:medium,2:medium,,0.673
328,2:medium,2:medium,,0.638
329,2:medium,2:medium,,0.709
330,2:medium,2:medium,,0.667
331,3:low,2:medium,+,0.635
332,2:medium,2:medium,,0.613
333,2:medium,2:medium,,0.693
334,3:low,2:medium,+,0.639
335,3:low,2:medium,+,0.683
336,3:low,2:medium,+,0.63
337,3:low,2:medium,+,0.674
338,3:low,2:medium,+,0.68
339,2:medium,2:medium,,0.663
340,3:low,2:medium,+,0.669
341,3:low,2:medium,+,0.693
342,3:low,2:medium,+,0.66
343,3:low,2:medium,+,0.656
344,3:low,2:medium,+,0.472
345,3:low,2:medium,+,0.682
346,3:low,2:medium,+,0.656
347,3:low,2:medium,+,0.603
348,2:medium,2:medium,,0.607
349,3:low,2:medium,+,0.681
350,3:low,2:medium,+,0.677
351,3:low,2:medium,+,0.632
352,2:medium,2:medium,,0.653
353,3:low,2:medium,+,0.646
354,2:medium,2:medium,,0.678
355,3:low,2:medium,+,0.648
356,3:low,2:medium,+,0.608
357,1:high,1:high,,0.812
358,3:low,2:medium,+,0.661
359,3:low,2:medium,+,0.6
360,3:low,2:medium,+,0.645
361,3:low,2:medium,+,0.687
362,3:low,2:medium,+,0.714
363,3:low,2:medium,+,0.644
364,3:low,2:medium,+,0.573
365,3:low,2:medium,+,0.648
366,3:low,2:medium,+,0.59
367,3:low,2:medium,+,0.625
368,3:low,2:medium,+,0.681
369,3:low,2:medium,+,0.584
370,3:low,2:medium,+,0.662
371,3:low,2:medium,+,0.553
372,3:low,2:medium,+,0.545
373,3:low,2:medium,+,0.658
374,3:low,2:medium,+,0.598
375,3:low,2:medium,+,0.658
376,3:low,2:medium,+,0.686
377,3:low,2:medium,+,0.658
378,3:low,2:medium,+,0.653
379,3:low,2:medium,+,0.65
380,3:low,2:medium,+,0.655
381,3:low,2:medium,+,0.601
382,3:low,2:medium,+,0.64
383,3:low,2:medium,+,0.674
384,3:low,2:medium,+,0.674
385,3:low,2:medium,+,0.729
386,3:low,2:medium,+,0.671
387,2:medium,2:medium,,0.612
388,3:low,2:medium,+,0.713
389,3:low,2:medium,+,0.631
390,3:low,2:medium,+,0.715
391,3:low,2:medium,+,0.689
392,3:low,2:medium,+,0.624
393,3:low,2:medium,+,0.659
394,3:low,2:medium,+,0.595
395,3:low,2:medium,+,0.706
396,2:medium,2:medium,,0.578
397,2:medium,2:medium,,0.554
398,2:medium,2:medium,,0.624
399,2:medium,2:medium,,0.612
400,3:low,2:medium,+,0.598
401,3:low,2:medium,+,0.656
402,3:low,2:medium,+,0.653
403,1:high,1:high,,0.735
404,1:high,1:high,,0.782
405,1:high,1:high,,0.698
406,1:high,1:high,,0.647
407,1:high,1:high,,0.671
408,1:high,1:high,,0.73
409,1:high,1:high,,0.722
410,1:high,1:high,,0.722
411,1:high,1:high,,0.685
412,1:high,1:high,,0.746
413,1:high,1:high,,0.728
414,1:high,1:high,,0.677
415,1:high,1:high,,0.736
416,1:high,1:high,,0.737
417,1:high,1:high,,0.626
418,1:high,1:high,,0.727
419,1:high,1:high,,0.728
420,1:high,1:high,,0.718
421,1:high,1:high,,0.728
422,1:high,1:high,,0.727
423,1:high,1:high,,0.735
424,1:high,1:high,,0.729
425,1:high,1:high,,0.707
426,1:high,1:high,,0.706
427,1:high,1:high,,0.558
428,1:high,1:high,,0.684
429,2:medium,2:medium,,0.569
430,3:low,2:medium,+,0.535
431,2:medium,2:medium,,0.526
432,1:high,1:high,,0.508
433,3:low,2:medium,+,0.533
434,3:low,2:medium,+,0.543
435,2:medium,2:medium,,0.533
436,1:high,1:high,,0.486
437,3:low,2:medium,+,0.576
438,3:low,2:medium,+,0.537
439,2:medium,2:medium,,0.46
440,2:medium,2:medium,,0.635
441,3:low,2:medium,+,0.563
442,1:high,1:high,,0.473
443,2:medium,2:medium,,0.654
444,3:low,2:medium,+,0.652
445,3:low,2:medium,+,0.714
446,2:medium,2:medium,,0.699
447,2:medium,2:medium,,0.527
448,3:low,2:medium,+,0.543
449,2:medium,2:medium,,0.52
450,3:low,2:medium,+,0.588
451,2:medium,1:high,+,0.49
452,2:medium,2:medium,,0.526
453,2:medium,2:medium,,0.453
454,3:low,2:medium,+,0.534
455,2:medium,2:medium,,0.491
456,3:low,2:medium,+,0.628
457,2:medium,2:medium,,0.675
458,3:low,2:medium,+,0.531
459,3:low,2:medium,+,0.6
460,2:medium,2:medium,,0.743
461,2:medium,2:medium,,0.633
462,2:medium,2:medium,,0.659
463,2:medium,1:high,+,0.779
464,2:medium,2:medium,,0.598
465,3:low,2:medium,+,0.73
466,2:medium,2:medium,,0.534
467,3:low,2:medium,+,0.739
468,2:medium,2:medium,,0.659
469,3:low,2:medium,+,0.763
470,3:low,2:medium,+,0.637
471,1:high,2:medium,+,0.539
472,3:low,2:medium,+,0.725
473,3:low,2:medium,+,0.731
474,2:medium,2:medium,,0.725
475,1:high,2:medium,+,0.605
476,2:medium,2:medium,,0.733
477,3:low,2:medium,+,0.696
478,3:low,2:medium,+,0.694
479,3:low,2:medium,+,0.729
480,3:low,2:medium,+,0.611

