inst#,actual,predicted,error,prediction
1,2:medium,2:medium,,0.813
2,2:medium,2:medium,,0.625
3,2:medium,2:medium,,0.75
4,2:medium,2:medium,,0.563
5,2:medium,3:low,+,0.5
6,2:medium,2:medium,,0.563
7,2:medium,2:medium,,0.438
8,2:medium,3:low,+,0.563
9,2:medium,2:medium,,0.625
10,2:medium,2:medium,,0.5
11,3:low,2:medium,+,0.75
12,3:low,2:medium,+,0.5
13,3:low,2:medium,+,0.75
14,3:low,2:medium,+,0.75
15,2:medium,2:medium,,0.563
16,3:low,2:medium,+,0.5
17,2:medium,3:low,+,0.5
18,3:low,2:medium,+,0.563
19,3:low,2:medium,+,0.625
20,2:medium,2:medium,,0.563
21,2:medium,2:medium,,0.875
22,2:medium,2:medium,,0.625
23,2:medium,2:medium,,0.563
24,2:medium,2:medium,,0.625
25,2:medium,2:medium,,0.625
26,2:medium,2:medium,,0.813
27,2:medium,2:medium,,0.75
28,2:medium,2:medium,,0.563
29,2:medium,2:medium,,0.438
30,3:low,2:medium,+,0.625
31,2:medium,2:medium,,0.75
32,2:medium,2:medium,,0.625
33,3:low,2:medium,+,0.5
34,3:low,2:medium,+,0.625
35,2:medium,2:medium,,0.688
36,1:high,2:medium,+,0.563
37,1:high,1:high,,0.625
38,2:medium,2:medium,,0.563
39,2:medium,2:medium,,0.563
40,2:medium,2:medium,,0.5
41,2:medium,2:medium,,0.563
42,2:medium,2:medium,,0.625
43,2:medium,2:medium,,0.625
44,2:medium,2:medium,,0.5
45,3:low,3:low,,0.563
46,2:medium,2:medium,,0.5
47,2:medium,2:medium,,0.5
48,2:medium,2:medium,,0.563
49,2:medium,2:medium,,0.688
50,3:low,3:low,,0.625
51,3:low,2:medium,+,0.75
52,2:medium,2:medium,,0.563
53,2:medium,2:medium,,0.75
54,2:medium,2:medium,,0.688
55,2:medium,2:medium,,0.438
56,2:medium,2:medium,,0.688
57,2:medium,2:medium,,0.625
58,2:medium,2:medium,,0.438
59,2:medium,2:medium,,0.625
60,2:medium,2:medium,,0.5
61,2:medium,2:medium,,0.563
62,2:medium,2:medium,,0.563
63,2:medium,2:medium,,0.688
64,2:medium,2:medium,,0.438
65,1:high,2:medium,+,0.438
66,2:medium,2:medium,,0.563
67,2:medium,2:medium,,0.625
68,2:medium,2:medium,,0.688
69,2:medium,2:medium,,0.563
70,3:low,2:medium,+,0.688
71,3:low,2:medium,+,0.625
72,2:medium,2:medium,,0.625
73,1:high,2:medium,+,0.625
74,2:medium,2:medium,,0.5
75,2:medium,2:medium,,0.625
76,2:medium,3:low,+,0.563
77,2:medium,2:medium,,0.625
78,2:medium,2:medium,,0.563
79,2:medium,2:medium,,0.625
80,2:medium,3:low,+,0.5
81,1:high,2:medium,+,0.5
82,2:medium,2:medium,,0.438
83,2:medium,2:medium,,0.438
84,2:medium,2:medium,,0.563
85,2:medium,1:high,+,0.688
86,2:medium,2:medium,,0.625
87,3:low,2:medium,+,0.438
88,3:low,2:medium,+,0.563
89,3:low,2:medium,+,0.563
90,2:medium,2:medium,,0.438
91,2:medium,2:medium,,0.5
92,2:medium,2:medium,,0.5
93,2:medium,2:medium,,0.563
94,2:medium,2:medium,,0.563
95,2:medium,2:medium,,0.5
96,3:low,2:medium,+,0.438
97,2:medium,2:medium,,0.438
98,2:medium,2:medium,,0.5
99,2:medium,2:medium,,0.438
100,3:low,2:medium,+,0.5
101,2:medium,2:medium,,0.438
102,2:medium,2:medium,,0.5
103,2:medium,2:medium,,0.563
104,3:low,2:medium,+,0.625
105,2:medium,2:medium,,0.5
106,2:medium,2:medium,,0.438
107,2:medium,2:medium,,0.438
108,2:medium,2:medium,,0.438
109,2:medium,2:medium,,0.438
110,2:medium,1:high,+,0.438
111,2:medium,1:high,+,0.438
112,2:medium,2:medium,,0.438
113,2:medium,1:high,+,0.5
114,2:medium,2:medium,,0.563
115,3:low,2:medium,+,0.438
116,2:medium,1:high,+,0.375
117,3:low,2:medium,+,0.438
118,3:low,2:medium,+,0.5
119,3:low,2:medium,+,0.563
120,3:low,2:medium,+,0.563
121,3:low,2:medium,+,0.625
122,2:medium,2:medium,,0.563
123,2:medium,2:medium,,0.5
124,3:low,2:medium,+,0.5
125,3:low,2:medium,+,0.5
126,2:medium,2:medium,,0.625
127,2:medium,2:medium,,0.688
128,2:medium,2:medium,,0.5
129,1:high,1:high,,0.625
130,1:high,1:high,,0.75
131,1:high,1:high,,0.625
132,1:high,1:high,,0.688
133,1:high,1:high,,1
134,1:high,1:high,,0.875
135,1:high,1:high,,0.875
136,1:high,1:high,,0.875
137,1:high,1:high,,0.938
138,1:high,1:high,,0.875
139,1:high,1:high,,0.875
140,1:high,1:high,,0.875
141,1:high,1:high,,0.813
142,1:high,1:high,,0.875
143,1:high,1:high,,0.938
144,1:high,1:high,,1
145,1:high,1:high,,0.875
146,1:high,1:high,,0.875
147,1:high,1:high,,0.813
148,1:high,1:high,,0.938
149,1:high,1:high,,0.875
150,1:high,1:high,,0.813
151,1:high,1:high,,1
152,1:high,1:high,,0.688
153,1:high,1:high,,0.813
154,1:high,1:high,,0.938
155,1:high,1:high,,0.813
156,1:high,1:high,,0.938
157,1:high,1:high,,0.813
158,1:high,1:high,,1
159,1:high,1:high,,0.938
160,1:high,1:high,,0.938
161,1:high,1:high,,0.938
162,1:high,1:high,,0.813
163,1:high,1:high,,1
164,1:high,1:high,,1
165,1:high,1:high,,1
166,3:low,2:medium,+,0.563
167,2:medium,2:medium,,0.688
168,3:low,2:medium,+,0.625
169,3:low,2:medium,+,0.563
170,3:low,2:medium,+,0.563
171,3:low,2:medium,+,0.625
172,2:medium,2:medium,,0.75
173,2:medium,2:medium,,0.688
174,3:low,2:medium,+,0.625
175,3:low,2:medium,+,0.5
176,3:low,2:medium,+,0.625
177,3:low,2:medium,+,0.563
178,3:low,2:medium,+,0.5
179,3:low,2:medium,+,0.625
180,3:low,2:medium,+,0.625
181,2:medium,2:medium,,0.75
182,2:medium,2:medium,,0.625
183,2:medium,2:medium,,0.625
184,2:medium,2:medium,,0.625
185,2:medium,2:medium,,0.688
186,2:medium,2:medium,,0.688
187,2:medium,2:medium,,0.75
188,3:low,2:medium,+,0.563
189,3:low,2:medium,+,0.625
190,2:medium,1:high,+,0.563
191,1:high,2:medium,+,0.563
192,3:low,2:medium,+,0.625
193,3:low,2:medium,+,0.75
194,2:medium,1:high,+,0.75
195,2:medium,2:medium,,0.563
196,2:medium,1:high,+,0.438
197,2:medium,2:medium,,0.563
198,2:medium,2:medium,,0.75
199,2:medium,2:medium,,0.688
200,2:medium,2:medium,,0.625
201,3:low,2:medium,+,0.688
202,3:low,2:medium,+,0.625
203,3:low,2:medium,+,0.688
204,3:low,2:medium,+,0.563
205,3:low,2:medium,+,0.688
206,3:low,2:medium,+,0.75
207,3:low,2:medium,+,0.75
208,3:low,2:medium,+,0.75
209,3:low,2:medium,+,0.813
210,3:low,2:medium,+,0.813
211,3:low,2:medium,+,0.625
212,3:low,2:medium,+,0.813
213,3:low,2:medium,+,0.688
214,3:low,2:medium,+,0.813
215,3:low,2:medium,+,0.75
216,3:low,2:medium,+,0.688
217,3:low,2:medium,+,0.563
218,2:medium,2:medium,,0.813
219,3:low,2:medium,+,0.813
220,3:low,2:medium,+,0.75
221,3:low,2:medium,+,0.75
222,3:low,2:medium,+,0.75
223,3:low,2:medium,+,0.688
224,2:medium,2:medium,,0.563
225,3:low,2:medium,+,0.813
226,2:medium,2:medium,,0.813
227,2:medium,2:medium,,0.688
228,3:low,2:medium,+,0.813
229,2:medium,2:medium,,0.5
230,3:low,2:medium,+,0.75
231,3:low,2:medium,+,0.875
232,3:low,2:medium,+,0.875
233,3:low,2:medium,+,0.813
234,3:low,2:medium,+,0.938
235,2:medium,2:medium,,0.875
236,3:low,2:medium,+,0.875
237,3:low,2:medium,+,0.75
238,2:medium,2:medium,,0.75
239,3:low,2:medium,+,0.813
240,3:low,2:medium,+,0.813
241,3:low,2:medium,+,0.813
242,3:low,2:medium,+,0.75
243,2:medium,2:medium,,0.688
244,3:low,2:medium,+,0.625
245,3:low,2:medium,+,0.688
246,2:medium,2:medium,,0.75
247,3:low,2:medium,+,0.813
248,3:low,2:medium,+,0.688
249,2:medium,2:medium,,0.688
250,2:medium,2:medium,,0.75
251,3:low,2:medium,+,0.75
252,3:low,2:medium,+,0.625
253,3:low,2:medium,+,0.688
254,3:low,2:medium,+,0.75
255,3:low,2:medium,+,0.75
256,3:low,2:medium,+,0.688
257,3:low,2:medium,+,0.625
258,2:medium,2:medium,,0.813
259,2:medium,2:medium,,0.75
260,3:low,2:medium,+,0.625
261,3:low,2:medium,+,0.75
262,2:medium,2:medium,,0.75
263,3:low,2:medium,+,0.688
264,3:low,2:medium,+,0.688
265,3:low,2:medium,+,0.938
266,2:medium,2:medium,,0.688
267,3:low,2:medium,+,0.75
268,3:low,2:medium,+,0.813
269,3:low,1:high,+,0.625
270,3:low,2:medium,+,0.688
271,3:low,2:medium,+,0.688
272,2:medium,2:medium,,0.625
273,2:medium,2:medium,,0.625
274,2:medium,2:medium,,0.688
275,1:high,2:medium,+,0.563
276,3:low,2:medium,+,0.75
277,3:low,2:medium,+,0.75
278,3:low,2:medium,+,0.688
279,2:medium,2:medium,,0.688
280,2:medium,2:medium,,0.625
281,3:low,2:medium,+,0.688
282,3:low,2:medium,+,0.688
283,2:medium,2:medium,,0.688
284,3:low,2:medium,+,0.625
285,3:low,2:medium,+,0.625
286,2:medium,2:medium,,0.688
287,3:low,2:medium,+,0.625
288,1:high,1:high,,0.875
289,1:high,1:high,,0.813
290,2:medium,2:medium,,0.563
291,3:low,2:medium,+,0.5
292,3:low,2:medium,+,0.563
293,2:medium,1:high,+,0.563
294,2:medium,2:medium,,0.688
295,2:medium,1:high,+,0.75
296,2:medium,1:high,+,0.75
297,2:medium,1:high,+,0.75
298,2:medium,1:high,+,0.875
299,3:low,1:high,+,0.875
300,3:low,1:high,+,0.875
301,2:medium,1:high,+,0.75
302,1:high,1:high,,0.5
303,3:low,2:medium,+,0.625
304,3:low,2:medium,+,0.563
305,3:low,1:high,+,0.875
306,3:low,2:medium,+,0.625
307,3:low,2:medium,+,0.75
308,2:medium,2:medium,,0.688
309,3:low,2:medium,+,0.625
310,3:low,2:medium,+,0.625
311,3:low,2:medium,+,0.563
312,2:medium,2:medium,,0.5
313,2:medium,2:medium,,0.5
314,3:low,2:medium,+,0.563
315,2:medium,2:medium,,0.5
316,3:low,2:medium,+,0.625
317,3:low,2:medium,+,0.563
318,2:medium,2:medium,,0.5
319,3:low,2:medium,+,0.625
320,3:low,2:medium,+,0.563
321,2:medium,2:medium,,0.5
322,3:low,2:medium,+,0.563
323,3:low,2:medium,+,0.5
324,3:low,2:medium,+,0.563
325,3:low,2:medium,+,0.563
326,3:low,2:medium,+,0.563
327,2:medium,2:medium,,0.563
328,2:medium,2:medium,,0.625
329,2:medium,2:medium,,0.563
330,2:medium,2:medium,,0.5
331,3:low,2:medium,+,0.5
332,2:medium,2:medium,,0.5
333,2:medium,2:medium,,0.625
334,3:low,1:high,+,0.5
335,3:low,1:high,+,0.438
336,3:low,2:medium,+,0.563
337,3:low,2:medium,+,0.563
338,3:low,2:medium,+,0.563
339,2:medium,2:medium,,0.563
340,3:low,2:medium,+,0.5
341,3:low,2:medium,+,0.5
342,3:low,2:medium,+,0.625
343,3:low,2:medium,+,0.625
344,3:low,1:high,+,0.563
345,3:low,2:medium,+,0.688
346,3:low,2:medium,+,0.625
347,3:low,2:medium,+,0.688
348,2:medium,2:medium,,0.563
349,3:low,2:medium,+,0.625
350,3:low,2:medium,+,0.688
351,3:low,2:medium,+,0.688
352,2:medium,2:medium,,0.625
353,3:low,2:medium,+,0.688
354,2:medium,2:medium,,0.563
355,3:low,2:medium,+,0.688
356,3:low,2:medium,+,0.688
357,1:high,1:high,,0.875
358,3:low,2:medium,+,0.625
359,3:low,2:medium,+,0.625
360,3:low,2:medium,+,0.625
361,3:low,2:medium,+,0.688
362,3:low,2:medium,+,0.688
363,3:low,2:medium,+,0.688
364,3:low,2:medium,+,0.688
365,3:low,2:medium,+,0.688
366,3:low,2:medium,+,0.75
367,3:low,2:medium,+,0.625
368,3:low,2:medium,+,0.688
369,3:low,2:medium,+,0.438
370,3:low,2:medium,+,0.563
371,3:low,2:medium,+,0.5
372,3:low,2:medium,+,0.563
373,3:low,2:medium,+,0.563
374,3:low,2:medium,+,0.625
375,3:low,2:medium,+,0.563
376,3:low,2:medium,+,0.5
377,3:low,2:medium,+,0.5
378,3:low,2:medium,+,0.625
379,3:low,2:medium,+,0.5
380,3:low,2:medium,+,0.5
381,3:low,2:medium,+,0.5
382,3:low,2:medium,+,0.625
383,3:low,2:medium,+,0.5
384,3:low,2:medium,+,0.5
385,3:low,2:medium,+,0.625
386,3:low,2:medium,+,0.563
387,2:medium,2:medium,,0.563
388,3:low,2:medium,+,0.688
389,3:low,2:medium,+,0.5
390,3:low,2:medium,+,0.563
391,3:low,2:medium,+,0.563
392,3:low,2:medium,+,0.625
393,3:low,2:medium,+,0.625
394,3:low,1:high,+,0.5
395,3:low,2:medium,+,0.625
396,2:medium,2:medium,,0.625
397,2:medium,2:medium,,0.563
398,2:medium,2:medium,,0.563
399,2:medium,2:medium,,0.5
400,3:low,2:medium,+,0.5
401,3:low,2:medium,+,0.563
402,3:low,2:medium,+,0.625
403,1:high,1:high,,0.688
404,1:high,1:high,,0.813
405,1:high,1:high,,0.75
406,1:high,1:high,,0.75
407,1:high,1:high,,0.75
408,1:high,1:high,,0.813
409,1:high,1:high,,0.813
410,1:high,1:high,,0.75
411,1:high,1:high,,0.938
412,1:high,1:high,,0.938
413,1:high,1:high,,0.875
414,1:high,1:high,,0.75
415,1:high,1:high,,0.875
416,1:high,1:high,,0.813
417,1:high,1:high,,0.75
418,1:high,1:high,,0.875
419,1:high,1:high,,0.938
420,1:high,1:high,,0.938
421,1:high,1:high,,0.938
422,1:high,1:high,,0.938
423,1:high,1:high,,0.938
424,1:high,1:high,,0.875
425,1:high,1:high,,0.875
426,1:high,1:high,,0.875
427,1:high,1:high,,0.563
428,1:high,1:high,,0.5
429,2:medium,1:high,+,0.563
430,3:low,2:medium,+,0.563
431,2:medium,2:medium,,0.5
432,1:high,1:high,,0.688
433,3:low,2:medium,+,0.563
434,3:low,2:medium,+,0.625
435,2:medium,2:medium,,0.5
436,1:high,2:medium,+,0.563
437,3:low,2:medium,+,0.563
438,3:low,2:medium,+,0.625
439,2:medium,1:high,+,0.438
440,2:medium,1:high,+,0.5
441,3:low,2:medium,+,0.625
442,1:high,2:medium,+,0.625
443,2:medium,2:medium,,0.625
444,3:low,2:medium,+,0.688
445,3:low,2:medium,+,0.625
446,2:medium,2:medium,,0.688
447,2:medium,2:medium,,0.625
448,3:low,1:high,+,0.375
449,2:medium,1:high,+,0.5
450,3:low,2:medium,+,0.688
451,2:medium,2:medium,,0.75
452,2:medium,2:medium,,0.625
453,2:medium,2:medium,,0.688
454,3:low,2:medium,+,0.75
455,2:medium,2:medium,,0.688
456,3:low,2:medium,+,0.625
457,2:medium,2:medium,,0.75
458,3:low,2:medium,+,0.75
459,3:low,2:medium,+,0.813
460,2:medium,2:medium,,0.75
461,2:medium,2:medium,,0.75
462,2:medium,2:medium,,0.688
463,2:medium,1:high,+,0.75
464,2:medium,2:medium,,0.75
465,3:low,2:medium,+,0.625
466,2:medium,2:medium,,0.438
467,3:low,2:medium,+,0.688
468,2:medium,2:medium,,0.688
469,3:low,2:medium,+,0.625
470,3:low,2:medium,+,0.688
471,1:high,2:medium,+,0.438
472,3:low,2:medium,+,0.688
473,3:low,2:medium,+,0.688
474,2:medium,2:medium,,0.75
475,1:high,2:medium,+,0.75
476,2:medium,2:medium,,0.688
477,3:low,2:medium,+,0.563
478,3:low,2:medium,+,0.688
479,3:low,2:medium,+,0.688
480,3:low,2:medium,+,0.75

