inst#,actual,predicted,error,prediction
1,2:medium,2:medium,,1
2,2:medium,2:medium,,1
3,2:medium,2:medium,,1
4,2:medium,2:medium,,1
5,2:medium,2:medium,,1
6,2:medium,2:medium,,1
7,2:medium,3:low,+,1
8,2:medium,2:medium,,1
9,2:medium,2:medium,,1
10,2:medium,2:medium,,1
11,3:low,2:medium,+,1
12,3:low,3:low,,1
13,3:low,2:medium,+,0.587
14,3:low,2:medium,+,1
15,2:medium,2:medium,,1
16,3:low,2:medium,+,0.999
17,2:medium,2:medium,,1
18,3:low,2:medium,+,1
19,3:low,2:medium,+,1
20,2:medium,3:low,+,1
21,2:medium,2:medium,,0.736
22,2:medium,2:medium,,1
23,2:medium,2:medium,,1
24,2:medium,3:low,+,0.994
25,2:medium,3:low,+,1
26,2:medium,2:medium,,1
27,2:medium,3:low,+,0.97
28,2:medium,2:medium,,1
29,2:medium,2:medium,,0.998
30,3:low,2:medium,+,0.983
31,2:medium,2:medium,,1
32,2:medium,3:low,+,1
33,3:low,3:low,,1
34,3:low,2:medium,+,1
35,2:medium,2:medium,,1
36,1:high,2:medium,+,1
37,1:high,2:medium,+,0.986
38,2:medium,3:low,+,0.999
39,2:medium,3:low,+,1
40,2:medium,3:low,+,0.638
41,2:medium,2:medium,,0.937
42,2:medium,3:low,+,1
43,2:medium,3:low,+,1
44,2:medium,3:low,+,1
45,3:low,3:low,,1
46,2:medium,2:medium,,1
47,2:medium,3:low,+,1
48,2:medium,3:low,+,1
49,2:medium,3:low,+,1
50,3:low,3:low,,1
51,3:low,3:low,,0.999
52,2:medium,1:high,+,1
53,2:medium,2:medium,,1
54,2:medium,2:medium,,1
55,2:medium,2:medium,,1
56,2:medium,3:low,+,0.985
57,2:medium,3:low,+,1
58,2:medium,1:high,+,1
59,2:medium,3:low,+,0.933
60,2:medium,2:medium,,1
61,2:medium,2:medium,,1
62,2:medium,2:medium,,1
63,2:medium,2:medium,,1
64,2:medium,2:medium,,0.863
65,1:high,2:medium,+,1
66,2:medium,2:medium,,1
67,2:medium,3:low,+,1
68,2:medium,2:medium,,1
69,2:medium,3:low,+,1
70,3:low,2:medium,+,1
71,3:low,3:low,,1
72,2:medium,2:medium,,1
73,1:high,2:medium,+,1
74,2:medium,2:medium,,1
75,2:medium,2:medium,,1
76,2:medium,2:medium,,1
77,2:medium,3:low,+,1
78,2:medium,2:medium,,0.995
79,2:medium,2:medium,,1
80,2:medium,2:medium,,1
81,1:high,3:low,+,1
82,2:medium,2:medium,,1
83,2:medium,2:medium,,1
84,2:medium,3:low,+,0.989
85,2:medium,1:high,+,1
86,2:medium,2:medium,,0.998
87,3:low,3:low,,0.861
88,3:low,3:low,,0.998
89,3:low,2:medium,+,1
90,2:medium,2:medium,,1
91,2:medium,2:medium,,1
92,2:medium,2:medium,,1
93,2:medium,2:medium,,1
94,2:medium,2:medium,,1
95,2:medium,2:medium,,1
96,3:low,2:medium,+,0.87
97,2:medium,2:medium,,1
98,2:medium,1:high,+,1
99,2:medium,2:medium,,1
100,3:low,2:medium,+,0.986
101,2:medium,2:medium,,1
102,2:medium,2:medium,,1
103,2:medium,2:medium,,1
104,3:low,2:medium,+,1
105,2:medium,2:medium,,1
106,2:medium,2:medium,,1
107,2:medium,2:medium,,1
108,2:medium,2:medium,,0.927
109,2:medium,2:medium,,1
110,2:medium,2:medium,,1
111,2:medium,2:medium,,1
112,2:medium,2:medium,,1
113,2:medium,2:medium,,1
114,2:medium,2:medium,,1
115,3:low,2:medium,+,1
116,2:medium,2:medium,,1
117,3:low,2:medium,+,1
118,3:low,2:medium,+,1
119,3:low,2:medium,+,1
120,3:low,2:medium,+,1
121,3:low,2:medium,+,1
122,2:medium,1:high,+,1
123,2:medium,1:high,+,1
124,3:low,2:medium,+,1
125,3:low,2:medium,+,1
126,2:medium,2:medium,,1
127,2:medium,2:medium,,1
128,2:medium,2:medium,,1
129,1:high,1:high,,1
130,1:high,1:high,,1
131,1:high,1:high,,1
132,1:high,1:high,,1
133,1:high,1:high,,1
134,1:high,1:high,,1
135,1:high,1:high,,1
136,1:high,1:high,,1
137,1:high,1:high,,1
138,1:high,1:high,,1
139,1:high,1:high,,1
140,1:high,1:high,,1
141,1:high,1:high,,1
142,1:high,1:high,,1
143,1:high,1:high,,1
144,1:high,1:high,,1
145,1:high,1:high,,1
146,1:high,1:high,,1
147,1:high,1:high,,1
148,1:high,1:high,,1
149,1:high,1:high,,1
150,1:high,1:high,,1
151,1:high,1:high,,1
152,1:high,1:high,,1
153,1:high,1:high,,1
154,1:high,1:high,,1
155,1:high,1:high,,1
156,1:high,1:high,,1
157,1:high,1:high,,1
158,1:high,1:high,,1
159,1:high,1:high,,1
160,1:high,1:high,,1
161,1:high,1:high,,1
162,1:high,1:high,,1
163,1:high,1:high,,1
164,1:high,1:high,,1
165,1:high,1:high,,1
166,3:low,2:medium,+,1
167,2:medium,2:medium,,1
168,3:low,1:high,+,0.994
169,3:low,2:medium,+,1
170,3:low,2:medium,+,1
171,3:low,2:medium,+,1
172,2:medium,2:medium,,1
173,2:medium,1:high,+,0.998
174,3:low,2:medium,+,1
175,3:low,2:medium,+,1
176,3:low,2:medium,+,1
177,3:low,1:high,+,0.999
178,3:low,2:medium,+,1
179,3:low,2:medium,+,1
180,3:low,2:medium,+,1
181,2:medium,2:medium,,1
182,2:medium,2:medium,,0.705
183,2:medium,1:high,+,1
184,2:medium,2:medium,,1
185,2:medium,2:medium,,1
186,2:medium,2:medium,,1
187,2:medium,2:medium,,1
188,3:low,2:medium,+,1
189,3:low,2:medium,+,1
190,2:medium,1:high,+,0.853
191,1:high,2:medium,+,1
192,3:low,2:medium,+,1
193,3:low,2:medium,+,1
194,2:medium,1:high,+,1
195,2:medium,1:high,+,0.999
196,2:medium,1:high,+,0.786
197,2:medium,2:medium,,1
198,2:medium,2:medium,,1
199,2:medium,2:medium,,1
200,2:medium,1:high,+,1
201,3:low,2:medium,+,1
202,3:low,2:medium,+,1
203,3:low,2:medium,+,1
204,3:low,2:medium,+,0.977
205,3:low,2:medium,+,1
206,3:low,2:medium,+,1
207,3:low,2:medium,+,1
208,3:low,2:medium,+,1
209,3:low,2:medium,+,1
210,3:low,2:medium,+,1
211,3:low,2:medium,+,1
212,3:low,2:medium,+,1
213,3:low,1:high,+,1
214,3:low,2:medium,+,1
215,3:low,2:medium,+,1
216,3:low,2:medium,+,1
217,3:low,2:medium,+,0.544
218,2:medium,2:medium,,1
219,3:low,2:medium,+,1
220,3:low,2:medium,+,1
221,3:low,2:medium,+,1
222,3:low,2:medium,+,1
223,3:low,2:medium,+,1
224,2:medium,1:high,+,1
225,3:low,2:medium,+,1
226,2:medium,2:medium,,1
227,2:medium,2:medium,,1
228,3:low,2:medium,+,1
229,2:medium,1:high,+,1
230,3:low,1:high,+,1
231,3:low,2:medium,+,1
232,3:low,2:medium,+,1
233,3:low,2:medium,+,1
234,3:low,2:medium,+,1
235,2:medium,2:medium,,1
236,3:low,2:medium,+,1
237,3:low,2:medium,+,0.729
238,2:medium,2:medium,,0.842
239,3:low,2:medium,+,1
240,3:low,2:medium,+,1
241,3:low,2:medium,+,1
242,3:low,2:medium,+,1
243,2:medium,1:high,+,1
244,3:low,1:high,+,1
245,3:low,2:medium,+,0.597
246,2:medium,2:medium,,1
247,3:low,2:medium,+,1
248,3:low,2:medium,+,1
249,2:medium,2:medium,,0.632
250,2:medium,2:medium,,1
251,3:low,2:medium,+,1
252,3:low,2:medium,+,1
253,3:low,2:medium,+,0.993
254,3:low,1:high,+,1
255,3:low,1:high,+,1
256,3:low,1:high,+,0.988
257,3:low,1:high,+,1
258,2:medium,2:medium,,1
259,2:medium,1:high,+,0.999
260,3:low,1:high,+,1
261,3:low,1:high,+,0.89
262,2:medium,1:high,+,0.89
263,3:low,1:high,+,1
264,3:low,2:medium,+,0.995
265,3:low,2:medium,+,1
266,2:medium,2:medium,,0.994
267,3:low,2:medium,+,0.944
268,3:low,1:high,+,1
269,3:low,2:medium,+,0.936
270,3:low,1:high,+,0.985
271,3:low,2:medium,+,0.57
272,2:medium,1:high,+,0.999
273,2:medium,1:high,+,0.999
274,2:medium,1:high,+,1
275,1:high,1:high,,1
276,3:low,2:medium,+,1
277,3:low,2:medium,+,1
278,3:low,2:medium,+,0.999
279,2:medium,2:medium,,1
280,2:medium,1:high,+,1
281,3:low,2:medium,+,0.992
282,3:low,2:medium,+,1
283,2:medium,2:medium,,1
284,3:low,1:high,+,0.99
285,3:low,2:medium,+,1
286,2:medium,2:medium,,0.99
287,3:low,2:medium,+,0.647
288,1:high,1:high,,0.975
289,1:high,1:high,,1
290,2:medium,1:high,+,1
291,3:low,1:high,+,1
292,3:low,2:medium,+,1
293,2:medium,2:medium,,1
294,2:medium,2:medium,,1
295,2:medium,1:high,+,1
296,2:medium,1:high,+,1
297,2:medium,1:high,+,1
298,2:medium,1:high,+,1
299,3:low,1:high,+,1
300,3:low,1:high,+,1
301,2:medium,1:high,+,1
302,1:high,1:high,,1
303,3:low,1:high,+,1
304,3:low,1:high,+,1
305,3:low,1:high,+,1
306,3:low,2:medium,+,1
307,3:low,2:medium,+,1
308,2:medium,2:medium,,1
309,3:low,1:high,+,0.914
310,3:low,2:medium,+,1
311,3:low,2:medium,+,1
312,2:medium,2:medium,,1
313,2:medium,2:medium,,1
314,3:low,2:medium,+,0.999
315,2:medium,2:medium,,1
316,3:low,2:medium,+,1
317,3:low,2:medium,+,1
318,2:medium,2:medium,,1
319,3:low,2:medium,+,1
320,3:low,2:medium,+,1
321,2:medium,2:medium,,0.992
322,3:low,2:medium,+,1
323,3:low,2:medium,+,1
324,3:low,2:medium,+,1
325,3:low,2:medium,+,1
326,3:low,2:medium,+,1
327,2:medium,2:medium,,1
328,2:medium,2:medium,,1
329,2:medium,2:medium,,1
330,2:medium,2:medium,,1
331,3:low,2:medium,+,1
332,2:medium,2:medium,,1
333,2:medium,2:medium,,1
334,3:low,2:medium,+,1
335,3:low,2:medium,+,1
336,3:low,2:medium,+,1
337,3:low,2:medium,+,1
338,3:low,2:medium,+,1
339,2:medium,2:medium,,1
340,3:low,2:medium,+,1
341,3:low,2:medium,+,1
342,3:low,2:medium,+,1
343,3:low,2:medium,+,1
344,3:low,1:high,+,0.777
345,3:low,2:medium,+,1
346,3:low,2:medium,+,1
347,3:low,2:medium,+,1
348,2:medium,2:medium,,1
349,3:low,2:medium,+,1
350,3:low,2:medium,+,1
351,3:low,2:medium,+,1
352,2:medium,2:medium,,1
353,3:low,2:medium,+,1
354,2:medium,2:medium,,0.979
355,3:low,2:medium,+,1
356,3:low,1:high,+,0.929
357,1:high,1:high,,1
358,3:low,2:medium,+,1
359,3:low,2:medium,+,1
360,3:low,2:medium,+,1
361,3:low,2:medium,+,1
362,3:low,2:medium,+,1
363,3:low,2:medium,+,1
364,3:low,2:medium,+,1
365,3:low,2:medium,+,1
366,3:low,2:medium,+,1
367,3:low,2:medium,+,1
368,3:low,2:medium,+,1
369,3:low,2:medium,+,1
370,3:low,2:medium,+,1
371,3:low,2:medium,+,1
372,3:low,2:medium,+,1
373,3:low,2:medium,+,1
374,3:low,2:medium,+,0.998
375,3:low,1:high,+,1
376,3:low,2:medium,+,0.997
377,3:low,1:high,+,0.997
378,3:low,2:medium,+,0.977
379,3:low,1:high,+,0.953
380,3:low,1:high,+,0.954
381,3:low,1:high,+,1
382,3:low,1:high,+,0.965
383,3:low,1:high,+,0.759
384,3:low,1:high,+,1
385,3:low,2:medium,+,1
386,3:low,2:medium,+,0.981
387,2:medium,2:medium,,1
388,3:low,2:medium,+,1
389,3:low,2:medium,+,0.999
390,3:low,2:medium,+,0.999
391,3:low,2:medium,+,1
392,3:low,2:medium,+,1
393,3:low,2:medium,+,1
394,3:low,2:medium,+,0.972
395,3:low,1:high,+,0.977
396,2:medium,1:high,+,1
397,2:medium,1:high,+,1
398,2:medium,2:medium,,0.863
399,2:medium,2:medium,,0.872
400,3:low,2:medium,+,1
401,3:low,2:medium,+,1
402,3:low,2:medium,+,1
403,1:high,1:high,,1
404,1:high,1:high,,1
405,1:high,1:high,,1
406,1:high,1:high,,1
407,1:high,1:high,,1
408,1:high,1:high,,1
409,1:high,1:high,,1
410,1:high,1:high,,1
411,1:high,1:high,,1
412,1:high,1:high,,1
413,1:high,1:high,,1
414,1:high,1:high,,1
415,1:high,1:high,,1
416,1:high,1:high,,1
417,1:high,1:high,,1
418,1:high,1:high,,1
419,1:high,1:high,,1
420,1:high,1:high,,1
421,1:high,1:high,,1
422,1:high,1:high,,1
423,1:high,1:high,,1
424,1:high,1:high,,1
425,1:high,1:high,,1
426,1:high,1:high,,1
427,1:high,2:medium,+,0.995
428,1:high,1:high,,1
429,2:medium,1:high,+,0.684
430,3:low,1:high,+,1
431,2:medium,1:high,+,0.596
432,1:high,1:high,,1
433,3:low,1:high,+,1
434,3:low,2:medium,+,0.999
435,2:medium,1:high,+,0.638
436,1:high,1:high,,1
437,3:low,2:medium,+,1
438,3:low,1:high,+,1
439,2:medium,1:high,+,1
440,2:medium,2:medium,,1
441,3:low,1:high,+,1
442,1:high,2:medium,+,0.523
443,2:medium,2:medium,,1
444,3:low,2:medium,+,1
445,3:low,2:medium,+,1
446,2:medium,2:medium,,0.998
447,2:medium,1:high,+,1
448,3:low,2:medium,+,1
449,2:medium,1:high,+,1
450,3:low,1:high,+,1
451,2:medium,1:high,+,1
452,2:medium,2:medium,,0.999
453,2:medium,1:high,+,1
454,3:low,2:medium,+,1
455,2:medium,1:high,+,0.76
456,3:low,2:medium,+,1
457,2:medium,2:medium,,1
458,3:low,2:medium,+,0.982
459,3:low,2:medium,+,1
460,2:medium,2:medium,,1
461,2:medium,1:high,+,1
462,2:medium,2:medium,,1
463,2:medium,1:high,+,1
464,2:medium,2:medium,,1
465,3:low,1:high,+,1
466,2:medium,2:medium,,1
467,3:low,2:medium,+,1
468,2:medium,2:medium,,1
469,3:low,2:medium,+,1
470,3:low,2:medium,+,1
471,1:high,2:medium,+,1
472,3:low,2:medium,+,1
473,3:low,2:medium,+,1
474,2:medium,2:medium,,1
475,1:high,1:high,,0.812
476,2:medium,2:medium,,1
477,3:low,2:medium,+,1
478,3:low,2:medium,+,1
479,3:low,2:medium,+,1
480,3:low,2:medium,+,1

