inst#,actual,predicted,error,prediction
1,2:medium,2:medium,,0.73
2,2:medium,2:medium,,0.801
3,2:medium,2:medium,,0.807
4,2:medium,2:medium,,0.626
5,2:medium,2:medium,,0.73
6,2:medium,2:medium,,0.625
7,2:medium,2:medium,,0.73
8,2:medium,2:medium,,0.73
9,2:medium,2:medium,,0.6
10,2:medium,2:medium,,0.645
11,3:low,2:medium,+,0.678
12,3:low,2:medium,+,0.516
13,3:low,2:medium,+,0.54
14,3:low,2:medium,+,0.644
15,2:medium,2:medium,,0.828
16,3:low,2:medium,+,0.54
17,2:medium,2:medium,,0.697
18,3:low,2:medium,+,0.599
19,3:low,2:medium,+,0.809
20,2:medium,2:medium,,0.573
21,2:medium,2:medium,,0.696
22,2:medium,2:medium,,0.8
23,2:medium,2:medium,,0.677
24,2:medium,2:medium,,0.703
25,2:medium,2:medium,,0.591
26,2:medium,2:medium,,0.54
27,2:medium,2:medium,,0.653
28,2:medium,2:medium,,0.547
29,2:medium,2:medium,,0.574
30,3:low,2:medium,+,0.702
31,2:medium,2:medium,,0.626
32,2:medium,2:medium,,0.677
33,3:low,2:medium,+,0.573
34,3:low,2:medium,+,0.624
35,2:medium,2:medium,,0.468
36,1:high,2:medium,+,0.547
37,1:high,1:high,,0.65
38,2:medium,2:medium,,0.608
39,2:medium,2:medium,,0.469
40,2:medium,2:medium,,0.574
41,2:medium,2:medium,,0.651
42,2:medium,2:medium,,0.755
43,2:medium,2:medium,,0.6
44,2:medium,2:medium,,0.73
45,3:low,2:medium,+,0.522
46,2:medium,2:medium,,0.722
47,2:medium,2:medium,,0.503
48,2:medium,3:low,+,0.469
49,2:medium,2:medium,,0.678
50,3:low,3:low,,0.495
51,3:low,2:medium,+,0.714
52,2:medium,2:medium,,0.364
53,2:medium,2:medium,,0.67
54,2:medium,2:medium,,0.374
55,2:medium,2:medium,,0.707
56,2:medium,2:medium,,0.687
57,2:medium,2:medium,,0.688
58,2:medium,1:high,+,0.384
59,2:medium,2:medium,,0.634
60,2:medium,2:medium,,0.496
61,2:medium,2:medium,,0.469
62,2:medium,2:medium,,0.521
63,2:medium,2:medium,,0.834
64,2:medium,2:medium,,0.427
65,1:high,2:medium,+,0.53
66,2:medium,2:medium,,0.686
67,2:medium,3:low,+,0.548
68,2:medium,3:low,+,0.55
69,2:medium,2:medium,,0.6
70,3:low,2:medium,+,0.757
71,3:low,2:medium,+,0.505
72,2:medium,2:medium,,0.651
73,1:high,2:medium,+,0.599
74,2:medium,2:medium,,0.54
75,2:medium,2:medium,,0.593
76,2:medium,2:medium,,0.567
77,2:medium,2:medium,,0.782
78,2:medium,2:medium,,0.678
79,2:medium,2:medium,,0.67
80,2:medium,2:medium,,0.575
81,1:high,2:medium,+,0.66
82,2:medium,2:medium,,0.661
83,2:medium,2:medium,,0.628
84,2:medium,2:medium,,0.68
85,2:medium,1:high,+,0.599
86,2:medium,2:medium,,0.521
87,3:low,2:medium,+,0.686
88,3:low,2:medium,+,0.548
89,3:low,2:medium,+,0.488
90,2:medium,2:medium,,0.6
91,2:medium,2:medium,,0.626
92,2:medium,2:medium,,0.471
93,2:medium,2:medium,,0.574
94,2:medium,2:medium,,0.444
95,2:medium,2:medium,,0.678
96,3:low,2:medium,+,0.522
97,2:medium,2:medium,,0.601
98,2:medium,2:medium,,0.574
99,2:medium,2:medium,,0.496
100,3:low,2:medium,+,0.548
101,2:medium,2:medium,,0.548
102,2:medium,2:medium,,0.573
103,2:medium,2:medium,,0.495
104,3:low,2:medium,+,0.442
105,2:medium,3:low,+,0.518
106,2:medium,3:low,+,0.492
107,2:medium,3:low,+,0.412
108,2:medium,3:low,+,0.466
109,2:medium,2:medium,,0.443
110,2:medium,2:medium,,0.443
111,2:medium,3:low,+,0.572
112,2:medium,3:low,+,0.412
113,2:medium,2:medium,,0.522
114,2:medium,2:medium,,0.469
115,3:low,2:medium,+,0.523
116,2:medium,2:medium,,0.809
117,3:low,2:medium,+,0.704
118,3:low,2:medium,+,0.756
119,3:low,2:medium,+,0.781
120,3:low,2:medium,+,0.834
121,3:low,2:medium,+,0.704
122,2:medium,2:medium,,0.445
123,2:medium,2:medium,,0.574
124,3:low,2:medium,+,0.6
125,3:low,2:medium,+,0.626
126,2:medium,2:medium,,0.724
127,2:medium,2:medium,,0.836
128,2:medium,2:medium,,0.705
129,1:high,1:high,,0.601
130,1:high,1:high,,0.788
131,1:high,1:high,,0.708
132,1:high,1:high,,0.762
133,1:high,1:high,,0.92
134,1:high,1:high,,0.867
135,1:high,1:high,,0.708
136,1:high,1:high,,0.814
137,1:high,1:high,,0.601
138,1:high,1:high,,0.574
139,1:high,1:high,,0.547
140,1:high,1:high,,0.52
141,1:high,1:high,,0.574
142,1:high,1:high,,0.627
143,1:high,1:high,,0.626
144,1:high,1:high,,0.811
145,1:high,1:high,,0.52
146,1:high,1:high,,0.547
147,1:high,1:high,,0.493
148,1:high,1:high,,0.653
149,1:high,1:high,,0.6
150,1:high,1:high,,0.626
151,1:high,1:high,,0.787
152,1:high,1:high,,0.741
153,1:high,1:high,,0.547
154,1:high,1:high,,0.599
155,1:high,1:high,,0.599
156,1:high,1:high,,0.572
157,1:high,1:high,,0.6
158,1:high,1:high,,0.759
159,1:high,1:high,,0.652
160,1:high,1:high,,0.759
161,1:high,1:high,,0.892
162,1:high,2:medium,+,0.462
163,1:high,1:high,,0.627
164,1:high,1:high,,0.706
165,1:high,1:high,,0.68
166,3:low,2:medium,+,0.861
167,2:medium,2:medium,,0.781
168,3:low,2:medium,+,0.468
169,3:low,2:medium,+,0.86
170,3:low,2:medium,+,0.861
171,3:low,2:medium,+,0.808
172,2:medium,2:medium,,0.833
173,2:medium,2:medium,,0.599
174,3:low,2:medium,+,0.781
175,3:low,2:medium,+,0.755
176,3:low,2:medium,+,0.808
177,3:low,2:medium,+,0.521
178,3:low,2:medium,+,0.703
179,3:low,2:medium,+,0.86
180,3:low,2:medium,+,0.886
181,2:medium,2:medium,,0.782
182,2:medium,2:medium,,0.548
183,2:medium,1:high,+,0.52
184,2:medium,2:medium,,0.782
185,2:medium,2:medium,,0.834
186,2:medium,2:medium,,0.834
187,2:medium,2:medium,,0.652
188,3:low,2:medium,+,0.755
189,3:low,2:medium,+,0.808
190,2:medium,1:high,+,0.521
191,1:high,2:medium,+,0.625
192,3:low,2:medium,+,0.678
193,3:low,2:medium,+,0.729
194,2:medium,1:high,+,0.678
195,2:medium,2:medium,,0.521
196,2:medium,1:high,+,0.494
197,2:medium,2:medium,,0.756
198,2:medium,2:medium,,0.834
199,2:medium,2:medium,,0.755
200,2:medium,1:high,+,0.466
201,3:low,2:medium,+,0.808
202,3:low,2:medium,+,0.574
203,3:low,2:medium,+,0.807
204,3:low,2:medium,+,0.626
205,3:low,2:medium,+,0.704
206,3:low,2:medium,+,0.912
207,3:low,2:medium,+,0.834
208,3:low,2:medium,+,0.677
209,3:low,2:medium,+,0.834
210,3:low,2:medium,+,0.6
211,3:low,2:medium,+,0.704
212,3:low,2:medium,+,0.833
213,3:low,2:medium,+,0.496
214,3:low,2:medium,+,0.781
215,3:low,2:medium,+,0.6
216,3:low,2:medium,+,0.651
217,3:low,2:medium,+,0.599
218,2:medium,2:medium,,0.73
219,3:low,2:medium,+,0.886
220,3:low,2:medium,+,0.574
221,3:low,2:medium,+,0.678
222,3:low,2:medium,+,0.625
223,3:low,2:medium,+,0.625
224,2:medium,1:high,+,0.467
225,3:low,2:medium,+,0.807
226,2:medium,2:medium,,0.704
227,2:medium,2:medium,,0.781
228,3:low,2:medium,+,0.886
229,2:medium,1:high,+,0.547
230,3:low,2:medium,+,0.573
231,3:low,2:medium,+,0.73
232,3:low,2:medium,+,0.652
233,3:low,2:medium,+,0.573
234,3:low,2:medium,+,0.86
235,2:medium,2:medium,,0.834
236,3:low,2:medium,+,0.808
237,3:low,2:medium,+,0.572
238,2:medium,2:medium,,0.625
239,3:low,2:medium,+,0.548
240,3:low,2:medium,+,0.651
241,3:low,2:medium,+,0.756
242,3:low,2:medium,+,0.653
243,2:medium,2:medium,,0.652
244,3:low,1:high,+,0.439
245,3:low,2:medium,+,0.625
246,2:medium,2:medium,,0.808
247,3:low,2:medium,+,0.729
248,3:low,2:medium,+,0.756
249,2:medium,2:medium,,0.572
250,2:medium,2:medium,,0.756
251,3:low,2:medium,+,0.782
252,3:low,2:medium,+,0.703
253,3:low,2:medium,+,0.651
254,3:low,2:medium,+,0.494
255,3:low,2:medium,+,0.573
256,3:low,2:medium,+,0.625
257,3:low,2:medium,+,0.522
258,2:medium,2:medium,,0.704
259,2:medium,2:medium,,0.521
260,3:low,2:medium,+,0.495
261,3:low,2:medium,+,0.599
262,2:medium,2:medium,,0.651
263,3:low,2:medium,+,0.547
264,3:low,2:medium,+,0.652
265,3:low,2:medium,+,0.755
266,2:medium,2:medium,,0.755
267,3:low,2:medium,+,0.703
268,3:low,2:medium,+,0.704
269,3:low,1:high,+,0.741
270,3:low,2:medium,+,0.573
271,3:low,2:medium,+,0.599
272,2:medium,2:medium,,0.468
273,2:medium,2:medium,,0.678
274,2:medium,2:medium,,0.549
275,1:high,1:high,,0.55
276,3:low,2:medium,+,0.729
277,3:low,2:medium,+,0.651
278,3:low,2:medium,+,0.703
279,2:medium,2:medium,,0.572
280,2:medium,2:medium,,0.599
281,3:low,2:medium,+,0.677
282,3:low,2:medium,+,0.651
283,2:medium,2:medium,,0.807
284,3:low,2:medium,+,0.598
285,3:low,2:medium,+,0.676
286,2:medium,2:medium,,0.651
287,3:low,2:medium,+,0.548
288,1:high,1:high,,0.838
289,1:high,1:high,,0.973
290,2:medium,1:high,+,0.502
291,3:low,1:high,+,0.551
292,3:low,2:medium,+,0.672
293,2:medium,2:medium,,0.731
294,2:medium,2:medium,,0.801
295,2:medium,1:high,+,1
296,2:medium,1:high,+,0.973
297,2:medium,1:high,+,0.973
298,2:medium,1:high,+,1
299,3:low,1:high,+,1
300,3:low,1:high,+,1
301,2:medium,1:high,+,0.866
302,1:high,1:high,,0.786
303,3:low,2:medium,+,0.704
304,3:low,1:high,+,0.546
305,3:low,1:high,+,0.662
306,3:low,2:medium,+,0.887
307,3:low,2:medium,+,0.757
308,2:medium,2:medium,,0.704
309,3:low,2:medium,+,0.521
310,3:low,2:medium,+,0.651
311,3:low,2:medium,+,0.678
312,2:medium,2:medium,,0.782
313,2:medium,2:medium,,0.599
314,3:low,2:medium,+,0.625
315,2:medium,2:medium,,0.808
316,3:low,2:medium,+,0.783
317,3:low,2:medium,+,0.757
318,2:medium,2:medium,,0.809
319,3:low,2:medium,+,0.731
320,3:low,2:medium,+,0.756
321,2:medium,2:medium,,0.731
322,3:low,2:medium,+,0.756
323,3:low,2:medium,+,0.782
324,3:low,2:medium,+,0.783
325,3:low,2:medium,+,0.782
326,3:low,2:medium,+,0.783
327,2:medium,2:medium,,0.757
328,2:medium,2:medium,,0.73
329,2:medium,2:medium,,0.783
330,2:medium,2:medium,,0.651
331,3:low,2:medium,+,0.677
332,2:medium,2:medium,,0.757
333,2:medium,2:medium,,0.783
334,3:low,2:medium,+,0.731
335,3:low,2:medium,+,0.677
336,3:low,2:medium,+,0.808
337,3:low,2:medium,+,0.835
338,3:low,2:medium,+,0.808
339,2:medium,2:medium,,0.835
340,3:low,2:medium,+,0.756
341,3:low,2:medium,+,0.782
342,3:low,2:medium,+,0.729
343,3:low,2:medium,+,0.782
344,3:low,1:high,+,0.574
345,3:low,2:medium,+,0.756
346,3:low,2:medium,+,0.782
347,3:low,2:medium,+,0.757
348,2:medium,2:medium,,0.599
349,3:low,2:medium,+,0.757
350,3:low,2:medium,+,0.73
351,3:low,2:medium,+,0.73
352,2:medium,2:medium,,0.809
353,3:low,2:medium,+,0.652
354,2:medium,2:medium,,0.547
355,3:low,2:medium,+,0.703
356,3:low,2:medium,+,0.574
357,1:high,1:high,,0.785
358,3:low,2:medium,+,0.652
359,3:low,2:medium,+,0.783
360,3:low,2:medium,+,0.704
361,3:low,2:medium,+,0.756
362,3:low,2:medium,+,0.835
363,3:low,2:medium,+,0.861
364,3:low,2:medium,+,0.729
365,3:low,2:medium,+,0.86
366,3:low,2:medium,+,0.731
367,3:low,2:medium,+,0.626
368,3:low,2:medium,+,0.809
369,3:low,2:medium,+,0.833
370,3:low,2:medium,+,0.833
371,3:low,2:medium,+,0.73
372,3:low,2:medium,+,0.781
373,3:low,2:medium,+,0.808
374,3:low,2:medium,+,0.703
375,3:low,2:medium,+,0.73
376,3:low,2:medium,+,0.782
377,3:low,2:medium,+,0.574
378,3:low,2:medium,+,0.678
379,3:low,2:medium,+,0.678
380,3:low,2:medium,+,0.521
381,3:low,2:medium,+,0.443
382,3:low,2:medium,+,0.521
383,3:low,2:medium,+,0.6
384,3:low,2:medium,+,0.599
385,3:low,2:medium,+,0.783
386,3:low,2:medium,+,0.757
387,2:medium,2:medium,,0.809
388,3:low,2:medium,+,0.704
389,3:low,2:medium,+,0.652
390,3:low,2:medium,+,0.548
391,3:low,2:medium,+,0.626
392,3:low,2:medium,+,0.651
393,3:low,2:medium,+,0.703
394,3:low,2:medium,+,0.809
395,3:low,2:medium,+,0.547
396,2:medium,2:medium,,0.547
397,2:medium,2:medium,,0.521
398,2:medium,2:medium,,0.521
399,2:medium,2:medium,,0.547
400,3:low,2:medium,+,0.548
401,3:low,2:medium,+,0.625
402,3:low,2:medium,+,0.652
403,1:high,1:high,,0.892
404,1:high,1:high,,0.92
405,1:high,1:high,,0.973
406,1:high,1:high,,0.92
407,1:high,1:high,,0.785
408,1:high,1:high,,0.866
409,1:high,1:high,,0.919
410,1:high,1:high,,0.838
411,1:high,1:high,,0.813
412,1:high,1:high,,0.867
413,1:high,1:high,,0.866
414,1:high,1:high,,0.757
415,1:high,1:high,,0.919
416,1:high,1:high,,0.786
417,1:high,1:high,,0.732
418,1:high,1:high,,0.811
419,1:high,1:high,,0.92
420,1:high,1:high,,0.838
421,1:high,1:high,,0.784
422,1:high,1:high,,0.92
423,1:high,1:high,,0.946
424,1:high,1:high,,0.866
425,1:high,1:high,,0.838
426,1:high,1:high,,0.946
427,1:high,1:high,,0.716
428,1:high,1:high,,1
429,2:medium,1:high,+,0.6
430,3:low,2:medium,+,0.756
431,2:medium,2:medium,,0.86
432,1:high,1:high,,0.946
433,3:low,2:medium,+,0.782
434,3:low,2:medium,+,0.808
435,2:medium,2:medium,,0.755
436,1:high,1:high,,0.814
437,3:low,2:medium,+,0.86
438,3:low,2:medium,+,0.652
439,2:medium,2:medium,,0.599
440,2:medium,2:medium,,0.65
441,3:low,1:high,+,0.601
442,1:high,2:medium,+,0.757
443,2:medium,2:medium,,0.703
444,3:low,2:medium,+,0.651
445,3:low,2:medium,+,0.521
446,2:medium,2:medium,,0.65
447,2:medium,2:medium,,0.65
448,3:low,2:medium,+,0.547
449,2:medium,2:medium,,0.495
450,3:low,2:medium,+,0.495
451,2:medium,1:high,+,0.654
452,2:medium,2:medium,,0.651
453,2:medium,2:medium,,0.547
454,3:low,2:medium,+,0.73
455,2:medium,2:medium,,0.573
456,3:low,2:medium,+,0.677
457,2:medium,2:medium,,0.834
458,3:low,2:medium,+,0.729
459,3:low,2:medium,+,0.834
460,2:medium,2:medium,,0.729
461,2:medium,2:medium,,0.703
462,2:medium,2:medium,,0.783
463,2:medium,1:high,+,0.893
464,2:medium,2:medium,,0.756
465,3:low,2:medium,+,0.598
466,2:medium,2:medium,,0.73
467,3:low,2:medium,+,0.78
468,2:medium,2:medium,,0.755
469,3:low,2:medium,+,0.807
470,3:low,2:medium,+,0.755
471,1:high,1:high,,0.767
472,3:low,2:medium,+,0.703
473,3:low,2:medium,+,0.729
474,2:medium,2:medium,,0.755
475,1:high,2:medium,+,0.651
476,2:medium,2:medium,,0.782
477,3:low,2:medium,+,0.626
478,3:low,2:medium,+,0.756
479,3:low,2:medium,+,0.782
480,3:low,2:medium,+,0.678

