inst#,actual,predicted,error,prediction
1,2:medium,2:medium,,0.552
2,2:medium,2:medium,,0.533
3,2:medium,2:medium,,0.566
4,2:medium,2:medium,,0.492
5,2:medium,2:medium,,0.536
6,2:medium,2:medium,,0.501
7,2:medium,2:medium,,0.519
8,2:medium,2:medium,,0.488
9,2:medium,2:medium,,0.518
10,2:medium,2:medium,,0.489
11,3:low,2:medium,+,0.472
12,3:low,2:medium,+,0.461
13,3:low,2:medium,+,0.459
14,3:low,2:medium,+,0.528
15,2:medium,2:medium,,0.522
16,3:low,2:medium,+,0.454
17,2:medium,2:medium,,0.432
18,3:low,2:medium,+,0.427
19,3:low,2:medium,+,0.435
20,2:medium,2:medium,,0.41
21,2:medium,2:medium,,0.398
22,2:medium,3:low,+,0.421
23,2:medium,3:low,+,0.453
24,2:medium,3:low,+,0.399
25,2:medium,3:low,+,0.41
26,2:medium,3:low,+,0.416
27,2:medium,3:low,+,0.416
28,2:medium,2:medium,,0.519
29,2:medium,2:medium,,0.535
30,3:low,2:medium,+,0.467
31,2:medium,2:medium,,0.485
32,2:medium,2:medium,,0.493
33,3:low,2:medium,+,0.487
34,3:low,2:medium,+,0.502
35,2:medium,2:medium,,0.485
36,1:high,2:medium,+,0.451
37,1:high,1:high,,0.567
38,2:medium,2:medium,,0.432
39,2:medium,2:medium,,0.434
40,2:medium,2:medium,,0.429
41,2:medium,2:medium,,0.457
42,2:medium,2:medium,,0.473
43,2:medium,2:medium,,0.447
44,2:medium,2:medium,,0.473
45,3:low,2:medium,+,0.421
46,2:medium,3:low,+,0.416
47,2:medium,3:low,+,0.416
48,2:medium,2:medium,,0.4
49,2:medium,3:low,+,0.411
50,3:low,3:low,,0.404
51,3:low,2:medium,+,0.456
52,2:medium,2:medium,,0.423
53,2:medium,2:medium,,0.408
54,2:medium,2:medium,,0.587
55,2:medium,2:medium,,0.451
56,2:medium,2:medium,,0.489
57,2:medium,2:medium,,0.406
58,2:medium,3:low,+,0.399
59,2:medium,2:medium,,0.481
60,2:medium,3:low,+,0.429
61,2:medium,2:medium,,0.485
62,2:medium,2:medium,,0.476
63,2:medium,2:medium,,0.46
64,2:medium,2:medium,,0.502
65,1:high,3:low,+,0.569
66,2:medium,2:medium,,0.492
67,2:medium,2:medium,,0.404
68,2:medium,2:medium,,0.42
69,2:medium,2:medium,,0.448
70,3:low,2:medium,+,0.517
71,3:low,2:medium,+,0.463
72,2:medium,2:medium,,0.494
73,1:high,2:medium,+,0.467
74,2:medium,2:medium,,0.401
75,2:medium,2:medium,,0.43
76,2:medium,3:low,+,0.42
77,2:medium,2:medium,,0.489
78,2:medium,2:medium,,0.48
79,2:medium,2:medium,,0.408
80,2:medium,3:low,+,0.41
81,1:high,3:low,+,0.441
82,2:medium,3:low,+,0.391
83,2:medium,3:low,+,0.385
84,2:medium,3:low,+,0.404
85,2:medium,1:high,+,0.6
86,2:medium,2:medium,,0.446
87,3:low,2:medium,+,0.466
88,3:low,2:medium,+,0.463
89,3:low,2:medium,+,0.424
90,2:medium,2:medium,,0.453
91,2:medium,2:medium,,0.428
92,2:medium,2:medium,,0.43
93,2:medium,2:medium,,0.473
94,2:medium,2:medium,,0.468
95,2:medium,2:medium,,0.48
96,3:low,2:medium,+,0.474
97,2:medium,2:medium,,0.482
98,2:medium,2:medium,,0.47
99,2:medium,2:medium,,0.465
100,3:low,2:medium,+,0.485
101,2:medium,2:medium,,0.464
102,2:medium,2:medium,,0.484
103,2:medium,2:medium,,0.468
104,3:low,2:medium,+,0.458
105,2:medium,2:medium,,0.484
106,2:medium,2:medium,,0.443
107,2:medium,2:medium,,0.458
108,2:medium,2:medium,,0.456
109,2:medium,2:medium,,0.466
110,2:medium,2:medium,,0.502
111,2:medium,2:medium,,0.469
112,2:medium,2:medium,,0.447
113,2:medium,2:medium,,0.53
114,2:medium,2:medium,,0.528
115,3:low,2:medium,+,0.483
116,2:medium,2:medium,,0.506
117,3:low,2:medium,+,0.493
118,3:low,2:medium,+,0.521
119,3:low,2:medium,+,0.505
120,3:low,2:medium,+,0.483
121,3:low,2:medium,+,0.486
122,2:medium,2:medium,,0.474
123,2:medium,2:medium,,0.504
124,3:low,2:medium,+,0.46
125,3:low,2:medium,+,0.483
126,2:medium,2:medium,,0.499
127,2:medium,2:medium,,0.542
128,2:medium,2:medium,,0.543
129,1:high,2:medium,+,0.439
130,1:high,1:high,,0.571
131,1:high,1:high,,0.587
132,1:high,1:high,,0.599
133,1:high,1:high,,0.6
134,1:high,1:high,,0.598
135,1:high,1:high,,0.598
136,1:high,1:high,,0.6
137,1:high,1:high,,0.6
138,1:high,1:high,,0.599
139,1:high,1:high,,0.599
140,1:high,1:high,,0.6
141,1:high,1:high,,0.592
142,1:high,1:high,,0.6
143,1:high,1:high,,0.6
144,1:high,1:high,,0.6
145,1:high,1:high,,0.6
146,1:high,1:high,,0.6
147,1:high,1:high,,0.6
148,1:high,1:high,,0.6
149,1:high,1:high,,0.6
150,1:high,1:high,,0.6
151,1:high,1:high,,0.6
152,1:high,2:medium,+,0.418
153,1:high,1:high,,0.6
154,1:high,1:high,,0.6
155,1:high,1:high,,0.6
156,1:high,1:high,,0.6
157,1:high,1:high,,0.6
158,1:high,1:high,,0.6
159,1:high,1:high,,0.6
160,1:high,1:high,,0.6
161,1:high,1:high,,0.594
162,1:high,1:high,,0.597
163,1:high,1:high,,0.6
164,1:high,1:high,,0.6
165,1:high,1:high,,0.6
166,3:low,2:medium,+,0.507
167,2:medium,2:medium,,0.457
168,3:low,2:medium,+,0.452
169,3:low,2:medium,+,0.533
170,3:low,2:medium,+,0.436
171,3:low,2:medium,+,0.459
172,2:medium,2:medium,,0.561
173,2:medium,2:medium,,0.545
174,3:low,2:medium,+,0.475
175,3:low,2:medium,+,0.496
176,3:low,2:medium,+,0.443
177,3:low,2:medium,+,0.474
178,3:low,2:medium,+,0.502
179,3:low,2:medium,+,0.46
180,3:low,2:medium,+,0.444
181,2:medium,2:medium,,0.484
182,2:medium,2:medium,,0.542
183,2:medium,2:medium,,0.553
184,2:medium,2:medium,,0.539
185,2:medium,2:medium,,0.502
186,2:medium,2:medium,,0.539
187,2:medium,2:medium,,0.447
188,3:low,2:medium,+,0.413
189,3:low,2:medium,+,0.405
190,2:medium,3:low,+,0.6
191,1:high,2:medium,+,0.494
192,3:low,2:medium,+,0.516
193,3:low,2:medium,+,0.424
194,2:medium,2:medium,,0.469
195,2:medium,2:medium,,0.524
196,2:medium,3:low,+,0.576
197,2:medium,2:medium,,0.481
198,2:medium,2:medium,,0.459
199,2:medium,2:medium,,0.482
200,2:medium,2:medium,,0.476
201,3:low,2:medium,+,0.449
202,3:low,2:medium,+,0.459
203,3:low,2:medium,+,0.469
204,3:low,2:medium,+,0.502
205,3:low,2:medium,+,0.454
206,3:low,2:medium,+,0.461
207,3:low,2:medium,+,0.454
208,3:low,2:medium,+,0.472
209,3:low,2:medium,+,0.477
210,3:low,2:medium,+,0.49
211,3:low,2:medium,+,0.517
212,3:low,2:medium,+,0.48
213,3:low,2:medium,+,0.477
214,3:low,2:medium,+,0.504
215,3:low,2:medium,+,0.497
216,3:low,2:medium,+,0.512
217,3:low,2:medium,+,0.524
218,2:medium,2:medium,,0.497
219,3:low,2:medium,+,0.492
220,3:low,2:medium,+,0.492
221,3:low,2:medium,+,0.505
222,3:low,2:medium,+,0.52
223,3:low,2:medium,+,0.504
224,2:medium,2:medium,,0.53
225,3:low,2:medium,+,0.491
226,2:medium,2:medium,,0.486
227,2:medium,2:medium,,0.531
228,3:low,2:medium,+,0.497
229,2:medium,2:medium,,0.423
230,3:low,2:medium,+,0.521
231,3:low,2:medium,+,0.483
232,3:low,2:medium,+,0.514
233,3:low,2:medium,+,0.477
234,3:low,2:medium,+,0.494
235,2:medium,2:medium,,0.51
236,3:low,2:medium,+,0.508
237,3:low,2:medium,+,0.487
238,2:medium,2:medium,,0.515
239,3:low,2:medium,+,0.493
240,3:low,2:medium,+,0.501
241,3:low,2:medium,+,0.511
242,3:low,2:medium,+,0.508
243,2:medium,2:medium,,0.492
244,3:low,2:medium,+,0.501
245,3:low,2:medium,+,0.483
246,2:medium,2:medium,,0.487
247,3:low,2:medium,+,0.48
248,3:low,2:medium,+,0.471
249,2:medium,2:medium,,0.512
250,2:medium,2:medium,,0.483
251,3:low,2:medium,+,0.474
252,3:low,2:medium,+,0.489
253,3:low,2:medium,+,0.488
254,3:low,2:medium,+,0.442
255,3:low,2:medium,+,0.484
256,3:low,2:medium,+,0.453
257,3:low,2:medium,+,0.473
258,2:medium,2:medium,,0.488
259,2:medium,2:medium,,0.474
260,3:low,2:medium,+,0.504
261,3:low,2:medium,+,0.462
262,2:medium,2:medium,,0.454
263,3:low,2:medium,+,0.431
264,3:low,2:medium,+,0.476
265,3:low,2:medium,+,0.453
266,2:medium,2:medium,,0.51
267,3:low,2:medium,+,0.458
268,3:low,2:medium,+,0.46
269,3:low,2:medium,+,0.599
270,3:low,2:medium,+,0.439
271,3:low,2:medium,+,0.442
272,2:medium,2:medium,,0.496
273,2:medium,2:medium,,0.534
274,2:medium,2:medium,,0.47
275,1:high,2:medium,+,0.6
276,3:low,2:medium,+,0.406
277,3:low,2:medium,+,0.457
278,3:low,2:medium,+,0.417
279,2:medium,3:low,+,0.399
280,2:medium,2:medium,,0.412
281,3:low,2:medium,+,0.432
282,3:low,2:medium,+,0.42
283,2:medium,2:medium,,0.449
284,3:low,2:medium,+,0.419
285,3:low,3:low,,0.434
286,2:medium,2:medium,,0.409
287,3:low,2:medium,+,0.408
288,1:high,1:high,,0.57
289,1:high,1:high,,0.586
290,2:medium,2:medium,,0.393
291,3:low,2:medium,+,0.442
292,3:low,2:medium,+,0.396
293,2:medium,2:medium,,0.426
294,2:medium,3:low,+,0.387
295,2:medium,2:medium,,0.579
296,2:medium,2:medium,,0.538
297,2:medium,2:medium,,0.594
298,2:medium,2:medium,,0.587
299,3:low,2:medium,+,0.579
300,3:low,2:medium,+,0.58
301,2:medium,1:high,+,0.589
302,1:high,2:medium,+,0.455
303,3:low,2:medium,+,0.5
304,3:low,2:medium,+,0.382
305,3:low,1:high,+,0.533
306,3:low,2:medium,+,0.532
307,3:low,2:medium,+,0.385
308,2:medium,2:medium,,0.501
309,3:low,2:medium,+,0.379
310,3:low,2:medium,+,0.477
311,3:low,2:medium,+,0.432
312,2:medium,2:medium,,0.455
313,2:medium,2:medium,,0.473
314,3:low,2:medium,+,0.473
315,2:medium,2:medium,,0.463
316,3:low,2:medium,+,0.478
317,3:low,2:medium,+,0.422
318,2:medium,2:medium,,0.481
319,3:low,2:medium,+,0.489
320,3:low,2:medium,+,0.464
321,2:medium,2:medium,,0.49
322,3:low,2:medium,+,0.476
323,3:low,2:medium,+,0.463
324,3:low,2:medium,+,0.494
325,3:low,2:medium,+,0.497
326,3:low,2:medium,+,0.504
327,2:medium,2:medium,,0.502
328,2:medium,2:medium,,0.506
329,2:medium,2:medium,,0.56
330,2:medium,2:medium,,0.567
331,3:low,2:medium,+,0.561
332,2:medium,2:medium,,0.573
333,2:medium,2:medium,,0.536
334,3:low,2:medium,+,0.57
335,3:low,2:medium,+,0.54
336,3:low,2:medium,+,0.492
337,3:low,2:medium,+,0.502
338,3:low,2:medium,+,0.465
339,2:medium,2:medium,,0.522
340,3:low,2:medium,+,0.535
341,3:low,1:high,+,0.405
342,3:low,2:medium,+,0.48
343,3:low,2:medium,+,0.447
344,3:low,2:medium,+,0.555
345,3:low,2:medium,+,0.4
346,3:low,2:medium,+,0.397
347,3:low,2:medium,+,0.443
348,2:medium,2:medium,,0.433
349,3:low,2:medium,+,0.389
350,3:low,2:medium,+,0.418
351,3:low,2:medium,+,0.414
352,2:medium,2:medium,,0.465
353,3:low,2:medium,+,0.402
354,2:medium,2:medium,,0.393
355,3:low,3:low,,0.367
356,3:low,2:medium,+,0.452
357,1:high,1:high,,0.6
358,3:low,2:medium,+,0.435
359,3:low,2:medium,+,0.442
360,3:low,2:medium,+,0.432
361,3:low,2:medium,+,0.416
362,3:low,2:medium,+,0.462
363,3:low,2:medium,+,0.45
364,3:low,2:medium,+,0.446
365,3:low,2:medium,+,0.439
366,3:low,2:medium,+,0.448
367,3:low,2:medium,+,0.483
368,3:low,2:medium,+,0.401
369,3:low,2:medium,+,0.444
370,3:low,2:medium,+,0.441
371,3:low,2:medium,+,0.429
372,3:low,2:medium,+,0.422
373,3:low,2:medium,+,0.43
374,3:low,2:medium,+,0.395
375,3:low,2:medium,+,0.438
376,3:low,2:medium,+,0.431
377,3:low,2:medium,+,0.414
378,3:low,2:medium,+,0.401
379,3:low,2:medium,+,0.372
380,3:low,2:medium,+,0.404
381,3:low,2:medium,+,0.437
382,3:low,2:medium,+,0.425
383,3:low,2:medium,+,0.472
384,3:low,2:medium,+,0.44
385,3:low,2:medium,+,0.453
386,3:low,2:medium,+,0.437
387,2:medium,2:medium,,0.494
388,3:low,2:medium,+,0.428
389,3:low,2:medium,+,0.499
390,3:low,2:medium,+,0.454
391,3:low,2:medium,+,0.463
392,3:low,2:medium,+,0.409
393,3:low,2:medium,+,0.389
394,3:low,2:medium,+,0.521
395,3:low,2:medium,+,0.413
396,2:medium,2:medium,,0.484
397,2:medium,2:medium,,0.408
398,2:medium,3:low,+,0.394
399,2:medium,2:medium,,0.366
400,3:low,2:medium,+,0.346
401,3:low,3:low,,0.357
402,3:low,3:low,,0.367
403,1:high,1:high,,0.527
404,1:high,1:high,,0.453
405,1:high,1:high,,0.475
406,1:high,1:high,,0.434
407,1:high,1:high,,0.468
408,1:high,1:high,,0.596
409,1:high,1:high,,0.599
410,1:high,1:high,,0.598
411,1:high,1:high,,0.598
412,1:high,1:high,,0.59
413,1:high,1:high,,0.599
414,1:high,1:high,,0.599
415,1:high,1:high,,0.599
416,1:high,1:high,,0.599
417,1:high,1:high,,0.599
418,1:high,1:high,,0.59
419,1:high,1:high,,0.593
420,1:high,1:high,,0.593
421,1:high,1:high,,0.589
422,1:high,1:high,,0.595
423,1:high,1:high,,0.586
424,1:high,1:high,,0.59
425,1:high,1:high,,0.582
426,1:high,1:high,,0.592
427,1:high,1:high,,0.415
428,1:high,1:high,,0.581
429,2:medium,2:medium,,0.447
430,3:low,2:medium,+,0.488
431,2:medium,2:medium,,0.519
432,1:high,1:high,,0.536
433,3:low,2:medium,+,0.497
434,3:low,2:medium,+,0.484
435,2:medium,2:medium,,0.534
436,1:high,2:medium,+,0.482
437,3:low,2:medium,+,0.491
438,3:low,2:medium,+,0.522
439,2:medium,2:medium,,0.478
440,2:medium,2:medium,,0.484
441,3:low,2:medium,+,0.488
442,1:high,2:medium,+,0.481
443,2:medium,2:medium,,0.511
444,3:low,2:medium,+,0.485
445,3:low,2:medium,+,0.485
446,2:medium,2:medium,,0.513
447,2:medium,2:medium,,0.504
448,3:low,2:medium,+,0.45
449,2:medium,2:medium,,0.528
450,3:low,2:medium,+,0.521
451,2:medium,2:medium,,0.521
452,2:medium,2:medium,,0.498
453,2:medium,2:medium,,0.53
454,3:low,2:medium,+,0.53
455,2:medium,2:medium,,0.526
456,3:low,2:medium,+,0.518
457,2:medium,2:medium,,0.528
458,3:low,2:medium,+,0.529
459,3:low,2:medium,+,0.539
460,2:medium,2:medium,,0.523
461,2:medium,2:medium,,0.524
462,2:medium,2:medium,,0.529
463,2:medium,1:high,+,0.6
464,2:medium,2:medium,,0.483
465,3:low,2:medium,+,0.521
466,2:medium,2:medium,,0.507
467,3:low,2:medium,+,0.48
468,2:medium,2:medium,,0.504
469,3:low,2:medium,+,0.475
470,3:low,2:medium,+,0.506
471,1:high,2:medium,+,0.494
472,3:low,2:medium,+,0.46
473,3:low,2:medium,+,0.483
474,2:medium,1:high,+,0.404
475,1:high,2:medium,+,0.531
476,2:medium,2:medium,,0.506
477,3:low,2:medium,+,0.511
478,3:low,2:medium,+,0.394
479,3:low,2:medium,+,0.422
480,3:low,2:medium,+,0.501

