inst#,actual,predicted,error,prediction
1,2:medium,2:medium,,0.889
2,2:medium,2:medium,,0.909
3,2:medium,2:medium,,0.939
4,2:medium,2:medium,,0.822
5,2:medium,2:medium,,0.88
6,2:medium,2:medium,,0.839
7,2:medium,2:medium,,0.817
8,2:medium,2:medium,,0.81
9,2:medium,2:medium,,0.799
10,2:medium,2:medium,,0.584
11,3:low,2:medium,+,0.769
12,3:low,3:low,,0.507
13,3:low,2:medium,+,0.764
14,3:low,2:medium,+,0.802
15,2:medium,2:medium,,0.562
16,3:low,3:low,,0.618
17,2:medium,2:medium,,0.529
18,3:low,3:low,,0.613
19,3:low,3:low,,0.499
20,2:medium,3:low,+,0.622
21,2:medium,3:low,+,0.546
22,2:medium,3:low,+,0.629
23,2:medium,3:low,+,0.534
24,2:medium,3:low,+,0.606
25,2:medium,3:low,+,0.565
26,2:medium,3:low,+,0.613
27,2:medium,3:low,+,0.588
28,2:medium,2:medium,,0.852
29,2:medium,2:medium,,0.849
30,3:low,2:medium,+,0.527
31,2:medium,2:medium,,0.671
32,2:medium,2:medium,,0.594
33,3:low,2:medium,+,0.617
34,3:low,2:medium,+,0.517
35,2:medium,2:medium,,0.555
36,1:high,2:medium,+,0.507
37,1:high,1:high,,0.949
38,2:medium,2:medium,,0.68
39,2:medium,2:medium,,0.529
40,2:medium,2:medium,,0.592
41,2:medium,2:medium,,0.741
42,2:medium,2:medium,,0.648
43,2:medium,2:medium,,0.582
44,2:medium,2:medium,,0.586
45,3:low,2:medium,+,0.582
46,2:medium,3:low,+,0.649
47,2:medium,3:low,+,0.699
48,2:medium,3:low,+,0.738
49,2:medium,3:low,+,0.665
50,3:low,3:low,,0.649
51,3:low,3:low,,0.503
52,2:medium,3:low,+,0.514
53,2:medium,3:low,+,0.504
54,2:medium,2:medium,,0.823
55,2:medium,3:low,+,0.503
56,2:medium,2:medium,,0.505
57,2:medium,2:medium,,0.583
58,2:medium,2:medium,,0.525
59,2:medium,2:medium,,0.663
60,2:medium,3:low,+,0.525
61,2:medium,2:medium,,0.548
62,2:medium,2:medium,,0.505
63,2:medium,2:medium,,0.624
64,2:medium,3:low,+,0.636
65,1:high,3:low,+,0.775
66,2:medium,2:medium,,0.587
67,2:medium,2:medium,,0.64
68,2:medium,2:medium,,0.572
69,2:medium,2:medium,,0.57
70,3:low,2:medium,+,0.693
71,3:low,3:low,,0.592
72,2:medium,3:low,+,0.596
73,1:high,2:medium,+,0.517
74,2:medium,2:medium,,0.56
75,2:medium,3:low,+,0.507
76,2:medium,2:medium,,0.504
77,2:medium,3:low,+,0.689
78,2:medium,3:low,+,0.699
79,2:medium,2:medium,,0.538
80,2:medium,3:low,+,0.571
81,1:high,2:medium,+,0.472
82,2:medium,1:high,+,0.403
83,2:medium,3:low,+,0.458
84,2:medium,2:medium,,0.839
85,2:medium,1:high,+,0.811
86,2:medium,2:medium,,0.523
87,3:low,2:medium,+,0.606
88,3:low,2:medium,+,0.593
89,3:low,2:medium,+,0.65
90,2:medium,2:medium,,0.676
91,2:medium,2:medium,,0.57
92,2:medium,2:medium,,0.573
93,2:medium,2:medium,,0.65
94,2:medium,2:medium,,0.633
95,2:medium,2:medium,,0.729
96,3:low,2:medium,+,0.602
97,2:medium,2:medium,,0.741
98,2:medium,1:high,+,0.475
99,2:medium,2:medium,,0.536
100,3:low,2:medium,+,0.582
101,2:medium,2:medium,,0.724
102,2:medium,2:medium,,0.61
103,2:medium,2:medium,,0.614
104,3:low,2:medium,+,0.551
105,2:medium,2:medium,,0.676
106,2:medium,2:medium,,0.657
107,2:medium,2:medium,,0.685
108,2:medium,2:medium,,0.667
109,2:medium,2:medium,,0.734
110,2:medium,2:medium,,0.747
111,2:medium,2:medium,,0.569
112,2:medium,2:medium,,0.608
113,2:medium,2:medium,,0.764
114,2:medium,2:medium,,0.698
115,3:low,2:medium,+,0.78
116,2:medium,2:medium,,0.717
117,3:low,2:medium,+,0.67
118,3:low,2:medium,+,0.693
119,3:low,2:medium,+,0.78
120,3:low,2:medium,+,0.782
121,3:low,2:medium,+,0.802
122,2:medium,2:medium,,0.519
123,2:medium,2:medium,,0.629
124,3:low,2:medium,+,0.642
125,3:low,2:medium,+,0.669
126,2:medium,2:medium,,0.55
127,2:medium,2:medium,,0.818
128,2:medium,2:medium,,0.724
129,1:high,2:medium,+,0.745
130,1:high,2:medium,+,0.731
131,1:high,2:medium,+,0.612
132,1:high,1:high,,0.719
133,1:high,1:high,,0.886
134,1:high,1:high,,0.936
135,1:high,1:high,,0.996
136,1:high,1:high,,0.996
137,1:high,1:high,,0.997
138,1:high,1:high,,0.989
139,1:high,1:high,,0.982
140,1:high,1:high,,0.963
141,1:high,1:high,,0.984
142,1:high,1:high,,0.992
143,1:high,1:high,,0.993
144,1:high,1:high,,0.988
145,1:high,1:high,,0.994
146,1:high,1:high,,0.987
147,1:high,1:high,,0.991
148,1:high,1:high,,0.985
149,1:high,1:high,,0.993
150,1:high,1:high,,0.991
151,1:high,1:high,,0.986
152,1:high,2:medium,+,0.731
153,1:high,1:high,,0.988
154,1:high,1:high,,0.985
155,1:high,1:high,,0.985
156,1:high,1:high,,0.971
157,1:high,1:high,,0.975
158,1:high,1:high,,0.978
159,1:high,1:high,,0.981
160,1:high,1:high,,0.98
161,1:high,1:high,,1
162,1:high,1:high,,0.994
163,1:high,1:high,,0.969
164,1:high,1:high,,0.983
165,1:high,1:high,,0.968
166,3:low,2:medium,+,0.748
167,2:medium,2:medium,,0.72
168,3:low,2:medium,+,0.69
169,3:low,2:medium,+,0.758
170,3:low,2:medium,+,0.764
171,3:low,2:medium,+,0.755
172,2:medium,2:medium,,0.831
173,2:medium,2:medium,,0.836
174,3:low,2:medium,+,0.698
175,3:low,2:medium,+,0.711
176,3:low,2:medium,+,0.739
177,3:low,2:medium,+,0.737
178,3:low,2:medium,+,0.73
179,3:low,2:medium,+,0.736
180,3:low,2:medium,+,0.681
181,2:medium,2:medium,,0.733
182,2:medium,2:medium,,0.775
183,2:medium,2:medium,,0.688
184,2:medium,2:medium,,0.781
185,2:medium,2:medium,,0.736
186,2:medium,2:medium,,0.763
187,2:medium,2:medium,,0.697
188,3:low,2:medium,+,0.719
189,3:low,2:medium,+,0.743
190,2:medium,3:low,+,0.979
191,1:high,2:medium,+,0.733
192,3:low,2:medium,+,0.741
193,3:low,2:medium,+,0.691
194,2:medium,1:high,+,0.879
195,2:medium,2:medium,,0.681
196,2:medium,2:medium,,0.414
197,2:medium,2:medium,,0.764
198,2:medium,2:medium,,0.724
199,2:medium,2:medium,,0.724
200,2:medium,2:medium,,0.762
201,3:low,2:medium,+,0.724
202,3:low,2:medium,+,0.713
203,3:low,2:medium,+,0.755
204,3:low,2:medium,+,0.68
205,3:low,2:medium,+,0.705
206,3:low,2:medium,+,0.778
207,3:low,2:medium,+,0.73
208,3:low,2:medium,+,0.743
209,3:low,2:medium,+,0.742
210,3:low,2:medium,+,0.687
211,3:low,2:medium,+,0.677
212,3:low,2:medium,+,0.755
213,3:low,2:medium,+,0.678
214,3:low,2:medium,+,0.744
215,3:low,2:medium,+,0.694
216,3:low,2:medium,+,0.654
217,3:low,2:medium,+,0.646
218,2:medium,2:medium,,0.783
219,3:low,2:medium,+,0.765
220,3:low,2:medium,+,0.669
221,3:low,2:medium,+,0.7
222,3:low,2:medium,+,0.728
223,3:low,2:medium,+,0.659
224,2:medium,2:medium,,0.69
225,3:low,2:medium,+,0.75
226,2:medium,2:medium,,0.764
227,2:medium,2:medium,,0.754
228,3:low,2:medium,+,0.763
229,2:medium,2:medium,,0.682
230,3:low,2:medium,+,0.699
231,3:low,2:medium,+,0.756
232,3:low,2:medium,+,0.713
233,3:low,2:medium,+,0.667
234,3:low,2:medium,+,0.773
235,2:medium,2:medium,,0.726
236,3:low,2:medium,+,0.674
237,3:low,2:medium,+,0.664
238,2:medium,2:medium,,0.667
239,3:low,2:medium,+,0.658
240,3:low,2:medium,+,0.656
241,3:low,2:medium,+,0.692
242,3:low,2:medium,+,0.646
243,2:medium,2:medium,,0.632
244,3:low,2:medium,+,0.581
245,3:low,2:medium,+,0.622
246,2:medium,2:medium,,0.647
247,3:low,2:medium,+,0.664
248,3:low,2:medium,+,0.668
249,2:medium,2:medium,,0.662
250,2:medium,2:medium,,0.64
251,3:low,2:medium,+,0.633
252,3:low,2:medium,+,0.637
253,3:low,2:medium,+,0.624
254,3:low,2:medium,+,0.624
255,3:low,2:medium,+,0.661
256,3:low,2:medium,+,0.64
257,3:low,2:medium,+,0.606
258,2:medium,2:medium,,0.692
259,2:medium,2:medium,,0.655
260,3:low,2:medium,+,0.637
261,3:low,2:medium,+,0.623
262,2:medium,2:medium,,0.615
263,3:low,2:medium,+,0.59
264,3:low,2:medium,+,0.673
265,3:low,2:medium,+,0.725
266,2:medium,2:medium,,0.643
267,3:low,2:medium,+,0.633
268,3:low,2:medium,+,0.646
269,3:low,2:medium,+,0.986
270,3:low,2:medium,+,0.643
271,3:low,2:medium,+,0.633
272,2:medium,2:medium,,0.652
273,2:medium,2:medium,,0.609
274,2:medium,2:medium,,0.67
275,1:high,2:medium,+,1
276,3:low,2:medium,+,0.632
277,3:low,2:medium,+,0.653
278,3:low,2:medium,+,0.704
279,2:medium,2:medium,,0.666
280,2:medium,2:medium,,0.64
281,3:low,2:medium,+,0.701
282,3:low,2:medium,+,0.712
283,2:medium,2:medium,,0.771
284,3:low,2:medium,+,0.692
285,3:low,2:medium,+,0.643
286,2:medium,2:medium,,0.682
287,3:low,2:medium,+,0.683
288,1:high,2:medium,+,0.636
289,1:high,2:medium,+,0.995
290,2:medium,2:medium,,0.567
291,3:low,2:medium,+,0.622
292,3:low,2:medium,+,0.792
293,2:medium,2:medium,,0.487
294,2:medium,3:low,+,0.706
295,2:medium,2:medium,,1
296,2:medium,2:medium,,0.997
297,2:medium,2:medium,,0.991
298,2:medium,2:medium,,0.977
299,3:low,2:medium,+,0.976
300,3:low,2:medium,+,0.983
301,2:medium,2:medium,,0.565
302,1:high,2:medium,+,0.586
303,3:low,2:medium,+,0.691
304,3:low,2:medium,+,0.633
305,3:low,1:high,+,0.536
306,3:low,2:medium,+,0.692
307,3:low,2:medium,+,0.665
308,2:medium,2:medium,,0.681
309,3:low,2:medium,+,0.627
310,3:low,2:medium,+,0.71
311,3:low,2:medium,+,0.653
312,2:medium,2:medium,,0.685
313,2:medium,2:medium,,0.648
314,3:low,2:medium,+,0.671
315,2:medium,2:medium,,0.672
316,3:low,2:medium,+,0.686
317,3:low,2:medium,+,0.657
318,2:medium,2:medium,,0.64
319,3:low,2:medium,+,0.755
320,3:low,2:medium,+,0.626
321,2:medium,2:medium,,0.569
322,3:low,2:medium,+,0.665
323,3:low,2:medium,+,0.696
324,3:low,2:medium,+,0.591
325,3:low,2:medium,+,0.672
326,3:low,2:medium,+,0.715
327,2:medium,2:medium,,0.728
328,2:medium,2:medium,,0.759
329,2:medium,2:medium,,0.817
330,2:medium,2:medium,,0.794
331,3:low,2:medium,+,0.745
332,2:medium,2:medium,,0.792
333,2:medium,2:medium,,0.805
334,3:low,2:medium,+,0.809
335,3:low,2:medium,+,0.715
336,3:low,2:medium,+,0.715
337,3:low,2:medium,+,0.77
338,3:low,2:medium,+,0.692
339,2:medium,2:medium,,0.75
340,3:low,2:medium,+,0.772
341,3:low,2:medium,+,0.645
342,3:low,2:medium,+,0.622
343,3:low,2:medium,+,0.655
344,3:low,2:medium,+,0.758
345,3:low,2:medium,+,0.66
346,3:low,2:medium,+,0.697
347,3:low,2:medium,+,0.665
348,2:medium,2:medium,,0.735
349,3:low,2:medium,+,0.659
350,3:low,2:medium,+,0.716
351,3:low,2:medium,+,0.65
352,2:medium,2:medium,,0.76
353,3:low,2:medium,+,0.742
354,2:medium,2:medium,,0.585
355,3:low,2:medium,+,0.668
356,3:low,2:medium,+,0.672
357,1:high,1:high,,0.998
358,3:low,2:medium,+,0.538
359,3:low,2:medium,+,0.675
360,3:low,2:medium,+,0.667
361,3:low,2:medium,+,0.688
362,3:low,2:medium,+,0.689
363,3:low,2:medium,+,0.655
364,3:low,2:medium,+,0.641
365,3:low,2:medium,+,0.701
366,3:low,2:medium,+,0.668
367,3:low,2:medium,+,0.587
368,3:low,2:medium,+,0.709
369,3:low,2:medium,+,0.489
370,3:low,2:medium,+,0.536
371,3:low,2:medium,+,0.521
372,3:low,2:medium,+,0.497
373,3:low,2:medium,+,0.612
374,3:low,2:medium,+,0.591
375,3:low,2:medium,+,0.692
376,3:low,2:medium,+,0.617
377,3:low,2:medium,+,0.701
378,3:low,2:medium,+,0.711
379,3:low,2:medium,+,0.658
380,3:low,2:medium,+,0.655
381,3:low,2:medium,+,0.698
382,3:low,2:medium,+,0.711
383,3:low,2:medium,+,0.718
384,3:low,2:medium,+,0.73
385,3:low,2:medium,+,0.743
386,3:low,2:medium,+,0.668
387,2:medium,2:medium,,0.737
388,3:low,2:medium,+,0.753
389,3:low,2:medium,+,0.731
390,3:low,2:medium,+,0.685
391,3:low,2:medium,+,0.692
392,3:low,2:medium,+,0.694
393,3:low,2:medium,+,0.669
394,3:low,2:medium,+,0.509
395,3:low,2:medium,+,0.697
396,2:medium,2:medium,,0.744
397,2:medium,2:medium,,0.729
398,2:medium,2:medium,,0.639
399,2:medium,2:medium,,0.631
400,3:low,2:medium,+,0.706
401,3:low,2:medium,+,0.698
402,3:low,2:medium,+,0.626
403,1:high,2:medium,+,0.585
404,1:high,2:medium,+,0.552
405,1:high,1:high,,0.933
406,1:high,1:high,,0.968
407,1:high,1:high,,0.916
408,1:high,1:high,,0.962
409,1:high,1:high,,0.993
410,1:high,1:high,,0.989
411,1:high,1:high,,0.991
412,1:high,1:high,,0.866
413,1:high,1:high,,0.992
414,1:high,1:high,,0.984
415,1:high,1:high,,0.987
416,1:high,1:high,,0.983
417,1:high,1:high,,0.981
418,1:high,1:high,,0.761
419,1:high,1:high,,0.907
420,1:high,1:high,,0.887
421,1:high,1:high,,0.869
422,1:high,1:high,,0.934
423,1:high,1:high,,0.854
424,1:high,1:high,,0.925
425,1:high,1:high,,0.899
426,1:high,1:high,,0.935
427,1:high,1:high,,0.824
428,1:high,1:high,,0.814
429,2:medium,2:medium,,0.515
430,3:low,2:medium,+,0.621
431,2:medium,2:medium,,0.684
432,1:high,2:medium,+,0.989
433,3:low,2:medium,+,0.682
434,3:low,2:medium,+,0.645
435,2:medium,2:medium,,0.681
436,1:high,2:medium,+,0.538
437,3:low,2:medium,+,0.682
438,3:low,2:medium,+,0.727
439,2:medium,2:medium,,0.705
440,2:medium,2:medium,,0.78
441,3:low,2:medium,+,0.504
442,1:high,1:high,,0.505
443,2:medium,2:medium,,0.771
444,3:low,2:medium,+,0.801
445,3:low,2:medium,+,0.817
446,2:medium,2:medium,,0.882
447,2:medium,2:medium,,0.866
448,3:low,1:high,+,0.753
449,2:medium,2:medium,,0.806
450,3:low,2:medium,+,0.727
451,2:medium,2:medium,,0.868
452,2:medium,2:medium,,0.691
453,2:medium,2:medium,,0.866
454,3:low,2:medium,+,0.847
455,2:medium,2:medium,,0.887
456,3:low,2:medium,+,0.725
457,2:medium,2:medium,,0.79
458,3:low,2:medium,+,0.788
459,3:low,2:medium,+,0.78
460,2:medium,2:medium,,0.802
461,2:medium,2:medium,,0.75
462,2:medium,2:medium,,0.806
463,2:medium,2:medium,,0.808
464,2:medium,2:medium,,0.844
465,3:low,2:medium,+,0.739
466,2:medium,2:medium,,0.71
467,3:low,2:medium,+,0.753
468,2:medium,2:medium,,0.741
469,3:low,2:medium,+,0.737
470,3:low,2:medium,+,0.657
471,1:high,2:medium,+,0.833
472,3:low,2:medium,+,0.752
473,3:low,2:medium,+,0.723
474,2:medium,2:medium,,0.682
475,1:high,2:medium,+,0.692
476,2:medium,2:medium,,0.736
477,3:low,2:medium,+,0.723
478,3:low,2:medium,+,0.805
479,3:low,2:medium,+,0.787
480,3:low,2:medium,+,0.742

