inst#,actual,predicted,error,prediction
1,2:medium,2:medium,,0.636
2,2:medium,2:medium,,0.73
3,2:medium,2:medium,,0.687
4,2:medium,2:medium,,0.667
5,2:medium,2:medium,,0.594
6,2:medium,2:medium,,0.671
7,2:medium,2:medium,,0.615
8,2:medium,2:medium,,0.654
9,2:medium,2:medium,,0.679
10,2:medium,2:medium,,0.67
11,3:low,3:low,,0.491
12,3:low,2:medium,+,0.668
13,3:low,2:medium,+,0.574
14,3:low,2:medium,+,0.605
15,2:medium,2:medium,,0.723
16,3:low,2:medium,+,0.692
17,2:medium,2:medium,,0.74
18,3:low,2:medium,+,0.621
19,3:low,2:medium,+,0.754
20,2:medium,2:medium,,0.658
21,2:medium,2:medium,,0.759
22,2:medium,2:medium,,0.778
23,2:medium,2:medium,,0.777
24,2:medium,2:medium,,0.7
25,2:medium,2:medium,,0.673
26,2:medium,2:medium,,0.667
27,2:medium,2:medium,,0.639
28,2:medium,2:medium,,0.591
29,2:medium,2:medium,,0.638
30,3:low,2:medium,+,0.699
31,2:medium,2:medium,,0.648
32,2:medium,2:medium,,0.606
33,3:low,2:medium,+,0.705
34,3:low,2:medium,+,0.778
35,2:medium,2:medium,,0.724
36,1:high,2:medium,+,0.806
37,1:high,1:high,,0.706
38,2:medium,2:medium,,0.509
39,2:medium,3:low,+,0.658
40,2:medium,2:medium,,0.528
41,2:medium,2:medium,,0.729
42,2:medium,2:medium,,0.685
43,2:medium,2:medium,,0.541
44,2:medium,2:medium,,0.554
45,3:low,2:medium,+,0.527
46,2:medium,2:medium,,0.695
47,2:medium,3:low,+,0.787
48,2:medium,3:low,+,0.772
49,2:medium,3:low,+,0.629
50,3:low,3:low,,0.565
51,3:low,3:low,,0.58
52,2:medium,1:high,+,0.763
53,2:medium,1:high,+,0.513
54,2:medium,1:high,+,0.726
55,2:medium,1:high,+,0.627
56,2:medium,1:high,+,0.583
57,2:medium,1:high,+,0.566
58,2:medium,1:high,+,0.818
59,2:medium,1:high,+,0.556
60,2:medium,1:high,+,0.544
61,2:medium,1:high,+,0.559
62,2:medium,1:high,+,0.537
63,2:medium,2:medium,,0.72
64,2:medium,1:high,+,0.489
65,1:high,2:medium,+,0.51
66,2:medium,3:low,+,0.466
67,2:medium,3:low,+,0.726
68,2:medium,3:low,+,0.527
69,2:medium,3:low,+,0.602
70,3:low,2:medium,+,0.84
71,3:low,3:low,,0.652
72,2:medium,2:medium,,0.512
73,1:high,2:medium,+,0.656
74,2:medium,2:medium,,0.646
75,2:medium,2:medium,,0.673
76,2:medium,2:medium,,0.684
77,2:medium,2:medium,,0.702
78,2:medium,2:medium,,0.539
79,2:medium,2:medium,,0.641
80,2:medium,2:medium,,0.494
81,1:high,3:low,+,0.461
82,2:medium,2:medium,,0.491
83,2:medium,2:medium,,0.544
84,2:medium,3:low,+,0.535
85,2:medium,1:high,+,0.841
86,2:medium,1:high,+,0.595
87,3:low,3:low,,0.55
88,3:low,2:medium,+,0.565
89,3:low,2:medium,+,0.521
90,2:medium,2:medium,,0.61
91,2:medium,2:medium,,0.713
92,2:medium,2:medium,,0.695
93,2:medium,2:medium,,0.78
94,2:medium,2:medium,,0.717
95,2:medium,2:medium,,0.749
96,3:low,2:medium,+,0.658
97,2:medium,2:medium,,0.727
98,2:medium,2:medium,,0.782
99,2:medium,2:medium,,0.756
100,3:low,2:medium,+,0.628
101,2:medium,2:medium,,0.672
102,2:medium,2:medium,,0.763
103,2:medium,2:medium,,0.543
104,3:low,2:medium,+,0.635
105,2:medium,2:medium,,0.567
106,2:medium,2:medium,,0.547
107,2:medium,2:medium,,0.608
108,2:medium,2:medium,,0.574
109,2:medium,2:medium,,0.546
110,2:medium,2:medium,,0.64
111,2:medium,2:medium,,0.499
112,2:medium,2:medium,,0.566
113,2:medium,2:medium,,0.607
114,2:medium,2:medium,,0.717
115,3:low,2:medium,+,0.646
116,2:medium,2:medium,,0.454
117,3:low,2:medium,+,0.563
118,3:low,2:medium,+,0.579
119,3:low,2:medium,+,0.712
120,3:low,2:medium,+,0.79
121,3:low,2:medium,+,0.646
122,2:medium,1:high,+,0.505
123,2:medium,1:high,+,0.469
124,3:low,2:medium,+,0.543
125,3:low,2:medium,+,0.477
126,2:medium,2:medium,,0.565
127,2:medium,2:medium,,0.65
128,2:medium,2:medium,,0.483
129,1:high,1:high,,0.638
130,1:high,1:high,,0.898
131,1:high,1:high,,0.902
132,1:high,1:high,,0.933
133,1:high,1:high,,0.975
134,1:high,1:high,,0.963
135,1:high,1:high,,0.929
136,1:high,1:high,,0.943
137,1:high,1:high,,0.923
138,1:high,1:high,,0.89
139,1:high,1:high,,0.76
140,1:high,1:high,,0.778
141,1:high,1:high,,0.765
142,1:high,1:high,,0.82
143,1:high,1:high,,0.799
144,1:high,1:high,,0.869
145,1:high,1:high,,0.745
146,1:high,1:high,,0.732
147,1:high,1:high,,0.763
148,1:high,1:high,,0.82
149,1:high,1:high,,0.799
150,1:high,1:high,,0.847
151,1:high,1:high,,0.925
152,1:high,1:high,,0.649
153,1:high,1:high,,0.818
154,1:high,1:high,,0.769
155,1:high,1:high,,0.79
156,1:high,1:high,,0.779
157,1:high,1:high,,0.798
158,1:high,1:high,,0.858
159,1:high,1:high,,0.789
160,1:high,1:high,,0.855
161,1:high,1:high,,0.988
162,1:high,1:high,,0.711
163,1:high,1:high,,0.703
164,1:high,1:high,,0.792
165,1:high,1:high,,0.651
166,3:low,2:medium,+,0.747
167,2:medium,2:medium,,0.757
168,3:low,1:high,+,0.722
169,3:low,2:medium,+,0.751
170,3:low,2:medium,+,0.663
171,3:low,2:medium,+,0.759
172,2:medium,2:medium,,0.746
173,2:medium,2:medium,,0.742
174,3:low,2:medium,+,0.752
175,3:low,2:medium,+,0.692
176,3:low,2:medium,+,0.761
177,3:low,1:high,+,0.459
178,3:low,2:medium,+,0.738
179,3:low,2:medium,+,0.756
180,3:low,2:medium,+,0.734
181,2:medium,2:medium,,0.684
182,2:medium,2:medium,,0.658
183,2:medium,1:high,+,0.71
184,2:medium,2:medium,,0.723
185,2:medium,2:medium,,0.667
186,2:medium,2:medium,,0.649
187,2:medium,2:medium,,0.557
188,3:low,2:medium,+,0.642
189,3:low,2:medium,+,0.647
190,2:medium,2:medium,,0.484
191,1:high,2:medium,+,0.501
192,3:low,2:medium,+,0.635
193,3:low,2:medium,+,0.612
194,2:medium,1:high,+,0.823
195,2:medium,1:high,+,0.623
196,2:medium,2:medium,,0.613
197,2:medium,2:medium,,0.699
198,2:medium,2:medium,,0.675
199,2:medium,2:medium,,0.608
200,2:medium,1:high,+,0.774
201,3:low,2:medium,+,0.634
202,3:low,1:high,+,0.62
203,3:low,2:medium,+,0.645
204,3:low,1:high,+,0.629
205,3:low,1:high,+,0.579
206,3:low,2:medium,+,0.725
207,3:low,2:medium,+,0.652
208,3:low,2:medium,+,0.656
209,3:low,2:medium,+,0.605
210,3:low,2:medium,+,0.679
211,3:low,2:medium,+,0.469
212,3:low,2:medium,+,0.644
213,3:low,1:high,+,0.658
214,3:low,2:medium,+,0.659
215,3:low,2:medium,+,0.601
216,3:low,2:medium,+,0.454
217,3:low,1:high,+,0.602
218,2:medium,2:medium,,0.757
219,3:low,2:medium,+,0.755
220,3:low,2:medium,+,0.575
221,3:low,2:medium,+,0.667
222,3:low,2:medium,+,0.752
223,3:low,2:medium,+,0.639
224,2:medium,1:high,+,0.702
225,3:low,2:medium,+,0.702
226,2:medium,2:medium,,0.697
227,2:medium,2:medium,,0.671
228,3:low,2:medium,+,0.786
229,2:medium,1:high,+,0.749
230,3:low,1:high,+,0.618
231,3:low,2:medium,+,0.658
232,3:low,2:medium,+,0.62
233,3:low,1:high,+,0.556
234,3:low,2:medium,+,0.749
235,2:medium,2:medium,,0.682
236,3:low,2:medium,+,0.673
237,3:low,1:high,+,0.628
238,2:medium,1:high,+,0.597
239,3:low,1:high,+,0.534
240,3:low,2:medium,+,0.646
241,3:low,2:medium,+,0.641
242,3:low,2:medium,+,0.598
243,2:medium,1:high,+,0.597
244,3:low,1:high,+,0.673
245,3:low,1:high,+,0.605
246,2:medium,2:medium,,0.637
247,3:low,2:medium,+,0.675
248,3:low,2:medium,+,0.637
249,2:medium,1:high,+,0.643
250,2:medium,2:medium,,0.658
251,3:low,2:medium,+,0.539
252,3:low,1:high,+,0.56
253,3:low,1:high,+,0.61
254,3:low,1:high,+,0.815
255,3:low,1:high,+,0.798
256,3:low,1:high,+,0.799
257,3:low,1:high,+,0.818
258,2:medium,1:high,+,0.594
259,2:medium,1:high,+,0.799
260,3:low,1:high,+,0.799
261,3:low,1:high,+,0.778
262,2:medium,1:high,+,0.806
263,3:low,1:high,+,0.872
264,3:low,1:high,+,0.555
265,3:low,1:high,+,0.522
266,2:medium,1:high,+,0.596
267,3:low,1:high,+,0.7
268,3:low,1:high,+,0.682
269,3:low,1:high,+,0.685
270,3:low,1:high,+,0.76
271,3:low,1:high,+,0.799
272,2:medium,1:high,+,0.809
273,2:medium,1:high,+,0.657
274,2:medium,1:high,+,0.711
275,1:high,1:high,,0.491
276,3:low,1:high,+,0.572
277,3:low,1:high,+,0.7
278,3:low,1:high,+,0.531
279,2:medium,1:high,+,0.634
280,2:medium,1:high,+,0.737
281,3:low,1:high,+,0.585
282,3:low,1:high,+,0.543
283,2:medium,2:medium,,0.638
284,3:low,1:high,+,0.767
285,3:low,1:high,+,0.623
286,2:medium,1:high,+,0.553
287,3:low,1:high,+,0.584
288,1:high,1:high,,0.849
289,1:high,1:high,,0.918
290,2:medium,2:medium,,0.607
291,3:low,1:high,+,0.71
292,3:low,2:medium,+,0.576
293,2:medium,2:medium,,0.431
294,2:medium,2:medium,,0.527
295,2:medium,1:high,+,0.911
296,2:medium,1:high,+,0.95
297,2:medium,1:high,+,0.948
298,2:medium,1:high,+,0.948
299,3:low,1:high,+,0.948
300,3:low,1:high,+,0.948
301,2:medium,1:high,+,0.804
302,1:high,1:high,,0.732
303,3:low,2:medium,+,0.559
304,3:low,1:high,+,0.759
305,3:low,1:high,+,0.8
306,3:low,2:medium,+,0.55
307,3:low,2:medium,+,0.665
308,2:medium,2:medium,,0.666
309,3:low,2:medium,+,0.546
310,3:low,2:medium,+,0.69
311,3:low,2:medium,+,0.638
312,2:medium,2:medium,,0.717
313,2:medium,2:medium,,0.698
314,3:low,2:medium,+,0.536
315,2:medium,2:medium,,0.626
316,3:low,2:medium,+,0.718
317,3:low,2:medium,+,0.681
318,2:medium,2:medium,,0.596
319,3:low,2:medium,+,0.727
320,3:low,2:medium,+,0.755
321,2:medium,2:medium,,0.626
322,3:low,2:medium,+,0.807
323,3:low,2:medium,+,0.799
324,3:low,2:medium,+,0.662
325,3:low,2:medium,+,0.709
326,3:low,2:medium,+,0.697
327,2:medium,2:medium,,0.775
328,2:medium,2:medium,,0.764
329,2:medium,2:medium,,0.742
330,2:medium,2:medium,,0.7
331,3:low,2:medium,+,0.758
332,2:medium,2:medium,,0.674
333,2:medium,2:medium,,0.834
334,3:low,2:medium,+,0.829
335,3:low,2:medium,+,0.605
336,3:low,2:medium,+,0.737
337,3:low,2:medium,+,0.8
338,3:low,2:medium,+,0.52
339,2:medium,2:medium,,0.72
340,3:low,2:medium,+,0.756
341,3:low,2:medium,+,0.734
342,3:low,2:medium,+,0.734
343,3:low,2:medium,+,0.767
344,3:low,1:high,+,0.623
345,3:low,2:medium,+,0.639
346,3:low,2:medium,+,0.718
347,3:low,2:medium,+,0.654
348,2:medium,1:high,+,0.519
349,3:low,2:medium,+,0.642
350,3:low,2:medium,+,0.72
351,3:low,2:medium,+,0.477
352,2:medium,2:medium,,0.761
353,3:low,2:medium,+,0.677
354,2:medium,1:high,+,0.567
355,3:low,2:medium,+,0.619
356,3:low,1:high,+,0.589
357,1:high,1:high,,0.839
358,3:low,2:medium,+,0.672
359,3:low,2:medium,+,0.701
360,3:low,2:medium,+,0.517
361,3:low,2:medium,+,0.629
362,3:low,2:medium,+,0.645
363,3:low,2:medium,+,0.779
364,3:low,2:medium,+,0.644
365,3:low,2:medium,+,0.696
366,3:low,2:medium,+,0.664
367,3:low,1:high,+,0.612
368,3:low,2:medium,+,0.694
369,3:low,2:medium,+,0.7
370,3:low,2:medium,+,0.716
371,3:low,2:medium,+,0.58
372,3:low,2:medium,+,0.591
373,3:low,2:medium,+,0.477
374,3:low,2:medium,+,0.544
375,3:low,1:high,+,0.458
376,3:low,2:medium,+,0.451
377,3:low,1:high,+,0.581
378,3:low,2:medium,+,0.519
379,3:low,1:high,+,0.52
380,3:low,1:high,+,0.54
381,3:low,1:high,+,0.531
382,3:low,1:high,+,0.509
383,3:low,1:high,+,0.59
384,3:low,1:high,+,0.551
385,3:low,2:medium,+,0.723
386,3:low,2:medium,+,0.664
387,2:medium,2:medium,,0.694
388,3:low,1:high,+,0.511
389,3:low,1:high,+,0.569
390,3:low,1:high,+,0.56
391,3:low,1:high,+,0.58
392,3:low,1:high,+,0.517
393,3:low,2:medium,+,0.442
394,3:low,2:medium,+,0.596
395,3:low,1:high,+,0.528
396,2:medium,1:high,+,0.555
397,2:medium,1:high,+,0.596
398,2:medium,1:high,+,0.537
399,2:medium,1:high,+,0.563
400,3:low,1:high,+,0.488
401,3:low,2:medium,+,0.415
402,3:low,2:medium,+,0.517
403,1:high,1:high,,0.913
404,1:high,1:high,,0.886
405,1:high,1:high,,0.912
406,1:high,1:high,,0.922
407,1:high,1:high,,0.867
408,1:high,1:high,,0.912
409,1:high,1:high,,0.922
410,1:high,1:high,,0.903
411,1:high,1:high,,0.851
412,1:high,1:high,,0.892
413,1:high,1:high,,0.903
414,1:high,1:high,,0.886
415,1:high,1:high,,0.916
416,1:high,1:high,,0.906
417,1:high,1:high,,0.875
418,1:high,1:high,,0.892
419,1:high,1:high,,0.953
420,1:high,1:high,,0.899
421,1:high,1:high,,0.912
422,1:high,1:high,,0.932
423,1:high,1:high,,0.954
424,1:high,1:high,,0.911
425,1:high,1:high,,0.924
426,1:high,1:high,,0.953
427,1:high,2:medium,+,0.574
428,1:high,1:high,,0.795
429,2:medium,2:medium,,0.52
430,3:low,2:medium,+,0.607
431,2:medium,2:medium,,0.602
432,1:high,1:high,,0.906
433,3:low,2:medium,+,0.67
434,3:low,2:medium,+,0.697
435,2:medium,2:medium,,0.673
436,1:high,1:high,,0.636
437,3:low,2:medium,+,0.63
438,3:low,2:medium,+,0.544
439,2:medium,2:medium,,0.641
440,2:medium,2:medium,,0.632
441,3:low,2:medium,+,0.602
442,1:high,2:medium,+,0.394
443,2:medium,2:medium,,0.596
444,3:low,2:medium,+,0.588
445,3:low,2:medium,+,0.586
446,2:medium,2:medium,,0.579
447,2:medium,2:medium,,0.585
448,3:low,2:medium,+,0.538
449,2:medium,2:medium,,0.541
450,3:low,2:medium,+,0.529
451,2:medium,1:high,+,0.745
452,2:medium,1:high,+,0.418
453,2:medium,1:high,+,0.519
454,3:low,2:medium,+,0.503
455,2:medium,1:high,+,0.506
456,3:low,2:medium,+,0.481
457,2:medium,2:medium,,0.474
458,3:low,2:medium,+,0.457
459,3:low,2:medium,+,0.479
460,2:medium,2:medium,,0.616
461,2:medium,2:medium,,0.521
462,2:medium,2:medium,,0.62
463,2:medium,1:high,+,0.862
464,2:medium,2:medium,,0.649
465,3:low,2:medium,+,0.634
466,2:medium,2:medium,,0.661
467,3:low,2:medium,+,0.644
468,2:medium,2:medium,,0.66
469,3:low,2:medium,+,0.653
470,3:low,2:medium,+,0.627
471,1:high,1:high,,0.582
472,3:low,2:medium,+,0.676
473,3:low,2:medium,+,0.674
474,2:medium,2:medium,,0.579
475,1:high,2:medium,+,0.432
476,2:medium,2:medium,,0.656
477,3:low,2:medium,+,0.655
478,3:low,2:medium,+,0.618
479,3:low,2:medium,+,0.619
480,3:low,2:medium,+,0.532

