inst#,actual,predicted,error,prediction
1,2:medium,2:medium,,0.511
2,2:medium,2:medium,,0.728
3,2:medium,2:medium,,0.423
4,3:low,2:medium,+,0.728
5,2:medium,2:medium,,0.511
6,2:medium,2:medium,,0.511
7,2:medium,2:medium,,0.728
8,3:low,2:medium,+,0.423
9,2:medium,2:medium,,0.511
10,2:medium,2:medium,,0.728
11,2:medium,2:medium,,0.728
12,2:medium,2:medium,,0.728
13,2:medium,2:medium,,0.728
14,2:medium,2:medium,,0.728
15,2:medium,2:medium,,0.728
16,2:medium,2:medium,,0.728
17,2:medium,2:medium,,0.728
18,2:medium,2:medium,,0.728
19,3:low,2:medium,+,0.755
20,2:medium,2:medium,,0.755
21,3:low,2:medium,+,0.755
22,3:low,2:medium,+,0.728
23,3:low,2:medium,+,0.728
24,3:low,2:medium,+,0.879
25,3:low,2:medium,+,0.879
26,2:medium,2:medium,,0.755
27,2:medium,2:medium,,0.755
28,3:low,2:medium,+,0.755
29,3:low,2:medium,+,0.755
30,2:medium,2:medium,,0.755
31,2:medium,2:medium,,0.879
32,2:medium,2:medium,,0.879
33,1:high,2:medium,+,0.755
34,1:high,2:medium,+,0.755
35,1:high,2:medium,+,0.755
36,1:high,2:medium,+,0.755
37,1:high,2:medium,+,0.755
38,1:high,2:medium,+,0.755
39,1:high,2:medium,+,0.755
40,1:high,2:medium,+,0.755
41,1:high,2:medium,+,0.755
42,1:high,2:medium,+,0.755
43,1:high,2:medium,+,0.755
44,1:high,2:medium,+,0.755
45,1:high,2:medium,+,0.755
46,1:high,2:medium,+,0.755
47,1:high,2:medium,+,0.755
48,1:high,2:medium,+,0.755

