inst#,actual,predicted,error,prediction
1,2:medium,2:medium,,0.65
2,2:medium,2:medium,,0.603
3,2:medium,2:medium,,0.602
4,3:low,2:medium,+,0.642
5,2:medium,2:medium,,0.752
6,2:medium,2:medium,,0.651
7,2:medium,2:medium,,0.742
8,3:low,2:medium,+,0.715
9,2:medium,2:medium,,0.624
10,2:medium,2:medium,,0.664
11,2:medium,2:medium,,0.624
12,2:medium,2:medium,,0.645
13,2:medium,2:medium,,0.649
14,2:medium,2:medium,,0.609
15,2:medium,2:medium,,0.633
16,2:medium,2:medium,,0.644
17,2:medium,2:medium,,0.585
18,2:medium,2:medium,,0.676
19,3:low,3:low,,0.413
20,2:medium,3:low,+,0.484
21,3:low,3:low,,0.513
22,3:low,3:low,,0.495
23,3:low,3:low,,0.545
24,3:low,3:low,,0.516
25,3:low,3:low,,0.485
26,2:medium,3:low,+,0.44
27,2:medium,3:low,+,0.434
28,3:low,3:low,,0.454
29,3:low,3:low,,0.414
30,2:medium,3:low,+,0.501
31,2:medium,3:low,+,0.512
32,2:medium,3:low,+,0.737
33,1:high,3:low,+,0.386
34,1:high,2:medium,+,0.446
35,1:high,2:medium,+,0.411
36,1:high,2:medium,+,0.426
37,1:high,2:medium,+,0.446
38,1:high,2:medium,+,0.427
39,1:high,3:low,+,0.377
40,1:high,2:medium,+,0.376
41,1:high,2:medium,+,0.376
42,1:high,2:medium,+,0.444
43,1:high,2:medium,+,0.425
44,1:high,2:medium,+,0.444
45,1:high,3:low,+,0.615
46,1:high,2:medium,+,0.464
47,1:high,2:medium,+,0.464
48,1:high,2:medium,+,0.479

