inst#,actual,predicted,error,prediction
1,2:medium,3:low,+,0.847
2,2:medium,2:medium,,0.687
3,2:medium,3:low,+,0.87
4,3:low,3:low,,0.7
5,2:medium,3:low,+,0.809
6,2:medium,3:low,+,0.637
7,2:medium,3:low,+,0.632
8,3:low,3:low,,0.873
9,2:medium,3:low,+,0.922
10,2:medium,3:low,+,0.956
11,2:medium,3:low,+,0.93
12,2:medium,3:low,+,0.971
13,2:medium,3:low,+,0.905
14,2:medium,3:low,+,0.951
15,2:medium,3:low,+,0.97
16,2:medium,3:low,+,0.961
17,2:medium,3:low,+,0.925
18,2:medium,3:low,+,0.846
19,3:low,2:medium,+,0.878
20,2:medium,2:medium,,0.923
21,3:low,2:medium,+,0.897
22,3:low,2:medium,+,0.879
23,3:low,2:medium,+,0.848
24,3:low,2:medium,+,0.877
25,3:low,2:medium,+,0.848
26,2:medium,2:medium,,0.957
27,2:medium,2:medium,,0.959
28,3:low,2:medium,+,0.951
29,3:low,2:medium,+,0.953
30,2:medium,2:medium,,0.949
31,2:medium,2:medium,,0.861
32,2:medium,2:medium,,0.849
33,1:high,2:medium,+,0.885
34,1:high,2:medium,+,0.808
35,1:high,2:medium,+,0.808
36,1:high,2:medium,+,0.808
37,1:high,2:medium,+,0.808
38,1:high,2:medium,+,0.769
39,1:high,2:medium,+,0.769
40,1:high,2:medium,+,0.769
41,1:high,2:medium,+,0.769
42,1:high,2:medium,+,0.808
43,1:high,2:medium,+,0.808
44,1:high,2:medium,+,0.808
45,1:high,2:medium,+,0.769
46,1:high,2:medium,+,0.808
47,1:high,2:medium,+,0.808
48,1:high,2:medium,+,0.772

