inst#,actual,predicted,error,prediction
1,2:medium,2:medium,,0.609
2,2:medium,2:medium,,0.566
3,2:medium,2:medium,,0.563
4,3:low,2:medium,+,0.652
5,2:medium,2:medium,,0.788
6,2:medium,2:medium,,0.71
7,2:medium,2:medium,,0.73
8,3:low,2:medium,+,0.667
9,2:medium,2:medium,,0.683
10,2:medium,2:medium,,0.625
11,2:medium,2:medium,,0.633
12,2:medium,2:medium,,0.493
13,2:medium,2:medium,,0.64
14,2:medium,2:medium,,0.543
15,2:medium,2:medium,,0.552
16,2:medium,2:medium,,0.561
17,2:medium,2:medium,,0.546
18,2:medium,2:medium,,0.556
19,3:low,2:medium,+,0.76
20,2:medium,2:medium,,0.711
21,3:low,2:medium,+,0.688
22,3:low,2:medium,+,0.716
23,3:low,2:medium,+,0.644
24,3:low,2:medium,+,0.621
25,3:low,2:medium,+,0.57
26,2:medium,2:medium,,0.776
27,2:medium,2:medium,,0.718
28,3:low,2:medium,+,0.776
29,3:low,2:medium,+,0.776
30,2:medium,2:medium,,0.747
31,2:medium,2:medium,,0.663
32,2:medium,2:medium,,0.621
33,1:high,2:medium,+,0.808
34,1:high,2:medium,+,0.782
35,1:high,2:medium,+,0.722
36,1:high,2:medium,+,0.823
37,1:high,2:medium,+,0.808
38,1:high,2:medium,+,0.782
39,1:high,2:medium,+,0.753
40,1:high,2:medium,+,0.774
41,1:high,2:medium,+,0.779
42,1:high,2:medium,+,0.835
43,1:high,2:medium,+,0.793
44,1:high,2:medium,+,0.853
45,1:high,2:medium,+,0.871
46,1:high,2:medium,+,0.827
47,1:high,2:medium,+,0.8
48,1:high,2:medium,+,0.827

