inst#,actual,predicted,error,prediction
1,2:medium,2:medium,,0.858
2,2:medium,3:low,+,0.621
3,2:medium,2:medium,,0.7
4,3:low,3:low,,0.551
5,2:medium,2:medium,,0.749
6,2:medium,2:medium,,0.749
7,2:medium,2:medium,,0.67
8,3:low,2:medium,+,0.7
9,2:medium,2:medium,,0.68
10,2:medium,2:medium,,0.68
11,2:medium,2:medium,,0.709
12,2:medium,3:low,+,0.692
13,2:medium,2:medium,,0.68
14,2:medium,2:medium,,0.69
15,2:medium,2:medium,,0.66
16,2:medium,2:medium,,0.66
17,2:medium,3:low,+,0.662
18,2:medium,2:medium,,0.641
19,3:low,2:medium,+,0.926
20,2:medium,2:medium,,0.867
21,3:low,2:medium,+,0.878
22,3:low,2:medium,+,0.848
23,3:low,2:medium,+,0.601
24,3:low,2:medium,+,0.947
25,3:low,2:medium,+,0.651
26,2:medium,2:medium,,0.867
27,2:medium,2:medium,,0.928
28,3:low,2:medium,+,0.938
29,3:low,2:medium,+,0.937
30,2:medium,2:medium,,0.927
31,2:medium,2:medium,,0.957
32,2:medium,2:medium,,0.937
33,1:high,1:high,,0.52
34,1:high,1:high,,0.499
35,1:high,1:high,,0.5
36,1:high,1:high,,0.48
37,1:high,1:high,,0.479
38,1:high,1:high,,0.479
39,1:high,2:medium,+,0.495
40,1:high,1:high,,0.479
41,1:high,1:high,,0.501
42,1:high,2:medium,+,0.494
43,1:high,1:high,,0.501
44,1:high,1:high,,0.501
45,1:high,1:high,,0.48
46,1:high,2:medium,+,0.504
47,1:high,2:medium,+,0.504
48,1:high,1:high,,0.478

