inst#,actual,predicted,error,prediction
1,2:medium,2:medium,,0.62
2,2:medium,2:medium,,0.882
3,2:medium,2:medium,,0.882
4,3:low,3:low,,0.743
5,2:medium,2:medium,,0.627
6,2:medium,2:medium,,0.937
7,2:medium,2:medium,,0.891
8,3:low,2:medium,+,0.924
9,2:medium,2:medium,,0.974
10,2:medium,2:medium,,0.926
11,2:medium,2:medium,,0.974
12,2:medium,3:low,+,0.512
13,2:medium,2:medium,,0.794
14,2:medium,2:medium,,0.876
15,2:medium,3:low,+,0.724
16,2:medium,3:low,+,0.567
17,2:medium,2:medium,,0.702
18,2:medium,2:medium,,0.844
19,3:low,2:medium,+,0.978
20,2:medium,2:medium,,0.934
21,3:low,2:medium,+,0.981
22,3:low,2:medium,+,0.756
23,3:low,2:medium,+,0.701
24,3:low,2:medium,+,0.787
25,3:low,2:medium,+,0.713
26,2:medium,2:medium,,0.845
27,2:medium,2:medium,,0.799
28,3:low,2:medium,+,0.951
29,3:low,2:medium,+,0.945
30,2:medium,2:medium,,0.909
31,2:medium,3:low,+,0.52
32,2:medium,3:low,+,0.68
33,1:high,2:medium,+,0.976
34,1:high,2:medium,+,0.963
35,1:high,2:medium,+,0.966
36,1:high,2:medium,+,0.845
37,1:high,2:medium,+,0.919
38,1:high,2:medium,+,0.922
39,1:high,2:medium,+,0.893
40,1:high,2:medium,+,0.849
41,1:high,2:medium,+,0.91
42,1:high,2:medium,+,0.986
43,1:high,2:medium,+,0.984
44,1:high,2:medium,+,0.984
45,1:high,2:medium,+,0.969
46,1:high,2:medium,+,0.918
47,1:high,2:medium,+,0.93
48,1:high,2:medium,+,0.909

