inst#,actual,predicted,error,prediction
1,2:medium,2:medium,,0.499
2,2:medium,2:medium,,0.575
3,2:medium,2:medium,,0.633
4,3:low,2:medium,+,0.674
5,2:medium,2:medium,,0.63
6,2:medium,2:medium,,0.59
7,2:medium,2:medium,,0.593
8,3:low,2:medium,+,0.659
9,2:medium,2:medium,,0.678
10,2:medium,2:medium,,0.608
11,2:medium,2:medium,,0.698
12,2:medium,3:low,+,0.554
13,2:medium,2:medium,,0.641
14,2:medium,2:medium,,0.708
15,2:medium,2:medium,,0.57
16,2:medium,2:medium,,0.51
17,2:medium,3:low,+,0.5
18,2:medium,2:medium,,0.62
19,3:low,2:medium,+,0.778
20,2:medium,2:medium,,0.768
21,3:low,2:medium,+,0.772
22,3:low,2:medium,+,0.684
23,3:low,2:medium,+,0.62
24,3:low,2:medium,+,0.745
25,3:low,2:medium,+,0.731
26,2:medium,2:medium,,0.813
27,2:medium,2:medium,,0.812
28,3:low,2:medium,+,0.836
29,3:low,2:medium,+,0.848
30,2:medium,2:medium,,0.843
31,2:medium,2:medium,,0.822
32,2:medium,2:medium,,0.568
33,1:high,2:medium,+,0.651
34,1:high,2:medium,+,0.621
35,1:high,2:medium,+,0.574
36,1:high,2:medium,+,0.701
37,1:high,2:medium,+,0.601
38,1:high,2:medium,+,0.668
39,1:high,2:medium,+,0.664
40,1:high,2:medium,+,0.628
41,1:high,2:medium,+,0.647
42,1:high,2:medium,+,0.623
43,1:high,2:medium,+,0.626
44,1:high,2:medium,+,0.669
45,1:high,2:medium,+,0.532
46,1:high,2:medium,+,0.665
47,1:high,2:medium,+,0.714
48,1:high,2:medium,+,0.638

