inst#,actual,predicted,error,prediction
1,2:medium,3:low,+,0.632
2,2:medium,3:low,+,0.556
3,2:medium,3:low,+,0.556
4,3:low,2:medium,+,0.55
5,2:medium,3:low,+,0.503
6,2:medium,2:medium,,0.523
7,2:medium,2:medium,,0.562
8,3:low,2:medium,+,0.602
9,2:medium,2:medium,,0.536
10,2:medium,2:medium,,0.523
11,2:medium,2:medium,,0.641
12,2:medium,3:low,+,0.659
13,2:medium,2:medium,,0.523
14,2:medium,2:medium,,0.523
15,2:medium,3:low,+,0.553
16,2:medium,3:low,+,0.593
17,2:medium,3:low,+,0.727
18,2:medium,3:low,+,0.569
19,3:low,1:high,+,0.501
20,2:medium,1:high,+,0.488
21,3:low,2:medium,+,0.472
22,3:low,2:medium,+,0.472
23,3:low,2:medium,+,0.486
24,3:low,2:medium,+,0.733
25,3:low,2:medium,+,0.614
26,2:medium,2:medium,,0.797
27,2:medium,2:medium,,0.771
28,3:low,2:medium,+,0.784
29,3:low,2:medium,+,0.758
30,2:medium,2:medium,,0.771
31,2:medium,2:medium,,0.72
32,2:medium,3:low,+,0.487
33,1:high,1:high,,0.606
34,1:high,2:medium,+,0.589
35,1:high,1:high,,0.487
36,1:high,2:medium,+,0.473
37,1:high,1:high,,0.461
38,1:high,2:medium,+,0.46
39,1:high,1:high,,0.461
40,1:high,1:high,,0.447
41,1:high,1:high,,0.553
42,1:high,1:high,,0.474
43,1:high,1:high,,0.553
44,1:high,1:high,,0.553
45,1:high,1:high,,0.474
46,1:high,1:high,,0.474
47,1:high,1:high,,0.474
48,1:high,1:high,,0.447

