inst#,actual,predicted,error,prediction
1,2:medium,2:medium,,0.588
2,2:medium,2:medium,,0.572
3,2:medium,3:low,+,0.403
4,3:low,3:low,,0.563
5,2:medium,2:medium,,0.536
6,2:medium,2:medium,,0.595
7,2:medium,2:medium,,0.548
8,3:low,2:medium,+,0.594
9,2:medium,2:medium,,0.596
10,2:medium,2:medium,,0.581
11,2:medium,2:medium,,0.59
12,2:medium,2:medium,,0.503
13,2:medium,2:medium,,0.457
14,2:medium,2:medium,,0.534
15,2:medium,3:low,+,0.419
16,2:medium,3:low,+,0.445
17,2:medium,2:medium,,0.425
18,2:medium,2:medium,,0.54
19,3:low,2:medium,+,0.567
20,2:medium,2:medium,,0.468
21,3:low,2:medium,+,0.407
22,3:low,2:medium,+,0.526
23,3:low,2:medium,+,0.564
24,3:low,2:medium,+,0.525
25,3:low,2:medium,+,0.574
26,2:medium,2:medium,,0.476
27,2:medium,2:medium,,0.552
28,3:low,2:medium,+,0.548
29,3:low,2:medium,+,0.515
30,2:medium,2:medium,,0.565
31,2:medium,2:medium,,0.556
32,2:medium,3:low,+,0.416
33,1:high,2:medium,+,0.565
34,1:high,2:medium,+,0.515
35,1:high,2:medium,+,0.549
36,1:high,2:medium,+,0.408
37,1:high,2:medium,+,0.512
38,1:high,2:medium,+,0.58
39,1:high,2:medium,+,0.562
40,1:high,2:medium,+,0.584
41,1:high,2:medium,+,0.584
42,1:high,2:medium,+,0.58
43,1:high,2:medium,+,0.586
44,1:high,2:medium,+,0.573
45,1:high,2:medium,+,0.526
46,1:high,2:medium,+,0.561
47,1:high,2:medium,+,0.514
48,1:high,2:medium,+,0.562

