inst#,actual,predicted,error,prediction
1,2:medium,2:medium,,0.577
2,2:medium,2:medium,,0.654
3,2:medium,2:medium,,0.538
4,3:low,2:medium,+,0.654
5,2:medium,2:medium,,0.692
6,2:medium,2:medium,,0.731
7,2:medium,2:medium,,0.731
8,3:low,2:medium,+,0.692
9,2:medium,2:medium,,0.692
10,2:medium,2:medium,,0.615
11,2:medium,2:medium,,0.692
12,2:medium,2:medium,,0.538
13,2:medium,2:medium,,0.692
14,2:medium,2:medium,,0.654
15,2:medium,2:medium,,0.577
16,2:medium,2:medium,,0.615
17,2:medium,2:medium,,0.5
18,2:medium,2:medium,,0.577
19,3:low,2:medium,+,0.5
20,2:medium,2:medium,,0.5
21,3:low,2:medium,+,0.462
22,3:low,2:medium,+,0.577
23,3:low,2:medium,+,0.538
24,3:low,2:medium,+,0.577
25,3:low,2:medium,+,0.577
26,2:medium,2:medium,,0.462
27,2:medium,3:low,+,0.538
28,3:low,2:medium,+,0.5
29,3:low,2:medium,+,0.462
30,2:medium,2:medium,,0.577
31,2:medium,2:medium,,0.615
32,2:medium,2:medium,,0.577
33,1:high,2:medium,+,0.769
34,1:high,2:medium,+,0.654
35,1:high,2:medium,+,0.692
36,1:high,2:medium,+,0.692
37,1:high,2:medium,+,0.769
38,1:high,2:medium,+,0.654
39,1:high,2:medium,+,0.731
40,1:high,2:medium,+,0.692
41,1:high,2:medium,+,0.885
42,1:high,2:medium,+,0.846
43,1:high,2:medium,+,0.846
44,1:high,2:medium,+,0.846
45,1:high,2:medium,+,0.808
46,1:high,2:medium,+,0.731
47,1:high,2:medium,+,0.769
48,1:high,2:medium,+,0.654

