inst#,actual,predicted,error,prediction
1,2:medium,2:medium,,0.75
2,2:medium,2:medium,,0.813
3,2:medium,2:medium,,0.625
4,3:low,2:medium,+,0.75
5,2:medium,2:medium,,0.875
6,2:medium,2:medium,,0.813
7,2:medium,2:medium,,0.875
8,3:low,2:medium,+,0.938
9,2:medium,2:medium,,0.625
10,2:medium,2:medium,,0.688
11,2:medium,2:medium,,0.875
12,2:medium,2:medium,,0.563
13,2:medium,2:medium,,0.688
14,2:medium,2:medium,,0.563
15,2:medium,2:medium,,0.75
16,2:medium,2:medium,,0.875
17,2:medium,2:medium,,0.813
18,2:medium,2:medium,,0.563
19,3:low,1:high,+,0.625
20,2:medium,1:high,+,0.563
21,3:low,1:high,+,0.5
22,3:low,1:high,+,0.75
23,3:low,1:high,+,0.625
24,3:low,1:high,+,0.625
25,3:low,3:low,,0.625
26,2:medium,1:high,+,0.375
27,2:medium,1:high,+,0.875
28,3:low,1:high,+,0.875
29,3:low,1:high,+,0.813
30,2:medium,1:high,+,0.75
31,2:medium,1:high,+,0.813
32,2:medium,1:high,+,0.688
33,1:high,1:high,,0.688
34,1:high,1:high,,0.813
35,1:high,1:high,,0.688
36,1:high,1:high,,0.688
37,1:high,1:high,,0.688
38,1:high,1:high,,0.688
39,1:high,2:medium,+,0.75
40,1:high,2:medium,+,0.75
41,1:high,2:medium,+,0.75
42,1:high,1:high,,0.563
43,1:high,1:high,,0.813
44,1:high,1:high,,0.75
45,1:high,2:medium,+,0.563
46,1:high,1:high,,0.813
47,1:high,1:high,,0.688
48,1:high,1:high,,0.625

