inst#,actual,predicted,error,prediction
1,2:medium,2:medium,,0.869
2,2:medium,2:medium,,0.891
3,2:medium,2:medium,,0.562
4,3:low,3:low,,0.818
5,2:medium,2:medium,,0.737
6,2:medium,2:medium,,0.981
7,2:medium,2:medium,,0.791
8,3:low,2:medium,+,0.962
9,2:medium,2:medium,,0.991
10,2:medium,2:medium,,0.907
11,2:medium,2:medium,,0.946
12,2:medium,3:low,+,0.521
13,2:medium,2:medium,,0.813
14,2:medium,2:medium,,0.751
15,2:medium,3:low,+,0.716
16,2:medium,3:low,+,0.822
17,2:medium,3:low,+,0.633
18,2:medium,2:medium,,0.762
19,3:low,2:medium,+,0.85
20,2:medium,2:medium,,0.628
21,3:low,2:medium,+,0.524
22,3:low,2:medium,+,0.647
23,3:low,2:medium,+,0.679
24,3:low,2:medium,+,0.748
25,3:low,2:medium,+,0.705
26,2:medium,2:medium,,0.84
27,2:medium,2:medium,,0.89
28,3:low,2:medium,+,0.881
29,3:low,2:medium,+,0.825
30,2:medium,2:medium,,0.861
31,2:medium,2:medium,,0.883
32,2:medium,2:medium,,0.61
33,1:high,2:medium,+,0.829
34,1:high,2:medium,+,0.646
35,1:high,2:medium,+,0.672
36,1:high,2:medium,+,0.647
37,1:high,2:medium,+,0.652
38,1:high,2:medium,+,0.66
39,1:high,2:medium,+,0.646
40,1:high,2:medium,+,0.647
41,1:high,2:medium,+,0.666
42,1:high,2:medium,+,0.683
43,1:high,2:medium,+,0.676
44,1:high,2:medium,+,0.673
45,1:high,2:medium,+,0.538
46,1:high,2:medium,+,0.649
47,1:high,2:medium,+,0.658
48,1:high,2:medium,+,0.647

