inst#,actual,predicted,error,prediction
1,2:medium,2:medium,,0.717
2,2:medium,2:medium,,0.732
3,2:medium,2:medium,,0.775
4,3:low,2:medium,+,0.861
5,2:medium,2:medium,,0.798
6,2:medium,2:medium,,0.783
7,2:medium,2:medium,,0.663
8,3:low,2:medium,+,0.635
9,2:medium,2:medium,,0.773
10,2:medium,2:medium,,0.64
11,2:medium,2:medium,,0.694
12,2:medium,2:medium,,0.555
13,2:medium,2:medium,,0.688
14,2:medium,2:medium,,0.616
15,2:medium,2:medium,,0.581
16,2:medium,2:medium,,0.581
17,2:medium,2:medium,,0.643
18,2:medium,2:medium,,0.729
19,3:low,2:medium,+,0.415
20,2:medium,2:medium,,0.696
21,3:low,2:medium,+,0.639
22,3:low,2:medium,+,0.693
23,3:low,2:medium,+,0.664
24,3:low,2:medium,+,0.652
25,3:low,2:medium,+,0.683
26,2:medium,2:medium,,0.585
27,2:medium,2:medium,,0.478
28,3:low,2:medium,+,0.455
29,3:low,2:medium,+,0.428
30,2:medium,2:medium,,0.543
31,2:medium,2:medium,,0.571
32,2:medium,2:medium,,0.571
33,1:high,2:medium,+,0.563
34,1:high,2:medium,+,0.477
35,1:high,2:medium,+,0.535
36,1:high,2:medium,+,0.611
37,1:high,2:medium,+,0.523
38,1:high,2:medium,+,0.534
39,1:high,2:medium,+,0.594
40,1:high,2:medium,+,0.515
41,1:high,2:medium,+,0.565
42,1:high,2:medium,+,0.663
43,1:high,2:medium,+,0.634
44,1:high,2:medium,+,0.642
45,1:high,2:medium,+,0.619
46,1:high,2:medium,+,0.592
47,1:high,2:medium,+,0.592
48,1:high,2:medium,+,0.58

