inst#,actual,predicted,error,prediction
1,2:medium,3:low,+,0.532
2,2:medium,2:medium,,0.551
3,2:medium,3:low,+,0.478
4,3:low,2:medium,+,0.548
5,2:medium,3:low,+,0.478
6,2:medium,2:medium,,0.641
7,2:medium,2:medium,,0.494
8,3:low,2:medium,+,0.573
9,2:medium,2:medium,,0.58
10,2:medium,2:medium,,0.533
11,2:medium,2:medium,,0.633
12,2:medium,2:medium,,0.531
13,2:medium,2:medium,,0.548
14,2:medium,2:medium,,0.548
15,2:medium,3:low,+,0.472
16,2:medium,3:low,+,0.472
17,2:medium,3:low,+,0.478
18,2:medium,2:medium,,0.482
19,3:low,2:medium,+,0.727
20,2:medium,2:medium,,0.714
21,3:low,2:medium,+,0.767
22,3:low,2:medium,+,0.754
23,3:low,2:medium,+,0.527
24,3:low,2:medium,+,0.848
25,3:low,2:medium,+,0.835
26,2:medium,2:medium,,0.908
27,2:medium,2:medium,,0.908
28,3:low,2:medium,+,0.908
29,3:low,2:medium,+,0.908
30,2:medium,2:medium,,0.921
31,2:medium,2:medium,,0.901
32,2:medium,2:medium,,0.69
33,1:high,2:medium,+,0.568
34,1:high,2:medium,+,0.66
35,1:high,2:medium,+,0.509
36,1:high,2:medium,+,0.669
37,1:high,2:medium,+,0.621
38,1:high,2:medium,+,0.669
39,1:high,2:medium,+,0.621
40,1:high,2:medium,+,0.621
41,1:high,2:medium,+,0.621
42,1:high,2:medium,+,0.621
43,1:high,2:medium,+,0.621
44,1:high,2:medium,+,0.621
45,1:high,2:medium,+,0.469
46,1:high,2:medium,+,0.621
47,1:high,2:medium,+,0.621
48,1:high,2:medium,+,0.621

