inst#,actual,predicted,error,prediction
1,2:medium,2:medium,,0.655
2,2:medium,2:medium,,0.874
3,2:medium,2:medium,,0.839
4,3:low,2:medium,+,0.695
5,2:medium,2:medium,,0.67
6,2:medium,2:medium,,0.757
7,2:medium,2:medium,,0.648
8,3:low,2:medium,+,0.583
9,2:medium,2:medium,,0.838
10,2:medium,2:medium,,0.773
11,2:medium,2:medium,,0.838
12,2:medium,2:medium,,0.8
13,2:medium,2:medium,,0.634
14,2:medium,2:medium,,0.735
15,2:medium,2:medium,,0.731
16,2:medium,2:medium,,0.769
17,2:medium,2:medium,,0.894
18,2:medium,2:medium,,0.807
19,3:low,2:medium,+,0.847
20,2:medium,2:medium,,0.642
21,3:low,2:medium,+,0.748
22,3:low,2:medium,+,0.772
23,3:low,2:medium,+,0.79
24,3:low,2:medium,+,0.7
25,3:low,2:medium,+,0.838
26,2:medium,2:medium,,0.745
27,2:medium,2:medium,,0.765
28,3:low,2:medium,+,0.592
29,3:low,2:medium,+,0.772
30,2:medium,2:medium,,0.78
31,2:medium,2:medium,,0.798
32,2:medium,2:medium,,0.596
33,1:high,2:medium,+,0.733
34,1:high,2:medium,+,0.793
35,1:high,2:medium,+,0.866
36,1:high,2:medium,+,0.728
37,1:high,2:medium,+,0.832
38,1:high,2:medium,+,0.865
39,1:high,2:medium,+,0.865
40,1:high,2:medium,+,0.851
41,1:high,2:medium,+,0.827
42,1:high,2:medium,+,0.859
43,1:high,2:medium,+,0.851
44,1:high,2:medium,+,0.872
45,1:high,2:medium,+,0.806
46,1:high,2:medium,+,0.867
47,1:high,2:medium,+,0.826
48,1:high,2:medium,+,0.842

