inst#,actual,predicted,error,prediction
1,2:medium,3:low,+,0.481
2,2:medium,3:low,+,0.551
3,2:medium,3:low,+,0.495
4,3:low,3:low,,0.526
5,2:medium,3:low,+,0.526
6,2:medium,3:low,+,0.483
7,2:medium,2:medium,,0.624
8,3:low,2:medium,+,0.605
9,2:medium,3:low,+,0.458
10,2:medium,3:low,+,0.449
11,2:medium,3:low,+,0.464
12,2:medium,3:low,+,0.449
13,2:medium,3:low,+,0.497
14,2:medium,3:low,+,0.488
15,2:medium,3:low,+,0.46
16,2:medium,3:low,+,0.41
17,2:medium,3:low,+,0.466
18,2:medium,3:low,+,0.509
19,3:low,3:low,,0.444
20,2:medium,3:low,+,0.488
21,3:low,3:low,,0.432
22,3:low,3:low,,0.434
23,3:low,3:low,,0.458
24,3:low,3:low,,0.44
25,3:low,2:medium,+,0.494
26,2:medium,2:medium,,0.424
27,2:medium,3:low,+,0.438
28,3:low,3:low,,0.536
29,3:low,3:low,,0.501
30,2:medium,3:low,+,0.448
31,2:medium,3:low,+,0.481
32,2:medium,2:medium,,0.488
33,1:high,3:low,+,0.475
34,1:high,3:low,+,0.407
35,1:high,3:low,+,0.483
36,1:high,3:low,+,0.419
37,1:high,3:low,+,0.418
38,1:high,2:medium,+,0.444
39,1:high,3:low,+,0.424
40,1:high,3:low,+,0.447
41,1:high,3:low,+,0.424
42,1:high,3:low,+,0.444
43,1:high,3:low,+,0.467
44,1:high,3:low,+,0.422
45,1:high,3:low,+,0.618
46,1:high,3:low,+,0.461
47,1:high,3:low,+,0.394
48,1:high,2:medium,+,0.439

