inst#,actual,predicted,error,prediction
1,2:medium,3:low,+,0.482
2,2:medium,2:medium,,0.593
3,2:medium,2:medium,,0.815
4,3:low,2:medium,+,0.795
5,2:medium,2:medium,,0.569
6,2:medium,2:medium,,0.626
7,2:medium,3:low,+,0.641
8,3:low,3:low,,0.546
9,2:medium,3:low,+,0.546
10,2:medium,3:low,+,0.598
11,2:medium,2:medium,,0.497
12,2:medium,3:low,+,0.69
13,2:medium,2:medium,,0.517
14,2:medium,2:medium,,0.944
15,2:medium,2:medium,,0.517
16,2:medium,3:low,+,0.507
17,2:medium,3:low,+,0.556
18,2:medium,2:medium,,0.501
19,3:low,2:medium,+,0.798
20,2:medium,2:medium,,0.776
21,3:low,2:medium,+,0.816
22,3:low,2:medium,+,0.559
23,3:low,3:low,,0.488
24,3:low,2:medium,+,0.559
25,3:low,3:low,,0.56
26,2:medium,2:medium,,0.746
27,2:medium,2:medium,,0.871
28,3:low,2:medium,+,0.871
29,3:low,2:medium,+,0.798
30,2:medium,2:medium,,0.871
31,2:medium,2:medium,,0.614
32,2:medium,3:low,+,0.488
33,1:high,2:medium,+,0.867
34,1:high,2:medium,+,0.665
35,1:high,2:medium,+,0.665
36,1:high,2:medium,+,0.665
37,1:high,2:medium,+,0.665
38,1:high,2:medium,+,0.665
39,1:high,2:medium,+,0.79
40,1:high,2:medium,+,0.665
41,1:high,2:medium,+,0.79
42,1:high,2:medium,+,0.79
43,1:high,2:medium,+,0.79
44,1:high,2:medium,+,0.79
45,1:high,2:medium,+,0.718
46,1:high,2:medium,+,0.665
47,1:high,2:medium,+,0.75
48,1:high,2:medium,+,0.665

