inst#,actual,predicted,error,prediction
1,2:medium,2:medium,,0.909
2,2:medium,2:medium,,0.8
3,2:medium,2:medium,,0.691
4,2:medium,2:medium,,0.673
5,2:medium,2:medium,,0.727
6,2:medium,2:medium,,0.691
7,2:medium,2:medium,,0.527
8,2:medium,1:low,+,0.509
9,2:medium,1:low,+,0.527
10,2:medium,2:medium,,0.564
11,2:medium,2:medium,,0.564
12,2:medium,1:low,+,0.473
13,2:medium,1:low,+,0.527
14,2:medium,1:low,+,0.655
15,2:medium,1:low,+,0.691
16,2:medium,1:low,+,0.727
17,2:medium,1:low,+,0.745
18,2:medium,1:low,+,0.8
19,2:medium,1:low,+,0.818
20,2:medium,1:low,+,0.8
21,2:medium,1:low,+,0.836
22,2:medium,1:low,+,0.764
23,2:medium,1:low,+,0.745
24,2:medium,1:low,+,0.8
25,2:medium,1:low,+,0.764
26,2:medium,1:low,+,0.727
27,2:medium,1:low,+,0.727
28,2:medium,1:low,+,0.709
29,2:medium,1:low,+,0.727
30,2:medium,1:low,+,0.727
31,2:medium,1:low,+,0.727
32,2:medium,1:low,+,0.509
33,2:medium,1:low,+,0.673
34,2:medium,1:low,+,0.655
35,2:medium,1:low,+,0.618
36,2:medium,1:low,+,0.636
37,2:medium,1:low,+,0.527
38,2:medium,2:medium,,0.564
39,2:medium,2:medium,,0.545
40,2:medium,2:medium,,0.564
41,2:medium,2:medium,,0.636
42,2:medium,2:medium,,0.6
43,2:medium,3:high,+,0.455
44,2:medium,2:medium,,0.491
45,2:medium,2:medium,,0.6
46,2:medium,2:medium,,0.455
47,2:medium,2:medium,,0.618
48,2:medium,2:medium,,0.636
49,2:medium,2:medium,,0.764
50,2:medium,2:medium,,0.764
51,2:medium,2:medium,,0.6
52,2:medium,2:medium,,0.582
53,2:medium,2:medium,,0.855
54,2:medium,3:high,+,0.564
55,2:medium,2:medium,,0.491
56,2:medium,2:medium,,0.618
57,2:medium,3:high,+,0.527
58,2:medium,3:high,+,0.782
59,2:medium,3:high,+,0.745
60,2:medium,3:high,+,0.764
61,2:medium,3:high,+,0.582
62,2:medium,3:high,+,0.509
63,2:medium,3:high,+,0.564
64,2:medium,2:medium,,0.436
65,2:medium,3:high,+,0.509
66,2:medium,3:high,+,0.545
67,2:medium,2:medium,,0.473
68,2:medium,2:medium,,0.6
69,2:medium,2:medium,,0.382
70,2:medium,2:medium,,0.491
71,2:medium,1:low,+,0.527
72,2:medium,1:low,+,0.436

