inst#,actual,predicted,error,prediction
1,2:medium,2:medium,,0.827
2,2:medium,2:medium,,0.831
3,2:medium,2:medium,,0.753
4,2:medium,2:medium,,0.753
5,2:medium,1:low,+,0.463
6,2:medium,1:low,+,0.496
7,2:medium,1:low,+,0.607
8,2:medium,1:low,+,0.607
9,2:medium,1:low,+,0.722
10,2:medium,1:low,+,0.562
11,2:medium,1:low,+,0.562
12,2:medium,1:low,+,0.71
13,2:medium,1:low,+,0.784
14,2:medium,1:low,+,0.661
15,2:medium,1:low,+,0.682
16,2:medium,1:low,+,0.712
17,2:medium,1:low,+,0.712
18,2:medium,1:low,+,0.712
19,2:medium,1:low,+,0.733
20,2:medium,1:low,+,0.845
21,2:medium,1:low,+,0.733
22,2:medium,1:low,+,0.733
23,2:medium,1:low,+,0.636
24,2:medium,1:low,+,0.673
25,2:medium,1:low,+,0.811
26,2:medium,1:low,+,0.673
27,2:medium,1:low,+,0.673
28,2:medium,1:low,+,0.673
29,2:medium,1:low,+,0.562
30,2:medium,1:low,+,0.635
31,2:medium,1:low,+,0.663
32,2:medium,2:medium,,0.499
33,2:medium,1:low,+,0.673
34,2:medium,1:low,+,0.673
35,2:medium,1:low,+,0.623
36,2:medium,1:low,+,0.623
37,2:medium,1:low,+,0.512
38,2:medium,2:medium,,0.5
39,2:medium,2:medium,,0.61
40,2:medium,2:medium,,0.5
41,2:medium,2:medium,,0.61
42,2:medium,2:medium,,0.401
43,2:medium,3:high,+,0.563
44,2:medium,3:high,+,0.415
45,2:medium,2:medium,,0.475
46,2:medium,3:high,+,0.489
47,2:medium,2:medium,,0.475
48,2:medium,2:medium,,0.475
49,2:medium,2:medium,,0.499
50,2:medium,1:low,+,0.37
51,2:medium,2:medium,,0.351
52,2:medium,2:medium,,0.499
53,2:medium,2:medium,,0.808
54,2:medium,3:high,+,0.563
55,2:medium,3:high,+,0.526
56,2:medium,2:medium,,0.503
57,2:medium,3:high,+,0.721
58,2:medium,3:high,+,0.721
59,2:medium,3:high,+,0.758
60,2:medium,3:high,+,0.758
61,2:medium,3:high,+,0.602
62,2:medium,3:high,+,0.526
63,2:medium,3:high,+,0.565
64,2:medium,3:high,+,0.49
65,2:medium,3:high,+,0.452
66,2:medium,3:high,+,0.527
67,2:medium,2:medium,,0.482
68,2:medium,2:medium,,0.731
69,2:medium,1:low,+,0.495
70,2:medium,1:low,+,0.676
71,2:medium,1:low,+,0.751
72,2:medium,1:low,+,0.788

