inst#,actual,predicted,error,prediction
1,2:medium,2:medium,,0.929
2,2:medium,2:medium,,0.833
3,2:medium,2:medium,,0.667
4,2:medium,2:medium,,0.667
5,2:medium,2:medium,,0.857
6,2:medium,2:medium,,0.619
7,2:medium,1:low,+,0.5
8,2:medium,1:low,+,0.524
9,2:medium,1:low,+,0.5
10,2:medium,2:medium,,0.548
11,2:medium,2:medium,,0.524
12,2:medium,2:medium,,0.476
13,2:medium,1:low,+,0.5
14,2:medium,1:low,+,0.619
15,2:medium,1:low,+,0.667
16,2:medium,1:low,+,0.69
17,2:medium,1:low,+,0.69
18,2:medium,1:low,+,0.69
19,2:medium,1:low,+,0.833
20,2:medium,1:low,+,0.786
21,2:medium,1:low,+,0.786
22,2:medium,1:low,+,0.786
23,2:medium,1:low,+,0.762
24,2:medium,1:low,+,0.738
25,2:medium,1:low,+,0.762
26,2:medium,1:low,+,0.762
27,2:medium,1:low,+,0.762
28,2:medium,1:low,+,0.643
29,2:medium,1:low,+,0.619
30,2:medium,1:low,+,0.619
31,2:medium,1:low,+,0.667
32,2:medium,1:low,+,0.429
33,2:medium,1:low,+,0.548
34,2:medium,1:low,+,0.548
35,2:medium,1:low,+,0.476
36,2:medium,1:low,+,0.476
37,2:medium,1:low,+,0.429
38,2:medium,2:medium,,0.619
39,2:medium,2:medium,,0.595
40,2:medium,2:medium,,0.595
41,2:medium,2:medium,,0.595
42,2:medium,2:medium,,0.667
43,2:medium,3:high,+,0.5
44,2:medium,2:medium,,0.595
45,2:medium,2:medium,,0.762
46,2:medium,2:medium,,0.5
47,2:medium,2:medium,,0.786
48,2:medium,2:medium,,0.738
49,2:medium,2:medium,,0.833
50,2:medium,2:medium,,0.833
51,2:medium,2:medium,,0.595
52,2:medium,2:medium,,0.595
53,2:medium,2:medium,,0.857
54,2:medium,3:high,+,0.69
55,2:medium,2:medium,,0.476
56,2:medium,3:high,+,0.5
57,2:medium,3:high,+,0.571
58,2:medium,3:high,+,0.905
59,2:medium,3:high,+,0.81
60,2:medium,3:high,+,0.857
61,2:medium,3:high,+,0.595
62,2:medium,3:high,+,0.595
63,2:medium,3:high,+,0.595
64,2:medium,3:high,+,0.524
65,2:medium,3:high,+,0.738
66,2:medium,3:high,+,0.643
67,2:medium,3:high,+,0.452
68,2:medium,2:medium,,0.5
69,2:medium,3:high,+,0.429
70,2:medium,2:medium,,0.571
71,2:medium,1:low,+,0.548
72,2:medium,1:low,+,0.5

