inst#,actual,predicted,error,prediction
1,2:medium,1:low,+,0.515
2,2:medium,2:medium,,0.566
3,2:medium,1:low,+,0.505
4,2:medium,1:low,+,0.6
5,2:medium,2:medium,,0.583
6,2:medium,1:low,+,0.527
7,2:medium,2:medium,,0.515
8,2:medium,2:medium,,0.622
9,2:medium,2:medium,,0.583
10,2:medium,2:medium,,0.722
11,2:medium,2:medium,,0.654
12,2:medium,2:medium,,0.614
13,2:medium,2:medium,,0.644
14,2:medium,2:medium,,0.635
15,2:medium,2:medium,,0.545
16,2:medium,1:low,+,0.624
17,2:medium,1:low,+,0.695
18,2:medium,1:low,+,0.69
19,2:medium,1:low,+,0.693
20,2:medium,1:low,+,0.7
21,2:medium,1:low,+,0.638
22,2:medium,1:low,+,0.619
23,2:medium,1:low,+,0.611
24,2:medium,1:low,+,0.574
25,2:medium,1:low,+,0.503
26,2:medium,2:medium,,0.55
27,2:medium,2:medium,,0.551
28,2:medium,2:medium,,0.55
29,2:medium,1:low,+,0.519
30,2:medium,2:medium,,0.485
31,2:medium,1:low,+,0.501
32,2:medium,1:low,+,0.614
33,2:medium,1:low,+,0.639
34,2:medium,1:low,+,0.647
35,2:medium,2:medium,,0.502
36,2:medium,1:low,+,0.481
37,2:medium,2:medium,,0.53
38,2:medium,2:medium,,0.534
39,2:medium,1:low,+,0.525
40,2:medium,1:low,+,0.548
41,2:medium,1:low,+,0.661
42,2:medium,1:low,+,0.685
43,2:medium,1:low,+,0.651
44,2:medium,1:low,+,0.653
45,2:medium,1:low,+,0.619
46,2:medium,1:low,+,0.535
47,2:medium,1:low,+,0.658
48,2:medium,1:low,+,0.683
49,2:medium,1:low,+,0.702
50,2:medium,1:low,+,0.506
51,2:medium,1:low,+,0.576
52,2:medium,2:medium,,0.637
53,2:medium,1:low,+,0.499
54,2:medium,2:medium,,0.503
55,2:medium,1:low,+,0.558
56,2:medium,1:low,+,0.653
57,2:medium,1:low,+,0.598
58,2:medium,1:low,+,0.591
59,2:medium,1:low,+,0.492
60,2:medium,2:medium,,0.463
61,2:medium,2:medium,,0.475
62,2:medium,2:medium,,0.494
63,2:medium,2:medium,,0.519
64,2:medium,2:medium,,0.613
65,2:medium,2:medium,,0.524
66,2:medium,1:low,+,0.568
67,2:medium,1:low,+,0.54
68,2:medium,1:low,+,0.605
69,2:medium,1:low,+,0.524
70,2:medium,2:medium,,0.516
71,2:medium,2:medium,,0.655
72,2:medium,2:medium,,0.769

