inst#,actual,predicted,error,prediction
1,2:medium,2:medium,,1
2,2:medium,2:medium,,1
3,2:medium,2:medium,,1
4,2:medium,2:medium,,1
5,2:medium,2:medium,,1
6,2:medium,2:medium,,1
7,2:medium,2:medium,,1
8,2:medium,2:medium,,1
9,2:medium,2:medium,,1
10,2:medium,2:medium,,1
11,2:medium,2:medium,,1
12,2:medium,2:medium,,0.993
13,2:medium,2:medium,,1
14,2:medium,1:low,+,1
15,2:medium,1:low,+,1
16,2:medium,1:low,+,1
17,2:medium,1:low,+,1
18,2:medium,1:low,+,1
19,2:medium,1:low,+,1
20,2:medium,1:low,+,1
21,2:medium,1:low,+,1
22,2:medium,1:low,+,1
23,2:medium,1:low,+,1
24,2:medium,1:low,+,1
25,2:medium,1:low,+,0.966
26,2:medium,2:medium,,0.723
27,2:medium,2:medium,,0.723
28,2:medium,1:low,+,1
29,2:medium,1:low,+,1
30,2:medium,1:low,+,1
31,2:medium,1:low,+,0.999
32,2:medium,1:low,+,0.57
33,2:medium,1:low,+,0.879
34,2:medium,1:low,+,0.999
35,2:medium,1:low,+,0.856
36,2:medium,1:low,+,0.972
37,2:medium,1:low,+,0.971
38,2:medium,2:medium,,0.906
39,2:medium,1:low,+,0.719
40,2:medium,1:low,+,0.61
41,2:medium,1:low,+,1
42,2:medium,1:low,+,1
43,2:medium,3:high,+,1
44,2:medium,3:high,+,0.97
45,2:medium,2:medium,,0.998
46,2:medium,3:high,+,1
47,2:medium,2:medium,,0.999
48,2:medium,2:medium,,0.994
49,2:medium,2:medium,,1
50,2:medium,2:medium,,1
51,2:medium,2:medium,,1
52,2:medium,2:medium,,1
53,2:medium,2:medium,,1
54,2:medium,3:high,+,0.986
55,2:medium,3:high,+,0.891
56,2:medium,2:medium,,1
57,2:medium,3:high,+,0.809
58,2:medium,3:high,+,1
59,2:medium,3:high,+,1
60,2:medium,3:high,+,1
61,2:medium,3:high,+,1
62,2:medium,3:high,+,0.974
63,2:medium,3:high,+,0.501
64,2:medium,1:low,+,0.601
65,2:medium,1:low,+,1
66,2:medium,1:low,+,0.991
67,2:medium,2:medium,,1
68,2:medium,3:high,+,0.966
69,2:medium,2:medium,,0.958
70,2:medium,1:low,+,1
71,2:medium,1:low,+,1
72,2:medium,3:high,+,0.969

