inst#,actual,predicted,error,prediction
1,2:medium,2:medium,,0.811
2,2:medium,2:medium,,0.826
3,2:medium,2:medium,,0.595
4,2:medium,2:medium,,0.634
5,2:medium,2:medium,,0.652
6,2:medium,2:medium,,0.581
7,2:medium,2:medium,,0.571
8,2:medium,2:medium,,0.644
9,2:medium,2:medium,,0.744
10,2:medium,2:medium,,0.772
11,2:medium,2:medium,,0.673
12,2:medium,2:medium,,0.537
13,2:medium,2:medium,,0.485
14,2:medium,1:low,+,0.765
15,2:medium,1:low,+,0.854
16,2:medium,1:low,+,0.917
17,2:medium,1:low,+,0.92
18,2:medium,1:low,+,0.897
19,2:medium,1:low,+,0.929
20,2:medium,1:low,+,0.929
21,2:medium,1:low,+,0.927
22,2:medium,1:low,+,0.898
23,2:medium,1:low,+,0.956
24,2:medium,1:low,+,0.899
25,2:medium,1:low,+,0.89
26,2:medium,1:low,+,0.893
27,2:medium,1:low,+,0.896
28,2:medium,1:low,+,0.885
29,2:medium,1:low,+,0.852
30,2:medium,1:low,+,0.835
31,2:medium,1:low,+,0.789
32,2:medium,1:low,+,0.57
33,2:medium,1:low,+,0.568
34,2:medium,1:low,+,0.619
35,2:medium,1:low,+,0.636
36,2:medium,1:low,+,0.638
37,2:medium,1:low,+,0.634
38,2:medium,2:medium,,0.699
39,2:medium,2:medium,,0.684
40,2:medium,2:medium,,0.687
41,2:medium,2:medium,,0.708
42,2:medium,2:medium,,0.699
43,2:medium,2:medium,,0.681
44,2:medium,2:medium,,0.666
45,2:medium,2:medium,,0.665
46,2:medium,2:medium,,0.642
47,2:medium,2:medium,,0.661
48,2:medium,2:medium,,0.586
49,2:medium,2:medium,,0.671
50,2:medium,2:medium,,0.658
51,2:medium,2:medium,,0.636
52,2:medium,2:medium,,0.627
53,2:medium,2:medium,,0.637
54,2:medium,3:high,+,0.576
55,2:medium,3:high,+,0.535
56,2:medium,3:high,+,0.612
57,2:medium,3:high,+,0.557
58,2:medium,3:high,+,0.872
59,2:medium,3:high,+,0.884
60,2:medium,3:high,+,0.865
61,2:medium,3:high,+,0.726
62,2:medium,3:high,+,0.738
63,2:medium,3:high,+,0.701
64,2:medium,3:high,+,0.604
65,2:medium,3:high,+,0.571
66,2:medium,3:high,+,0.587
67,2:medium,3:high,+,0.629
68,2:medium,3:high,+,0.415
69,2:medium,3:high,+,0.411
70,2:medium,3:high,+,0.399
71,2:medium,1:low,+,0.497
72,2:medium,1:low,+,0.509

