inst#,actual,predicted,error,prediction
1,2:medium,2:medium,,0.612
2,2:medium,2:medium,,0.504
3,2:medium,2:medium,,0.5
4,2:medium,1:low,+,0.522
5,2:medium,2:medium,,0.567
6,2:medium,2:medium,,0.64
7,2:medium,2:medium,,0.649
8,2:medium,2:medium,,0.609
9,2:medium,2:medium,,0.578
10,2:medium,2:medium,,0.574
11,2:medium,2:medium,,0.601
12,2:medium,1:low,+,0.522
13,2:medium,1:low,+,0.578
14,2:medium,1:low,+,0.584
15,2:medium,1:low,+,0.753
16,2:medium,1:low,+,0.805
17,2:medium,1:low,+,0.828
18,2:medium,1:low,+,0.841
19,2:medium,1:low,+,0.871
20,2:medium,1:low,+,0.882
21,2:medium,1:low,+,0.86
22,2:medium,1:low,+,0.845
23,2:medium,1:low,+,0.852
24,2:medium,1:low,+,0.821
25,2:medium,1:low,+,0.745
26,2:medium,1:low,+,0.71
27,2:medium,1:low,+,0.728
28,2:medium,1:low,+,0.803
29,2:medium,1:low,+,0.825
30,2:medium,1:low,+,0.741
31,2:medium,1:low,+,0.708
32,2:medium,1:low,+,0.647
33,2:medium,1:low,+,0.656
34,2:medium,1:low,+,0.64
35,2:medium,1:low,+,0.607
36,2:medium,1:low,+,0.622
37,2:medium,1:low,+,0.545
38,2:medium,1:low,+,0.607
39,2:medium,1:low,+,0.377
40,2:medium,1:low,+,0.451
41,2:medium,2:medium,,0.473
42,2:medium,1:low,+,0.428
43,2:medium,1:low,+,0.415
44,2:medium,1:low,+,0.438
45,2:medium,1:low,+,0.445
46,2:medium,1:low,+,0.444
47,2:medium,1:low,+,0.447
48,2:medium,1:low,+,0.443
49,2:medium,2:medium,,0.508
50,2:medium,2:medium,,0.549
51,2:medium,2:medium,,0.484
52,2:medium,2:medium,,0.644
53,2:medium,2:medium,,0.626
54,2:medium,3:high,+,0.445
55,2:medium,3:high,+,0.381
56,2:medium,3:high,+,0.417
57,2:medium,3:high,+,0.472
58,2:medium,3:high,+,0.653
59,2:medium,3:high,+,0.557
60,2:medium,3:high,+,0.523
61,2:medium,3:high,+,0.463
62,2:medium,3:high,+,0.512
63,2:medium,3:high,+,0.477
64,2:medium,3:high,+,0.498
65,2:medium,3:high,+,0.539
66,2:medium,3:high,+,0.566
67,2:medium,3:high,+,0.498
68,2:medium,1:low,+,0.603
69,2:medium,1:low,+,0.754
70,2:medium,1:low,+,0.824
71,2:medium,1:low,+,0.788
72,2:medium,1:low,+,0.665

