inst#,actual,predicted,error,prediction
1,2:medium,2:medium,,1
2,2:medium,2:medium,,1
3,2:medium,2:medium,,0.905
4,2:medium,2:medium,,1
5,2:medium,2:medium,,1
6,2:medium,2:medium,,1
7,2:medium,2:medium,,0.885
8,2:medium,2:medium,,1
9,2:medium,2:medium,,1
10,2:medium,2:medium,,1
11,2:medium,2:medium,,1
12,2:medium,2:medium,,0.722
13,2:medium,2:medium,,0.977
14,2:medium,1:low,+,1
15,2:medium,1:low,+,0.999
16,2:medium,1:low,+,1
17,2:medium,1:low,+,1
18,2:medium,1:low,+,1
19,2:medium,1:low,+,1
20,2:medium,1:low,+,1
21,2:medium,1:low,+,0.999
22,2:medium,1:low,+,1
23,2:medium,1:low,+,1
24,2:medium,1:low,+,1
25,2:medium,1:low,+,0.985
26,2:medium,1:low,+,1
27,2:medium,1:low,+,1
28,2:medium,1:low,+,1
29,2:medium,1:low,+,1
30,2:medium,1:low,+,1
31,2:medium,1:low,+,1
32,2:medium,1:low,+,1
33,2:medium,1:low,+,1
34,2:medium,1:low,+,1
35,2:medium,1:low,+,1
36,2:medium,1:low,+,1
37,2:medium,1:low,+,0.999
38,2:medium,2:medium,,0.958
39,2:medium,3:high,+,0.951
40,2:medium,1:low,+,1
41,2:medium,1:low,+,1
42,2:medium,1:low,+,1
43,2:medium,3:high,+,0.884
44,2:medium,1:low,+,0.526
45,2:medium,2:medium,,0.939
46,2:medium,1:low,+,0.971
47,2:medium,1:low,+,1
48,2:medium,1:low,+,0.996
49,2:medium,1:low,+,0.998
50,2:medium,1:low,+,1
51,2:medium,2:medium,,0.923
52,2:medium,2:medium,,1
53,2:medium,2:medium,,1
54,2:medium,2:medium,,1
55,2:medium,2:medium,,1
56,2:medium,2:medium,,1
57,2:medium,3:high,+,0.947
58,2:medium,3:high,+,1
59,2:medium,3:high,+,1
60,2:medium,3:high,+,1
61,2:medium,3:high,+,0.997
62,2:medium,3:high,+,0.999
63,2:medium,3:high,+,0.922
64,2:medium,3:high,+,0.411
65,2:medium,1:low,+,0.636
66,2:medium,3:high,+,0.611
67,2:medium,2:medium,,1
68,2:medium,2:medium,,1
69,2:medium,2:medium,,0.998
70,2:medium,2:medium,,1
71,2:medium,2:medium,,1
72,2:medium,2:medium,,1

