inst#,actual,predicted,error,distribution,,
1,3:low,1:high,+,*0.5,0,0.5
2,2:medium,1:high,+,*0.5,0.5,0
3,2:medium,1:high,+,*1,0,0
4,2:medium,2:medium,,0,*1,0
5,2:medium,2:medium,,0,*1,0
6,2:medium,3:low,+,0,0,*1
7,2:medium,3:low,+,0,0,*1
8,2:medium,3:low,+,0,0,*1
9,3:low,3:low,,0,0,*1
10,3:low,3:low,,0,0,*1
11,3:low,3:low,,0,0,*1
12,3:low,3:low,,0,0,*1
13,3:low,3:low,,0,0.488,*0.512
14,3:low,3:low,,0,0,*1
15,3:low,3:low,,0,0,*1
16,3:low,3:low,,0,0,*1
17,3:low,3:low,,0,0,*1
18,3:low,3:low,,0,0,*1
19,3:low,3:low,,0,0,*1
20,3:low,3:low,,0,0,*1
21,3:low,3:low,,0,0,*1
22,3:low,3:low,,0.014,0,*0.986
23,3:low,3:low,,0,0,*1
24,3:low,3:low,,0,0.5,*0.5
25,3:low,2:medium,+,0,*0.598,0.402
26,2:medium,3:low,+,0,0,*1
27,3:low,3:low,,0,0,*1
28,3:low,3:low,,0,0,*1
29,3:low,2:medium,+,0.5,*0.5,0
30,3:low,2:medium,+,0,*0.5,0.5
31,3:low,2:medium,+,0,*1,0
32,2:medium,2:medium,,0,*1,0
33,3:low,2:medium,+,0,*1,0
34,2:medium,3:low,+,0,0,*1
35,2:medium,2:medium,,0,*1,0
36,3:low,3:low,,0,0,*1
37,2:medium,1:high,+,*0.5,0.5,0
38,3:low,3:low,,0,0,*1
39,3:low,2:medium,+,0,*1,0
40,3:low,2:medium,+,0,*1,0
41,3:low,2:medium,+,0,*1,0
42,3:low,2:medium,+,0,*1,0
43,2:medium,2:medium,,0,*1,0
44,3:low,2:medium,+,0,*1,0
45,3:low,2:medium,+,0,*1,0
46,2:medium,2:medium,,0,*1,0
47,3:low,2:medium,+,0,*1,0
48,3:low,2:medium,+,0,*1,0
