inst#,actual,predicted,error,distribution,,
1,3:low,3:low,,0,0,*1
2,2:medium,2:medium,,0.061,*0.784,0.155
3,2:medium,3:low,+,0,0,*1
4,2:medium,3:low,+,0,0,*1
5,2:medium,3:low,+,0,0,*1
6,2:medium,3:low,+,0,0,*1
7,2:medium,3:low,+,0,0,*1
8,2:medium,3:low,+,0,0,*1
9,3:low,3:low,,0,0,*1
10,3:low,1:high,+,*0.992,0.007,0
11,3:low,3:low,,0,0,*1
12,3:low,3:low,,0,0,*1
13,3:low,1:high,+,*0.859,0,0.141
14,3:low,3:low,,0,0,*1
15,3:low,3:low,,0,0,*1
16,3:low,3:low,,0,0,*1
17,3:low,3:low,,0,0,*1
18,3:low,3:low,,0,0,*1
19,3:low,3:low,,0,0,*1
20,3:low,3:low,,0,0,*1
21,3:low,2:medium,+,0,*1,0
22,3:low,3:low,,0,0,*1
23,3:low,3:low,,0,0,*1
24,3:low,3:low,,0,0,*1
25,3:low,3:low,,0,0,*1
26,2:medium,3:low,+,0,0,*1
27,3:low,3:low,,0,0,*1
28,3:low,3:low,,0,0,*1
29,3:low,3:low,,0,0,*1
30,3:low,3:low,,0,0,*1
31,3:low,3:low,,0,0,*1
32,2:medium,3:low,+,0,0,*1
33,3:low,3:low,,0,0.01,*0.99
34,2:medium,3:low,+,0,0,*1
35,2:medium,2:medium,,0,*1,0
36,3:low,3:low,,0,0,*1
37,2:medium,2:medium,,0,*1,0
38,3:low,3:low,,0,0,*1
39,3:low,3:low,,0,0,*1
40,3:low,3:low,,0,0,*1
41,3:low,1:high,+,*1,0,0
42,3:low,3:low,,0,0,*1
43,2:medium,3:low,+,0,0,*1
44,3:low,3:low,,0,0,*1
45,3:low,3:low,,0,0,*1
46,2:medium,3:low,+,0,0,*1
47,3:low,3:low,,0,0,*1
48,3:low,3:low,,0.001,0,*0.999
