inst#,actual,predicted,error,distribution,,
1,3:low,2:medium,+,0,*0.571,0.429
2,3:low,3:low,,0,0,*1
3,2:medium,3:low,+,0,0.053,*0.947
4,3:low,2:medium,+,0,*1,0
5,3:low,3:low,,0,0.438,*0.562
6,2:medium,2:medium,,0,*1,0
7,3:low,2:medium,+,0,*1,0
8,3:low,2:medium,+,0,*1,0
9,2:medium,2:medium,,0,*0.995,0.005
10,2:medium,2:medium,,0,*0.91,0.09
11,3:low,2:medium,+,0,*0.921,0.079
12,3:low,2:medium,+,0,*0.932,0.068
13,3:low,2:medium,+,0,*1,0
14,3:low,2:medium,+,0,*0.998,0.002
15,3:low,2:medium,+,0,*1,0
16,3:low,2:medium,+,0,*1,0
17,3:low,3:low,,0,0,*1
18,2:medium,3:low,+,0,0.039,*0.961
19,2:medium,2:medium,,0,*0.796,0.204
20,3:low,3:low,,0,0.001,*0.999
21,3:low,2:medium,+,0,*1,0
22,2:medium,2:medium,,0,*0.998,0.002
23,3:low,3:low,,0,0.485,*0.515
24,3:low,3:low,,0,0.328,*0.672
25,3:low,2:medium,+,0,*1,0
26,2:medium,2:medium,,0,*0.978,0.022
27,3:low,2:medium,+,0,*0.992,0.008
28,3:low,2:medium,+,0,*1,0
29,3:low,2:medium,+,0,*1,0
30,3:low,2:medium,+,0,*1,0
31,3:low,2:medium,+,0,*1,0
32,2:medium,2:medium,,0,*1,0
33,2:medium,2:medium,,0,*0.927,0.073
34,2:medium,2:medium,,0,*0.989,0.011
35,1:high,2:medium,+,0,*1,0
36,3:low,2:medium,+,0,*0.999,0.001
37,3:low,3:low,,0,0.057,*0.943
38,3:low,3:low,,0,0.016,*0.984
39,2:medium,2:medium,,0,*1,0
40,2:medium,2:medium,,0,*0.875,0.125
41,3:low,2:medium,+,0,*1,0
42,3:low,2:medium,+,0,*0.911,0.089
43,2:medium,3:low,+,0,0.005,*0.995
44,3:low,2:medium,+,0,*1,0
45,3:low,2:medium,+,0,*0.99,0.01
46,2:medium,2:medium,,0,*1,0
47,3:low,2:medium,+,0,*0.979,0.021
48,1:high,2:medium,+,0,*1,0
