inst#,actual,predicted,error,distribution,,
1,3:low,3:low,,0,0,*1
2,3:low,3:low,,0,0,*1
3,2:medium,3:low,+,0,0,*1
4,3:low,3:low,,0,0,*1
5,3:low,2:medium,+,0,*0.899,0.101
6,2:medium,2:medium,,0,*0.901,0.099
7,3:low,2:medium,+,0,*0.9,0.1
8,3:low,2:medium,+,0,*0.881,0.119
9,2:medium,2:medium,,0,*0.941,0.059
10,2:medium,2:medium,,0,*0.959,0.041
11,3:low,2:medium,+,0,*0.9,0.1
12,3:low,2:medium,+,0,*0.9,0.1
13,3:low,2:medium,+,0,*0.921,0.079
14,3:low,2:medium,+,0,*0.999,0.001
15,3:low,2:medium,+,0,*1,0
16,3:low,2:medium,+,0,*0.997,0.003
17,3:low,2:medium,+,0,*0.994,0.006
18,2:medium,2:medium,,0,*1,0
19,2:medium,2:medium,,0,*0.999,0.001
20,3:low,2:medium,+,0,*0.999,0.001
21,3:low,2:medium,+,0,*0.941,0.059
22,2:medium,2:medium,,0,*0.934,0.066
23,3:low,2:medium,+,0,*0.908,0.092
24,3:low,2:medium,+,0,*0.999,0.001
25,3:low,2:medium,+,0,*0.997,0.003
26,2:medium,2:medium,,0,*1,0
27,3:low,2:medium,+,0,*0.999,0.001
28,3:low,2:medium,+,0,*1,0
29,3:low,2:medium,+,0,*1,0
30,3:low,2:medium,+,0,*1,0
31,3:low,2:medium,+,0,*1,0
32,2:medium,2:medium,,0,*1,0
33,2:medium,2:medium,,0,*1,0
34,2:medium,2:medium,,0,*1,0
35,1:high,2:medium,+,0,*1,0
36,3:low,2:medium,+,0,*0.902,0.098
37,3:low,2:medium,+,0,*1,0
38,3:low,2:medium,+,0,*0.918,0.082
39,2:medium,2:medium,,0,*0.97,0.03
40,2:medium,2:medium,,0,*1,0
41,3:low,2:medium,+,0,*1,0
42,3:low,2:medium,+,0,*1,0
43,2:medium,2:medium,,0,*1,0
44,3:low,2:medium,+,0,*0.998,0.002
45,3:low,2:medium,+,0,*0.9,0.1
46,2:medium,2:medium,,0,*0.999,0.001
47,3:low,2:medium,+,0,*1,0
48,1:high,2:medium,+,0,*1,0
