inst#,actual,predicted,error,distribution,,
1,3:low,3:low,,0.2,0.2,*0.6
2,3:low,3:low,,0.2,0.2,*0.6
3,2:medium,3:low,+,0.2,0.2,*0.6
4,3:low,3:low,,0.2,0.2,*0.6
5,3:low,2:medium,+,0.2,*0.6,0.2
6,2:medium,2:medium,,0.2,*0.6,0.2
7,3:low,2:medium,+,0.2,*0.6,0.2
8,3:low,2:medium,+,0.2,*0.6,0.2
9,2:medium,2:medium,,0.2,*0.6,0.2
10,2:medium,2:medium,,0.2,*0.6,0.2
11,3:low,2:medium,+,0.2,*0.6,0.2
12,3:low,2:medium,+,0.2,*0.6,0.2
13,3:low,2:medium,+,0.2,*0.6,0.2
14,3:low,2:medium,+,0.2,*0.6,0.2
15,3:low,2:medium,+,0.2,*0.6,0.2
16,3:low,2:medium,+,0.2,*0.6,0.2
17,3:low,2:medium,+,0.2,*0.6,0.2
18,2:medium,2:medium,,0.2,*0.6,0.2
19,2:medium,2:medium,,0.2,*0.6,0.2
20,3:low,2:medium,+,0.2,*0.6,0.2
21,3:low,2:medium,+,0.2,*0.6,0.2
22,2:medium,2:medium,,0.2,*0.6,0.2
23,3:low,2:medium,+,0.2,*0.6,0.2
24,3:low,2:medium,+,0.2,*0.6,0.2
25,3:low,2:medium,+,0.2,*0.6,0.2
26,2:medium,2:medium,,0.2,*0.6,0.2
27,3:low,2:medium,+,0.2,*0.6,0.2
28,3:low,2:medium,+,0.2,*0.6,0.2
29,3:low,2:medium,+,0.2,*0.6,0.2
30,3:low,2:medium,+,0.2,*0.6,0.2
31,3:low,2:medium,+,0.2,*0.6,0.2
32,2:medium,2:medium,,0.2,*0.6,0.2
33,2:medium,2:medium,,0.2,*0.6,0.2
34,2:medium,2:medium,,0.2,*0.6,0.2
35,1:high,2:medium,+,0.2,*0.6,0.2
36,3:low,2:medium,+,0.2,*0.6,0.2
37,3:low,2:medium,+,0.2,*0.6,0.2
38,3:low,2:medium,+,0.2,*0.6,0.2
39,2:medium,2:medium,,0.2,*0.6,0.2
40,2:medium,2:medium,,0.2,*0.6,0.2
41,3:low,2:medium,+,0.2,*0.6,0.2
42,3:low,2:medium,+,0.2,*0.6,0.2
43,2:medium,2:medium,,0.2,*0.6,0.2
44,3:low,2:medium,+,0.2,*0.6,0.2
45,3:low,2:medium,+,0.2,*0.6,0.2
46,2:medium,2:medium,,0.2,*0.6,0.2
47,3:low,2:medium,+,0.2,*0.6,0.2
48,1:high,2:medium,+,0.2,*0.6,0.2
