inst#,actual,predicted,error,distribution,,
1,3:low,2:medium,+,0,*0.77,0.23
2,3:low,2:medium,+,0,*0.623,0.377
3,2:medium,2:medium,,0,*0.92,0.08
4,3:low,2:medium,+,0,*0.92,0.08
5,3:low,2:medium,+,0,*0.77,0.23
6,2:medium,2:medium,,0,*0.92,0.08
7,3:low,2:medium,+,0,*0.92,0.08
8,3:low,2:medium,+,0,*0.92,0.08
9,2:medium,2:medium,,0,*0.92,0.08
10,2:medium,2:medium,,0,*0.92,0.08
11,3:low,2:medium,+,0,*0.92,0.08
12,3:low,2:medium,+,0,*0.92,0.08
13,3:low,2:medium,+,0,*0.92,0.08
14,3:low,2:medium,+,0,*0.92,0.08
15,3:low,2:medium,+,0,*0.92,0.08
16,3:low,2:medium,+,0,*0.92,0.08
17,3:low,2:medium,+,0,*0.92,0.08
18,2:medium,2:medium,,0,*0.77,0.23
19,2:medium,2:medium,,0,*0.92,0.08
20,3:low,2:medium,+,0,*0.92,0.08
21,3:low,2:medium,+,0,*0.92,0.08
22,2:medium,2:medium,,0,*0.92,0.08
23,3:low,2:medium,+,0,*0.92,0.08
24,3:low,2:medium,+,0,*0.92,0.08
25,3:low,2:medium,+,0,*0.92,0.08
26,2:medium,2:medium,,0,*0.77,0.23
27,3:low,2:medium,+,0,*0.92,0.08
28,3:low,2:medium,+,0,*0.92,0.08
29,3:low,2:medium,+,0,*1,0
30,3:low,2:medium,+,0,*0.92,0.08
31,3:low,2:medium,+,0,*0.92,0.08
32,2:medium,2:medium,,0,*0.77,0.23
33,2:medium,2:medium,,0,*0.77,0.23
34,2:medium,2:medium,,0,*0.92,0.08
35,1:high,2:medium,+,0,*1,0
36,3:low,2:medium,+,0,*0.92,0.08
37,3:low,2:medium,+,0,*0.92,0.08
38,3:low,2:medium,+,0,*0.92,0.08
39,2:medium,2:medium,,0,*0.92,0.08
40,2:medium,2:medium,,0,*0.92,0.08
41,3:low,2:medium,+,0,*0.92,0.08
42,3:low,2:medium,+,0,*0.92,0.08
43,2:medium,3:low,+,0,0.041,*0.959
44,3:low,2:medium,+,0,*0.92,0.08
45,3:low,2:medium,+,0,*0.92,0.08
46,2:medium,2:medium,,0,*0.92,0.08
47,3:low,2:medium,+,0,*0.92,0.08
48,1:high,2:medium,+,0,*1,0
