inst#,actual,predicted,error,distribution,,
1,3:low,2:medium,+,0,*1,0
2,3:low,3:low,,0,0,*1
3,2:medium,3:low,+,0,0,*1
4,3:low,3:low,,0,0,*1
5,3:low,3:low,,0,0,*1
6,2:medium,3:low,+,0,0,*1
7,3:low,3:low,,0,0,*1
8,3:low,3:low,,0,0,*1
9,2:medium,3:low,+,0,0,*1
10,2:medium,3:low,+,0,0,*1
11,3:low,3:low,,0,0,*1
12,3:low,3:low,,0,0,*1
13,3:low,3:low,,0,0,*1
14,3:low,3:low,,0,0,*1
15,3:low,3:low,,0,0,*1
16,3:low,3:low,,0,0,*1
17,3:low,3:low,,0,0,*1
18,2:medium,3:low,+,0,0,*1
19,2:medium,3:low,+,0,0,*1
20,3:low,3:low,,0,0,*1
21,3:low,3:low,,0,0,*1
22,2:medium,3:low,+,0,0,*1
23,3:low,3:low,,0,0,*1
24,3:low,3:low,,0,0,*1
25,3:low,3:low,,0,0,*1
26,2:medium,3:low,+,0,0,*1
27,3:low,3:low,,0,0,*1
28,3:low,3:low,,0,0,*1
29,3:low,3:low,,0,0,*1
30,3:low,3:low,,0,0,*1
31,3:low,3:low,,0,0,*1
32,2:medium,3:low,+,0,0,*1
33,2:medium,3:low,+,0,0,*1
34,2:medium,3:low,+,0,0,*1
35,1:high,2:medium,+,0,*1,0
36,3:low,3:low,,0,0,*1
37,3:low,3:low,,0,0,*1
38,3:low,3:low,,0,0,*1
39,2:medium,3:low,+,0,0,*1
40,2:medium,3:low,+,0,0,*1
41,3:low,3:low,,0,0,*1
42,3:low,3:low,,0,0,*1
43,2:medium,3:low,+,0,0,*1
44,3:low,3:low,,0,0,*1
45,3:low,3:low,,0,0,*1
46,2:medium,3:low,+,0,0,*1
47,3:low,3:low,,0,0,*1
48,1:high,3:low,+,0,0,*1
