inst#,actual,predicted,error,distribution,,
1,3:low,2:medium,+,0,*1,0
2,3:low,3:low,,0,0,*1
3,2:medium,2:medium,,0,*1,0
4,3:low,2:medium,+,0,*1,0
5,3:low,2:medium,+,0,*1,0
6,2:medium,2:medium,,0,*1,0
7,3:low,2:medium,+,0,*1,0
8,3:low,2:medium,+,0,*1,0
9,2:medium,2:medium,,0,*1,0
10,2:medium,2:medium,,0,*1,0
11,3:low,2:medium,+,0,*1,0
12,3:low,2:medium,+,0,*1,0
13,3:low,2:medium,+,0,*1,0
14,3:low,2:medium,+,0,*1,0
15,3:low,2:medium,+,0,*1,0
16,3:low,2:medium,+,0,*1,0
17,3:low,2:medium,+,0,*1,0
18,2:medium,2:medium,,0,*1,0
19,2:medium,2:medium,,0,*1,0
20,3:low,2:medium,+,0,*1,0
21,3:low,2:medium,+,0,*1,0
22,2:medium,2:medium,,0,*1,0
23,3:low,2:medium,+,0,*1,0
24,3:low,2:medium,+,0,*1,0
25,3:low,2:medium,+,0,*1,0
26,2:medium,2:medium,,0,*1,0
27,3:low,2:medium,+,0,*1,0
28,3:low,2:medium,+,0,*1,0
29,3:low,2:medium,+,0,*1,0
30,3:low,2:medium,+,0,*1,0
31,3:low,2:medium,+,0,*1,0
32,2:medium,2:medium,,0,*1,0
33,2:medium,2:medium,,0,*1,0
34,2:medium,2:medium,,0,*1,0
35,1:high,2:medium,+,0,*1,0
36,3:low,2:medium,+,0,*1,0
37,3:low,2:medium,+,0,*1,0
38,3:low,2:medium,+,0,*1,0
39,2:medium,2:medium,,0,*1,0
40,2:medium,2:medium,,0,*1,0
41,3:low,2:medium,+,0,*1,0
42,3:low,2:medium,+,0,*1,0
43,2:medium,3:low,+,0,0,*1
44,3:low,2:medium,+,0,*1,0
45,3:low,2:medium,+,0,*1,0
46,2:medium,2:medium,,0,*1,0
47,3:low,2:medium,+,0,*1,0
48,1:high,2:medium,+,0,*1,0
