inst#,actual,predicted,error,prediction
1,2:medium,2:medium,,0.619
2,2:medium,2:medium,,0.823
3,2:medium,2:medium,,0.854
4,2:medium,2:medium,,0.581
5,2:medium,2:medium,,0.776
6,2:medium,2:medium,,0.659
7,2:medium,2:medium,,0.638
8,2:medium,2:medium,,0.679
9,2:medium,2:medium,,0.6
10,2:medium,2:medium,,0.532
11,3:low,2:medium,+,0.514
12,3:low,3:low,,0.511
13,3:low,3:low,,0.6
14,3:low,2:medium,+,0.581
15,2:medium,2:medium,,0.756
16,3:low,2:medium,+,0.533
17,2:medium,2:medium,,0.649
18,3:low,2:medium,+,0.688
19,3:low,2:medium,+,0.853
20,2:medium,2:medium,,0.601
21,2:medium,2:medium,,0.794
22,2:medium,2:medium,,0.755
23,2:medium,2:medium,,0.766
24,2:medium,2:medium,,0.775
25,2:medium,2:medium,,0.658
26,2:medium,2:medium,,0.765
27,2:medium,2:medium,,0.677
28,2:medium,2:medium,,0.747
29,2:medium,2:medium,,0.573
30,3:low,2:medium,+,0.678
31,2:medium,2:medium,,0.571
32,2:medium,2:medium,,0.62
33,3:low,2:medium,+,0.552
34,3:low,2:medium,+,0.775
35,2:medium,2:medium,,0.648
36,1:high,2:medium,+,0.669
37,1:high,1:high,,0.829
38,2:medium,2:medium,,0.668
39,2:medium,3:low,+,0.579
40,2:medium,2:medium,,0.513
41,2:medium,2:medium,,0.475
42,2:medium,2:medium,,0.717
43,2:medium,2:medium,,0.485
44,2:medium,2:medium,,0.6
45,3:low,3:low,,0.501
46,2:medium,2:medium,,0.629
47,2:medium,3:low,+,0.599
48,2:medium,3:low,+,0.579

