inst#,actual,predicted,error,prediction
1,2:medium,2:medium,,0.787
2,2:medium,2:medium,,0.745
3,2:medium,2:medium,,0.741
4,2:medium,2:medium,,0.618
5,2:medium,2:medium,,0.633
6,2:medium,2:medium,,0.56
7,2:medium,2:medium,,0.679
8,2:medium,2:medium,,0.613
9,2:medium,2:medium,,0.57
10,2:medium,2:medium,,0.566
11,3:low,2:medium,+,0.522
12,3:low,3:low,,0.499
13,3:low,2:medium,+,0.507
14,3:low,2:medium,+,0.675
15,2:medium,2:medium,,0.558
16,3:low,3:low,,0.53
17,2:medium,3:low,+,0.548
18,3:low,3:low,,0.609
19,3:low,2:medium,+,0.567
20,2:medium,2:medium,,0.531
21,2:medium,2:medium,,0.601
22,2:medium,2:medium,,0.532
23,2:medium,2:medium,,0.561
24,2:medium,2:medium,,0.529
25,2:medium,3:low,+,0.561
26,2:medium,2:medium,,0.539
27,2:medium,2:medium,,0.544
28,2:medium,2:medium,,0.542
29,2:medium,3:low,+,0.512
30,3:low,2:medium,+,0.524
31,2:medium,2:medium,,0.508
32,2:medium,2:medium,,0.56
33,3:low,2:medium,+,0.532
34,3:low,2:medium,+,0.602
35,2:medium,2:medium,,0.569
36,1:high,2:medium,+,0.674
37,1:high,1:high,,0.519
38,2:medium,3:low,+,0.587
39,2:medium,3:low,+,0.632
40,2:medium,2:medium,,0.509
41,2:medium,2:medium,,0.526
42,2:medium,2:medium,,0.469
43,2:medium,3:low,+,0.521
44,2:medium,3:low,+,0.496
45,3:low,3:low,,0.619
46,2:medium,3:low,+,0.483
47,2:medium,3:low,+,0.625
48,2:medium,3:low,+,0.678

