inst#,actual,predicted,error,prediction
1,2:medium,2:medium,,0.849
2,2:medium,2:medium,,0.808
3,2:medium,2:medium,,0.737
4,2:medium,2:medium,,0.773
5,2:medium,2:medium,,0.804
6,2:medium,2:medium,,0.76
7,2:medium,2:medium,,0.72
8,2:medium,2:medium,,0.747
9,2:medium,2:medium,,0.662
10,2:medium,2:medium,,0.742
11,3:low,2:medium,+,0.691
12,3:low,2:medium,+,0.669
13,3:low,2:medium,+,0.694
14,3:low,2:medium,+,0.816
15,2:medium,2:medium,,0.646
16,3:low,2:medium,+,0.61
17,2:medium,2:medium,,0.551
18,3:low,2:medium,+,0.618
19,3:low,2:medium,+,0.593
20,2:medium,2:medium,,0.657
21,2:medium,2:medium,,0.521
22,2:medium,2:medium,,0.532
23,2:medium,2:medium,,0.497
24,2:medium,2:medium,,0.488
25,2:medium,2:medium,,0.535
26,2:medium,3:low,+,0.478
27,2:medium,3:low,+,0.488
28,2:medium,2:medium,,0.849
29,2:medium,2:medium,,0.777
30,3:low,2:medium,+,0.516
31,2:medium,2:medium,,0.707
32,2:medium,2:medium,,0.773
33,3:low,2:medium,+,0.755
34,3:low,2:medium,+,0.65
35,2:medium,2:medium,,0.702
36,1:high,2:medium,+,0.553
37,1:high,1:high,,0.483
38,2:medium,2:medium,,0.522
39,2:medium,2:medium,,0.621
40,2:medium,2:medium,,0.608
41,2:medium,2:medium,,0.771
42,2:medium,2:medium,,0.733
43,2:medium,2:medium,,0.647
44,2:medium,2:medium,,0.68
45,3:low,2:medium,+,0.617
46,2:medium,2:medium,,0.573
47,2:medium,3:low,+,0.601
48,2:medium,3:low,+,0.613

