inst#,actual,predicted,error,prediction
1,2:medium,2:medium,,0.615
2,2:medium,2:medium,,0.846
3,2:medium,2:medium,,0.538
4,2:medium,2:medium,,0.538
5,2:medium,2:medium,,0.538
6,2:medium,2:medium,,0.538
7,2:medium,2:medium,,0.769
8,2:medium,2:medium,,0.538
9,2:medium,2:medium,,0.692
10,2:medium,2:medium,,0.5
11,3:low,2:medium,+,0.577
12,3:low,2:medium,+,0.538
13,3:low,3:low,,0.692
14,3:low,2:medium,+,0.5
15,2:medium,2:medium,,0.615
16,3:low,2:medium,+,0.538
17,2:medium,3:low,+,0.5
18,3:low,3:low,,0.5
19,3:low,2:medium,+,0.615
20,2:medium,2:medium,,0.5
21,2:medium,3:low,+,0.538
22,2:medium,2:medium,,0.538
23,2:medium,2:medium,,0.462
24,2:medium,2:medium,,0.5
25,2:medium,2:medium,,0.5
26,2:medium,2:medium,,0.654
27,2:medium,2:medium,,0.692
28,2:medium,2:medium,,0.538
29,2:medium,2:medium,,0.577
30,3:low,2:medium,+,0.615
31,2:medium,2:medium,,0.538
32,2:medium,2:medium,,0.538
33,3:low,2:medium,+,0.577
34,3:low,2:medium,+,0.615
35,2:medium,2:medium,,0.654
36,1:high,2:medium,+,0.577
37,1:high,1:high,,0.654
38,2:medium,2:medium,,0.538
39,2:medium,3:low,+,0.577
40,2:medium,3:low,+,0.577
41,2:medium,2:medium,,0.577
42,2:medium,3:low,+,0.538
43,2:medium,3:low,+,0.577
44,2:medium,2:medium,,0.5
45,3:low,3:low,,0.577
46,2:medium,3:low,+,0.538
47,2:medium,3:low,+,0.654
48,2:medium,3:low,+,0.654

