inst#,actual,predicted,error,prediction
1,2:medium,2:medium,,0.777
2,2:medium,2:medium,,0.72
3,2:medium,2:medium,,0.726
4,2:medium,3:low,+,0.496
5,2:medium,2:medium,,0.665
6,2:medium,2:medium,,0.597
7,2:medium,2:medium,,0.666
8,2:medium,2:medium,,0.694
9,2:medium,2:medium,,0.52
10,2:medium,2:medium,,0.595
11,3:low,2:medium,+,0.583
12,3:low,2:medium,+,0.572
13,3:low,3:low,,0.533
14,3:low,2:medium,+,0.722
15,2:medium,2:medium,,0.704
16,3:low,2:medium,+,0.62
17,2:medium,2:medium,,0.627
18,3:low,2:medium,+,0.579
19,3:low,2:medium,+,0.725
20,2:medium,2:medium,,0.576
21,2:medium,2:medium,,0.566
22,2:medium,2:medium,,0.568
23,2:medium,2:medium,,0.519
24,2:medium,2:medium,,0.53
25,2:medium,2:medium,,0.58
26,2:medium,2:medium,,0.638
27,2:medium,2:medium,,0.68
28,2:medium,2:medium,,0.692
29,2:medium,2:medium,,0.582
30,3:low,2:medium,+,0.613
31,2:medium,2:medium,,0.574
32,2:medium,2:medium,,0.646
33,3:low,2:medium,+,0.596
34,3:low,2:medium,+,0.634
35,2:medium,2:medium,,0.651
36,1:high,2:medium,+,0.634
37,1:high,1:high,,0.702
38,2:medium,2:medium,,0.491
39,2:medium,3:low,+,0.508
40,2:medium,2:medium,,0.646
41,2:medium,2:medium,,0.54
42,2:medium,2:medium,,0.482
43,2:medium,3:low,+,0.494
44,2:medium,2:medium,,0.504
45,3:low,3:low,,0.568
46,2:medium,2:medium,,0.557
47,2:medium,3:low,+,0.598
48,2:medium,3:low,+,0.51

