inst#,actual,predicted,error,prediction
1,2:medium,2:medium,,0.782
2,2:medium,2:medium,,0.705
3,2:medium,2:medium,,0.795
4,2:medium,2:medium,,0.624
5,2:medium,2:medium,,0.736
6,2:medium,2:medium,,0.664
7,2:medium,2:medium,,0.698
8,2:medium,2:medium,,0.567
9,2:medium,2:medium,,0.804
10,2:medium,2:medium,,0.665
11,3:low,2:medium,+,0.633
12,3:low,2:medium,+,0.554
13,3:low,2:medium,+,0.558
14,3:low,2:medium,+,0.767
15,2:medium,2:medium,,0.833
16,3:low,2:medium,+,0.579
17,2:medium,2:medium,,0.604
18,3:low,2:medium,+,0.531
19,3:low,2:medium,+,0.563
20,2:medium,3:low,+,0.546
21,2:medium,3:low,+,0.52
22,2:medium,2:medium,,0.505
23,2:medium,3:low,+,0.536
24,2:medium,3:low,+,0.502
25,2:medium,3:low,+,0.532
26,2:medium,3:low,+,0.537
27,2:medium,3:low,+,0.589
28,2:medium,2:medium,,0.771
29,2:medium,2:medium,,0.727
30,3:low,2:medium,+,0.608
31,2:medium,2:medium,,0.65
32,2:medium,2:medium,,0.651
33,3:low,2:medium,+,0.725
34,3:low,2:medium,+,0.725
35,2:medium,2:medium,,0.733
36,1:high,2:medium,+,0.567
37,1:high,2:medium,+,0.695
38,2:medium,2:medium,,0.521
39,2:medium,3:low,+,0.51
40,2:medium,2:medium,,0.507
41,2:medium,2:medium,,0.584
42,2:medium,2:medium,,0.639
43,2:medium,2:medium,,0.611
44,2:medium,2:medium,,0.647
45,3:low,3:low,,0.497
46,2:medium,3:low,+,0.529
47,2:medium,3:low,+,0.517
48,2:medium,2:medium,,0.527

