inst#,actual,predicted,error,prediction
1,2:medium,2:medium,,0.781
2,2:medium,2:medium,,0.67
3,2:medium,2:medium,,0.56
4,2:medium,3:low,+,0.549
5,2:medium,2:medium,,0.602
6,2:medium,2:medium,,0.556
7,2:medium,2:medium,,0.764
8,2:medium,2:medium,,0.542
9,2:medium,2:medium,,0.662
10,2:medium,2:medium,,0.503
11,3:low,3:low,,0.549
12,3:low,3:low,,0.469
13,3:low,3:low,,0.806
14,3:low,2:medium,+,0.539
15,2:medium,2:medium,,0.619
16,3:low,2:medium,+,0.497
17,2:medium,2:medium,,0.74
18,3:low,2:medium,+,0.485
19,3:low,2:medium,+,0.653
20,2:medium,2:medium,,0.488
21,2:medium,2:medium,,0.687
22,2:medium,2:medium,,0.626
23,2:medium,2:medium,,0.596
24,2:medium,2:medium,,0.532
25,2:medium,2:medium,,0.546
26,2:medium,2:medium,,0.537
27,2:medium,2:medium,,0.511
28,2:medium,2:medium,,0.643
29,2:medium,2:medium,,0.535
30,3:low,2:medium,+,0.543
31,2:medium,2:medium,,0.489
32,2:medium,3:low,+,0.536
33,3:low,2:medium,+,0.503
34,3:low,2:medium,+,0.554
35,2:medium,2:medium,,0.547
36,1:high,2:medium,+,0.508
37,1:high,2:medium,+,0.596
38,2:medium,3:low,+,0.461
39,2:medium,2:medium,,0.47
40,2:medium,2:medium,,0.534
41,2:medium,2:medium,,0.563
42,2:medium,2:medium,,0.517
43,2:medium,2:medium,,0.501
44,2:medium,3:low,+,0.561
45,3:low,3:low,,0.515
46,2:medium,3:low,+,0.565
47,2:medium,3:low,+,0.65
48,2:medium,3:low,+,0.678

