inst#,actual,predicted,error,distribution,,
1,2:medium,2:medium,,0,*1,0
2,2:medium,2:medium,,0,*1,0
3,2:medium,2:medium,,0,*1,0
4,2:medium,2:medium,,0,*1,0
5,2:medium,2:medium,,0,*1,0
6,2:medium,2:medium,,0,*1,0
7,2:medium,2:medium,,0,*1,0
8,3:high,2:medium,+,0,*1,0
9,3:high,2:medium,+,0,*1,0
10,3:high,2:medium,+,0,*0.976,0.024
11,3:high,1:low,+,*0.534,0.466,0
12,3:high,3:high,,0,0,*1
13,3:high,3:high,,0,0,*1
14,3:high,3:high,,0,0,*1
15,3:high,3:high,,0,0,*1
16,3:high,1:low,+,*0.972,0.025,0.004
17,3:high,3:high,,0,0,*1
18,3:high,3:high,,0,0.228,*0.772
19,3:high,3:high,,0,0,*1
20,3:high,2:medium,+,0,*1,0
21,3:high,2:medium,+,0,*1,0
22,3:high,3:high,,0,0,*1
23,3:high,3:high,,0,0,*1
24,3:high,3:high,,0,0,*1
25,3:high,3:high,,0,0,*1
26,3:high,3:high,,0,0,*1
27,3:high,3:high,,0,0,*1
28,3:high,2:medium,+,0,*0.594,0.406
29,3:high,3:high,,0,0,*1
30,3:high,2:medium,+,0,*1,0
31,3:high,3:high,,0,0.358,*0.642
32,3:high,3:high,,0,0.002,*0.998
33,3:high,3:high,,0,0.015,*0.985
34,3:high,2:medium,+,0,*1,0
35,3:high,2:medium,+,0,*1,0
36,3:high,3:high,,0,0,*1
37,3:high,2:medium,+,0,*0.84,0.16
38,3:high,2:medium,+,0,*0.992,0.008
39,3:high,3:high,,0.122,0.158,*0.72
40,3:high,2:medium,+,0.028,*0.972,0
41,3:high,2:medium,+,0.001,*0.999,0
42,3:high,2:medium,+,0,*1,0
43,3:high,2:medium,+,0.066,*0.934,0
44,3:high,1:low,+,*0.728,0.272,0
45,3:high,1:low,+,*0.973,0.022,0.005
46,2:medium,2:medium,,0.003,*0.927,0.07
47,2:medium,2:medium,,0,*1,0
48,2:medium,1:low,+,*0.989,0.011,0
49,2:medium,3:high,+,0.007,0.021,*0.972
50,2:medium,1:low,+,*1,0,0
51,2:medium,2:medium,,0.055,*0.945,0
52,2:medium,2:medium,,0.008,*0.992,0
53,2:medium,2:medium,,0,*1,0
54,2:medium,2:medium,,0,*1,0
55,2:medium,2:medium,,0,*1,0
56,2:medium,2:medium,,0,*1,0
57,2:medium,2:medium,,0,*1,0
58,2:medium,2:medium,,0,*1,0
59,2:medium,2:medium,,0,*1,0
60,2:medium,2:medium,,0,*1,0
61,2:medium,1:low,+,*0.995,0.005,0
62,2:medium,1:low,+,*0.992,0.008,0
63,2:medium,2:medium,,0,*1,0
64,2:medium,1:low,+,*0.992,0.008,0
65,3:high,2:medium,+,0,*1,0
66,3:high,3:high,,0.001,0.001,*0.999
67,3:high,2:medium,+,0.006,*0.994,0
68,3:high,2:medium,+,0,*1,0
69,3:high,2:medium,+,0.003,*0.997,0
70,3:high,2:medium,+,0.223,*0.777,0
71,3:high,2:medium,+,0.356,*0.644,0
72,3:high,2:medium,+,0,*1,0
