inst#,actual,predicted,error,distribution,,
1,2:medium,2:medium,,0,*0.9,0.1
2,2:medium,2:medium,,0,*1,0
3,2:medium,2:medium,,0,*1,0
4,2:medium,2:medium,,0,*1,0
5,2:medium,2:medium,,0,*1,0
6,2:medium,2:medium,,0,*0.9,0.1
7,2:medium,2:medium,,0,*0.9,0.1
8,3:high,2:medium,+,0,*0.8,0.2
9,3:high,2:medium,+,0.3,*0.6,0.1
10,3:high,2:medium,+,0.1,*0.8,0.1
11,3:high,2:medium,+,0.3,*0.5,0.2
12,3:high,2:medium,+,0.3,*0.5,0.2
13,3:high,3:high,,0.2,0.3,*0.5
14,3:high,3:high,,0.2,0.3,*0.5
15,3:high,3:high,,0.2,0.3,*0.5
16,3:high,2:medium,+,0.2,*0.5,0.3
17,3:high,3:high,,0,0.3,*0.7
18,3:high,3:high,,0.1,0.3,*0.6
19,3:high,2:medium,+,0,*0.5,0.5
20,3:high,2:medium,+,0,*0.5,0.5
21,3:high,2:medium,+,0,*0.6,0.4
22,3:high,3:high,,0,0.4,*0.6
23,3:high,3:high,,0.1,0.2,*0.7
24,3:high,3:high,,0.1,0.1,*0.8
25,3:high,3:high,,0,0.3,*0.7
26,3:high,3:high,,0,0.4,*0.6
27,3:high,3:high,,0.3,0.3,*0.4
28,3:high,2:medium,+,0.3,*0.5,0.2
29,3:high,2:medium,+,0.3,*0.4,0.3
30,3:high,1:low,+,*0.4,0.2,0.4
31,3:high,3:high,,0.2,0.3,*0.5
32,3:high,3:high,,0.1,0.3,*0.6
33,3:high,3:high,,0.2,0.3,*0.5
34,3:high,3:high,,0.2,0.3,*0.5
35,3:high,2:medium,+,0.3,*0.4,0.3
36,3:high,2:medium,+,0.3,*0.4,0.3
37,3:high,1:low,+,*0.4,0.3,0.3
38,3:high,1:low,+,*0.4,0.2,0.4
39,3:high,1:low,+,*0.4,0.2,0.4
40,3:high,1:low,+,*0.5,0.4,0.1
41,3:high,1:low,+,*0.4,0.4,0.2
42,3:high,2:medium,+,0.2,*0.7,0.1
43,3:high,2:medium,+,0.2,*0.5,0.3
44,3:high,1:low,+,*0.5,0.1,0.4
45,3:high,3:high,,0,0,*1
46,2:medium,2:medium,,0.1,*0.7,0.2
47,2:medium,2:medium,,0,*0.7,0.3
48,2:medium,2:medium,,0,*0.5,0.5
49,2:medium,3:high,+,0.1,0.1,*0.8
50,2:medium,1:low,+,*0.6,0.4,0
51,2:medium,3:high,+,0.3,0,*0.7
52,2:medium,3:high,+,0.2,0.1,*0.7
53,2:medium,3:high,+,0.1,0.2,*0.7
54,2:medium,2:medium,,0,*0.9,0.1
55,2:medium,2:medium,,0.1,*0.9,0
56,2:medium,2:medium,,0.3,*0.6,0.1
57,2:medium,2:medium,,0,*0.8,0.2
58,2:medium,2:medium,,0,*0.7,0.3
59,2:medium,3:high,+,0.1,0.4,*0.5
60,2:medium,3:high,+,0.1,0.3,*0.6
61,2:medium,3:high,+,0.2,0.1,*0.7
62,2:medium,3:high,+,0.1,0.2,*0.7
63,2:medium,3:high,+,0.3,0,*0.7
64,2:medium,3:high,+,0.1,0,*0.9
65,3:high,3:high,,0.3,0,*0.7
66,3:high,3:high,,0,0.1,*0.9
67,3:high,3:high,,0,0,*1
68,3:high,3:high,,0,0,*1
69,3:high,3:high,,0,0,*1
70,3:high,3:high,,0,0,*1
71,3:high,3:high,,0,0,*1
72,3:high,3:high,,0,0,*1
