inst#,actual,predicted,error,distribution,,
1,2:medium,2:medium,,0,*1,0
2,2:medium,2:medium,,0,*1,0
3,2:medium,2:medium,,0,*1,0
4,2:medium,2:medium,,0,*1,0
5,2:medium,2:medium,,0,*1,0
6,2:medium,2:medium,,0,*1,0
7,2:medium,2:medium,,0,*1,0
8,3:high,2:medium,+,0,*1,0
9,3:high,2:medium,+,0,*1,0
10,3:high,2:medium,+,0,*1,0
11,3:high,2:medium,+,0,*1,0
12,3:high,2:medium,+,0,*1,0
13,3:high,2:medium,+,0,*1,0
14,3:high,2:medium,+,0,*1,0
15,3:high,2:medium,+,0,*1,0
16,3:high,2:medium,+,0,*1,0
17,3:high,3:high,,0,0,*1
18,3:high,3:high,,0,0,*1
19,3:high,3:high,,0,0,*1
20,3:high,2:medium,+,0,*0.896,0.104
21,3:high,2:medium,+,0,*1,0
22,3:high,3:high,,0,0,*1
23,3:high,3:high,,0,0,*1
24,3:high,3:high,,0,0,*1
25,3:high,3:high,,0,0,*1
26,3:high,3:high,,0,0,*1
27,3:high,3:high,,0,0,*1
28,3:high,3:high,,0,0.004,*0.996
29,3:high,2:medium,+,0,*1,0
30,3:high,3:high,,0,0.229,*0.771
31,3:high,3:high,,0,0,*1
32,3:high,3:high,,0,0,*1
33,3:high,3:high,,0,0.001,*0.999
34,3:high,3:high,,0,0,*1
35,3:high,3:high,,0,0.002,*0.998
36,3:high,3:high,,0,0,*1
37,3:high,3:high,,0,0,*1
38,3:high,3:high,,0,0,*1
39,3:high,3:high,,0,0,*1
40,3:high,2:medium,+,0,*1,0
41,3:high,2:medium,+,0,*1,0
42,3:high,2:medium,+,0,*1,0
43,3:high,2:medium,+,0,*1,0
44,3:high,3:high,,0,0.009,*0.991
45,3:high,3:high,,0,0,*1
46,2:medium,2:medium,,0,*1,0
47,2:medium,2:medium,,0,*0.996,0.004
48,2:medium,3:high,+,0,0.046,*0.954
49,2:medium,3:high,+,0.002,0.006,*0.992
50,2:medium,2:medium,,0,*1,0
51,2:medium,3:high,+,0,0.006,*0.994
52,2:medium,2:medium,,0,*1,0
53,2:medium,3:high,+,0,0,*1
54,2:medium,2:medium,,0,*1,0
55,2:medium,2:medium,,0,*1,0
56,2:medium,2:medium,,0,*1,0
57,2:medium,2:medium,,0,*1,0
58,2:medium,2:medium,,0,*0.993,0.007
59,2:medium,2:medium,,0,*1,0
60,2:medium,3:high,+,0,0,*1
61,2:medium,3:high,+,0,0,*1
62,2:medium,2:medium,,0,*1,0
63,2:medium,3:high,+,0,0,*1
64,2:medium,3:high,+,0,0.015,*0.985
65,3:high,3:high,,0,0,*1
66,3:high,3:high,,0,0,*1
67,3:high,2:medium,+,0,*0.999,0.001
68,3:high,3:high,,0,0.001,*0.999
69,3:high,3:high,,0,0,*1
70,3:high,3:high,,0,0,*1
71,3:high,3:high,,0,0,*1
72,3:high,3:high,,0,0,*1
