inst#,actual,predicted,error,distribution,,
1,2:medium,2:medium,,0,*0.997,0.003
2,2:medium,2:medium,,0,*1,0
3,2:medium,2:medium,,0,*1,0
4,2:medium,2:medium,,0,*1,0
5,2:medium,2:medium,,0,*1,0
6,2:medium,2:medium,,0,*1,0
7,2:medium,2:medium,,0,*1,0
8,3:high,2:medium,+,0,*1,0
9,3:high,3:high,,0.005,0.408,*0.587
10,3:high,2:medium,+,0.003,*0.627,0.369
11,3:high,3:high,,0.002,0.409,*0.59
12,3:high,3:high,,0.116,0.026,*0.857
13,3:high,3:high,,0.116,0.026,*0.857
14,3:high,3:high,,0,0.265,*0.735
15,3:high,3:high,,0,0,*1
16,3:high,3:high,,0,0,*1
17,3:high,3:high,,0,0.019,*0.981
18,3:high,3:high,,0,0,*1
19,3:high,3:high,,0,0,*1
20,3:high,3:high,,0,0,*1
21,3:high,3:high,,0,0,*1
22,3:high,3:high,,0,0,*1
23,3:high,3:high,,0,0,*1
24,3:high,3:high,,0,0,*1
25,3:high,3:high,,0,0,*1
26,3:high,3:high,,0,0.055,*0.945
27,3:high,2:medium,+,0,*1,0
28,3:high,3:high,,0,0.003,*0.997
29,3:high,3:high,,0,0.038,*0.962
30,3:high,3:high,,0,0,*1
31,3:high,2:medium,+,0.001,*0.666,0.333
32,3:high,3:high,,0,0,*1
33,3:high,2:medium,+,0,*0.999,0.001
34,3:high,2:medium,+,0.001,*0.521,0.478
35,3:high,3:high,,0,0.024,*0.976
36,3:high,3:high,,0,0.026,*0.974
37,3:high,3:high,,0.001,0.326,*0.673
38,3:high,3:high,,0,0,*1
39,3:high,3:high,,0,0.026,*0.974
40,3:high,3:high,,0.033,0.048,*0.92
41,3:high,2:medium,+,0,*1,0
42,3:high,2:medium,+,0,*0.993,0.007
43,3:high,2:medium,+,0.064,*0.833,0.103
44,3:high,2:medium,+,0,*0.926,0.074
45,3:high,3:high,,0,0,*1
46,2:medium,2:medium,,0,*1,0
47,2:medium,3:high,+,0,0,*1
48,2:medium,3:high,+,0.222,0.001,*0.777
49,2:medium,2:medium,,0.001,*0.993,0.007
50,2:medium,1:low,+,*0.841,0.158,0.001
51,2:medium,3:high,+,0.004,0.317,*0.679
52,2:medium,3:high,+,0,0.375,*0.625
53,2:medium,3:high,+,0,0.001,*0.999
54,2:medium,2:medium,,0,*1,0
55,2:medium,2:medium,,0.01,*0.99,0
56,2:medium,3:high,+,0,0.485,*0.515
57,2:medium,2:medium,,0,*0.999,0.001
58,2:medium,2:medium,,0,*0.999,0.001
59,2:medium,2:medium,,0,*0.999,0.001
60,2:medium,2:medium,,0,*0.998,0.002
61,2:medium,3:high,+,0.001,0.006,*0.993
62,2:medium,3:high,+,0,0.001,*0.999
63,2:medium,3:high,+,0,0.012,*0.988
64,2:medium,3:high,+,0,0,*1
65,3:high,3:high,,0.001,0,*0.999
66,3:high,3:high,,0,0,*1
67,3:high,3:high,,0,0,*1
68,3:high,3:high,,0,0,*1
69,3:high,3:high,,0,0,*1
70,3:high,3:high,,0,0,*1
71,3:high,3:high,,0,0,*1
72,3:high,3:high,,0,0.001,*0.999
