inst#,actual,predicted,error,distribution,,
1,2:medium,2:medium,,0,*1,0
2,2:medium,2:medium,,0,*0.999,0.001
3,2:medium,2:medium,,0,*0.99,0.01
4,2:medium,2:medium,,0,*0.994,0.006
5,2:medium,2:medium,,0,*0.994,0.006
6,2:medium,2:medium,,0,*1,0
7,2:medium,2:medium,,0,*1,0
8,3:high,2:medium,+,0,*1,0
9,3:high,2:medium,+,0,*0.999,0.001
10,3:high,2:medium,+,0,*0.917,0.083
11,3:high,2:medium,+,0,*1,0
12,3:high,2:medium,+,0,*0.993,0.007
13,3:high,2:medium,+,0,*0.999,0.001
14,3:high,2:medium,+,0,*0.995,0.005
15,3:high,2:medium,+,0,*0.98,0.02
16,3:high,3:high,,0,0,*1
17,3:high,3:high,,0,0,*1
18,3:high,3:high,,0,0,*1
19,3:high,3:high,,0,0,*1
20,3:high,3:high,,0,0,*1
21,3:high,3:high,,0,0,*1
22,3:high,3:high,,0,0,*1
23,3:high,3:high,,0,0,*1
24,3:high,3:high,,0,0,*1
25,3:high,3:high,,0,0.174,*0.826
26,3:high,2:medium,+,0,*0.928,0.072
27,3:high,2:medium,+,0,*0.995,0.005
28,3:high,3:high,,0,0.327,*0.673
29,3:high,2:medium,+,0,*0.996,0.004
30,3:high,2:medium,+,0,*1,0
31,3:high,2:medium,+,0,*0.927,0.073
32,3:high,3:high,,0,0.125,*0.875
33,3:high,3:high,,0,0.003,*0.997
34,3:high,3:high,,0,0.014,*0.986
35,3:high,2:medium,+,0,*0.994,0.006
36,3:high,2:medium,+,0,*0.972,0.028
37,3:high,2:medium,+,0,*0.951,0.049
38,3:high,2:medium,+,0,*0.937,0.063
39,3:high,3:high,,0,0,*1
40,3:high,2:medium,+,0,*0.778,0.221
41,3:high,2:medium,+,0,*0.83,0.17
42,3:high,2:medium,+,0,*0.999,0.001
43,3:high,3:high,,0,0.15,*0.85
44,3:high,3:high,,0,0.017,*0.983
45,3:high,3:high,,0,0,*1
46,2:medium,2:medium,,0,*1,0
47,2:medium,3:high,+,0,0.076,*0.924
48,2:medium,2:medium,,0.005,*0.993,0.002
49,2:medium,2:medium,,0,*0.998,0.002
50,2:medium,2:medium,,0.001,*0.999,0
51,2:medium,2:medium,,0,*1,0
52,2:medium,2:medium,,0,*1,0
53,2:medium,2:medium,,0,*0.801,0.199
54,2:medium,2:medium,,0,*1,0
55,2:medium,2:medium,,0,*1,0
56,2:medium,2:medium,,0,*1,0
57,2:medium,2:medium,,0,*0.999,0.001
58,2:medium,2:medium,,0,*0.762,0.238
59,2:medium,3:high,+,0,0.113,*0.887
60,2:medium,3:high,+,0,0,*1
61,2:medium,3:high,+,0,0,*1
62,2:medium,2:medium,,0,*0.992,0.008
63,2:medium,2:medium,,0,*0.988,0.012
64,2:medium,3:high,+,0,0.217,*0.783
65,3:high,3:high,,0,0.321,*0.679
66,3:high,3:high,,0,0.001,*0.999
67,3:high,2:medium,+,0,*0.771,0.229
68,3:high,3:high,,0,0.034,*0.966
69,3:high,3:high,,0,0,*1
70,3:high,3:high,,0,0,*1
71,3:high,3:high,,0,0,*1
72,3:high,3:high,,0,0,*1
