inst#,actual,predicted,error,distribution,,
1,2:medium,2:medium,,0,*1,0
2,2:medium,2:medium,,0,*1,0
3,2:medium,2:medium,,0,*1,0
4,2:medium,2:medium,,0,*1,0
5,2:medium,2:medium,,0,*1,0
6,2:medium,2:medium,,0,*1,0
7,2:medium,2:medium,,0,*1,0
8,3:high,2:medium,+,0,*1,0
9,3:high,2:medium,+,0,*1,0
10,3:high,2:medium,+,0,*1,0
11,3:high,2:medium,+,0,*1,0
12,3:high,2:medium,+,0,*1,0
13,3:high,2:medium,+,0,*1,0
14,3:high,2:medium,+,0,*1,0
15,3:high,2:medium,+,0,*1,0
16,3:high,2:medium,+,0,*1,0
17,3:high,3:high,,0,0,*1
18,3:high,3:high,,0,0,*1
19,3:high,3:high,,0,0,*1
20,3:high,3:high,,0,0,*1
21,3:high,3:high,,0,0,*1
22,3:high,3:high,,0,0,*1
23,3:high,3:high,,0,0,*1
24,3:high,3:high,,0,0,*1
25,3:high,3:high,,0,0,*1
26,3:high,2:medium,+,0,*1,0
27,3:high,2:medium,+,0,*0.999,0.001
28,3:high,2:medium,+,0,*1,0
29,3:high,2:medium,+,0,*1,0
30,3:high,2:medium,+,0,*1,0
31,3:high,2:medium,+,0,*1,0
32,3:high,2:medium,+,0,*0.912,0.088
33,3:high,3:high,,0,0.246,*0.754
34,3:high,3:high,,0.002,0,*0.998
35,3:high,3:high,,0,0.024,*0.976
36,3:high,2:medium,+,0,*0.997,0.003
37,3:high,3:high,,0,0.018,*0.982
38,3:high,3:high,,0,0,*1
39,3:high,2:medium,+,0,*0.996,0.004
40,3:high,3:high,,0,0.264,*0.736
41,3:high,2:medium,+,0,*1,0
42,3:high,2:medium,+,0,*1,0
43,3:high,2:medium,+,0,*1,0
44,3:high,2:medium,+,0,*0.981,0.019
45,3:high,3:high,,0,0,*1
46,2:medium,2:medium,,0,*1,0
47,2:medium,2:medium,,0,*0.98,0.019
48,2:medium,2:medium,,0,*1,0
49,2:medium,2:medium,,0,*0.999,0.001
50,2:medium,2:medium,,0,*1,0
51,2:medium,2:medium,,0,*1,0
52,2:medium,2:medium,,0,*0.999,0.001
53,2:medium,2:medium,,0,*0.848,0.152
54,2:medium,2:medium,,0,*1,0
55,2:medium,2:medium,,0,*1,0
56,2:medium,2:medium,,0,*1,0
57,2:medium,3:high,+,0,0.145,*0.855
58,2:medium,3:high,+,0,0.333,*0.667
59,2:medium,2:medium,,0,*0.996,0.004
60,2:medium,3:high,+,0,0.136,*0.864
61,2:medium,3:high,+,0.013,0.005,*0.982
62,2:medium,2:medium,,0,*0.999,0
63,2:medium,3:high,+,0.002,0.001,*0.997
64,2:medium,2:medium,,0,*0.98,0.02
65,3:high,3:high,,0,0.055,*0.945
66,3:high,2:medium,+,0,*0.776,0.224
67,3:high,2:medium,+,0,*1,0
68,3:high,2:medium,+,0,*0.994,0.006
69,3:high,3:high,,0,0.398,*0.602
70,3:high,3:high,,0.121,0.154,*0.725
71,3:high,2:medium,+,0,*1,0
72,3:high,2:medium,+,0,*1,0
