inst#,actual,predicted,error,distribution,,
1,2:medium,2:medium,,0.2,*0.6,0.2
2,2:medium,2:medium,,0.2,*0.6,0.2
3,2:medium,2:medium,,0.2,*0.6,0.2
4,2:medium,2:medium,,0.2,*0.6,0.2
5,2:medium,2:medium,,0.2,*0.6,0.2
6,2:medium,2:medium,,0.2,*0.6,0.2
7,2:medium,2:medium,,0.2,*0.6,0.2
8,3:high,2:medium,+,0.2,*0.6,0.2
9,3:high,2:medium,+,0.2,*0.6,0.2
10,3:high,2:medium,+,0.2,*0.6,0.2
11,3:high,2:medium,+,0.2,*0.6,0.2
12,3:high,2:medium,+,0.2,*0.6,0.2
13,3:high,2:medium,+,0.2,*0.6,0.2
14,3:high,2:medium,+,0.2,*0.6,0.2
15,3:high,2:medium,+,0.2,*0.6,0.2
16,3:high,2:medium,+,0.2,*0.6,0.2
17,3:high,2:medium,+,0.2,*0.6,0.2
18,3:high,2:medium,+,0.2,*0.6,0.2
19,3:high,3:high,,0.2,0.2,*0.6
20,3:high,2:medium,+,0.2,*0.6,0.2
21,3:high,2:medium,+,0.2,*0.6,0.2
22,3:high,3:high,,0.2,0.2,*0.6
23,3:high,3:high,,0.2,0.2,*0.6
24,3:high,3:high,,0.2,0.2,*0.6
25,3:high,2:medium,+,0.2,*0.6,0.2
26,3:high,3:high,,0.2,0.2,*0.6
27,3:high,2:medium,+,0.2,*0.6,0.2
28,3:high,2:medium,+,0.2,*0.6,0.2
29,3:high,2:medium,+,0.2,*0.6,0.2
30,3:high,2:medium,+,0.2,*0.6,0.2
31,3:high,2:medium,+,0.2,*0.6,0.2
32,3:high,2:medium,+,0.2,*0.6,0.2
33,3:high,2:medium,+,0.2,*0.6,0.2
34,3:high,2:medium,+,0.2,*0.6,0.2
35,3:high,2:medium,+,0.2,*0.6,0.2
36,3:high,2:medium,+,0.2,*0.6,0.2
37,3:high,2:medium,+,0.2,*0.6,0.2
38,3:high,2:medium,+,0.2,*0.6,0.2
39,3:high,2:medium,+,0.2,*0.6,0.2
40,3:high,2:medium,+,0.2,*0.6,0.2
41,3:high,2:medium,+,0.2,*0.6,0.2
42,3:high,2:medium,+,0.2,*0.6,0.2
43,3:high,2:medium,+,0.2,*0.6,0.2
44,3:high,2:medium,+,0.2,*0.6,0.2
45,3:high,2:medium,+,0.2,*0.6,0.2
46,2:medium,2:medium,,0.2,*0.6,0.2
47,2:medium,1:low,+,*0.6,0.2,0.2
48,2:medium,1:low,+,*0.6,0.2,0.2
49,2:medium,2:medium,,0.2,*0.6,0.2
50,2:medium,2:medium,,0.2,*0.6,0.2
51,2:medium,2:medium,,0.2,*0.6,0.2
52,2:medium,2:medium,,0.2,*0.6,0.2
53,2:medium,2:medium,,0.2,*0.6,0.2
54,2:medium,3:high,+,0.2,0.2,*0.6
55,2:medium,2:medium,,0.2,*0.6,0.2
56,2:medium,2:medium,,0.2,*0.6,0.2
57,2:medium,2:medium,,0.2,*0.6,0.2
58,2:medium,2:medium,,0.2,*0.6,0.2
59,2:medium,2:medium,,0.2,*0.6,0.2
60,2:medium,2:medium,,0.2,*0.6,0.2
61,2:medium,2:medium,,0.2,*0.6,0.2
62,2:medium,1:low,+,*0.6,0.2,0.2
63,2:medium,3:high,+,0.2,0.2,*0.6
64,2:medium,1:low,+,*0.6,0.2,0.2
65,3:high,3:high,,0.2,0.2,*0.6
66,3:high,1:low,+,*0.6,0.2,0.2
67,3:high,1:low,+,*0.6,0.2,0.2
68,3:high,1:low,+,*0.6,0.2,0.2
69,3:high,3:high,,0.2,0.2,*0.6
70,3:high,3:high,,0.2,0.2,*0.6
71,3:high,1:low,+,*0.6,0.2,0.2
72,3:high,3:high,,0.2,0.2,*0.6
