inst#,actual,predicted,error,distribution,,
1,2:medium,2:medium,,0,*1,0
2,2:medium,2:medium,,0,*1,0
3,2:medium,2:medium,,0,*1,0
4,2:medium,2:medium,,0,*1,0
5,2:medium,2:medium,,0,*1,0
6,2:medium,2:medium,,0,*1,0
7,2:medium,2:medium,,0,*1,0
8,3:high,2:medium,+,0,*1,0
9,3:high,3:high,,0,0.041,*0.959
10,3:high,2:medium,+,0,*1,0
11,3:high,3:high,,0,0.007,*0.993
12,3:high,3:high,,0,0,*1
13,3:high,3:high,,0,0,*1
14,3:high,3:high,,0,0,*1
15,3:high,3:high,,0,0.032,*0.968
16,3:high,2:medium,+,0,*0.986,0.014
17,3:high,3:high,,0,0,*1
18,3:high,3:high,,0,0,*1
19,3:high,3:high,,0,0,*1
20,3:high,2:medium,+,0,*1,0
21,3:high,2:medium,+,0,*1,0
22,3:high,3:high,,0,0,*1
23,3:high,3:high,,0,0,*1
24,3:high,3:high,,0,0,*1
25,3:high,3:high,,0,0,*1
26,3:high,2:medium,+,0,*0.95,0.05
27,3:high,2:medium,+,0,*0.576,0.424
28,3:high,2:medium,+,0,*0.999,0.001
29,3:high,2:medium,+,0,*1,0
30,3:high,2:medium,+,0,*1,0
31,3:high,2:medium,+,0,*1,0
32,3:high,3:high,,0,0,*1
33,3:high,3:high,,0,0,*1
34,3:high,3:high,,0,0,*1
35,3:high,2:medium,+,0,*0.999,0.001
36,3:high,2:medium,+,0,*1,0
37,3:high,2:medium,+,0,*1,0
38,3:high,2:medium,+,0,*1,0
39,3:high,3:high,,0,0.233,*0.767
40,3:high,2:medium,+,0,*1,0
41,3:high,2:medium,+,0,*1,0
42,3:high,3:high,,0,0.003,*0.997
43,3:high,3:high,,0,0.003,*0.997
44,3:high,3:high,,0,0,*1
45,3:high,3:high,,0,0,*1
46,2:medium,3:high,+,0,0.014,*0.986
47,2:medium,3:high,+,0,0,*1
48,2:medium,2:medium,,0,*1,0
49,2:medium,3:high,+,0,0,*1
50,2:medium,2:medium,,0,*1,0
51,2:medium,2:medium,,0,*1,0
52,2:medium,2:medium,,0,*1,0
53,2:medium,2:medium,,0,*1,0
54,2:medium,2:medium,,0,*1,0
55,2:medium,2:medium,,0,*1,0
56,2:medium,3:high,+,0,0.011,*0.989
57,2:medium,3:high,+,0,0.001,*0.999
58,2:medium,2:medium,,0,*0.999,0.001
59,2:medium,3:high,+,0,0.003,*0.997
60,2:medium,3:high,+,0,0,*1
61,2:medium,3:high,+,0,0,*1
62,2:medium,3:high,+,0,0,*1
63,2:medium,3:high,+,0,0,*1
64,2:medium,3:high,+,0,0,*1
65,3:high,3:high,,0,0,*1
66,3:high,3:high,,0,0,*1
67,3:high,3:high,,0,0,*1
68,3:high,3:high,,0,0,*1
69,3:high,3:high,,0,0,*1
70,3:high,3:high,,0,0,*1
71,3:high,3:high,,0,0,*1
72,3:high,3:high,,0,0,*1
