inst#,actual,predicted,error,prediction
1,2:medium,2:medium,,0.999
2,3:low,2:medium,+,0.823
3,3:low,2:medium,+,0.973
4,2:medium,2:medium,,0.982
5,2:medium,2:medium,,0.702
6,2:medium,2:medium,,0.654
7,2:medium,2:medium,,0.913
8,2:medium,2:medium,,0.918
9,2:medium,2:medium,,0.873
10,2:medium,2:medium,,0.937
11,2:medium,3:low,+,0.619
12,2:medium,2:medium,,0.924
13,2:medium,2:medium,,0.523
14,2:medium,3:low,+,0.518
15,2:medium,2:medium,,0.744
16,2:medium,2:medium,,0.806
17,1:high,2:medium,+,0.741
18,2:medium,2:medium,,0.854
19,2:medium,2:medium,,0.544
20,2:medium,3:low,+,0.906
21,2:medium,3:low,+,0.742
22,3:low,3:low,,0.871
23,3:low,2:medium,+,0.972
24,2:medium,2:medium,,0.838
25,1:high,2:medium,+,0.946
26,2:medium,2:medium,,0.817
27,2:medium,2:medium,,0.897
28,2:medium,2:medium,,0.9
29,2:medium,2:medium,,0.531
30,2:medium,2:medium,,0.528
31,2:medium,2:medium,,0.639
32,2:medium,3:low,+,0.623
33,1:high,2:medium,+,0.865
34,2:medium,2:medium,,0.757
35,2:medium,2:medium,,0.83
36,2:medium,3:low,+,0.749
37,2:medium,1:high,+,0.528
38,2:medium,2:medium,,0.661
39,3:low,3:low,,0.626
40,3:low,2:medium,+,0.939
41,3:low,2:medium,+,0.992
42,2:medium,2:medium,,0.996
43,2:medium,2:medium,,0.995
44,2:medium,2:medium,,0.999
45,2:medium,2:medium,,0.99
46,2:medium,2:medium,,0.997
47,2:medium,2:medium,,0.818
48,3:low,2:medium,+,0.816

