inst#,actual,predicted,error,prediction
1,2:medium,2:medium,,0.73
2,3:low,2:medium,+,0.748
3,3:low,2:medium,+,0.767
4,2:medium,2:medium,,0.797
5,2:medium,2:medium,,0.803
6,2:medium,2:medium,,0.578
7,2:medium,2:medium,,0.825
8,2:medium,2:medium,,0.759
9,2:medium,2:medium,,0.762
10,2:medium,2:medium,,0.765
11,2:medium,2:medium,,0.726
12,2:medium,2:medium,,0.819
13,2:medium,2:medium,,0.688
14,2:medium,2:medium,,0.577
15,2:medium,2:medium,,0.667
16,2:medium,2:medium,,0.72
17,1:high,2:medium,+,0.552
18,2:medium,2:medium,,0.531
19,2:medium,2:medium,,0.526
20,2:medium,3:low,+,0.585
21,2:medium,2:medium,,0.535
22,3:low,2:medium,+,0.691
23,3:low,2:medium,+,0.828
24,2:medium,2:medium,,0.752
25,1:high,2:medium,+,0.708
26,2:medium,2:medium,,0.87
27,2:medium,2:medium,,0.927
28,2:medium,2:medium,,0.727
29,2:medium,2:medium,,0.763
30,2:medium,2:medium,,0.617
31,2:medium,2:medium,,0.482
32,2:medium,2:medium,,0.49
33,1:high,2:medium,+,0.859
34,2:medium,2:medium,,0.616
35,2:medium,2:medium,,0.586
36,2:medium,2:medium,,0.518
37,2:medium,2:medium,,0.663
38,2:medium,3:low,+,0.584
39,3:low,2:medium,+,0.518
40,3:low,2:medium,+,0.73
41,3:low,2:medium,+,0.676
42,2:medium,2:medium,,0.753
43,2:medium,2:medium,,0.824
44,2:medium,2:medium,,0.826
45,2:medium,2:medium,,0.88
46,2:medium,2:medium,,0.829
47,2:medium,2:medium,,0.824
48,3:low,2:medium,+,0.849

