inst#,actual,predicted,error,prediction
1,2:medium,2:medium,,0.999
2,3:low,2:medium,+,0.929
3,3:low,2:medium,+,0.984
4,2:medium,2:medium,,0.997
5,2:medium,2:medium,,0.644
6,2:medium,2:medium,,0.544
7,2:medium,2:medium,,0.963
8,2:medium,2:medium,,0.981
9,2:medium,2:medium,,0.937
10,2:medium,3:low,+,0.68
11,2:medium,3:low,+,0.822
12,2:medium,2:medium,,0.824
13,2:medium,3:low,+,0.648
14,2:medium,2:medium,,0.513
15,2:medium,2:medium,,0.744
16,2:medium,2:medium,,0.821
17,1:high,2:medium,+,0.951
18,2:medium,2:medium,,0.976
19,2:medium,2:medium,,0.516
20,2:medium,3:low,+,0.963
21,2:medium,3:low,+,0.561
22,3:low,3:low,,0.904
23,3:low,2:medium,+,0.989
24,2:medium,2:medium,,0.966
25,1:high,2:medium,+,0.94
26,2:medium,2:medium,,0.644
27,2:medium,2:medium,,0.865
28,2:medium,2:medium,,0.702
29,2:medium,2:medium,,0.561
30,2:medium,2:medium,,0.584
31,2:medium,2:medium,,0.691
32,2:medium,2:medium,,0.631
33,1:high,2:medium,+,0.652
34,2:medium,3:low,+,0.745
35,2:medium,2:medium,,0.734
36,2:medium,3:low,+,0.992
37,2:medium,2:medium,,0.652
38,2:medium,3:low,+,0.965
39,3:low,3:low,,0.989
40,3:low,2:medium,+,0.88
41,3:low,2:medium,+,0.978
42,2:medium,2:medium,,0.684
43,2:medium,2:medium,,0.972
44,2:medium,2:medium,,0.993
45,2:medium,2:medium,,0.998
46,2:medium,2:medium,,0.997
47,2:medium,2:medium,,0.996
48,3:low,2:medium,+,0.982

