inst#,actual,predicted,error,prediction
1,2:medium,2:medium,,0.805
2,3:low,2:medium,+,0.774
3,3:low,2:medium,+,0.91
4,2:medium,2:medium,,0.886
5,2:medium,2:medium,,0.791
6,2:medium,2:medium,,0.602
7,2:medium,2:medium,,0.78
8,2:medium,2:medium,,0.847
9,2:medium,2:medium,,0.818
10,2:medium,2:medium,,0.781
11,2:medium,2:medium,,0.71
12,2:medium,2:medium,,0.611
13,2:medium,2:medium,,0.592
14,2:medium,2:medium,,0.691
15,2:medium,2:medium,,0.757
16,2:medium,2:medium,,0.543
17,1:high,1:high,,0.686
18,2:medium,2:medium,,0.672
19,2:medium,2:medium,,0.717
20,2:medium,2:medium,,0.484
21,2:medium,2:medium,,0.524
22,3:low,2:medium,+,0.709
23,3:low,2:medium,+,0.87
24,2:medium,2:medium,,0.795
25,1:high,2:medium,+,0.692
26,2:medium,2:medium,,0.505
27,2:medium,2:medium,,0.835
28,2:medium,2:medium,,0.619
29,2:medium,2:medium,,0.807
30,2:medium,2:medium,,0.56
31,2:medium,3:low,+,0.471
32,2:medium,3:low,+,0.458
33,1:high,2:medium,+,0.695
34,2:medium,2:medium,,0.537
35,2:medium,1:high,+,0.448
36,2:medium,2:medium,,0.605
37,2:medium,2:medium,,0.579
38,2:medium,2:medium,,0.466
39,3:low,2:medium,+,0.605
40,3:low,2:medium,+,0.597
41,3:low,2:medium,+,0.626
42,2:medium,2:medium,,0.626
43,2:medium,2:medium,,0.853
44,2:medium,2:medium,,0.881
45,2:medium,2:medium,,0.907
46,2:medium,2:medium,,0.879
47,2:medium,2:medium,,0.907
48,3:low,2:medium,+,0.936

