inst#,actual,predicted,error,prediction
1,2:medium,2:medium,,0.84
2,3:low,2:medium,+,0.622
3,3:low,2:medium,+,0.918
4,2:medium,2:medium,,0.948
5,2:medium,2:medium,,0.899
6,2:medium,2:medium,,0.542
7,2:medium,1:high,+,0.431
8,2:medium,2:medium,,0.76
9,2:medium,2:medium,,0.711
10,2:medium,2:medium,,0.622
11,2:medium,2:medium,,0.571
12,2:medium,3:low,+,0.512
13,2:medium,2:medium,,0.651
14,2:medium,2:medium,,0.661
15,2:medium,2:medium,,0.78
16,2:medium,2:medium,,0.592
17,1:high,2:medium,+,0.552
18,2:medium,2:medium,,0.71
19,2:medium,2:medium,,0.701
20,2:medium,2:medium,,0.522
21,2:medium,2:medium,,0.542
22,3:low,2:medium,+,0.829
23,3:low,2:medium,+,0.948
24,2:medium,2:medium,,0.918
25,1:high,2:medium,+,0.809
26,2:medium,2:medium,,0.838
27,2:medium,2:medium,,0.967
28,2:medium,2:medium,,0.899
29,2:medium,2:medium,,0.898
30,2:medium,2:medium,,0.869
31,2:medium,2:medium,,0.72
32,2:medium,2:medium,,0.83
33,1:high,2:medium,+,0.849
34,2:medium,2:medium,,0.581
35,2:medium,2:medium,,0.67
36,2:medium,2:medium,,0.552
37,2:medium,1:high,+,0.552
38,2:medium,3:low,+,0.492
39,3:low,2:medium,+,0.632
40,3:low,2:medium,+,0.769
41,3:low,2:medium,+,0.809
42,2:medium,2:medium,,0.632
43,2:medium,2:medium,,0.829
44,2:medium,2:medium,,0.888
45,2:medium,2:medium,,0.908
46,2:medium,2:medium,,0.908
47,2:medium,2:medium,,0.829
48,3:low,2:medium,+,0.779

