inst#,actual,predicted,error,prediction
1,2:medium,2:medium,,0.692
2,3:low,2:medium,+,0.846
3,3:low,2:medium,+,0.846
4,2:medium,2:medium,,0.692
5,2:medium,2:medium,,0.692
6,2:medium,2:medium,,0.692
7,2:medium,2:medium,,0.654
8,2:medium,2:medium,,0.692
9,2:medium,2:medium,,0.769
10,2:medium,2:medium,,0.808
11,2:medium,2:medium,,0.808
12,2:medium,2:medium,,0.808
13,2:medium,2:medium,,0.731
14,2:medium,2:medium,,0.769
15,2:medium,2:medium,,0.654
16,2:medium,2:medium,,0.731
17,1:high,1:high,,0.385
18,2:medium,2:medium,,0.615
19,2:medium,2:medium,,0.654
20,2:medium,3:low,+,0.577
21,2:medium,3:low,+,0.615
22,3:low,2:medium,+,0.654
23,3:low,2:medium,+,0.846
24,2:medium,2:medium,,0.654
25,1:high,2:medium,+,0.538
26,2:medium,2:medium,,0.577
27,2:medium,2:medium,,0.885
28,2:medium,2:medium,,0.808
29,2:medium,2:medium,,0.5
30,2:medium,2:medium,,0.846
31,2:medium,2:medium,,0.692
32,2:medium,2:medium,,0.692
33,1:high,2:medium,+,0.808
34,2:medium,2:medium,,0.769
35,2:medium,2:medium,,0.692
36,2:medium,2:medium,,0.5
37,2:medium,1:high,+,0.5
38,2:medium,3:low,+,0.462
39,3:low,2:medium,+,0.577
40,3:low,2:medium,+,0.615
41,3:low,2:medium,+,0.692
42,2:medium,2:medium,,0.808
43,2:medium,2:medium,,0.808
44,2:medium,2:medium,,0.846
45,2:medium,2:medium,,0.808
46,2:medium,2:medium,,0.769
47,2:medium,2:medium,,0.808
48,3:low,2:medium,+,0.885

