inst#,actual,predicted,error,prediction
1,2:medium,2:medium,,0.814
2,3:low,2:medium,+,0.683
3,3:low,2:medium,+,0.841
4,2:medium,2:medium,,0.933
5,2:medium,2:medium,,0.945
6,2:medium,2:medium,,0.433
7,2:medium,2:medium,,0.526
8,2:medium,2:medium,,0.762
9,2:medium,2:medium,,0.762
10,2:medium,2:medium,,0.721
11,2:medium,2:medium,,0.551
12,2:medium,2:medium,,0.498
13,2:medium,2:medium,,0.696
14,2:medium,2:medium,,0.696
15,2:medium,2:medium,,0.749
16,2:medium,2:medium,,0.46
17,1:high,2:medium,+,0.42
18,2:medium,2:medium,,0.854
19,2:medium,2:medium,,0.749
20,2:medium,2:medium,,0.512
21,2:medium,2:medium,,0.604
22,3:low,2:medium,+,0.8
23,3:low,2:medium,+,0.971
24,2:medium,2:medium,,0.972
25,1:high,2:medium,+,0.853
26,2:medium,2:medium,,0.879
27,2:medium,2:medium,,0.972
28,2:medium,2:medium,,0.815
29,2:medium,2:medium,,0.919
30,2:medium,2:medium,,0.749
31,2:medium,2:medium,,0.631
32,2:medium,2:medium,,0.67
33,1:high,2:medium,+,0.958
34,2:medium,2:medium,,0.473
35,2:medium,2:medium,,0.67
36,2:medium,2:medium,,0.538
37,2:medium,1:high,+,0.618
38,2:medium,2:medium,,0.499
39,3:low,2:medium,+,0.67
40,3:low,2:medium,+,0.762
41,3:low,2:medium,+,0.827
42,2:medium,2:medium,,0.71
43,2:medium,2:medium,,0.88
44,2:medium,2:medium,,0.945
45,2:medium,2:medium,,0.958
46,2:medium,2:medium,,0.958
47,2:medium,2:medium,,0.906
48,3:low,2:medium,+,0.867

