inst#,actual,predicted,error,prediction
1,2:medium,2:medium,,0.695
2,3:low,3:low,,0.528
3,3:low,2:medium,+,0.775
4,2:medium,2:medium,,0.752
5,2:medium,2:medium,,0.773
6,2:medium,2:medium,,0.752
7,2:medium,2:medium,,0.664
8,2:medium,2:medium,,0.615
9,2:medium,2:medium,,0.702
10,2:medium,2:medium,,0.614
11,2:medium,2:medium,,0.572
12,2:medium,2:medium,,0.614
13,2:medium,2:medium,,0.594
14,2:medium,2:medium,,0.614
15,2:medium,2:medium,,0.529
16,2:medium,2:medium,,0.555
17,1:high,1:high,,0.46
18,2:medium,2:medium,,0.664
19,2:medium,2:medium,,0.656
20,2:medium,2:medium,,0.602
21,2:medium,2:medium,,0.667
22,3:low,2:medium,+,0.743
23,3:low,2:medium,+,0.782
24,2:medium,2:medium,,0.758
25,1:high,2:medium,+,0.782
26,2:medium,2:medium,,0.724
27,2:medium,2:medium,,0.796
28,2:medium,2:medium,,0.797
29,2:medium,2:medium,,0.788
30,2:medium,2:medium,,0.778
31,2:medium,2:medium,,0.722
32,2:medium,2:medium,,0.821
33,1:high,2:medium,+,0.577
34,2:medium,2:medium,,0.659
35,2:medium,2:medium,,0.645
36,2:medium,2:medium,,0.644
37,2:medium,2:medium,,0.421
38,2:medium,2:medium,,0.571
39,3:low,2:medium,+,0.674
40,3:low,2:medium,+,0.713
41,3:low,2:medium,+,0.752
42,2:medium,2:medium,,0.705
43,2:medium,2:medium,,0.718
44,2:medium,2:medium,,0.717
45,2:medium,2:medium,,0.741
46,2:medium,2:medium,,0.717
47,2:medium,2:medium,,0.721
48,3:low,2:medium,+,0.718

