inst#,actual,predicted,error,prediction
1,2:medium,2:medium,,0.766
2,3:low,2:medium,+,0.474
3,3:low,2:medium,+,0.738
4,2:medium,2:medium,,0.885
5,2:medium,2:medium,,0.799
6,2:medium,2:medium,,0.542
7,2:medium,2:medium,,0.542
8,2:medium,2:medium,,0.708
9,2:medium,2:medium,,0.669
10,2:medium,2:medium,,0.764
11,2:medium,2:medium,,0.716
12,2:medium,2:medium,,0.639
13,2:medium,2:medium,,0.72
14,2:medium,2:medium,,0.68
15,2:medium,2:medium,,0.819
16,2:medium,2:medium,,0.595
17,1:high,2:medium,+,0.496
18,2:medium,2:medium,,0.587
19,2:medium,2:medium,,0.764
20,2:medium,2:medium,,0.674
21,2:medium,2:medium,,0.678
22,3:low,2:medium,+,0.854
23,3:low,2:medium,+,0.915
24,2:medium,2:medium,,0.793
25,1:high,2:medium,+,0.725
26,2:medium,2:medium,,0.756
27,2:medium,2:medium,,0.819
28,2:medium,2:medium,,0.68
29,2:medium,2:medium,,0.843
30,2:medium,2:medium,,0.713
31,2:medium,2:medium,,0.636
32,2:medium,2:medium,,0.577
33,1:high,2:medium,+,0.63
34,2:medium,2:medium,,0.528
35,2:medium,2:medium,,0.682
36,2:medium,2:medium,,0.673
37,2:medium,2:medium,,0.561
38,2:medium,2:medium,,0.546
39,3:low,2:medium,+,0.673
40,3:low,2:medium,+,0.656
41,3:low,2:medium,+,0.786
42,2:medium,2:medium,,0.666
43,2:medium,2:medium,,0.762
44,2:medium,2:medium,,0.838
45,2:medium,2:medium,,0.915
46,2:medium,2:medium,,0.915
47,2:medium,2:medium,,0.838
48,3:low,2:medium,+,0.838

