inst#,actual,predicted,error,prediction
1,2:medium,2:medium,,0.793
2,3:low,2:medium,+,0.906
3,3:low,2:medium,+,1
4,2:medium,2:medium,,0.998
5,2:medium,2:medium,,0.996
6,2:medium,2:medium,,0.931
7,2:medium,2:medium,,0.999
8,2:medium,3:low,+,0.625
9,2:medium,3:low,+,0.641
10,2:medium,3:low,+,0.637
11,2:medium,3:low,+,0.618
12,2:medium,3:low,+,0.646
13,2:medium,3:low,+,0.651
14,2:medium,3:low,+,0.652
15,2:medium,3:low,+,0.769
16,2:medium,3:low,+,0.742
17,1:high,1:high,,0.711
18,2:medium,2:medium,,0.93
19,2:medium,2:medium,,0.816
20,2:medium,2:medium,,0.669
21,2:medium,2:medium,,0.855
22,3:low,2:medium,+,0.874
23,3:low,2:medium,+,0.905
24,2:medium,2:medium,,0.8
25,1:high,2:medium,+,0.842
26,2:medium,2:medium,,0.667
27,2:medium,2:medium,,0.941
28,2:medium,2:medium,,0.926
29,2:medium,2:medium,,0.868
30,2:medium,3:low,+,0.702
31,2:medium,3:low,+,0.66
32,2:medium,3:low,+,0.508
33,1:high,3:low,+,0.788
34,2:medium,3:low,+,0.867
35,2:medium,3:low,+,0.657
36,2:medium,3:low,+,0.902
37,2:medium,3:low,+,0.885
38,2:medium,3:low,+,0.876
39,3:low,3:low,,0.61
40,3:low,3:low,,0.619
41,3:low,3:low,,0.625
42,2:medium,2:medium,,0.588
43,2:medium,2:medium,,0.604
44,2:medium,2:medium,,0.616
45,2:medium,2:medium,,0.614
46,2:medium,2:medium,,0.619
47,2:medium,2:medium,,0.614
48,3:low,2:medium,+,0.617

