inst#,actual,predicted,error,prediction
1,2:medium,2:medium,,0.769
2,3:low,2:medium,+,0.638
3,3:low,2:medium,+,0.679
4,2:medium,2:medium,,0.745
5,2:medium,2:medium,,0.7
6,2:medium,2:medium,,0.554
7,2:medium,2:medium,,0.457
8,2:medium,2:medium,,0.639
9,2:medium,2:medium,,0.64
10,2:medium,2:medium,,0.602
11,2:medium,2:medium,,0.594
12,2:medium,2:medium,,0.577
13,2:medium,2:medium,,0.618
14,2:medium,2:medium,,0.707
15,2:medium,2:medium,,0.667
16,2:medium,2:medium,,0.653
17,1:high,1:high,,0.737
18,2:medium,2:medium,,0.556
19,2:medium,2:medium,,0.712
20,2:medium,2:medium,,0.58
21,2:medium,2:medium,,0.516
22,3:low,2:medium,+,0.682
23,3:low,2:medium,+,0.757
24,2:medium,2:medium,,0.667
25,1:high,2:medium,+,0.537
26,2:medium,1:high,+,0.422
27,2:medium,2:medium,,0.64
28,2:medium,2:medium,,0.555
29,2:medium,2:medium,,0.642
30,2:medium,3:low,+,0.493
31,2:medium,3:low,+,0.52
32,2:medium,3:low,+,0.477
33,1:high,2:medium,+,0.65
34,2:medium,3:low,+,0.513
35,2:medium,1:high,+,0.489
36,2:medium,2:medium,,0.573
37,2:medium,2:medium,,0.508
38,2:medium,3:low,+,0.442
39,3:low,2:medium,+,0.506
40,3:low,2:medium,+,0.481
41,3:low,2:medium,+,0.458
42,2:medium,2:medium,,0.502
43,2:medium,2:medium,,0.582
44,2:medium,2:medium,,0.668
45,2:medium,2:medium,,0.713
46,2:medium,2:medium,,0.691
47,2:medium,2:medium,,0.692
48,3:low,2:medium,+,0.691

