inst#,actual,predicted,error,prediction
1,2:medium,2:medium,,0.715
2,3:low,2:medium,+,0.595
3,3:low,2:medium,+,0.869
4,2:medium,2:medium,,0.89
5,2:medium,2:medium,,0.884
6,2:medium,2:medium,,0.521
7,2:medium,2:medium,,0.532
8,2:medium,2:medium,,0.753
9,2:medium,2:medium,,0.685
10,2:medium,2:medium,,0.798
11,2:medium,2:medium,,0.642
12,2:medium,2:medium,,0.588
13,2:medium,2:medium,,0.703
14,2:medium,2:medium,,0.711
15,2:medium,2:medium,,0.789
16,2:medium,2:medium,,0.5
17,1:high,2:medium,+,0.46
18,2:medium,2:medium,,0.688
19,2:medium,2:medium,,0.745
20,2:medium,2:medium,,0.537
21,2:medium,2:medium,,0.553
22,3:low,2:medium,+,0.724
23,3:low,2:medium,+,0.936
24,2:medium,2:medium,,0.906
25,1:high,2:medium,+,0.798
26,2:medium,2:medium,,0.832
27,2:medium,2:medium,,0.925
28,2:medium,2:medium,,0.711
29,2:medium,2:medium,,0.816
30,2:medium,2:medium,,0.744
31,2:medium,2:medium,,0.524
32,2:medium,2:medium,,0.595
33,1:high,2:medium,+,0.846
34,2:medium,2:medium,,0.62
35,2:medium,2:medium,,0.734
36,2:medium,2:medium,,0.561
37,2:medium,2:medium,,0.487
38,2:medium,2:medium,,0.466
39,3:low,2:medium,+,0.626
40,3:low,2:medium,+,0.751
41,3:low,2:medium,+,0.826
42,2:medium,2:medium,,0.727
43,2:medium,2:medium,,0.891
44,2:medium,2:medium,,0.932
45,2:medium,2:medium,,0.965
46,2:medium,2:medium,,0.952
47,2:medium,2:medium,,0.9
48,3:low,2:medium,+,0.855

