inst#,actual,predicted,error,prediction
1,2:medium,2:medium,,0.6
2,3:low,3:low,,0.519
3,3:low,2:medium,+,0.599
4,2:medium,2:medium,,0.597
5,2:medium,2:medium,,0.493
6,2:medium,3:low,+,0.426
7,2:medium,2:medium,,0.598
8,2:medium,2:medium,,0.599
9,2:medium,2:medium,,0.595
10,2:medium,2:medium,,0.594
11,2:medium,3:low,+,0.416
12,2:medium,2:medium,,0.598
13,2:medium,2:medium,,0.565
14,2:medium,2:medium,,0.473
15,2:medium,2:medium,,0.553
16,2:medium,2:medium,,0.555
17,1:high,2:medium,+,0.509
18,2:medium,2:medium,,0.559
19,2:medium,2:medium,,0.539
20,2:medium,3:low,+,0.598
21,2:medium,3:low,+,0.552
22,3:low,3:low,,0.598
23,3:low,2:medium,+,0.6
24,2:medium,2:medium,,0.597
25,1:high,2:medium,+,0.591
26,2:medium,2:medium,,0.553
27,2:medium,2:medium,,0.568
28,2:medium,2:medium,,0.589
29,2:medium,2:medium,,0.472
30,2:medium,2:medium,,0.489
31,2:medium,2:medium,,0.444
32,2:medium,2:medium,,0.509
33,1:high,2:medium,+,0.528
34,2:medium,2:medium,,0.515
35,2:medium,2:medium,,0.57
36,2:medium,2:medium,,0.505
37,2:medium,1:high,+,0.333
38,2:medium,3:low,+,0.589
39,3:low,3:low,,0.532
40,3:low,2:medium,+,0.571
41,3:low,2:medium,+,0.6
42,2:medium,2:medium,,0.599
43,2:medium,2:medium,,0.599
44,2:medium,2:medium,,0.6
45,2:medium,2:medium,,0.599
46,2:medium,2:medium,,0.6
47,2:medium,2:medium,,0.6
48,3:low,2:medium,+,0.6

