inst#,actual,predicted,error,prediction
1,2:medium,2:medium,,0.75
2,3:low,2:medium,+,0.813
3,3:low,3:low,,0.625
4,2:medium,2:medium,,0.5
5,2:medium,2:medium,,0.75
6,2:medium,2:medium,,0.625
7,2:medium,2:medium,,0.438
8,2:medium,2:medium,,0.625
9,2:medium,2:medium,,0.688
10,2:medium,2:medium,,0.688
11,2:medium,3:low,+,0.563
12,2:medium,2:medium,,0.563
13,2:medium,2:medium,,0.688
14,2:medium,2:medium,,0.875
15,2:medium,2:medium,,0.75
16,2:medium,2:medium,,0.875
17,1:high,1:high,,0.875
18,2:medium,2:medium,,0.813
19,2:medium,2:medium,,0.75
20,2:medium,2:medium,,0.75
21,2:medium,2:medium,,0.563
22,3:low,2:medium,+,0.625
23,3:low,2:medium,+,0.813
24,2:medium,2:medium,,0.563
25,1:high,2:medium,+,0.625
26,2:medium,1:high,+,0.5
27,2:medium,2:medium,,0.688
28,2:medium,2:medium,,0.625
29,2:medium,2:medium,,0.563
30,2:medium,2:medium,,0.625
31,2:medium,2:medium,,0.625
32,2:medium,3:low,+,0.5
33,1:high,2:medium,+,0.75
34,2:medium,3:low,+,0.5
35,2:medium,1:high,+,0.438
36,2:medium,2:medium,,0.625
37,2:medium,2:medium,,0.688
38,2:medium,2:medium,,0.688
39,3:low,2:medium,+,0.625
40,3:low,2:medium,+,0.875
41,3:low,2:medium,+,0.875
42,2:medium,2:medium,,0.75
43,2:medium,2:medium,,0.813
44,2:medium,2:medium,,0.875
45,2:medium,2:medium,,0.813
46,2:medium,2:medium,,0.875
47,2:medium,2:medium,,0.875
48,3:low,2:medium,+,0.875

