inst#,actual,predicted,error,prediction
1,2:medium,2:medium,,0.923
2,3:low,2:medium,+,0.52
3,3:low,2:medium,+,0.854
4,2:medium,2:medium,,0.835
5,2:medium,2:medium,,0.826
6,2:medium,2:medium,,0.899
7,2:medium,2:medium,,0.922
8,2:medium,2:medium,,0.916
9,2:medium,2:medium,,0.921
10,2:medium,2:medium,,0.926
11,2:medium,2:medium,,0.906
12,2:medium,2:medium,,0.919
13,2:medium,2:medium,,0.918
14,2:medium,2:medium,,0.915
15,2:medium,2:medium,,0.934
16,2:medium,2:medium,,0.928
17,1:high,2:medium,+,0.617
18,2:medium,2:medium,,0.898
19,2:medium,2:medium,,0.918
20,2:medium,2:medium,,0.839
21,2:medium,2:medium,,0.899
22,3:low,2:medium,+,0.717
23,3:low,2:medium,+,0.822
24,2:medium,2:medium,,0.721
25,1:high,2:medium,+,0.614
26,2:medium,2:medium,,0.743
27,2:medium,2:medium,,0.723
28,2:medium,2:medium,,0.692
29,2:medium,2:medium,,0.719
30,2:medium,2:medium,,0.808
31,2:medium,2:medium,,0.694
32,2:medium,2:medium,,0.661
33,1:high,2:medium,+,0.855
34,2:medium,2:medium,,0.83
35,2:medium,2:medium,,0.784
36,2:medium,2:medium,,0.909
37,2:medium,2:medium,,0.454
38,2:medium,2:medium,,0.854
39,3:low,2:medium,+,0.913
40,3:low,2:medium,+,0.954
41,3:low,2:medium,+,0.959
42,2:medium,2:medium,,0.938
43,2:medium,2:medium,,0.974
44,2:medium,2:medium,,0.98
45,2:medium,2:medium,,0.98
46,2:medium,2:medium,,0.98
47,2:medium,2:medium,,0.976
48,3:low,2:medium,+,0.976

