inst#,actual,predicted,error,prediction
1,2:medium,2:medium,,0.6
2,3:low,2:medium,+,0.554
3,3:low,2:medium,+,0.825
4,2:medium,2:medium,,0.833
5,2:medium,2:medium,,0.703
6,2:medium,2:medium,,0.516
7,2:medium,2:medium,,0.609
8,2:medium,2:medium,,0.719
9,2:medium,2:medium,,0.664
10,2:medium,2:medium,,0.822
11,2:medium,2:medium,,0.757
12,2:medium,2:medium,,0.587
13,2:medium,2:medium,,0.712
14,2:medium,2:medium,,0.73
15,2:medium,2:medium,,0.677
16,2:medium,2:medium,,0.698
17,1:high,2:medium,+,0.545
18,2:medium,2:medium,,0.664
19,2:medium,2:medium,,0.822
20,2:medium,2:medium,,0.69
21,2:medium,2:medium,,0.839
22,3:low,2:medium,+,0.772
23,3:low,2:medium,+,0.92
24,2:medium,2:medium,,0.664
25,1:high,2:medium,+,0.666
26,2:medium,2:medium,,0.75
27,2:medium,2:medium,,0.915
28,2:medium,2:medium,,0.746
29,2:medium,2:medium,,0.915
30,2:medium,2:medium,,0.849
31,2:medium,2:medium,,0.746
32,2:medium,2:medium,,0.746
33,1:high,2:medium,+,0.759
34,2:medium,2:medium,,0.494
35,2:medium,3:low,+,0.494
36,2:medium,2:medium,,0.735
37,2:medium,2:medium,,0.756
38,2:medium,2:medium,,0.537
39,3:low,2:medium,+,0.768
40,3:low,2:medium,+,0.532
41,3:low,2:medium,+,0.799
42,2:medium,2:medium,,0.586
43,2:medium,2:medium,,0.696
44,2:medium,2:medium,,0.799
45,2:medium,2:medium,,0.918
46,2:medium,2:medium,,0.851
47,2:medium,2:medium,,0.799
48,3:low,2:medium,+,0.865

