inst#,actual,predicted,error,prediction
1,2:medium,2:medium,,0.969
2,3:low,2:medium,+,0.954
3,3:low,2:medium,+,1
4,2:medium,2:medium,,0.999
5,2:medium,2:medium,,0.996
6,2:medium,2:medium,,0.83
7,2:medium,1:high,+,0.729
8,2:medium,2:medium,,0.999
9,2:medium,2:medium,,0.997
10,2:medium,2:medium,,0.964
11,2:medium,2:medium,,0.978
12,2:medium,2:medium,,0.883
13,2:medium,2:medium,,0.997
14,2:medium,2:medium,,0.955
15,2:medium,2:medium,,0.992
16,2:medium,1:high,+,0.753
17,1:high,2:medium,+,0.994
18,2:medium,2:medium,,0.999
19,2:medium,2:medium,,0.999
20,2:medium,2:medium,,0.973
21,2:medium,2:medium,,0.997
22,3:low,2:medium,+,0.973
23,3:low,2:medium,+,1
24,2:medium,2:medium,,0.999
25,1:high,2:medium,+,1
26,2:medium,2:medium,,1
27,2:medium,2:medium,,1
28,2:medium,2:medium,,0.999
29,2:medium,2:medium,,1
30,2:medium,2:medium,,0.995
31,2:medium,2:medium,,0.989
32,2:medium,2:medium,,0.999
33,1:high,2:medium,+,1
34,2:medium,2:medium,,0.944
35,2:medium,2:medium,,0.838
36,2:medium,3:low,+,0.629
37,2:medium,1:high,+,0.675
38,2:medium,3:low,+,0.948
39,3:low,3:low,,0.629
40,3:low,2:medium,+,0.959
41,3:low,2:medium,+,0.689
42,2:medium,2:medium,,0.689
43,2:medium,2:medium,,0.993
44,2:medium,2:medium,,0.993
45,2:medium,2:medium,,0.999
46,2:medium,2:medium,,0.993
47,2:medium,2:medium,,0.993
48,3:low,2:medium,+,0.999

