inst#,actual,predicted,error,prediction
1,1:low,1:low,,0.943
2,1:low,1:low,,0.994
3,1:low,1:low,,0.943
4,1:low,1:low,,0.972
5,1:low,1:low,,0.752
6,1:low,2:medium,+,0.853
7,1:low,1:low,,0.987
8,1:low,1:low,,0.989
9,1:low,1:low,,0.95
10,1:low,2:medium,+,0.957
11,1:low,2:medium,+,0.959
12,1:low,2:medium,+,0.999
13,1:low,2:medium,+,1
14,1:low,2:medium,+,0.975
15,1:low,2:medium,+,0.975
16,1:low,2:medium,+,0.975
17,1:low,2:medium,+,0.998
18,1:low,2:medium,+,0.995
19,1:low,2:medium,+,0.998
20,1:low,2:medium,+,0.998
21,1:low,2:medium,+,0.981
22,1:low,2:medium,+,0.998
23,1:low,2:medium,+,0.708
24,1:low,2:medium,+,1
25,1:low,2:medium,+,0.994
26,1:low,1:low,,0.959
27,1:low,2:medium,+,0.682
28,1:low,2:medium,+,0.998
29,1:low,2:medium,+,0.911
30,1:low,2:medium,+,0.866
31,1:low,2:medium,+,0.607
32,1:low,2:medium,+,0.996
33,1:low,2:medium,+,0.965
34,1:low,2:medium,+,0.981
35,1:low,2:medium,+,0.989
36,1:low,2:medium,+,0.998
37,1:low,2:medium,+,0.985
38,1:low,1:low,,0.959
39,1:low,2:medium,+,0.972
40,1:low,1:low,,0.536
41,1:low,1:low,,0.966
42,1:low,2:medium,+,0.976
43,1:low,2:medium,+,0.687
44,1:low,1:low,,0.974
45,1:low,1:low,,0.981
46,1:low,1:low,,0.893
47,1:low,1:low,,1
48,1:low,1:low,,0.998
49,1:low,2:medium,+,0.956
50,1:low,2:medium,+,0.97
51,1:low,2:medium,+,0.737
52,1:low,2:medium,+,0.796
53,1:low,2:medium,+,0.97
54,1:low,2:medium,+,0.905
55,1:low,2:medium,+,0.97
56,1:low,2:medium,+,0.979
57,1:low,2:medium,+,0.905
58,1:low,2:medium,+,0.796
59,1:low,2:medium,+,0.876
60,1:low,2:medium,+,0.998
61,1:low,2:medium,+,0.998
62,1:low,1:low,,0.66
63,1:low,2:medium,+,0.829
64,1:low,2:medium,+,0.829
65,1:low,1:low,,0.931
66,1:low,1:low,,0.751
67,1:low,1:low,,0.966
68,1:low,1:low,,0.709
69,1:low,1:low,,0.985
70,1:low,1:low,,1
71,1:low,1:low,,0.999
72,1:low,1:low,,0.998
73,1:low,1:low,,0.998
74,1:low,2:medium,+,0.863
75,1:low,2:medium,+,0.863
76,1:low,1:low,,0.989
77,1:low,2:medium,+,0.956
78,1:low,1:low,,0.981
79,1:low,1:low,,0.981
80,1:low,1:low,,0.981
81,1:low,1:low,,0.981
82,1:low,1:low,,0.981
83,1:low,1:low,,0.981
84,1:low,1:low,,0.994
85,1:low,1:low,,0.994
86,1:low,1:low,,0.962
87,1:low,2:medium,+,0.863
88,1:low,1:low,,0.715
89,1:low,2:medium,+,0.863
90,1:low,2:medium,+,0.863
91,1:low,1:low,,0.988
92,1:low,2:medium,+,0.863
93,1:low,2:medium,+,0.863
94,1:low,2:medium,+,0.863
95,1:low,2:medium,+,0.863
96,1:low,2:medium,+,0.863
97,1:low,2:medium,+,0.863
98,1:low,2:medium,+,0.863
99,1:low,2:medium,+,0.863
100,1:low,1:low,,0.715
101,1:low,2:medium,+,0.905
102,1:low,2:medium,+,0.905
103,1:low,2:medium,+,0.863
104,1:low,2:medium,+,0.863
105,1:low,2:medium,+,0.905
106,1:low,2:medium,+,0.863
107,1:low,2:medium,+,0.863
108,1:low,2:medium,+,0.863
109,1:low,2:medium,+,0.863
110,1:low,2:medium,+,0.863
111,1:low,2:medium,+,0.863
112,1:low,2:medium,+,0.863
113,1:low,2:medium,+,0.863
114,1:low,2:medium,+,0.863
115,1:low,1:low,,0.715
116,1:low,2:medium,+,0.863
117,1:low,2:medium,+,0.863
118,1:low,1:low,,0.981
119,1:low,1:low,,0.981
120,1:low,1:low,,0.981
121,1:low,1:low,,0.981
122,1:low,1:low,,0.981
123,1:low,1:low,,0.981
124,1:low,1:low,,0.962
125,1:low,1:low,,0.962
126,1:low,1:low,,0.989
127,1:low,1:low,,0.989
128,1:low,1:low,,0.989
129,1:low,1:low,,0.998
130,1:low,1:low,,1
131,1:low,1:low,,1
132,1:low,1:low,,1
133,1:low,1:low,,0.999
134,1:low,1:low,,1
135,1:low,1:low,,1
136,1:low,1:low,,0.998
137,1:low,1:low,,0.999
138,1:low,1:low,,0.992
139,1:low,1:low,,0.981
140,1:low,1:low,,0.981
141,1:low,1:low,,0.981
142,1:low,1:low,,0.981
143,1:low,1:low,,0.981
144,1:low,1:low,,0.981
145,1:low,1:low,,0.981
146,1:low,1:low,,0.981
147,1:low,1:low,,0.981
148,1:low,1:low,,0.981
149,1:low,1:low,,0.981
150,1:low,1:low,,0.981
151,1:low,1:low,,0.981
152,1:low,1:low,,0.915
153,1:low,1:low,,0.992
154,1:low,1:low,,0.915
155,1:low,1:low,,0.999
156,1:low,1:low,,0.915
157,1:low,1:low,,0.915
158,1:low,1:low,,0.981
159,1:low,1:low,,0.981
160,1:low,1:low,,0.981
161,1:low,1:low,,0.981
162,1:low,1:low,,0.981
163,1:low,1:low,,0.972
164,1:low,1:low,,0.834
165,1:low,2:medium,+,0.671
166,1:low,2:medium,+,0.671
167,1:low,2:medium,+,0.671
168,1:low,2:medium,+,0.671
169,1:low,2:medium,+,0.739
170,1:low,2:medium,+,0.671
171,1:low,2:medium,+,0.671
172,1:low,1:low,,0.961
173,1:low,1:low,,0.782
174,1:low,1:low,,0.961
175,1:low,1:low,,0.972
176,1:low,1:low,,0.972

