inst#,actual,predicted,error,prediction
1,1:low,1:low,,1
2,1:low,1:low,,0.999
3,1:low,1:low,,1
4,1:low,1:low,,1
5,1:low,1:low,,0.999
6,1:low,2:medium,+,0.972
7,1:low,1:low,,0.974
8,1:low,1:low,,1
9,1:low,1:low,,0.992
10,1:low,2:medium,+,1
11,1:low,2:medium,+,0.998
12,1:low,2:medium,+,0.998
13,1:low,2:medium,+,0.992
14,1:low,2:medium,+,1
15,1:low,2:medium,+,1
16,1:low,2:medium,+,1
17,1:low,2:medium,+,1
18,1:low,2:medium,+,0.984
19,1:low,2:medium,+,1
20,1:low,2:medium,+,1
21,1:low,2:medium,+,1
22,1:low,2:medium,+,1
23,1:low,2:medium,+,1
24,1:low,2:medium,+,1
25,1:low,2:medium,+,1
26,1:low,1:low,,0.993
27,1:low,2:medium,+,0.867
28,1:low,2:medium,+,1
29,1:low,2:medium,+,1
30,1:low,2:medium,+,1
31,1:low,2:medium,+,1
32,1:low,2:medium,+,1
33,1:low,2:medium,+,1
34,1:low,2:medium,+,1
35,1:low,2:medium,+,1
36,1:low,2:medium,+,1
37,1:low,2:medium,+,1
38,1:low,1:low,,0.74
39,1:low,2:medium,+,1
40,1:low,2:medium,+,0.828
41,1:low,1:low,,0.675
42,1:low,1:low,,0.647
43,1:low,1:low,,0.504
44,1:low,2:medium,+,0.641
45,1:low,1:low,,0.859
46,1:low,2:medium,+,0.743
47,1:low,1:low,,1
48,1:low,1:low,,1
49,1:low,2:medium,+,0.998
50,1:low,2:medium,+,0.998
51,1:low,2:medium,+,0.998
52,1:low,2:medium,+,0.998
53,1:low,2:medium,+,0.998
54,1:low,2:medium,+,0.998
55,1:low,2:medium,+,0.998
56,1:low,2:medium,+,0.998
57,1:low,2:medium,+,0.999
58,1:low,2:medium,+,0.998
59,1:low,2:medium,+,0.985
60,1:low,2:medium,+,0.985
61,1:low,2:medium,+,0.999
62,1:low,2:medium,+,1
63,1:low,2:medium,+,0.998
64,1:low,2:medium,+,1
65,1:low,2:medium,+,1
66,1:low,2:medium,+,0.998
67,1:low,2:medium,+,0.556
68,1:low,1:low,,0.984
69,1:low,1:low,,0.996
70,1:low,1:low,,1
71,1:low,1:low,,1
72,1:low,1:low,,1
73,1:low,1:low,,1
74,1:low,2:medium,+,0.999
75,1:low,2:medium,+,1
76,1:low,1:low,,1
77,1:low,2:medium,+,0.989
78,1:low,1:low,,0.999
79,1:low,1:low,,0.999
80,1:low,1:low,,0.992
81,1:low,1:low,,0.999
82,1:low,1:low,,1
83,1:low,1:low,,1
84,1:low,1:low,,1
85,1:low,1:low,,1
86,1:low,1:low,,1
87,1:low,2:medium,+,0.997
88,1:low,1:low,,0.952
89,1:low,2:medium,+,0.999
90,1:low,2:medium,+,0.999
91,1:low,1:low,,1
92,1:low,2:medium,+,0.989
93,1:low,2:medium,+,0.999
94,1:low,2:medium,+,0.989
95,1:low,2:medium,+,0.999
96,1:low,2:medium,+,0.999
97,1:low,2:medium,+,0.999
98,1:low,2:medium,+,1
99,1:low,2:medium,+,0.999
100,1:low,2:medium,+,1
101,1:low,2:medium,+,1
102,1:low,2:medium,+,1
103,1:low,2:medium,+,0.999
104,1:low,2:medium,+,1
105,1:low,2:medium,+,1
106,1:low,2:medium,+,0.998
107,1:low,2:medium,+,0.999
108,1:low,2:medium,+,0.999
109,1:low,2:medium,+,1
110,1:low,2:medium,+,0.999
111,1:low,2:medium,+,1
112,1:low,2:medium,+,1
113,1:low,2:medium,+,0.999
114,1:low,2:medium,+,0.997
115,1:low,2:medium,+,0.998
116,1:low,2:medium,+,1
117,1:low,2:medium,+,1
118,1:low,1:low,,0.999
119,1:low,1:low,,1
120,1:low,1:low,,1
121,1:low,1:low,,1
122,1:low,1:low,,0.998
123,1:low,1:low,,1
124,1:low,1:low,,1
125,1:low,1:low,,1
126,1:low,1:low,,1
127,1:low,1:low,,1
128,1:low,1:low,,1
129,1:low,1:low,,1
130,1:low,1:low,,1
131,1:low,1:low,,1
132,1:low,1:low,,1
133,1:low,1:low,,1
134,1:low,1:low,,1
135,1:low,1:low,,1
136,1:low,1:low,,1
137,1:low,1:low,,1
138,1:low,1:low,,1
139,1:low,1:low,,1
140,1:low,1:low,,0.994
141,1:low,1:low,,1
142,1:low,1:low,,1
143,1:low,1:low,,1
144,1:low,1:low,,1
145,1:low,1:low,,0.999
146,1:low,1:low,,1
147,1:low,1:low,,1
148,1:low,1:low,,1
149,1:low,1:low,,0.999
150,1:low,1:low,,1
151,1:low,1:low,,1
152,1:low,1:low,,1
153,1:low,1:low,,1
154,1:low,1:low,,1
155,1:low,1:low,,1
156,1:low,1:low,,1
157,1:low,1:low,,1
158,1:low,1:low,,1
159,1:low,1:low,,1
160,1:low,1:low,,1
161,1:low,1:low,,1
162,1:low,1:low,,0.999
163,1:low,1:low,,0.999
164,1:low,2:medium,+,0.999
165,1:low,2:medium,+,0.99
166,1:low,2:medium,+,0.999
167,1:low,2:medium,+,0.999
168,1:low,2:medium,+,0.999
169,1:low,2:medium,+,0.995
170,1:low,2:medium,+,0.999
171,1:low,2:medium,+,0.999
172,1:low,2:medium,+,0.705
173,1:low,2:medium,+,0.705
174,1:low,1:low,,0.96
175,1:low,1:low,,0.998
176,1:low,1:low,,0.999

