inst#,actual,predicted,error,prediction
1,3:low,3:low,,0.878
2,3:low,3:low,,0.602
3,2:medium,3:low,+,0.583
4,3:low,2:medium,+,0.529
5,3:low,2:medium,+,0.509
6,3:low,3:low,,0.583
7,3:low,3:low,,0.885
8,3:low,1:high,+,0.532
9,3:low,3:low,,0.885
10,3:low,3:low,,0.885
11,3:low,3:low,,0.885
12,2:medium,3:low,+,0.711
13,3:low,3:low,,0.878
14,3:low,3:low,,0.602
15,3:low,3:low,,0.602
16,2:medium,3:low,+,0.885
17,3:low,3:low,,0.791
18,2:medium,3:low,+,0.791
19,3:low,3:low,,0.791
20,3:low,3:low,,0.711
21,1:high,1:high,,0.531
22,3:low,3:low,,0.791
23,3:low,3:low,,0.779
24,3:low,3:low,,0.529
25,3:low,3:low,,0.711
26,3:low,2:medium,+,0.617
27,3:low,3:low,,0.885
28,3:low,2:medium,+,0.486
29,3:low,2:medium,+,0.617
30,3:low,3:low,,0.583
31,3:low,3:low,,0.711
32,3:low,3:low,,0.885
33,3:low,3:low,,0.779
34,3:low,3:low,,0.779
35,3:low,3:low,,0.779
36,3:low,3:low,,0.779
37,3:low,3:low,,0.791
38,3:low,3:low,,0.509
39,3:low,3:low,,0.791
40,3:low,3:low,,0.529
41,3:low,3:low,,0.529
42,3:low,3:low,,0.791
43,3:low,3:low,,0.529
44,3:low,3:low,,0.791
45,3:low,3:low,,0.791
46,3:low,3:low,,0.529
47,3:low,3:low,,0.529
48,3:low,3:low,,0.791

