inst#,actual,predicted,error,prediction
1,3:low,3:low,,0.81
2,3:low,3:low,,0.857
3,2:medium,3:low,+,0.756
4,3:low,3:low,,0.687
5,3:low,3:low,,0.78
6,3:low,3:low,,0.875
7,3:low,3:low,,0.856
8,3:low,2:medium,+,0.529
9,3:low,3:low,,0.74
10,3:low,3:low,,0.76
11,3:low,3:low,,0.825
12,2:medium,3:low,+,0.723
13,3:low,3:low,,0.772
14,3:low,3:low,,0.731
15,3:low,3:low,,0.807
16,2:medium,3:low,+,0.637
17,3:low,3:low,,0.709
18,2:medium,3:low,+,0.812
19,3:low,3:low,,0.768
20,3:low,3:low,,0.727
21,1:high,1:high,,0.604
22,3:low,3:low,,0.668
23,3:low,3:low,,0.684
24,3:low,3:low,,0.77
25,3:low,3:low,,0.852
26,3:low,3:low,,0.753
27,3:low,3:low,,0.83
28,3:low,3:low,,0.871
29,3:low,3:low,,0.812
30,3:low,3:low,,0.853
31,3:low,3:low,,0.855
32,3:low,3:low,,0.769
33,3:low,3:low,,0.526
34,3:low,2:medium,+,0.545
35,3:low,2:medium,+,0.515
36,3:low,3:low,,0.585
37,3:low,3:low,,0.658
38,3:low,3:low,,0.74
39,3:low,3:low,,0.618
40,3:low,3:low,,0.675
41,3:low,3:low,,0.672
42,3:low,3:low,,0.647
43,3:low,3:low,,0.639
44,3:low,3:low,,0.662
45,3:low,3:low,,0.597
46,3:low,3:low,,0.62
47,3:low,3:low,,0.741
48,3:low,3:low,,0.741

