inst#,actual,predicted,error,prediction
1,3:low,3:low,,0.669
2,3:low,3:low,,0.746
3,2:medium,3:low,+,0.831
4,3:low,2:medium,+,0.586
5,3:low,3:low,,0.781
6,3:low,3:low,,0.808
7,3:low,3:low,,0.844
8,3:low,3:low,,0.472
9,3:low,3:low,,0.631
10,3:low,3:low,,0.845
11,3:low,3:low,,0.833
12,2:medium,3:low,+,0.787
13,3:low,3:low,,0.661
14,3:low,3:low,,0.796
15,3:low,3:low,,0.796
16,2:medium,3:low,+,0.703
17,3:low,3:low,,0.823
18,2:medium,3:low,+,0.739
19,3:low,3:low,,0.706
20,3:low,3:low,,0.701
21,1:high,3:low,+,0.55
22,3:low,3:low,,0.771
23,3:low,3:low,,0.668
24,3:low,3:low,,0.676
25,3:low,3:low,,0.704
26,3:low,3:low,,0.721
27,3:low,3:low,,0.661
28,3:low,3:low,,0.891
29,3:low,3:low,,0.791
30,3:low,3:low,,0.796
31,3:low,3:low,,0.853
32,3:low,3:low,,0.761
33,3:low,3:low,,0.71
34,3:low,3:low,,0.71
35,3:low,3:low,,0.741
36,3:low,3:low,,0.741
37,3:low,3:low,,0.731
38,3:low,3:low,,0.757
39,3:low,3:low,,0.79
40,3:low,3:low,,0.749
41,3:low,3:low,,0.707
42,3:low,3:low,,0.807
43,3:low,3:low,,0.832
44,3:low,3:low,,0.745
45,3:low,3:low,,0.76
46,3:low,3:low,,0.834
47,3:low,3:low,,0.66
48,3:low,3:low,,0.725

