inst#,actual,predicted,error,prediction
1,3:low,3:low,,0.882
2,3:low,3:low,,0.917
3,2:medium,3:low,+,0.825
4,3:low,3:low,,0.855
5,3:low,3:low,,0.878
6,3:low,3:low,,0.904
7,3:low,3:low,,0.882
8,3:low,2:medium,+,0.624
9,3:low,3:low,,0.798
10,3:low,3:low,,0.789
11,3:low,3:low,,0.92
12,2:medium,3:low,+,0.724
13,3:low,3:low,,0.843
14,3:low,3:low,,0.811
15,3:low,3:low,,0.884
16,2:medium,3:low,+,0.862
17,3:low,3:low,,0.884
18,2:medium,3:low,+,0.819
19,3:low,3:low,,0.817
20,3:low,3:low,,0.79
21,1:high,2:medium,+,0.74
22,3:low,3:low,,0.789
23,3:low,3:low,,0.865
24,3:low,3:low,,0.88
25,3:low,3:low,,0.818
26,3:low,3:low,,0.88
27,3:low,3:low,,0.856
28,3:low,3:low,,0.846
29,3:low,3:low,,0.878
30,3:low,3:low,,0.88
31,3:low,3:low,,0.809
32,3:low,3:low,,0.886
33,3:low,2:medium,+,0.673
34,3:low,2:medium,+,0.551
35,3:low,2:medium,+,0.55
36,3:low,2:medium,+,0.572
37,3:low,3:low,,0.886
38,3:low,3:low,,0.881
39,3:low,3:low,,0.907
40,3:low,3:low,,0.886
41,3:low,3:low,,0.866
42,3:low,3:low,,0.886
43,3:low,3:low,,0.886
44,3:low,3:low,,0.904
45,3:low,3:low,,0.842
46,3:low,3:low,,0.886
47,3:low,3:low,,0.742
48,3:low,3:low,,0.866

