inst#,actual,predicted,error,prediction
1,3:low,3:low,,0.743
2,3:low,3:low,,0.926
3,2:medium,3:low,+,0.733
4,3:low,2:medium,+,0.536
5,3:low,3:low,,0.764
6,3:low,3:low,,0.917
7,3:low,3:low,,0.901
8,3:low,2:medium,+,0.475
9,3:low,3:low,,0.803
10,3:low,3:low,,0.851
11,3:low,3:low,,0.82
12,2:medium,3:low,+,0.742
13,3:low,3:low,,0.687
14,3:low,3:low,,0.709
15,3:low,3:low,,0.8
16,2:medium,3:low,+,0.685
17,3:low,3:low,,0.688
18,2:medium,3:low,+,0.885
19,3:low,3:low,,0.79
20,3:low,3:low,,0.717
21,1:high,2:medium,+,0.58
22,3:low,3:low,,0.821
23,3:low,3:low,,0.791
24,3:low,3:low,,0.756
25,3:low,3:low,,0.884
26,3:low,3:low,,0.781
27,3:low,3:low,,0.769
28,3:low,3:low,,0.811
29,3:low,3:low,,0.816
30,3:low,3:low,,0.927
31,3:low,3:low,,0.941
32,3:low,3:low,,0.782
33,3:low,3:low,,0.678
34,3:low,3:low,,0.662
35,3:low,3:low,,0.713
36,3:low,3:low,,0.623
37,3:low,3:low,,0.771
38,3:low,3:low,,0.884
39,3:low,3:low,,0.731
40,3:low,3:low,,0.652
41,3:low,3:low,,0.675
42,3:low,3:low,,0.704
43,3:low,3:low,,0.842
44,3:low,3:low,,0.843
45,3:low,3:low,,0.644
46,3:low,3:low,,0.804
47,3:low,3:low,,0.609
48,3:low,3:low,,0.78

