inst#,actual,predicted,error,prediction
1,3:low,3:low,,0.91
2,3:low,3:low,,0.971
3,2:medium,3:low,+,0.882
4,3:low,3:low,,0.776
5,3:low,3:low,,0.9
6,3:low,3:low,,0.902
7,3:low,3:low,,0.951
8,3:low,2:medium,+,0.64
9,3:low,3:low,,0.84
10,3:low,3:low,,0.824
11,3:low,3:low,,0.912
12,2:medium,3:low,+,0.841
13,3:low,3:low,,0.887
14,3:low,3:low,,0.821
15,3:low,3:low,,0.932
16,2:medium,3:low,+,0.824
17,3:low,3:low,,0.883
18,2:medium,3:low,+,0.883
19,3:low,3:low,,0.861
20,3:low,3:low,,0.881
21,1:high,1:high,,0.579
22,3:low,3:low,,0.691
23,3:low,3:low,,0.709
24,3:low,3:low,,0.904
25,3:low,3:low,,0.845
26,3:low,3:low,,0.815
27,3:low,3:low,,0.882
28,3:low,3:low,,0.91
29,3:low,3:low,,0.819
30,3:low,3:low,,0.838
31,3:low,3:low,,0.949
32,3:low,3:low,,0.868
33,3:low,3:low,,0.646
34,3:low,3:low,,0.558
35,3:low,3:low,,0.62
36,3:low,3:low,,0.711
37,3:low,3:low,,0.856
38,3:low,3:low,,0.927
39,3:low,3:low,,0.86
40,3:low,3:low,,0.816
41,3:low,3:low,,0.885
42,3:low,3:low,,0.842
43,3:low,3:low,,0.902
44,3:low,3:low,,0.945
45,3:low,3:low,,0.86
46,3:low,3:low,,0.795
47,3:low,3:low,,0.838
48,3:low,3:low,,0.85

