inst#,actual,predicted,error,prediction
1,3:low,3:low,,0.808
2,3:low,3:low,,0.731
3,2:medium,3:low,+,0.846
4,3:low,3:low,,0.692
5,3:low,3:low,,0.769
6,3:low,3:low,,0.731
7,3:low,3:low,,0.692
8,3:low,3:low,,0.615
9,3:low,3:low,,0.769
10,3:low,3:low,,0.577
11,3:low,3:low,,0.692
12,2:medium,3:low,+,0.692
13,3:low,3:low,,0.692
14,3:low,3:low,,0.577
15,3:low,3:low,,0.692
16,2:medium,3:low,+,0.731
17,3:low,3:low,,0.769
18,2:medium,3:low,+,0.846
19,3:low,3:low,,0.692
20,3:low,3:low,,0.769
21,1:high,2:medium,+,0.615
22,3:low,3:low,,0.654
23,3:low,3:low,,0.769
24,3:low,3:low,,0.769
25,3:low,3:low,,0.846
26,3:low,3:low,,0.769
27,3:low,3:low,,0.654
28,3:low,3:low,,0.615
29,3:low,3:low,,0.654
30,3:low,3:low,,0.654
31,3:low,3:low,,0.692
32,3:low,3:low,,0.615
33,3:low,3:low,,0.654
34,3:low,3:low,,0.538
35,3:low,3:low,,0.769
36,3:low,3:low,,0.538
37,3:low,3:low,,0.808
38,3:low,3:low,,0.654
39,3:low,3:low,,0.654
40,3:low,3:low,,0.692
41,3:low,3:low,,0.769
42,3:low,3:low,,0.692
43,3:low,3:low,,0.654
44,3:low,3:low,,0.654
45,3:low,3:low,,0.615
46,3:low,3:low,,0.731
47,3:low,3:low,,0.654
48,3:low,3:low,,0.692

