inst#,actual,predicted,error,prediction
1,3:low,3:low,,0.569
2,3:low,3:low,,0.811
3,2:medium,3:low,+,0.596
4,3:low,3:low,,0.767
5,3:low,3:low,,0.688
6,3:low,3:low,,0.897
7,3:low,3:low,,0.868
8,3:low,3:low,,0.555
9,3:low,3:low,,0.772
10,3:low,3:low,,0.775
11,3:low,3:low,,0.858
12,2:medium,2:medium,,0.584
13,3:low,3:low,,0.829
14,3:low,3:low,,0.604
15,3:low,3:low,,0.765
16,2:medium,3:low,+,0.69
17,3:low,3:low,,0.786
18,2:medium,3:low,+,0.815
19,3:low,3:low,,0.894
20,3:low,3:low,,0.849
21,1:high,2:medium,+,0.977
22,3:low,3:low,,0.694
23,3:low,3:low,,0.893
24,3:low,3:low,,0.864
25,3:low,3:low,,0.812
26,3:low,2:medium,+,0.518
27,3:low,3:low,,0.875
28,3:low,3:low,,0.653
29,3:low,3:low,,0.614
30,3:low,3:low,,0.896
31,3:low,3:low,,0.636
32,3:low,3:low,,0.807
33,3:low,3:low,,0.504
34,3:low,2:medium,+,0.637
35,3:low,2:medium,+,0.507
36,3:low,3:low,,0.539
37,3:low,3:low,,0.807
38,3:low,3:low,,0.861
39,3:low,3:low,,0.739
40,3:low,3:low,,0.722
41,3:low,3:low,,0.703
42,3:low,3:low,,0.745
43,3:low,3:low,,0.795
44,3:low,3:low,,0.823
45,3:low,3:low,,0.668
46,3:low,3:low,,0.71
47,3:low,3:low,,0.618
48,3:low,3:low,,0.717

