inst#,actual,predicted,error,prediction
1,3:low,3:low,,0.504
2,3:low,3:low,,0.552
3,2:medium,3:low,+,0.56
4,3:low,3:low,,0.544
5,3:low,3:low,,0.506
6,3:low,3:low,,0.567
7,3:low,3:low,,0.571
8,3:low,2:medium,+,0.407
9,3:low,3:low,,0.526
10,3:low,3:low,,0.549
11,3:low,3:low,,0.566
12,2:medium,3:low,+,0.526
13,3:low,3:low,,0.57
14,3:low,3:low,,0.484
15,3:low,3:low,,0.562
16,2:medium,3:low,+,0.538
17,3:low,3:low,,0.561
18,2:medium,3:low,+,0.575
19,3:low,3:low,,0.561
20,3:low,3:low,,0.579
21,1:high,2:medium,+,0.595
22,3:low,3:low,,0.424
23,3:low,3:low,,0.464
24,3:low,3:low,,0.499
25,3:low,3:low,,0.504
26,3:low,3:low,,0.412
27,3:low,3:low,,0.491
28,3:low,3:low,,0.463
29,3:low,3:low,,0.445
30,3:low,3:low,,0.507
31,3:low,3:low,,0.5
32,3:low,3:low,,0.542
33,3:low,3:low,,0.467
34,3:low,3:low,,0.432
35,3:low,3:low,,0.406
36,3:low,3:low,,0.406
37,3:low,3:low,,0.524
38,3:low,3:low,,0.563
39,3:low,3:low,,0.48
40,3:low,3:low,,0.492
41,3:low,3:low,,0.518
42,3:low,3:low,,0.525
43,3:low,3:low,,0.563
44,3:low,3:low,,0.562
45,3:low,3:low,,0.459
46,3:low,3:low,,0.528
47,3:low,3:low,,0.447
48,3:low,3:low,,0.464

