inst#,actual,predicted,error,prediction
1,3:low,3:low,,0.789
2,3:low,3:low,,0.923
3,2:medium,3:low,+,0.86
4,3:low,3:low,,0.594
5,3:low,3:low,,0.905
6,3:low,3:low,,0.848
7,3:low,3:low,,0.848
8,3:low,3:low,,0.549
9,3:low,3:low,,0.724
10,3:low,3:low,,0.923
11,3:low,3:low,,0.86
12,2:medium,3:low,+,0.787
13,3:low,3:low,,0.603
14,3:low,3:low,,0.785
15,3:low,3:low,,0.785
16,2:medium,3:low,+,0.683
17,3:low,3:low,,0.769
18,2:medium,3:low,+,0.77
19,3:low,3:low,,0.73
20,3:low,3:low,,0.564
21,1:high,3:low,+,0.516
22,3:low,3:low,,0.767
23,3:low,3:low,,0.585
24,3:low,3:low,,0.564
25,3:low,3:low,,0.717
26,3:low,3:low,,0.627
27,3:low,3:low,,0.665
28,3:low,3:low,,0.832
29,3:low,3:low,,0.803
30,3:low,3:low,,0.713
31,3:low,3:low,,0.818
32,3:low,3:low,,0.737
33,3:low,3:low,,0.642
34,3:low,2:medium,+,0.678
35,3:low,3:low,,0.621
36,3:low,2:medium,+,0.516
37,3:low,3:low,,0.556
38,3:low,3:low,,0.793
39,3:low,3:low,,0.665
40,3:low,3:low,,0.564
41,3:low,3:low,,0.564
42,3:low,3:low,,0.603
43,3:low,3:low,,0.787
44,3:low,3:low,,0.65
45,3:low,3:low,,0.546
46,3:low,3:low,,0.787
47,3:low,3:low,,0.585
48,3:low,3:low,,0.665

