inst#,actual,predicted,error,prediction
1,3:low,3:low,,0.654
2,3:low,3:low,,0.699
3,2:medium,3:low,+,0.607
4,3:low,3:low,,0.598
5,3:low,3:low,,0.605
6,3:low,3:low,,0.813
7,3:low,3:low,,0.787
8,3:low,3:low,,0.506
9,3:low,3:low,,0.555
10,3:low,3:low,,0.678
11,3:low,3:low,,0.673
12,2:medium,3:low,+,0.596
13,3:low,3:low,,0.655
14,3:low,3:low,,0.694
15,3:low,3:low,,0.709
16,2:medium,3:low,+,0.556
17,3:low,3:low,,0.598
18,2:medium,3:low,+,0.648
19,3:low,3:low,,0.696
20,3:low,3:low,,0.667
21,1:high,2:medium,+,0.861
22,3:low,3:low,,0.543
23,3:low,3:low,,0.609
24,3:low,3:low,,0.696
25,3:low,3:low,,0.673
26,3:low,2:medium,+,0.525
27,3:low,3:low,,0.693
28,3:low,3:low,,0.658
29,3:low,3:low,,0.705
30,3:low,3:low,,0.757
31,3:low,3:low,,0.637
32,3:low,3:low,,0.624
33,3:low,3:low,,0.546
34,3:low,3:low,,0.518
35,3:low,3:low,,0.538
36,3:low,3:low,,0.534
37,3:low,3:low,,0.566
38,3:low,3:low,,0.748
39,3:low,3:low,,0.617
40,3:low,3:low,,0.619
41,3:low,3:low,,0.61
42,3:low,3:low,,0.588
43,3:low,3:low,,0.623
44,3:low,3:low,,0.677
45,3:low,3:low,,0.538
46,3:low,3:low,,0.606
47,3:low,3:low,,0.554
48,3:low,3:low,,0.536

