inst#,actual,predicted,error,prediction
1,3:low,3:low,,0.737
2,3:low,3:low,,0.874
3,2:medium,3:low,+,0.767
4,3:low,2:medium,+,0.496
5,3:low,3:low,,0.789
6,3:low,3:low,,0.92
7,3:low,3:low,,0.879
8,3:low,2:medium,+,0.544
9,3:low,3:low,,0.691
10,3:low,3:low,,0.828
11,3:low,3:low,,0.752
12,2:medium,3:low,+,0.616
13,3:low,3:low,,0.622
14,3:low,3:low,,0.648
15,3:low,3:low,,0.728
16,2:medium,3:low,+,0.578
17,3:low,3:low,,0.664
18,2:medium,3:low,+,0.818
19,3:low,3:low,,0.663
20,3:low,3:low,,0.598
21,1:high,2:medium,+,0.695
22,3:low,3:low,,0.792
23,3:low,3:low,,0.692
24,3:low,3:low,,0.626
25,3:low,3:low,,0.828
26,3:low,3:low,,0.768
27,3:low,3:low,,0.69
28,3:low,3:low,,0.78
29,3:low,3:low,,0.783
30,3:low,3:low,,0.837
31,3:low,3:low,,0.858
32,3:low,3:low,,0.703
33,3:low,3:low,,0.592
34,3:low,3:low,,0.497
35,3:low,3:low,,0.603
36,3:low,3:low,,0.526
37,3:low,3:low,,0.626
38,3:low,3:low,,0.76
39,3:low,3:low,,0.577
40,3:low,3:low,,0.506
41,3:low,3:low,,0.575
42,3:low,3:low,,0.593
43,3:low,3:low,,0.699
44,3:low,3:low,,0.69
45,3:low,3:low,,0.502
46,3:low,3:low,,0.643
47,3:low,3:low,,0.512
48,3:low,3:low,,0.633

