inst#,actual,predicted,error,prediction
1,3:low,3:low,,0.781
2,3:low,3:low,,0.791
3,2:medium,3:low,+,0.929
4,3:low,3:low,,0.842
5,3:low,3:low,,0.893
6,3:low,3:low,,0.926
7,3:low,3:low,,0.843
8,3:low,2:medium,+,0.619
9,3:low,3:low,,0.746
10,3:low,3:low,,0.669
11,3:low,3:low,,0.886
12,2:medium,3:low,+,0.802
13,3:low,3:low,,0.901
14,3:low,2:medium,+,0.516
15,3:low,3:low,,0.901
16,2:medium,3:low,+,0.766
17,3:low,3:low,,0.898
18,2:medium,3:low,+,0.92
19,3:low,3:low,,0.885
20,3:low,3:low,,0.923
21,1:high,2:medium,+,0.711
22,3:low,2:medium,+,0.514
23,3:low,3:low,,0.612
24,3:low,3:low,,0.657
25,3:low,3:low,,0.703
26,3:low,3:low,,0.614
27,3:low,3:low,,0.523
28,3:low,3:low,,0.625
29,3:low,3:low,,0.577
30,3:low,3:low,,0.583
31,3:low,3:low,,0.661
32,3:low,3:low,,0.726
33,3:low,3:low,,0.603
34,3:low,2:medium,+,0.539
35,3:low,2:medium,+,0.525
36,3:low,2:medium,+,0.671
37,3:low,3:low,,0.815
38,3:low,3:low,,0.896
39,3:low,3:low,,0.756
40,3:low,3:low,,0.778
41,3:low,3:low,,0.822
42,3:low,3:low,,0.865
43,3:low,3:low,,0.824
44,3:low,3:low,,0.885
45,3:low,3:low,,0.579
46,3:low,3:low,,0.769
47,3:low,3:low,,0.679
48,3:low,3:low,,0.611

