inst#,actual,predicted,error,prediction
1,3:low,3:low,,1
2,3:low,3:low,,1
3,2:medium,3:low,+,1
4,3:low,3:low,,1
5,3:low,3:low,,1
6,3:low,3:low,,1
7,3:low,3:low,,1
8,3:low,3:low,,0.995
9,3:low,3:low,,1
10,3:low,3:low,,1
11,3:low,3:low,,1
12,2:medium,3:low,+,1
13,3:low,3:low,,1
14,3:low,3:low,,1
15,3:low,3:low,,1
16,2:medium,3:low,+,1
17,3:low,3:low,,1
18,2:medium,3:low,+,1
19,3:low,3:low,,1
20,3:low,3:low,,1
21,1:high,1:high,,1
22,3:low,3:low,,1
23,3:low,3:low,,1
24,3:low,3:low,,1
25,3:low,3:low,,1
26,3:low,3:low,,1
27,3:low,3:low,,1
28,3:low,3:low,,1
29,3:low,3:low,,1
30,3:low,3:low,,1
31,3:low,3:low,,1
32,3:low,3:low,,1
33,3:low,2:medium,+,1
34,3:low,2:medium,+,0.992
35,3:low,2:medium,+,1
36,3:low,3:low,,1
37,3:low,3:low,,1
38,3:low,3:low,,1
39,3:low,3:low,,1
40,3:low,3:low,,1
41,3:low,3:low,,1
42,3:low,3:low,,1
43,3:low,3:low,,1
44,3:low,3:low,,1
45,3:low,3:low,,1
46,3:low,3:low,,1
47,3:low,3:low,,0.999
48,3:low,3:low,,1

