inst#,actual,predicted,error,prediction
1,3:low,3:low,,0.892
2,3:low,3:low,,0.815
3,2:medium,3:low,+,0.862
4,3:low,3:low,,0.84
5,3:low,3:low,,0.801
6,3:low,3:low,,0.918
7,3:low,3:low,,0.836
8,3:low,3:low,,0.567
9,3:low,3:low,,0.764
10,3:low,3:low,,0.731
11,3:low,3:low,,0.879
12,2:medium,3:low,+,0.793
13,3:low,3:low,,0.722
14,3:low,3:low,,0.837
15,3:low,3:low,,0.844
16,2:medium,3:low,+,0.83
17,3:low,3:low,,0.868
18,2:medium,3:low,+,0.931
19,3:low,3:low,,0.771
20,3:low,3:low,,0.884
21,1:high,2:medium,+,0.658
22,3:low,3:low,,0.877
23,3:low,3:low,,0.787
24,3:low,3:low,,0.713
25,3:low,3:low,,0.738
26,3:low,3:low,,0.838
27,3:low,3:low,,0.743
28,3:low,3:low,,0.766
29,3:low,3:low,,0.784
30,3:low,3:low,,0.76
31,3:low,3:low,,0.788
32,3:low,3:low,,0.817
33,3:low,2:medium,+,0.567
34,3:low,3:low,,0.672
35,3:low,2:medium,+,0.542
36,3:low,3:low,,0.546
37,3:low,3:low,,0.792
38,3:low,3:low,,0.763
39,3:low,3:low,,0.748
40,3:low,3:low,,0.736
41,3:low,3:low,,0.796
42,3:low,3:low,,0.739
43,3:low,3:low,,0.748
44,3:low,3:low,,0.736
45,3:low,3:low,,0.722
46,3:low,3:low,,0.75
47,3:low,3:low,,0.72
48,3:low,3:low,,0.753

