inst#,actual,predicted,error,prediction
1,3:low,3:low,,0.912
2,3:low,3:low,,0.937
3,2:medium,3:low,+,0.741
4,3:low,3:low,,0.617
5,3:low,3:low,,0.85
6,3:low,3:low,,0.964
7,3:low,3:low,,0.944
8,3:low,3:low,,0.677
9,3:low,3:low,,0.683
10,3:low,3:low,,0.93
11,3:low,3:low,,0.975
12,2:medium,3:low,+,0.774
13,3:low,3:low,,0.826
14,3:low,3:low,,0.952
15,3:low,3:low,,0.925
16,2:medium,3:low,+,0.719
17,3:low,3:low,,0.956
18,2:medium,3:low,+,0.885
19,3:low,3:low,,0.775
20,3:low,3:low,,0.629
21,1:high,2:medium,+,0.542
22,3:low,3:low,,0.906
23,3:low,3:low,,0.898
24,3:low,3:low,,0.915
25,3:low,3:low,,0.912
26,3:low,3:low,,0.975
27,3:low,3:low,,0.89
28,3:low,3:low,,0.955
29,3:low,3:low,,0.95
30,3:low,3:low,,0.96
31,3:low,3:low,,0.938
32,3:low,3:low,,0.88
33,3:low,3:low,,0.709
34,3:low,3:low,,0.807
35,3:low,3:low,,0.845
36,3:low,3:low,,0.84
37,3:low,3:low,,0.914
38,3:low,3:low,,0.901
39,3:low,3:low,,0.831
40,3:low,3:low,,0.75
41,3:low,3:low,,0.805
42,3:low,3:low,,0.71
43,3:low,3:low,,0.808
44,3:low,3:low,,0.845
45,3:low,3:low,,0.854
46,3:low,3:low,,0.849
47,3:low,3:low,,0.934
48,3:low,3:low,,0.87

