inst#,actual,predicted,error,prediction
1,3:low,3:low,,0.854
2,3:low,3:low,,0.757
3,2:medium,3:low,+,0.698
4,3:low,3:low,,0.632
5,3:low,3:low,,0.679
6,3:low,3:low,,0.768
7,3:low,3:low,,0.774
8,3:low,3:low,,0.6
9,3:low,3:low,,0.814
10,3:low,3:low,,0.662
11,3:low,3:low,,0.853
12,2:medium,3:low,+,0.64
13,3:low,3:low,,0.542
14,3:low,3:low,,0.689
15,3:low,3:low,,0.835
16,2:medium,3:low,+,0.609
17,3:low,3:low,,0.641
18,2:medium,3:low,+,0.815
19,3:low,3:low,,0.824
20,3:low,3:low,,0.735
21,1:high,2:medium,+,0.798
22,3:low,3:low,,0.796
23,3:low,3:low,,0.697
24,3:low,3:low,,0.716
25,3:low,3:low,,0.806
26,3:low,3:low,,0.728
27,3:low,3:low,,0.552
28,3:low,3:low,,0.612
29,3:low,3:low,,0.816
30,3:low,3:low,,0.759
31,3:low,3:low,,0.873
32,3:low,3:low,,0.689
33,3:low,3:low,,0.774
34,3:low,3:low,,0.639
35,3:low,3:low,,0.802
36,3:low,3:low,,0.505
37,3:low,3:low,,0.564
38,3:low,3:low,,0.764
39,3:low,3:low,,0.631
40,3:low,3:low,,0.668
41,3:low,3:low,,0.735
42,3:low,3:low,,0.737
43,3:low,3:low,,0.804
44,3:low,3:low,,0.775
45,3:low,3:low,,0.727
46,3:low,3:low,,0.795
47,3:low,3:low,,0.697
48,3:low,3:low,,0.719

