inst#,actual,predicted,error,prediction
1,3:low,3:low,,0.875
2,3:low,3:low,,0.625
3,2:medium,3:low,+,0.625
4,3:low,3:low,,0.688
5,3:low,3:low,,0.625
6,3:low,3:low,,0.875
7,3:low,3:low,,0.563
8,3:low,3:low,,0.75
9,3:low,3:low,,0.625
10,3:low,3:low,,0.625
11,3:low,3:low,,0.625
12,2:medium,3:low,+,0.875
13,3:low,3:low,,0.813
14,3:low,3:low,,0.688
15,3:low,3:low,,0.688
16,2:medium,3:low,+,0.625
17,3:low,3:low,,0.813
18,2:medium,3:low,+,0.813
19,3:low,3:low,,0.75
20,3:low,3:low,,0.938
21,1:high,1:high,,0.75
22,3:low,3:low,,0.75
23,3:low,2:medium,+,0.5
24,3:low,3:low,,0.813
25,3:low,2:medium,+,0.5
26,3:low,3:low,,0.875
27,3:low,3:low,,0.625
28,3:low,3:low,,0.813
29,3:low,3:low,,0.875
30,3:low,2:medium,+,0.5
31,3:low,3:low,,0.875
32,3:low,3:low,,0.625
33,3:low,3:low,,0.563
34,3:low,3:low,,0.563
35,3:low,2:medium,+,0.625
36,3:low,3:low,,0.563
37,3:low,3:low,,0.688
38,3:low,3:low,,0.938
39,3:low,3:low,,0.688
40,3:low,3:low,,0.625
41,3:low,3:low,,0.688
42,3:low,3:low,,0.813
43,3:low,3:low,,0.813
44,3:low,3:low,,0.813
45,3:low,3:low,,0.813
46,3:low,3:low,,0.625
47,3:low,3:low,,0.75
48,3:low,3:low,,0.625

