inst#,actual,predicted,error,distribution,,
1,3:low,2:medium,+,0,*0.999,0.001
2,3:low,3:low,,0,0,*1
3,2:medium,3:low,+,0,0,*1
4,1:high,2:medium,+,0,*1,0
5,3:low,2:medium,+,0,*1,0
6,3:low,2:medium,+,0,*1,0
7,2:medium,2:medium,,0,*1,0
8,2:medium,2:medium,,0,*1,0
9,3:low,2:medium,+,0,*1,0
10,1:high,2:medium,+,0,*1,0
11,2:medium,2:medium,,0,*1,0
12,3:low,2:medium,+,0,*1,0
13,3:low,2:medium,+,0,*1,0
14,2:medium,2:medium,,0,*1,0
15,2:medium,2:medium,,0,*1,0
16,3:low,2:medium,+,0,*1,0
17,2:medium,3:low,+,0,0.035,*0.965
18,3:low,2:medium,+,0,*1,0
19,2:medium,2:medium,,0,*1,0
20,2:medium,3:low,+,0,0.016,*0.984
21,2:medium,3:low,+,0,0.108,*0.892
22,3:low,3:low,,0,0,*1
23,2:medium,2:medium,,0,*1,0
24,3:low,3:low,,0,0.125,*0.875
25,2:medium,2:medium,,0,*1,0
26,3:low,2:medium,+,0,*1,0
27,3:low,2:medium,+,0,*0.905,0.095
28,2:medium,2:medium,,0,*1,0
29,2:medium,2:medium,,0,*1,0
30,2:medium,2:medium,,0,*1,0
31,2:medium,1:high,+,*1,0,0
32,2:medium,2:medium,,0,*1,0
33,3:low,2:medium,+,0,*1,0
34,2:medium,2:medium,,0,*1,0
35,3:low,2:medium,+,0,*1,0
36,2:medium,2:medium,,0,*1,0
37,3:low,2:medium,+,0,*0.828,0.172
38,3:low,2:medium,+,0,*1,0
39,1:high,2:medium,+,0,*1,0
40,3:low,3:low,,0,0,*1
41,3:low,3:low,,0,0.03,*0.97
42,2:medium,2:medium,,0,*0.791,0.209
43,1:high,2:medium,+,0,*1,0
44,2:medium,2:medium,,0,*1,0
45,3:low,2:medium,+,0,*1,0
46,3:low,3:low,,0,0,*1
47,3:low,3:low,,0,0,*1
48,3:low,3:low,,0,0.115,*0.885
