inst#,actual,predicted,error,distribution,,
1,3:low,2:medium,+,0,*0.999,0.001
2,3:low,2:medium,+,0,*1,0
3,2:medium,2:medium,,0,*1,0
4,1:high,2:medium,+,0.001,*0.999,0
5,3:low,2:medium,+,0,*1,0
6,3:low,2:medium,+,0,*0.808,0.192
7,2:medium,2:medium,,0,*1,0
8,2:medium,3:low,+,0,0.028,*0.972
9,3:low,3:low,,0,0.025,*0.975
10,1:high,3:low,+,0.053,0,*0.947
11,2:medium,3:low,+,0,0.105,*0.895
12,3:low,3:low,,0,0,*1
13,3:low,3:low,,0,0.005,*0.995
14,2:medium,2:medium,,0,*0.774,0.226
15,2:medium,2:medium,,0,*1,0
16,3:low,2:medium,+,0,*1,0
17,2:medium,2:medium,,0,*1,0
18,3:low,2:medium,+,0,*1,0
19,2:medium,2:medium,,0,*1,0
20,2:medium,3:low,+,0,0.01,*0.99
21,2:medium,2:medium,,0,*1,0
22,3:low,2:medium,+,0,*0.998,0.002
23,2:medium,2:medium,,0,*1,0
24,3:low,2:medium,+,0,*0.953,0.047
25,2:medium,2:medium,,0,*0.998,0.002
26,3:low,2:medium,+,0,*1,0
27,3:low,2:medium,+,0,*0.999,0.001
28,2:medium,3:low,+,0,0,*1
29,2:medium,3:low,+,0,0.175,*0.825
30,2:medium,2:medium,,0,*0.715,0.285
31,2:medium,1:high,+,*1,0,0
32,2:medium,2:medium,,0,*1,0
33,3:low,3:low,,0,0,*1
34,2:medium,3:low,+,0,0,*1
35,3:low,3:low,,0,0,*1
36,2:medium,3:low,+,0,0,*1
37,3:low,3:low,,0,0,*1
38,3:low,3:low,,0,0,*1
39,1:high,1:high,,*0.886,0.059,0.055
40,3:low,2:medium,+,0,*1,0
41,3:low,3:low,,0,0,*1
42,2:medium,2:medium,,0,*1,0
43,1:high,3:low,+,0,0,*1
44,2:medium,2:medium,,0,*1,0
45,3:low,2:medium,+,0,*1,0
46,3:low,2:medium,+,0,*0.934,0.066
47,3:low,3:low,,0,0.06,*0.94
48,3:low,2:medium,+,0,*0.992,0.008
