inst#,actual,predicted,error,distribution,,
1,3:low,2:medium,+,0,*1,0
2,3:low,2:medium,+,0,*1,0
3,2:medium,2:medium,,0,*1,0
4,1:high,2:medium,+,0,*0.999,0.001
5,3:low,2:medium,+,0,*1,0
6,3:low,2:medium,+,0,*1,0
7,2:medium,2:medium,,0,*1,0
8,2:medium,2:medium,,0,*1,0
9,3:low,2:medium,+,0,*1,0
10,1:high,2:medium,+,0,*1,0
11,2:medium,2:medium,,0,*1,0
12,3:low,2:medium,+,0,*0.997,0.003
13,3:low,3:low,,0,0,*1
14,2:medium,2:medium,,0,*1,0
15,2:medium,2:medium,,0,*1,0
16,3:low,2:medium,+,0,*1,0
17,2:medium,2:medium,,0,*0.997,0.003
18,3:low,3:low,,0,0.004,*0.996
19,2:medium,2:medium,,0,*1,0
20,2:medium,3:low,+,0,0,*1
21,2:medium,2:medium,,0,*1,0
22,3:low,2:medium,+,0,*1,0
23,2:medium,2:medium,,0,*1,0
24,3:low,2:medium,+,0,*1,0
25,2:medium,2:medium,,0,*1,0
26,3:low,2:medium,+,0,*1,0
27,3:low,2:medium,+,0,*1,0
28,2:medium,2:medium,,0,*1,0
29,2:medium,2:medium,,0,*1,0
30,2:medium,3:low,+,0,0.412,*0.588
31,2:medium,1:high,+,*1,0,0
32,2:medium,2:medium,,0,*1,0
33,3:low,2:medium,+,0,*0.999,0.001
34,2:medium,3:low,+,0,0,*1
35,3:low,2:medium,+,0,*1,0
36,2:medium,3:low,+,0,0,*1
37,3:low,2:medium,+,0,*1,0
38,3:low,3:low,,0,0.413,*0.587
39,1:high,1:high,,*1,0,0
40,3:low,2:medium,+,0,*1,0
41,3:low,2:medium,+,0,*1,0
42,2:medium,3:low,+,0,0,*1
43,1:high,2:medium,+,0,*1,0
44,2:medium,3:low,+,0,0,*1
45,3:low,2:medium,+,0,*1,0
46,3:low,2:medium,+,0,*1,0
47,3:low,2:medium,+,0,*1,0
48,3:low,2:medium,+,0,*0.875,0.125
