inst#,actual,predicted,error,distribution,,
1,3:low,3:low,,0,0.36,*0.64
2,3:low,2:medium,+,0,*1,0
3,2:medium,2:medium,,0,*1,0
4,1:high,2:medium,+,0,*1,0
5,3:low,3:low,,0,0,*1
6,3:low,2:medium,+,0,*0.998,0.002
7,2:medium,2:medium,,0,*1,0
8,2:medium,3:low,+,0,0.197,*0.803
9,3:low,2:medium,+,0,*1,0
10,1:high,2:medium,+,0,*1,0
11,2:medium,2:medium,,0,*1,0
12,3:low,2:medium,+,0,*1,0
13,3:low,2:medium,+,0,*1,0
14,2:medium,2:medium,,0,*1,0
15,2:medium,2:medium,,0,*1,0
16,3:low,2:medium,+,0,*1,0
17,2:medium,2:medium,,0,*1,0
18,3:low,3:low,,0,0.044,*0.956
19,2:medium,2:medium,,0,*1,0
20,2:medium,3:low,+,0,0.015,*0.985
21,2:medium,2:medium,,0,*1,0
22,3:low,2:medium,+,0,*1,0
23,2:medium,2:medium,,0,*1,0
24,3:low,3:low,,0,0,*1
25,2:medium,2:medium,,0,*0.981,0.019
26,3:low,3:low,,0,0.11,*0.89
27,3:low,3:low,,0,0,*1
28,2:medium,3:low,+,0,0.058,*0.942
29,2:medium,2:medium,,0,*0.995,0.005
30,2:medium,3:low,+,0,0,*1
31,2:medium,3:low,+,0,0,*1
32,2:medium,2:medium,,0,*1,0
33,3:low,3:low,,0,0,*1
34,2:medium,2:medium,,0,*1,0
35,3:low,3:low,,0,0.012,*0.988
36,2:medium,2:medium,,0,*0.877,0.123
37,3:low,3:low,,0,0,*1
38,3:low,3:low,,0,0,*1
39,1:high,2:medium,+,0,*1,0
40,3:low,3:low,,0,0.018,*0.982
41,3:low,3:low,,0,0.037,*0.963
42,2:medium,3:low,+,0,0,*1
43,1:high,2:medium,+,0,*1,0
44,2:medium,2:medium,,0,*1,0
45,3:low,2:medium,+,0,*0.849,0.151
46,3:low,3:low,,0,0,*1
47,3:low,3:low,,0,0,*1
48,3:low,3:low,,0,0,*1
