inst#,actual,predicted,error,distribution,,
1,3:low,2:medium,+,0,*1,0
2,3:low,3:low,,0,0.027,*0.973
3,2:medium,2:medium,,0,*1,0
4,1:high,2:medium,+,0,*1,0
5,3:low,3:low,,0,0,*1
6,3:low,2:medium,+,0,*1,0
7,2:medium,2:medium,,0,*1,0
8,2:medium,2:medium,,0,*1,0
9,3:low,3:low,,0,0,*1
10,1:high,2:medium,+,0,*1,0
11,2:medium,2:medium,,0,*0.998,0.002
12,3:low,2:medium,+,0,*0.996,0.004
13,3:low,3:low,,0,0,*1
14,2:medium,2:medium,,0,*1,0
15,2:medium,2:medium,,0,*1,0
16,3:low,3:low,,0,0.033,*0.967
17,2:medium,2:medium,,0,*1,0
18,3:low,2:medium,+,0,*0.993,0.007
19,2:medium,2:medium,,0,*1,0
20,2:medium,3:low,+,0,0,*1
21,2:medium,2:medium,,0,*1,0
22,3:low,2:medium,+,0,*1,0
23,2:medium,2:medium,,0,*1,0
24,3:low,2:medium,+,0,*1,0
25,2:medium,2:medium,,0,*1,0
26,3:low,2:medium,+,0,*1,0
27,3:low,2:medium,+,0,*1,0
28,2:medium,2:medium,,0,*1,0
29,2:medium,2:medium,,0,*1,0
30,2:medium,2:medium,,0,*1,0
31,2:medium,1:high,+,*1,0,0
32,2:medium,3:low,+,0,0,*1
33,3:low,2:medium,+,0,*1,0
34,2:medium,2:medium,,0,*1,0
35,3:low,2:medium,+,0,*1,0
36,2:medium,2:medium,,0,*1,0
37,3:low,3:low,,0,0.007,*0.993
38,3:low,2:medium,+,0,*0.92,0.08
39,1:high,2:medium,+,0,*1,0
40,3:low,2:medium,+,0,*1,0
41,3:low,3:low,,0,0.002,*0.998
42,2:medium,2:medium,,0,*1,0
43,1:high,2:medium,+,0,*1,0
44,2:medium,2:medium,,0,*1,0
45,3:low,2:medium,+,0,*1,0
46,3:low,2:medium,+,0,*1,0
47,3:low,2:medium,+,0,*1,0
48,3:low,2:medium,+,0,*1,0
