inst#,actual,predicted,error,distribution,,
1,1:low,1:low,,*1,0,0
2,1:low,1:low,,*1,0,0
3,1:low,1:low,,*0.947,0.053,0
4,1:low,1:low,,*1,0,0
5,1:low,2:medium,+,0,*1,0
6,1:low,2:medium,+,0,*1,0
7,1:low,3:high,+,0,0,*1
8,1:low,3:high,+,0,0,*1
9,1:low,3:high,+,0,0,*1
10,1:low,3:high,+,0,0,*1
11,1:low,2:medium,+,0,*1,0
12,1:low,3:high,+,0,0,*1
13,1:low,2:medium,+,0,*1,0
14,1:low,2:medium,+,0,*1,0
15,1:low,2:medium,+,0,*1,0
16,1:low,2:medium,+,0,*1,0
17,1:low,2:medium,+,0,*1,0
18,1:low,2:medium,+,0,*1,0
19,1:low,2:medium,+,0,*1,0
20,1:low,2:medium,+,0,*1,0
21,1:low,2:medium,+,0,*1,0
22,1:low,2:medium,+,0,*1,0
23,1:low,2:medium,+,0,*1,0
24,1:low,2:medium,+,0,*1,0
25,1:low,2:medium,+,0,*1,0
26,1:low,2:medium,+,0,*1,0
27,1:low,2:medium,+,0,*1,0
28,1:low,2:medium,+,0,*1,0
29,1:low,2:medium,+,0,*1,0
30,1:low,2:medium,+,0,*1,0
31,1:low,2:medium,+,0,*1,0
32,1:low,2:medium,+,0,*1,0
33,1:low,2:medium,+,0,*1,0
34,1:low,2:medium,+,0,*1,0
35,1:low,2:medium,+,0,*1,0
36,1:low,2:medium,+,0,*1,0
37,1:low,2:medium,+,0,*1,0
38,1:low,2:medium,+,0,*1,0
39,1:low,2:medium,+,0,*1,0
40,1:low,2:medium,+,0,*1,0
41,1:low,2:medium,+,0,*1,0
42,1:low,2:medium,+,0,*1,0
43,1:low,2:medium,+,0,*1,0
44,1:low,2:medium,+,0,*1,0
45,1:low,2:medium,+,0,*1,0
46,1:low,2:medium,+,0,*1,0
47,1:low,2:medium,+,0,*1,0
48,1:low,2:medium,+,0,*1,0
49,1:low,2:medium,+,0,*1,0
50,1:low,2:medium,+,0,*1,0
51,1:low,2:medium,+,0,*1,0
52,1:low,2:medium,+,0,*1,0
53,1:low,2:medium,+,0,*1,0
54,1:low,2:medium,+,0,*1,0
55,1:low,2:medium,+,0,*1,0
56,1:low,2:medium,+,0,*1,0
57,1:low,2:medium,+,0,*1,0
58,1:low,2:medium,+,0,*1,0
59,1:low,2:medium,+,0,*1,0
60,1:low,2:medium,+,0,*1,0
61,1:low,2:medium,+,0,*1,0
62,1:low,2:medium,+,0,*1,0
63,1:low,2:medium,+,0,*1,0
64,1:low,2:medium,+,0,*1,0
65,1:low,2:medium,+,0,*1,0
66,1:low,2:medium,+,0,*1,0
67,1:low,2:medium,+,0,*1,0
68,1:low,2:medium,+,0,*1,0
69,1:low,2:medium,+,0,*1,0
70,1:low,2:medium,+,0,*1,0
71,1:low,2:medium,+,0,*1,0
72,1:low,2:medium,+,0,*1,0
73,1:low,2:medium,+,0,*1,0
74,1:low,2:medium,+,0,*1,0
75,1:low,2:medium,+,0,*1,0
76,1:low,2:medium,+,0,*1,0
77,1:low,2:medium,+,0,*1,0
78,1:low,2:medium,+,0,*1,0
79,1:low,2:medium,+,0,*1,0
80,1:low,2:medium,+,0,*1,0
81,1:low,2:medium,+,0,*1,0
82,1:low,2:medium,+,0,*1,0
83,1:low,2:medium,+,0,*1,0
84,1:low,2:medium,+,0,*1,0
85,1:low,2:medium,+,0,*1,0
86,1:low,2:medium,+,0,*1,0
87,1:low,2:medium,+,0,*1,0
88,1:low,2:medium,+,0,*1,0
89,1:low,2:medium,+,0,*1,0
90,1:low,2:medium,+,0,*1,0
91,1:low,2:medium,+,0,*1,0
92,1:low,2:medium,+,0,*1,0
93,1:low,2:medium,+,0,*1,0
94,1:low,2:medium,+,0,*1,0
95,1:low,2:medium,+,0,*1,0
96,1:low,2:medium,+,0,*1,0
97,1:low,2:medium,+,0,*1,0
98,1:low,2:medium,+,0,*1,0
99,1:low,2:medium,+,0,*1,0
100,1:low,2:medium,+,0,*1,0
101,1:low,2:medium,+,0,*1,0
102,1:low,2:medium,+,0,*1,0
103,1:low,2:medium,+,0,*1,0
104,1:low,2:medium,+,0,*1,0
105,1:low,2:medium,+,0,*1,0
106,1:low,2:medium,+,0,*1,0
107,1:low,2:medium,+,0,*1,0
108,1:low,2:medium,+,0,*1,0
109,1:low,2:medium,+,0,*1,0
110,1:low,2:medium,+,0,*1,0
111,1:low,2:medium,+,0,*1,0
112,1:low,2:medium,+,0,*1,0
113,1:low,2:medium,+,0,*1,0
114,1:low,2:medium,+,0,*1,0
115,1:low,2:medium,+,0,*1,0
116,1:low,2:medium,+,0,*1,0
117,1:low,2:medium,+,0,*1,0
118,1:low,2:medium,+,0,*1,0
119,1:low,2:medium,+,0,*1,0
120,1:low,2:medium,+,0,*1,0
121,1:low,2:medium,+,0,*1,0
122,1:low,2:medium,+,0,*1,0
123,1:low,2:medium,+,0,*1,0
124,1:low,2:medium,+,0,*1,0
125,1:low,2:medium,+,0,*1,0
126,1:low,2:medium,+,0,*1,0
127,1:low,2:medium,+,0,*1,0
128,1:low,2:medium,+,0,*1,0
129,1:low,2:medium,+,0,*1,0
130,1:low,2:medium,+,0,*1,0
131,1:low,2:medium,+,0,*1,0
132,1:low,2:medium,+,0,*1,0
133,1:low,2:medium,+,0,*1,0
134,1:low,2:medium,+,0,*1,0
135,1:low,2:medium,+,0,*1,0
136,1:low,2:medium,+,0,*1,0
137,1:low,2:medium,+,0,*1,0
138,1:low,2:medium,+,0,*1,0
139,1:low,2:medium,+,0,*1,0
140,1:low,2:medium,+,0,*1,0
141,1:low,2:medium,+,0,*1,0
142,1:low,2:medium,+,0,*1,0
143,1:low,2:medium,+,0,*1,0
144,1:low,2:medium,+,0,*1,0
145,1:low,2:medium,+,0,*1,0
146,1:low,2:medium,+,0,*1,0
147,1:low,2:medium,+,0,*1,0
148,1:low,2:medium,+,0,*1,0
149,1:low,2:medium,+,0,*1,0
150,1:low,2:medium,+,0,*1,0
151,1:low,2:medium,+,0,*1,0
152,1:low,2:medium,+,0,*1,0
153,1:low,2:medium,+,0,*1,0
154,1:low,2:medium,+,0,*1,0
155,1:low,2:medium,+,0,*1,0
156,1:low,2:medium,+,0,*1,0
157,1:low,2:medium,+,0,*1,0
158,1:low,2:medium,+,0,*1,0
159,1:low,2:medium,+,0,*1,0
160,1:low,2:medium,+,0,*1,0
161,1:low,2:medium,+,0,*1,0
162,1:low,2:medium,+,0,*1,0
163,1:low,2:medium,+,0,*1,0
164,1:low,2:medium,+,0,*1,0
165,1:low,2:medium,+,0,*1,0
166,1:low,2:medium,+,0,*1,0
167,1:low,2:medium,+,0,*1,0
168,1:low,2:medium,+,0,*1,0
169,1:low,2:medium,+,0,*1,0
170,1:low,2:medium,+,0,*1,0
171,1:low,2:medium,+,0,*1,0
172,1:low,2:medium,+,0,*1,0
173,1:low,2:medium,+,0,*1,0
174,1:low,2:medium,+,0,*1,0
175,1:low,2:medium,+,0,*1,0
176,1:low,2:medium,+,0,*1,0
