inst#,actual,predicted,error,prediction
1,1:low,1:low,,1
2,1:low,1:low,,1
3,1:low,1:low,,1
4,1:low,1:low,,1
5,1:low,1:low,,1
6,1:low,1:low,,1
7,1:low,1:low,,1
8,1:low,1:low,,1
9,1:low,1:low,,0.999
10,1:low,1:low,,1
11,1:low,1:low,,1
12,1:low,1:low,,1
13,1:low,1:low,,1
14,1:low,1:low,,1
15,1:low,1:low,,1
16,1:low,1:low,,1
17,1:low,1:low,,1
18,1:low,1:low,,1
19,1:low,1:low,,1
20,1:low,1:low,,1
21,1:low,1:low,,1
22,1:low,1:low,,1
23,1:low,1:low,,1
24,1:low,1:low,,1
25,1:low,1:low,,1
26,1:low,1:low,,1
27,1:low,1:low,,1
28,1:low,1:low,,1
29,1:low,1:low,,1
30,1:low,1:low,,0.571
31,1:low,1:low,,1
32,1:low,1:low,,1
33,1:low,1:low,,0.998
34,1:low,1:low,,1
35,1:low,1:low,,0.571
36,1:low,1:low,,1
37,1:low,1:low,,1
38,1:low,1:low,,1
39,1:low,1:low,,0.995
40,1:low,1:low,,0.704
41,1:low,1:low,,0.997
42,1:low,1:low,,0.999
43,1:low,1:low,,1
44,1:low,1:low,,0.999
45,1:low,1:low,,0.848
46,1:low,1:low,,0.916
47,1:low,1:low,,1
48,1:low,1:low,,0.999
49,1:low,1:low,,0.996
50,1:low,1:low,,0.994
51,1:low,1:low,,0.999
52,1:low,1:low,,0.704
53,1:low,1:low,,0.998
54,1:low,1:low,,0.703
55,1:low,1:low,,0.998
56,1:low,2:medium,+,0.761
57,1:low,1:low,,0.726
58,1:low,2:medium,+,1
59,1:low,2:medium,+,1
60,1:low,2:medium,+,1
61,1:low,2:medium,+,1
62,1:low,2:medium,+,1
63,1:low,2:medium,+,1
64,1:low,2:medium,+,1
65,1:low,2:medium,+,0.929
66,1:low,2:medium,+,0.929
67,1:low,2:medium,+,0.714
68,1:low,2:medium,+,0.713
69,1:low,2:medium,+,0.921
70,1:low,2:medium,+,0.999
71,1:low,2:medium,+,0.996
72,1:low,2:medium,+,1
73,1:low,2:medium,+,1
74,1:low,2:medium,+,1
75,1:low,2:medium,+,1
76,1:low,2:medium,+,1
77,1:low,2:medium,+,0.927
78,1:low,2:medium,+,1
79,1:low,2:medium,+,0.979
80,1:low,2:medium,+,1
81,1:low,1:low,,0.714
82,1:low,2:medium,+,0.643
83,1:low,1:low,,0.999
84,1:low,1:low,,0.69
85,1:low,1:low,,0.987
86,1:low,1:low,,0.919
87,1:low,1:low,,0.682
88,1:low,1:low,,0.895
89,1:low,1:low,,0.691
90,1:low,1:low,,0.707
91,1:low,1:low,,0.982
92,1:low,1:low,,0.978
93,1:low,1:low,,0.999
94,1:low,1:low,,0.931
95,1:low,1:low,,0.919
96,1:low,1:low,,0.673
97,1:low,1:low,,0.996
98,1:low,1:low,,0.999
99,1:low,1:low,,0.699
100,1:low,1:low,,0.702
101,1:low,1:low,,0.709
102,1:low,1:low,,0.994
103,1:low,1:low,,0.998
104,1:low,1:low,,0.997
105,1:low,1:low,,0.999
106,1:low,1:low,,1
107,1:low,1:low,,0.997
108,1:low,1:low,,1
109,1:low,1:low,,0.993
110,1:low,1:low,,0.985
111,1:low,1:low,,0.978
112,1:low,1:low,,0.99
113,1:low,1:low,,1
114,1:low,1:low,,0.999
115,1:low,2:medium,+,0.929
116,1:low,2:medium,+,0.714
117,1:low,2:medium,+,0.781
118,1:low,2:medium,+,1
119,1:low,2:medium,+,1
120,1:low,2:medium,+,0.629
121,1:low,2:medium,+,0.562
122,1:low,2:medium,+,0.877
123,1:low,1:low,,0.548
124,1:low,1:low,,0.999
125,1:low,1:low,,0.943
126,1:low,1:low,,0.944
127,1:low,1:low,,0.998
128,1:low,1:low,,1
129,1:low,1:low,,1
130,1:low,1:low,,0.937
131,1:low,2:medium,+,0.727
132,1:low,2:medium,+,1
133,1:low,2:medium,+,1
134,1:low,2:medium,+,0.92
135,1:low,2:medium,+,0.548
136,1:low,2:medium,+,0.709
137,1:low,2:medium,+,0.928
138,1:low,2:medium,+,0.928
139,1:low,2:medium,+,0.569
140,1:low,2:medium,+,0.72
141,1:low,2:medium,+,0.928
142,1:low,2:medium,+,0.84
143,1:low,2:medium,+,0.774
144,1:low,2:medium,+,0.813
145,1:low,2:medium,+,0.856
146,1:low,1:low,,0.961
147,1:low,1:low,,0.952
148,1:low,1:low,,0.547
149,1:low,2:medium,+,1
150,1:low,2:medium,+,1
151,1:low,2:medium,+,1
152,1:low,2:medium,+,1
153,1:low,2:medium,+,1
154,1:low,2:medium,+,1
155,1:low,2:medium,+,1
156,1:low,1:low,,0.823
157,1:low,1:low,,0.98
158,1:low,1:low,,1
159,1:low,1:low,,0.904
160,1:low,2:medium,+,0.774
161,1:low,2:medium,+,0.791
162,1:low,2:medium,+,1
163,1:low,2:medium,+,1
164,1:low,2:medium,+,1
165,1:low,2:medium,+,1
166,1:low,2:medium,+,1
167,1:low,2:medium,+,1
168,1:low,2:medium,+,1
169,1:low,2:medium,+,1
170,1:low,2:medium,+,1
171,1:low,2:medium,+,1
172,1:low,2:medium,+,1
173,1:low,2:medium,+,1
174,1:low,2:medium,+,1
175,1:low,2:medium,+,1
176,1:low,2:medium,+,1

