inst#,actual,predicted,error,prediction
1,1:low,1:low,,0.999
2,1:low,1:low,,0.998
3,1:low,1:low,,0.999
4,1:low,1:low,,0.998
5,1:low,1:low,,0.998
6,1:low,1:low,,0.998
7,1:low,1:low,,0.992
8,1:low,1:low,,0.997
9,1:low,1:low,,0.992
10,1:low,1:low,,0.997
11,1:low,1:low,,0.998
12,1:low,1:low,,0.998
13,1:low,1:low,,0.997
14,1:low,1:low,,0.998
15,1:low,1:low,,0.998
16,1:low,1:low,,0.998
17,1:low,1:low,,1
18,1:low,1:low,,1
19,1:low,1:low,,0.999
20,1:low,1:low,,1
21,1:low,1:low,,1
22,1:low,1:low,,1
23,1:low,1:low,,1
24,1:low,1:low,,1
25,1:low,1:low,,1
26,1:low,1:low,,1
27,1:low,1:low,,0.999
28,1:low,1:low,,1
29,1:low,1:low,,1
30,1:low,1:low,,0.666
31,1:low,1:low,,1
32,1:low,1:low,,0.999
33,1:low,1:low,,0.998
34,1:low,1:low,,1
35,1:low,1:low,,0.666
36,1:low,1:low,,0.999
37,1:low,1:low,,1
38,1:low,1:low,,0.999
39,1:low,1:low,,0.985
40,1:low,1:low,,0.766
41,1:low,1:low,,0.969
42,1:low,1:low,,0.966
43,1:low,1:low,,0.987
44,1:low,1:low,,0.969
45,1:low,1:low,,0.849
46,1:low,1:low,,0.841
47,1:low,1:low,,0.992
48,1:low,1:low,,0.968
49,1:low,1:low,,0.961
50,1:low,1:low,,0.94
51,1:low,1:low,,0.965
52,1:low,1:low,,0.771
53,1:low,1:low,,0.99
54,1:low,1:low,,0.739
55,1:low,1:low,,0.979
56,1:low,2:medium,+,0.725
57,1:low,1:low,,0.681
58,1:low,2:medium,+,0.989
59,1:low,2:medium,+,0.993
60,1:low,2:medium,+,0.991
61,1:low,2:medium,+,0.983
62,1:low,2:medium,+,0.984
63,1:low,2:medium,+,0.98
64,1:low,2:medium,+,0.978
65,1:low,2:medium,+,0.872
66,1:low,2:medium,+,0.812
67,1:low,2:medium,+,0.737
68,1:low,2:medium,+,0.694
69,1:low,2:medium,+,0.862
70,1:low,2:medium,+,0.999
71,1:low,2:medium,+,0.998
72,1:low,2:medium,+,1
73,1:low,2:medium,+,1
74,1:low,2:medium,+,1
75,1:low,2:medium,+,1
76,1:low,2:medium,+,1
77,1:low,2:medium,+,0.968
78,1:low,2:medium,+,0.999
79,1:low,2:medium,+,0.984
80,1:low,2:medium,+,0.842
81,1:low,1:low,,0.745
82,1:low,2:medium,+,0.546
83,1:low,1:low,,0.959
84,1:low,1:low,,0.783
85,1:low,1:low,,0.935
86,1:low,1:low,,0.828
87,1:low,1:low,,0.737
88,1:low,1:low,,0.834
89,1:low,1:low,,0.729
90,1:low,1:low,,0.787
91,1:low,1:low,,0.886
92,1:low,1:low,,0.922
93,1:low,1:low,,0.973
94,1:low,1:low,,0.919
95,1:low,1:low,,0.875
96,1:low,1:low,,0.697
97,1:low,1:low,,0.943
98,1:low,1:low,,0.979
99,1:low,1:low,,0.788
100,1:low,1:low,,0.776
101,1:low,1:low,,0.803
102,1:low,1:low,,0.944
103,1:low,1:low,,0.981
104,1:low,1:low,,0.958
105,1:low,1:low,,0.963
106,1:low,1:low,,0.999
107,1:low,1:low,,0.999
108,1:low,1:low,,1
109,1:low,1:low,,0.997
110,1:low,1:low,,0.994
111,1:low,1:low,,0.991
112,1:low,1:low,,0.996
113,1:low,1:low,,1
114,1:low,1:low,,0.959
115,1:low,2:medium,+,0.884
116,1:low,2:medium,+,0.694
117,1:low,2:medium,+,0.781
118,1:low,2:medium,+,1
119,1:low,2:medium,+,0.991
120,1:low,2:medium,+,0.571
121,1:low,1:low,,0.548
122,1:low,2:medium,+,0.694
123,1:low,1:low,,0.658
124,1:low,1:low,,0.989
125,1:low,1:low,,0.946
126,1:low,1:low,,0.951
127,1:low,1:low,,0.988
128,1:low,1:low,,0.991
129,1:low,1:low,,0.996
130,1:low,1:low,,0.855
131,1:low,2:medium,+,0.789
132,1:low,2:medium,+,0.999
133,1:low,2:medium,+,0.987
134,1:low,2:medium,+,0.819
135,1:low,2:medium,+,0.625
136,1:low,2:medium,+,0.657
137,1:low,2:medium,+,0.796
138,1:low,2:medium,+,0.778
139,1:low,2:medium,+,0.565
140,1:low,2:medium,+,0.619
141,1:low,2:medium,+,0.724
142,1:low,2:medium,+,0.667
143,1:low,2:medium,+,0.662
144,1:low,2:medium,+,0.663
145,1:low,2:medium,+,0.688
146,1:low,1:low,,0.863
147,1:low,1:low,,0.85
148,1:low,1:low,,0.617
149,1:low,2:medium,+,0.986
150,1:low,2:medium,+,0.995
151,1:low,2:medium,+,1
152,1:low,2:medium,+,1
153,1:low,2:medium,+,0.996
154,1:low,2:medium,+,0.995
155,1:low,2:medium,+,0.997
156,1:low,1:low,,0.799
157,1:low,1:low,,0.898
158,1:low,1:low,,1
159,1:low,1:low,,0.868
160,1:low,2:medium,+,0.78
161,1:low,2:medium,+,0.846
162,1:low,2:medium,+,0.97
163,1:low,2:medium,+,1
164,1:low,2:medium,+,1
165,1:low,2:medium,+,1
166,1:low,2:medium,+,1
167,1:low,2:medium,+,0.996
168,1:low,2:medium,+,0.999
169,1:low,2:medium,+,1
170,1:low,2:medium,+,0.999
171,1:low,2:medium,+,0.998
172,1:low,2:medium,+,0.999
173,1:low,2:medium,+,1
174,1:low,2:medium,+,1
175,1:low,2:medium,+,1
176,1:low,2:medium,+,1

