inst#,actual,predicted,error,prediction
1,1:low,1:low,,1
2,1:low,1:low,,1
3,1:low,1:low,,1
4,1:low,1:low,,1
5,1:low,1:low,,1
6,1:low,1:low,,1
7,1:low,1:low,,1
8,1:low,1:low,,1
9,1:low,1:low,,1
10,1:low,1:low,,1
11,1:low,1:low,,1
12,1:low,1:low,,1
13,1:low,1:low,,1
14,1:low,1:low,,1
15,1:low,1:low,,1
16,1:low,1:low,,1
17,1:low,2:medium,+,1
18,1:low,2:medium,+,1
19,1:low,2:medium,+,1
20,1:low,2:medium,+,1
21,1:low,2:medium,+,1
22,1:low,2:medium,+,1
23,1:low,2:medium,+,1
24,1:low,2:medium,+,1
25,1:low,2:medium,+,1
26,1:low,2:medium,+,1
27,1:low,2:medium,+,1
28,1:low,2:medium,+,1
29,1:low,2:medium,+,1
30,1:low,2:medium,+,1
31,1:low,2:medium,+,1
32,1:low,2:medium,+,1
33,1:low,2:medium,+,1
34,1:low,2:medium,+,1
35,1:low,2:medium,+,1
36,1:low,2:medium,+,1
37,1:low,1:low,,1
38,1:low,2:medium,+,1
39,1:low,2:medium,+,1
40,1:low,2:medium,+,1
41,1:low,2:medium,+,1
42,1:low,2:medium,+,1
43,1:low,2:medium,+,1
44,1:low,2:medium,+,1
45,1:low,2:medium,+,1
46,1:low,2:medium,+,1
47,1:low,2:medium,+,1
48,1:low,2:medium,+,1
49,1:low,2:medium,+,1
50,1:low,2:medium,+,1
51,1:low,2:medium,+,1
52,1:low,2:medium,+,1
53,1:low,2:medium,+,1
54,1:low,2:medium,+,1
55,1:low,2:medium,+,1
56,1:low,2:medium,+,1
57,1:low,2:medium,+,1
58,1:low,2:medium,+,1
59,1:low,2:medium,+,1
60,1:low,2:medium,+,1
61,1:low,2:medium,+,1
62,1:low,2:medium,+,1
63,1:low,2:medium,+,1
64,1:low,2:medium,+,1
65,1:low,2:medium,+,1
66,1:low,2:medium,+,1
67,1:low,2:medium,+,1
68,1:low,2:medium,+,1
69,1:low,2:medium,+,1
70,1:low,2:medium,+,1
71,1:low,2:medium,+,1
72,1:low,2:medium,+,1
73,1:low,2:medium,+,1
74,1:low,2:medium,+,1
75,1:low,2:medium,+,1
76,1:low,2:medium,+,1
77,1:low,2:medium,+,1
78,1:low,2:medium,+,1
79,1:low,2:medium,+,1
80,1:low,2:medium,+,1
81,1:low,2:medium,+,1
82,1:low,2:medium,+,1
83,1:low,2:medium,+,1
84,1:low,2:medium,+,1
85,1:low,2:medium,+,1
86,1:low,2:medium,+,1
87,1:low,2:medium,+,1
88,1:low,2:medium,+,1
89,1:low,2:medium,+,1
90,1:low,2:medium,+,1
91,1:low,2:medium,+,1
92,1:low,2:medium,+,1
93,1:low,2:medium,+,1
94,1:low,2:medium,+,1
95,1:low,2:medium,+,1
96,1:low,2:medium,+,1
97,1:low,2:medium,+,1
98,1:low,2:medium,+,1
99,1:low,2:medium,+,1
100,1:low,2:medium,+,1
101,1:low,2:medium,+,1
102,1:low,2:medium,+,1
103,1:low,2:medium,+,1
104,1:low,2:medium,+,1
105,1:low,2:medium,+,1
106,1:low,1:low,,1
107,1:low,2:medium,+,1
108,1:low,2:medium,+,1
109,1:low,2:medium,+,1
110,1:low,2:medium,+,1
111,1:low,2:medium,+,1
112,1:low,2:medium,+,1
113,1:low,2:medium,+,1
114,1:low,2:medium,+,1
115,1:low,2:medium,+,1
116,1:low,2:medium,+,1
117,1:low,2:medium,+,1
118,1:low,2:medium,+,1
119,1:low,2:medium,+,1
120,1:low,2:medium,+,1
121,1:low,2:medium,+,1
122,1:low,2:medium,+,1
123,1:low,2:medium,+,1
124,1:low,1:low,,0.999
125,1:low,2:medium,+,1
126,1:low,2:medium,+,1
127,1:low,2:medium,+,1
128,1:low,1:low,,1
129,1:low,1:low,,1
130,1:low,2:medium,+,1
131,1:low,2:medium,+,1
132,1:low,2:medium,+,1
133,1:low,2:medium,+,1
134,1:low,2:medium,+,1
135,1:low,2:medium,+,1
136,1:low,2:medium,+,1
137,1:low,2:medium,+,1
138,1:low,2:medium,+,1
139,1:low,2:medium,+,1
140,1:low,2:medium,+,1
141,1:low,2:medium,+,1
142,1:low,2:medium,+,1
143,1:low,2:medium,+,1
144,1:low,2:medium,+,1
145,1:low,2:medium,+,1
146,1:low,2:medium,+,1
147,1:low,2:medium,+,1
148,1:low,2:medium,+,1
149,1:low,2:medium,+,1
150,1:low,2:medium,+,1
151,1:low,2:medium,+,1
152,1:low,2:medium,+,1
153,1:low,2:medium,+,1
154,1:low,2:medium,+,1
155,1:low,2:medium,+,1
156,1:low,2:medium,+,1
157,1:low,2:medium,+,1
158,1:low,2:medium,+,1
159,1:low,2:medium,+,1
160,1:low,2:medium,+,1
161,1:low,2:medium,+,1
162,1:low,2:medium,+,1
163,1:low,2:medium,+,1
164,1:low,2:medium,+,1
165,1:low,2:medium,+,1
166,1:low,2:medium,+,1
167,1:low,2:medium,+,1
168,1:low,2:medium,+,1
169,1:low,2:medium,+,1
170,1:low,2:medium,+,1
171,1:low,2:medium,+,1
172,1:low,2:medium,+,1
173,1:low,2:medium,+,1
174,1:low,2:medium,+,1
175,1:low,2:medium,+,1
176,1:low,2:medium,+,1

