inst#,actual,predicted,error,distribution,,
1,1:high,1:high,,*1,0,0
2,1:high,1:high,,*1,0,0
3,1:high,1:high,,*1,0,0
4,1:high,1:high,,*1,0,0
5,1:high,1:high,,*1,0,0
6,1:high,1:high,,*1,0,0
7,1:high,1:high,,*1,0,0
8,1:high,1:high,,*0.989,0.011,0
9,1:high,1:high,,*1,0,0
10,1:high,1:high,,*1,0,0
11,1:high,1:high,,*1,0,0
12,1:high,1:high,,*1,0,0
13,1:high,1:high,,*1,0,0
14,1:high,1:high,,*1,0,0
15,1:high,1:high,,*1,0,0
16,1:high,1:high,,*1,0,0
17,1:high,1:high,,*1,0,0
18,1:high,1:high,,*1,0,0
19,1:high,1:high,,*1,0,0
20,1:high,1:high,,*1,0,0
21,1:high,1:high,,*1,0,0
22,3:low,3:low,,0,0.015,*0.985
23,2:medium,2:medium,,0,*0.678,0.322
24,3:low,3:low,,0.029,0.085,*0.886
25,3:low,2:medium,+,0,*0.994,0.006
26,3:low,2:medium,+,0,*0.522,0.478
27,3:low,3:low,,0,0.015,*0.985
28,2:medium,2:medium,,0,*1,0
29,2:medium,2:medium,,0,*1,0
30,3:low,2:medium,+,0,*0.678,0.322
31,3:low,2:medium,+,0,*0.678,0.322
32,3:low,3:low,,0,0.008,*0.992
33,3:low,2:medium,+,0.027,*0.904,0.069
34,3:low,3:low,,0,0,*1
35,3:low,3:low,,0,0,*1
36,3:low,2:medium,+,0,*0.508,0.492
37,2:medium,3:low,+,0,0.136,*0.864
38,2:medium,2:medium,,0,*1,0
39,2:medium,2:medium,,0,*1,0
40,2:medium,2:medium,,0,*1,0
41,2:medium,3:low,+,0,0.013,*0.987
42,2:medium,2:medium,,0,*0.962,0.038
43,2:medium,3:low,+,0,0.127,*0.873
44,3:low,3:low,,0,0.01,*0.99
45,3:low,2:medium,+,0,*0.678,0.322
46,2:medium,2:medium,,0.125,*0.875,0
47,1:high,2:medium,+,0.152,*0.734,0.114
48,3:low,2:medium,+,0,*0.55,0.45
