inst#,actual,predicted,error,distribution,,
1,1:high,1:high,,*1,0,0
2,1:high,1:high,,*1,0,0
3,1:high,1:high,,*1,0,0
4,1:high,1:high,,*1,0,0
5,1:high,1:high,,*1,0,0
6,1:high,1:high,,*1,0,0
7,1:high,1:high,,*1,0,0
8,1:high,1:high,,*1,0,0
9,1:high,1:high,,*1,0,0
10,1:high,1:high,,*1,0,0
11,1:high,1:high,,*1,0,0
12,1:high,1:high,,*1,0,0
13,1:high,1:high,,*1,0,0
14,1:high,1:high,,*1,0,0
15,1:high,1:high,,*1,0,0
16,1:high,1:high,,*1,0,0
17,1:high,1:high,,*1,0,0
18,1:high,1:high,,*1,0,0
19,1:high,1:high,,*1,0,0
20,1:high,1:high,,*1,0,0
21,1:high,1:high,,*1,0,0
22,3:low,2:medium,+,0.001,*0.989,0.01
23,2:medium,2:medium,,0.004,*0.583,0.413
24,3:low,3:low,,0,0.106,*0.893
25,3:low,2:medium,+,0,*1,0
26,3:low,3:low,,0,0.106,*0.893
27,3:low,3:low,,0,0.106,*0.893
28,2:medium,2:medium,,0,*1,0
29,2:medium,2:medium,,0,*1,0
30,3:low,3:low,,0,0.106,*0.893
31,3:low,2:medium,+,0,*0.893,0.107
32,3:low,2:medium,+,0,*0.943,0.056
33,3:low,3:low,,0,0.106,*0.893
34,3:low,2:medium,+,0,*0.893,0.107
35,3:low,2:medium,+,0,*0.999,0.001
36,3:low,2:medium,+,0,*0.844,0.156
37,2:medium,2:medium,,0,*0.999,0.001
38,2:medium,2:medium,,0.01,*0.989,0
39,2:medium,2:medium,,0.081,*0.919,0
40,2:medium,1:high,+,*0.995,0.004,0.001
41,2:medium,2:medium,,0,*0.985,0.015
42,2:medium,2:medium,,0.001,*0.985,0.015
43,2:medium,2:medium,,0,*1,0
44,3:low,2:medium,+,0,*0.987,0.013
45,3:low,2:medium,+,0,*0.999,0.001
46,2:medium,1:high,+,*0.996,0.004,0.001
47,1:high,1:high,,*1,0,0
48,3:low,2:medium,+,0,*1,0
