inst#,actual,predicted,error,distribution,,
1,1:high,1:high,,*1,0,0
2,1:high,1:high,,*1,0,0
3,1:high,1:high,,*1,0,0
4,1:high,1:high,,*1,0,0
5,1:high,1:high,,*1,0,0
6,1:high,1:high,,*1,0,0
7,1:high,1:high,,*1,0,0
8,1:high,1:high,,*1,0,0
9,1:high,1:high,,*1,0,0
10,1:high,1:high,,*1,0,0
11,1:high,1:high,,*1,0,0
12,1:high,1:high,,*1,0,0
13,1:high,1:high,,*1,0,0
14,1:high,1:high,,*1,0,0
15,1:high,1:high,,*1,0,0
16,1:high,1:high,,*1,0,0
17,1:high,1:high,,*1,0,0
18,1:high,1:high,,*1,0,0
19,1:high,1:high,,*1,0,0
20,1:high,1:high,,*1,0,0
21,1:high,1:high,,*1,0,0
22,3:low,2:medium,+,0,*1,0
23,2:medium,2:medium,,0,*1,0
24,3:low,3:low,,0,0.042,*0.958
25,3:low,2:medium,+,0,*1,0
26,3:low,3:low,,0,0.272,*0.728
27,3:low,2:medium,+,0,*1,0
28,2:medium,2:medium,,0,*1,0
29,2:medium,2:medium,,0,*0.999,0.001
30,3:low,2:medium,+,0,*1,0
31,3:low,2:medium,+,0,*1,0
32,3:low,3:low,,0,0.035,*0.965
33,3:low,2:medium,+,0,*1,0
34,3:low,2:medium,+,0,*1,0
35,3:low,2:medium,+,0,*0.995,0.005
36,3:low,2:medium,+,0,*1,0
37,2:medium,2:medium,,0,*1,0
38,2:medium,2:medium,,0,*0.999,0.001
39,2:medium,2:medium,,0,*0.994,0.006
40,2:medium,2:medium,,0,*1,0
41,2:medium,2:medium,,0,*1,0
42,2:medium,2:medium,,0,*1,0
43,2:medium,2:medium,,0,*0.899,0.101
44,3:low,2:medium,+,0,*0.795,0.205
45,3:low,2:medium,+,0,*0.996,0.004
46,2:medium,2:medium,,0.002,*0.998,0
47,1:high,2:medium,+,0,*1,0
48,3:low,2:medium,+,0,*1,0
