inst#,actual,predicted,error,distribution,,
1,1:high,1:high,,*1,0,0
2,1:high,1:high,,*1,0,0
3,1:high,1:high,,*1,0,0
4,1:high,1:high,,*1,0,0
5,1:high,1:high,,*1,0,0
6,1:high,1:high,,*1,0,0
7,1:high,1:high,,*1,0,0
8,1:high,2:medium,+,0.32,*0.68,0
9,1:high,1:high,,*1,0,0
10,1:high,1:high,,*1,0,0
11,1:high,1:high,,*1,0,0
12,1:high,1:high,,*1,0,0
13,1:high,1:high,,*1,0,0
14,1:high,1:high,,*1,0,0
15,1:high,1:high,,*1,0,0
16,1:high,1:high,,*1,0,0
17,1:high,1:high,,*1,0,0
18,1:high,1:high,,*1,0,0
19,1:high,1:high,,*1,0,0
20,1:high,1:high,,*1,0,0
21,1:high,1:high,,*1,0,0
22,3:low,2:medium,+,0,*1,0
23,2:medium,2:medium,,0,*1,0
24,3:low,2:medium,+,0,*1,0
25,3:low,2:medium,+,0,*1,0
26,3:low,2:medium,+,0,*1,0
27,3:low,2:medium,+,0,*0.993,0.007
28,2:medium,2:medium,,0,*1,0
29,2:medium,2:medium,,0,*1,0
30,3:low,2:medium,+,0,*1,0
31,3:low,2:medium,+,0,*0.993,0.007
32,3:low,2:medium,+,0,*1,0
33,3:low,2:medium,+,0,*0.993,0.007
34,3:low,3:low,,0,0.378,*0.622
35,3:low,2:medium,+,0,*0.994,0.006
36,3:low,3:low,,0,0.014,*0.986
37,2:medium,2:medium,,0,*1,0
38,2:medium,2:medium,,0,*1,0
39,2:medium,2:medium,,0,*1,0
40,2:medium,2:medium,,0,*1,0
41,2:medium,3:low,+,0,0.01,*0.99
42,2:medium,2:medium,,0,*1,0
43,2:medium,2:medium,,0,*0.98,0.02
44,3:low,2:medium,+,0,*0.535,0.465
45,3:low,2:medium,+,0,*0.979,0.021
46,2:medium,1:high,+,*1,0,0
47,1:high,2:medium,+,0,*1,0
48,3:low,2:medium,+,0,*1,0
