inst#,actual,predicted,error,distribution,,
1,3:low,3:low,,0,0,*1
2,2:medium,1:high,+,*1,0,0
3,2:medium,3:low,+,0,0.114,*0.886
4,2:medium,2:medium,,0,*1,0
5,2:medium,3:low,+,0,0,*1
6,2:medium,3:low,+,0,0,*1
7,2:medium,3:low,+,0,0,*1
8,2:medium,3:low,+,0,0,*1
9,3:low,3:low,,0,0,*1
10,3:low,2:medium,+,0,*1,0
11,3:low,2:medium,+,0,*1,0
12,3:low,2:medium,+,0,*1,0
13,3:low,2:medium,+,0,*1,0
14,3:low,2:medium,+,0,*0.949,0.051
15,3:low,2:medium,+,0,*1,0
16,3:low,2:medium,+,0,*1,0
17,3:low,3:low,,0,0,*1
18,3:low,3:low,,0,0.02,*0.98
19,3:low,3:low,,0,0,*1
20,3:low,3:low,,0,0,*1
21,3:low,2:medium,+,0,*1,0
22,3:low,2:medium,+,0,*1,0
23,3:low,3:low,,0,0.001,*0.999
24,3:low,2:medium,+,0,*1,0
25,3:low,2:medium,+,0,*1,0
26,2:medium,2:medium,,0,*0.996,0.004
27,3:low,2:medium,+,0,*1,0
28,3:low,2:medium,+,0,*1,0
29,3:low,2:medium,+,0,*1,0
30,3:low,2:medium,+,0,*1,0
31,3:low,2:medium,+,0,*0.995,0.005
32,2:medium,3:low,+,0,0,*1
33,3:low,2:medium,+,0,*1,0
34,2:medium,2:medium,,0,*1,0
35,2:medium,2:medium,,0,*1,0
36,3:low,2:medium,+,0,*1,0
37,2:medium,2:medium,,0,*1,0
38,3:low,2:medium,+,0,*1,0
39,3:low,2:medium,+,0,*1,0
40,3:low,2:medium,+,0,*1,0
41,3:low,2:medium,+,0,*1,0
42,3:low,3:low,,0,0,*1
43,2:medium,2:medium,,0,*0.732,0.268
44,3:low,2:medium,+,0,*1,0
45,3:low,2:medium,+,0,*1,0
46,2:medium,2:medium,,0,*1,0
47,3:low,3:low,,0,0,*1
48,3:low,3:low,,0,0,*1
