inst#,actual,predicted,error,prediction
1,2:medium,2:medium,,1
2,2:medium,2:medium,,1
3,2:medium,2:medium,,1
4,2:medium,2:medium,,1
5,2:medium,2:medium,,1
6,2:medium,2:medium,,1
7,2:medium,2:medium,,1
8,2:medium,2:medium,,1
9,2:medium,2:medium,,1
10,2:medium,2:medium,,1
11,2:medium,2:medium,,1
12,2:medium,2:medium,,1
13,2:medium,2:medium,,0.997
14,2:medium,1:low,+,1
15,2:medium,1:low,+,1
16,2:medium,1:low,+,1
17,2:medium,1:low,+,1
18,2:medium,1:low,+,1
19,2:medium,1:low,+,1
20,2:medium,1:low,+,1
21,2:medium,1:low,+,1
22,2:medium,1:low,+,1
23,2:medium,1:low,+,1
24,2:medium,1:low,+,1
25,2:medium,1:low,+,1
26,2:medium,1:low,+,0.996
27,2:medium,1:low,+,1
28,2:medium,1:low,+,1
29,2:medium,1:low,+,1
30,2:medium,1:low,+,1
31,2:medium,1:low,+,1
32,2:medium,1:low,+,0.565
33,2:medium,1:low,+,0.999
34,2:medium,1:low,+,1
35,2:medium,1:low,+,0.896
36,2:medium,1:low,+,1
37,2:medium,1:low,+,1
38,2:medium,1:low,+,0.975
39,2:medium,2:medium,,1
40,2:medium,1:low,+,0.998
41,2:medium,2:medium,,1
42,2:medium,2:medium,,1
43,2:medium,3:high,+,1
44,2:medium,1:low,+,0.99
45,2:medium,2:medium,,0.92
46,2:medium,1:low,+,1
47,2:medium,2:medium,,1
48,2:medium,2:medium,,1
49,2:medium,2:medium,,1
50,2:medium,2:medium,,1
51,2:medium,2:medium,,1
52,2:medium,2:medium,,1
53,2:medium,2:medium,,1
54,2:medium,2:medium,,1
55,2:medium,2:medium,,1
56,2:medium,2:medium,,1
57,2:medium,2:medium,,1
58,2:medium,3:high,+,1
59,2:medium,3:high,+,1
60,2:medium,3:high,+,1
61,2:medium,3:high,+,0.905
62,2:medium,2:medium,,1
63,2:medium,2:medium,,1
64,2:medium,2:medium,,0.999
65,2:medium,2:medium,,1
66,2:medium,1:low,+,0.815
67,2:medium,1:low,+,0.67
68,2:medium,2:medium,,1
69,2:medium,2:medium,,0.945
70,2:medium,2:medium,,1
71,2:medium,1:low,+,0.991
72,2:medium,2:medium,,1

