inst#,actual,predicted,error,prediction
1,2:medium,2:medium,,0.43
2,2:medium,2:medium,,0.423
3,2:medium,1:low,+,0.484
4,2:medium,1:low,+,0.419
5,2:medium,2:medium,,0.446
6,2:medium,2:medium,,0.457
7,2:medium,2:medium,,0.407
8,2:medium,1:low,+,0.416
9,2:medium,1:low,+,0.429
10,2:medium,1:low,+,0.413
11,2:medium,2:medium,,0.486
12,2:medium,1:low,+,0.422
13,2:medium,1:low,+,0.447
14,2:medium,1:low,+,0.494
15,2:medium,1:low,+,0.504
16,2:medium,1:low,+,0.505
17,2:medium,1:low,+,0.507
18,2:medium,1:low,+,0.498
19,2:medium,1:low,+,0.502
20,2:medium,1:low,+,0.517
21,2:medium,1:low,+,0.491
22,2:medium,1:low,+,0.474
23,2:medium,1:low,+,0.432
24,2:medium,1:low,+,0.455
25,2:medium,1:low,+,0.45
26,2:medium,2:medium,,0.405
27,2:medium,1:low,+,0.404
28,2:medium,1:low,+,0.458
29,2:medium,1:low,+,0.427
30,2:medium,1:low,+,0.445
31,2:medium,1:low,+,0.444
32,2:medium,1:low,+,0.468
33,2:medium,1:low,+,0.476
34,2:medium,1:low,+,0.499
35,2:medium,1:low,+,0.482
36,2:medium,1:low,+,0.494
37,2:medium,1:low,+,0.521
38,2:medium,1:low,+,0.53
39,2:medium,1:low,+,0.522
40,2:medium,1:low,+,0.547
41,2:medium,1:low,+,0.565
42,2:medium,1:low,+,0.563
43,2:medium,1:low,+,0.561
44,2:medium,1:low,+,0.575
45,2:medium,1:low,+,0.557
46,2:medium,1:low,+,0.568
47,2:medium,1:low,+,0.524
48,2:medium,1:low,+,0.556
49,2:medium,1:low,+,0.467
50,2:medium,1:low,+,0.528
51,2:medium,2:medium,,0.422
52,2:medium,2:medium,,0.427
53,2:medium,2:medium,,0.485
54,2:medium,2:medium,,0.397
55,2:medium,2:medium,,0.408
56,2:medium,2:medium,,0.417
57,2:medium,2:medium,,0.459
58,2:medium,1:low,+,0.461
59,2:medium,1:low,+,0.483
60,2:medium,1:low,+,0.513
61,2:medium,1:low,+,0.452
62,2:medium,1:low,+,0.488
63,2:medium,2:medium,,0.426
64,2:medium,1:low,+,0.503
65,2:medium,1:low,+,0.526
66,2:medium,1:low,+,0.522
67,2:medium,1:low,+,0.501
68,2:medium,1:low,+,0.428
69,2:medium,1:low,+,0.461
70,2:medium,1:low,+,0.401
71,2:medium,2:medium,,0.495
72,2:medium,2:medium,,0.492

