inst#,actual,predicted,error,prediction
1,1:low,1:low,,0.996
2,1:low,1:low,,0.994
3,1:low,1:low,,0.999
4,1:low,1:low,,0.993
5,1:low,1:low,,0.99
6,1:low,1:low,,0.953
7,1:low,1:low,,0.986
8,1:low,1:low,,0.959
9,1:low,1:low,,1
10,1:low,1:low,,1
11,1:low,1:low,,1
12,1:low,1:low,,1
13,1:low,1:low,,1
14,1:low,1:low,,1
15,1:low,1:low,,1
16,1:low,1:low,,1
17,1:low,1:low,,1
18,1:low,1:low,,1
19,1:low,1:low,,1
20,1:low,1:low,,1
21,1:low,1:low,,1
22,1:low,1:low,,1
23,1:low,1:low,,1
24,1:low,1:low,,1
25,1:low,1:low,,1
26,1:low,1:low,,1
27,1:low,1:low,,1
28,1:low,1:low,,1
29,1:low,1:low,,1
30,1:low,1:low,,1
31,1:low,1:low,,1
32,1:low,1:low,,1
33,1:low,1:low,,1
34,1:low,1:low,,1
35,1:low,1:low,,1
36,1:low,1:low,,1
37,1:low,1:low,,1
38,1:low,1:low,,1
39,1:low,1:low,,1
40,1:low,1:low,,1
41,1:low,1:low,,1
42,1:low,1:low,,1
43,1:low,2:medium,+,0.817
44,1:low,1:low,,0.895
45,1:low,1:low,,0.996
46,1:low,1:low,,0.998
47,1:low,1:low,,0.997
48,1:low,1:low,,1
49,1:low,1:low,,0.999
50,1:low,1:low,,1
51,1:low,1:low,,1
52,1:low,1:low,,1
53,1:low,1:low,,1
54,1:low,1:low,,1
55,1:low,1:low,,1
56,1:low,1:low,,1
57,1:low,1:low,,1
58,1:low,1:low,,1
59,1:low,1:low,,1
60,1:low,1:low,,1
61,1:low,1:low,,1
62,1:low,1:low,,1
63,1:low,1:low,,1
64,1:low,1:low,,1
65,1:low,1:low,,1
66,1:low,1:low,,1
67,1:low,1:low,,1
68,1:low,1:low,,1
69,1:low,1:low,,1
70,1:low,1:low,,0.999
71,1:low,1:low,,0.998
72,1:low,1:low,,0.999
73,1:low,1:low,,0.999
74,1:low,1:low,,1
75,1:low,1:low,,0.967
76,1:low,1:low,,0.629
77,1:low,2:medium,+,0.653
78,1:low,2:medium,+,0.667
79,1:low,2:medium,+,0.842
80,1:low,1:low,,0.961
81,1:low,2:medium,+,0.966
82,1:low,2:medium,+,0.968
83,1:low,2:medium,+,0.923
84,1:low,2:medium,+,0.838
85,1:low,2:medium,+,0.995
86,1:low,2:medium,+,0.964
87,1:low,2:medium,+,0.965
88,1:low,2:medium,+,0.967
89,1:low,2:medium,+,0.984
90,1:low,2:medium,+,0.967
91,1:low,2:medium,+,0.988
92,1:low,2:medium,+,0.964
93,1:low,2:medium,+,0.864
94,1:low,2:medium,+,0.934
95,1:low,2:medium,+,0.973
96,1:low,2:medium,+,0.964
97,1:low,2:medium,+,0.815
98,1:low,2:medium,+,0.996
99,1:low,2:medium,+,0.97
100,1:low,2:medium,+,0.995
101,1:low,2:medium,+,0.989
102,1:low,2:medium,+,0.979
103,1:low,2:medium,+,0.965
104,1:low,2:medium,+,0.887
105,1:low,2:medium,+,0.883
106,1:low,2:medium,+,0.802
107,1:low,2:medium,+,0.849
108,1:low,2:medium,+,0.845
109,1:low,2:medium,+,0.945
110,1:low,2:medium,+,0.823
111,1:low,2:medium,+,0.943
112,1:low,2:medium,+,0.955
113,1:low,2:medium,+,0.992
114,1:low,2:medium,+,0.985
115,1:low,2:medium,+,0.986
116,1:low,2:medium,+,0.938
117,1:low,2:medium,+,0.964
118,1:low,2:medium,+,0.876
119,1:low,2:medium,+,0.849
120,1:low,2:medium,+,0.859
121,1:low,2:medium,+,0.818
122,1:low,2:medium,+,0.862
123,1:low,2:medium,+,0.666
124,1:low,2:medium,+,0.742
125,1:low,2:medium,+,0.603
126,1:low,2:medium,+,0.758
127,1:low,2:medium,+,0.811
128,1:low,1:low,,0.601
129,1:low,1:low,,0.978
130,1:low,1:low,,0.957
131,1:low,1:low,,0.974
132,1:low,1:low,,0.981
133,1:low,1:low,,0.982
134,1:low,1:low,,0.962
135,1:low,1:low,,0.968
136,1:low,1:low,,0.96
137,1:low,1:low,,0.971
138,1:low,1:low,,0.97
139,1:low,1:low,,0.965
140,1:low,1:low,,0.978
141,1:low,1:low,,0.959
142,1:low,1:low,,0.96
143,1:low,1:low,,0.97
144,1:low,1:low,,0.967
145,1:low,1:low,,0.965
146,1:low,1:low,,0.969
147,1:low,1:low,,0.987
148,1:low,1:low,,1
149,1:low,1:low,,1
150,1:low,1:low,,0.988
151,1:low,1:low,,0.97
152,1:low,1:low,,1
153,1:low,1:low,,1
154,1:low,1:low,,1
155,1:low,1:low,,0.969
156,1:low,1:low,,0.999
157,1:low,1:low,,0.97
158,1:low,1:low,,0.969
159,1:low,1:low,,1
160,1:low,1:low,,1
161,1:low,1:low,,1
162,1:low,1:low,,0.969
163,1:low,1:low,,0.969
164,1:low,1:low,,0.969
165,1:low,1:low,,0.97
166,1:low,1:low,,1
167,1:low,1:low,,0.969
168,1:low,1:low,,1
169,1:low,1:low,,0.999
170,1:low,1:low,,1
171,1:low,1:low,,1
172,1:low,1:low,,1
173,1:low,1:low,,1
174,1:low,1:low,,1
175,1:low,1:low,,1
176,1:low,1:low,,1

