inst#,actual,predicted,error,prediction
1,1:low,1:low,,0.983
2,1:low,1:low,,0.983
3,1:low,1:low,,0.983
4,1:low,1:low,,0.948
5,1:low,1:low,,0.895
6,1:low,1:low,,0.745
7,1:low,1:low,,0.949
8,1:low,1:low,,0.983
9,1:low,1:low,,0.98
10,1:low,1:low,,1
11,1:low,1:low,,0.966
12,1:low,1:low,,0.965
13,1:low,1:low,,0.983
14,1:low,1:low,,0.983
15,1:low,1:low,,0.983
16,1:low,1:low,,1
17,1:low,1:low,,1
18,1:low,1:low,,1
19,1:low,1:low,,1
20,1:low,1:low,,1
21,1:low,1:low,,1
22,1:low,1:low,,1
23,1:low,1:low,,1
24,1:low,1:low,,1
25,1:low,1:low,,1
26,1:low,1:low,,1
27,1:low,1:low,,1
28,1:low,1:low,,1
29,1:low,1:low,,1
30,1:low,1:low,,1
31,1:low,1:low,,1
32,1:low,1:low,,1
33,1:low,1:low,,1
34,1:low,1:low,,1
35,1:low,1:low,,1
36,1:low,1:low,,1
37,1:low,1:low,,1
38,1:low,1:low,,1
39,1:low,1:low,,1
40,1:low,1:low,,1
41,1:low,1:low,,1
42,1:low,1:low,,1
43,1:low,2:medium,+,0.746
44,1:low,1:low,,0.833
45,1:low,1:low,,0.997
46,1:low,1:low,,0.966
47,1:low,1:low,,0.997
48,1:low,1:low,,1
49,1:low,1:low,,1
50,1:low,1:low,,1
51,1:low,1:low,,1
52,1:low,1:low,,1
53,1:low,1:low,,1
54,1:low,1:low,,1
55,1:low,1:low,,1
56,1:low,1:low,,1
57,1:low,1:low,,1
58,1:low,1:low,,1
59,1:low,1:low,,1
60,1:low,1:low,,1
61,1:low,1:low,,1
62,1:low,1:low,,1
63,1:low,1:low,,1
64,1:low,1:low,,1
65,1:low,1:low,,1
66,1:low,1:low,,1
67,1:low,1:low,,1
68,1:low,1:low,,1
69,1:low,1:low,,1
70,1:low,1:low,,0.999
71,1:low,1:low,,0.989
72,1:low,1:low,,0.989
73,1:low,1:low,,0.997
74,1:low,1:low,,0.963
75,1:low,1:low,,0.8
76,1:low,1:low,,0.717
77,1:low,1:low,,0.659
78,1:low,2:medium,+,0.594
79,1:low,2:medium,+,0.803
80,1:low,1:low,,0.548
81,1:low,2:medium,+,0.896
82,1:low,2:medium,+,0.607
83,1:low,2:medium,+,0.51
84,1:low,2:medium,+,0.528
85,1:low,2:medium,+,0.51
86,1:low,2:medium,+,0.639
87,1:low,2:medium,+,0.616
88,1:low,2:medium,+,0.605
89,1:low,2:medium,+,0.553
90,1:low,2:medium,+,0.643
91,1:low,2:medium,+,0.634
92,1:low,2:medium,+,0.687
93,1:low,1:low,,0.504
94,1:low,2:medium,+,0.543
95,1:low,2:medium,+,0.544
96,1:low,2:medium,+,0.521
97,1:low,2:medium,+,0.515
98,1:low,2:medium,+,0.779
99,1:low,2:medium,+,0.721
100,1:low,2:medium,+,0.781
101,1:low,2:medium,+,0.855
102,1:low,2:medium,+,0.82
103,1:low,2:medium,+,0.73
104,1:low,2:medium,+,0.798
105,1:low,2:medium,+,0.778
106,1:low,2:medium,+,0.732
107,1:low,2:medium,+,0.703
108,1:low,2:medium,+,0.705
109,1:low,2:medium,+,0.715
110,1:low,2:medium,+,0.767
111,1:low,2:medium,+,0.731
112,1:low,2:medium,+,0.691
113,1:low,2:medium,+,0.754
114,1:low,2:medium,+,0.722
115,1:low,2:medium,+,0.761
116,1:low,2:medium,+,0.762
117,1:low,2:medium,+,0.75
118,1:low,2:medium,+,0.72
119,1:low,2:medium,+,0.773
120,1:low,2:medium,+,0.702
121,1:low,2:medium,+,0.711
122,1:low,2:medium,+,0.727
123,1:low,2:medium,+,0.724
124,1:low,2:medium,+,0.699
125,1:low,2:medium,+,0.75
126,1:low,2:medium,+,0.705
127,1:low,2:medium,+,0.73
128,1:low,1:low,,0.633
129,1:low,1:low,,0.927
130,1:low,1:low,,0.932
131,1:low,1:low,,0.915
132,1:low,1:low,,0.902
133,1:low,1:low,,0.908
134,1:low,1:low,,0.919
135,1:low,1:low,,0.956
136,1:low,1:low,,0.881
137,1:low,1:low,,0.87
138,1:low,1:low,,0.913
139,1:low,1:low,,0.919
140,1:low,1:low,,0.926
141,1:low,1:low,,0.931
142,1:low,1:low,,0.906
143,1:low,1:low,,0.879
144,1:low,1:low,,0.887
145,1:low,1:low,,0.911
146,1:low,1:low,,0.877
147,1:low,1:low,,0.89
148,1:low,1:low,,0.983
149,1:low,1:low,,1
150,1:low,1:low,,1
151,1:low,1:low,,1
152,1:low,1:low,,1
153,1:low,1:low,,1
154,1:low,1:low,,1
155,1:low,1:low,,1
156,1:low,1:low,,1
157,1:low,1:low,,1
158,1:low,1:low,,1
159,1:low,1:low,,0.966
160,1:low,1:low,,1
161,1:low,1:low,,0.983
162,1:low,1:low,,1
163,1:low,1:low,,0.983
164,1:low,1:low,,1
165,1:low,1:low,,0.984
166,1:low,1:low,,1
167,1:low,1:low,,1
168,1:low,1:low,,0.983
169,1:low,1:low,,1
170,1:low,1:low,,1
171,1:low,1:low,,1
172,1:low,1:low,,1
173,1:low,1:low,,0.998
174,1:low,1:low,,1
175,1:low,1:low,,1
176,1:low,1:low,,1

