inst#,actual,predicted,error,prediction
1,1:low,1:low,,1
2,1:low,1:low,,1
3,1:low,1:low,,1
4,1:low,1:low,,0.983
5,1:low,1:low,,0.885
6,1:low,1:low,,0.753
7,1:low,1:low,,0.934
8,1:low,1:low,,1
9,1:low,1:low,,1
10,1:low,1:low,,1
11,1:low,1:low,,1
12,1:low,1:low,,1
13,1:low,1:low,,0.983
14,1:low,1:low,,0.983
15,1:low,1:low,,0.983
16,1:low,1:low,,1
17,1:low,1:low,,1
18,1:low,1:low,,1
19,1:low,1:low,,1
20,1:low,1:low,,1
21,1:low,1:low,,1
22,1:low,1:low,,1
23,1:low,1:low,,1
24,1:low,1:low,,1
25,1:low,1:low,,1
26,1:low,1:low,,1
27,1:low,1:low,,1
28,1:low,1:low,,1
29,1:low,1:low,,1
30,1:low,1:low,,1
31,1:low,1:low,,1
32,1:low,1:low,,1
33,1:low,1:low,,1
34,1:low,1:low,,1
35,1:low,1:low,,1
36,1:low,1:low,,1
37,1:low,1:low,,1
38,1:low,1:low,,1
39,1:low,1:low,,1
40,1:low,1:low,,1
41,1:low,1:low,,1
42,1:low,1:low,,1
43,1:low,2:medium,+,0.681
44,1:low,1:low,,0.67
45,1:low,1:low,,0.95
46,1:low,1:low,,0.934
47,1:low,1:low,,0.918
48,1:low,1:low,,1
49,1:low,1:low,,0.984
50,1:low,1:low,,1
51,1:low,1:low,,1
52,1:low,1:low,,1
53,1:low,1:low,,1
54,1:low,1:low,,1
55,1:low,1:low,,1
56,1:low,1:low,,1
57,1:low,1:low,,1
58,1:low,1:low,,1
59,1:low,1:low,,1
60,1:low,1:low,,1
61,1:low,1:low,,1
62,1:low,1:low,,1
63,1:low,1:low,,1
64,1:low,1:low,,1
65,1:low,1:low,,1
66,1:low,1:low,,1
67,1:low,1:low,,1
68,1:low,1:low,,1
69,1:low,1:low,,1
70,1:low,1:low,,0.984
71,1:low,1:low,,0.934
72,1:low,1:low,,0.967
73,1:low,1:low,,0.984
74,1:low,1:low,,0.951
75,1:low,1:low,,0.621
76,1:low,1:low,,0.539
77,1:low,2:medium,+,0.616
78,1:low,2:medium,+,0.568
79,1:low,2:medium,+,0.747
80,1:low,2:medium,+,0.633
81,1:low,2:medium,+,0.879
82,1:low,2:medium,+,0.893
83,1:low,2:medium,+,0.812
84,1:low,2:medium,+,0.877
85,1:low,2:medium,+,0.861
86,1:low,2:medium,+,0.844
87,1:low,2:medium,+,0.828
88,1:low,2:medium,+,0.633
89,1:low,2:medium,+,0.86
90,1:low,2:medium,+,0.812
91,1:low,2:medium,+,0.812
92,1:low,2:medium,+,0.844
93,1:low,2:medium,+,0.861
94,1:low,2:medium,+,0.828
95,1:low,2:medium,+,0.828
96,1:low,2:medium,+,0.893
97,1:low,2:medium,+,0.877
98,1:low,2:medium,+,0.861
99,1:low,2:medium,+,0.861
100,1:low,2:medium,+,0.893
101,1:low,2:medium,+,0.974
102,1:low,2:medium,+,0.942
103,1:low,2:medium,+,0.893
104,1:low,2:medium,+,0.91
105,1:low,2:medium,+,0.861
106,1:low,2:medium,+,0.812
107,1:low,2:medium,+,0.764
108,1:low,2:medium,+,0.748
109,1:low,2:medium,+,0.78
110,1:low,2:medium,+,0.78
111,1:low,2:medium,+,0.828
112,1:low,2:medium,+,0.862
113,1:low,2:medium,+,0.845
114,1:low,2:medium,+,0.878
115,1:low,2:medium,+,0.877
116,1:low,2:medium,+,0.877
117,1:low,2:medium,+,0.862
118,1:low,2:medium,+,0.861
119,1:low,2:medium,+,0.748
120,1:low,2:medium,+,0.748
121,1:low,2:medium,+,0.813
122,1:low,2:medium,+,0.829
123,1:low,2:medium,+,0.715
124,1:low,2:medium,+,0.634
125,1:low,2:medium,+,0.568
126,1:low,2:medium,+,0.682
127,1:low,2:medium,+,0.747
128,1:low,2:medium,+,0.746
129,1:low,1:low,,0.769
130,1:low,1:low,,0.885
131,1:low,1:low,,0.736
132,1:low,1:low,,0.72
133,1:low,1:low,,0.803
134,1:low,1:low,,0.769
135,1:low,1:low,,0.785
136,1:low,1:low,,0.781
137,1:low,1:low,,0.732
138,1:low,1:low,,0.732
139,1:low,1:low,,0.765
140,1:low,1:low,,0.782
141,1:low,1:low,,0.798
142,1:low,1:low,,0.802
143,1:low,1:low,,0.683
144,1:low,1:low,,0.716
145,1:low,1:low,,0.737
146,1:low,1:low,,0.815
147,1:low,1:low,,0.749
148,1:low,1:low,,0.984
149,1:low,1:low,,1
150,1:low,1:low,,0.967
151,1:low,1:low,,1
152,1:low,1:low,,0.984
153,1:low,1:low,,1
154,1:low,1:low,,0.984
155,1:low,1:low,,0.983
156,1:low,1:low,,1
157,1:low,1:low,,1
158,1:low,1:low,,1
159,1:low,1:low,,0.984
160,1:low,1:low,,1
161,1:low,1:low,,0.984
162,1:low,1:low,,0.967
163,1:low,1:low,,1
164,1:low,1:low,,1
165,1:low,1:low,,1
166,1:low,1:low,,0.984
167,1:low,1:low,,0.984
168,1:low,1:low,,0.967
169,1:low,1:low,,1
170,1:low,1:low,,0.984
171,1:low,1:low,,0.983
172,1:low,1:low,,1
173,1:low,1:low,,1
174,1:low,1:low,,1
175,1:low,1:low,,1
176,1:low,1:low,,1

