inst#,actual,predicted,error,prediction
1,1:low,1:low,,0.999
2,1:low,1:low,,0.997
3,1:low,1:low,,0.999
4,1:low,1:low,,0.983
5,1:low,1:low,,0.976
6,1:low,1:low,,0.892
7,1:low,1:low,,0.968
8,1:low,1:low,,0.983
9,1:low,1:low,,1
10,1:low,1:low,,1
11,1:low,1:low,,1
12,1:low,1:low,,1
13,1:low,1:low,,1
14,1:low,1:low,,1
15,1:low,1:low,,1
16,1:low,1:low,,1
17,1:low,1:low,,1
18,1:low,1:low,,1
19,1:low,1:low,,1
20,1:low,1:low,,1
21,1:low,1:low,,1
22,1:low,1:low,,1
23,1:low,1:low,,1
24,1:low,1:low,,1
25,1:low,1:low,,1
26,1:low,1:low,,1
27,1:low,1:low,,1
28,1:low,1:low,,1
29,1:low,1:low,,1
30,1:low,1:low,,1
31,1:low,1:low,,1
32,1:low,1:low,,1
33,1:low,1:low,,1
34,1:low,1:low,,1
35,1:low,1:low,,1
36,1:low,1:low,,1
37,1:low,1:low,,1
38,1:low,1:low,,1
39,1:low,1:low,,1
40,1:low,1:low,,1
41,1:low,1:low,,1
42,1:low,1:low,,1
43,1:low,2:medium,+,0.928
44,1:low,1:low,,0.846
45,1:low,1:low,,0.998
46,1:low,1:low,,0.998
47,1:low,1:low,,1
48,1:low,1:low,,1
49,1:low,1:low,,0.999
50,1:low,1:low,,1
51,1:low,1:low,,1
52,1:low,1:low,,1
53,1:low,1:low,,1
54,1:low,1:low,,1
55,1:low,1:low,,1
56,1:low,1:low,,1
57,1:low,1:low,,1
58,1:low,1:low,,1
59,1:low,1:low,,1
60,1:low,1:low,,1
61,1:low,1:low,,1
62,1:low,1:low,,1
63,1:low,1:low,,1
64,1:low,1:low,,1
65,1:low,1:low,,1
66,1:low,1:low,,1
67,1:low,1:low,,1
68,1:low,1:low,,1
69,1:low,1:low,,1
70,1:low,1:low,,0.999
71,1:low,1:low,,0.999
72,1:low,1:low,,0.999
73,1:low,1:low,,1
74,1:low,1:low,,1
75,1:low,1:low,,0.924
76,1:low,1:low,,0.62
77,1:low,2:medium,+,0.725
78,1:low,2:medium,+,0.709
79,1:low,2:medium,+,0.823
80,1:low,1:low,,0.915
81,1:low,2:medium,+,0.991
82,1:low,2:medium,+,0.997
83,1:low,2:medium,+,0.975
84,1:low,2:medium,+,0.9
85,1:low,2:medium,+,0.989
86,1:low,2:medium,+,0.986
87,1:low,2:medium,+,0.991
88,1:low,2:medium,+,0.994
89,1:low,2:medium,+,0.98
90,1:low,2:medium,+,0.995
91,1:low,2:medium,+,0.978
92,1:low,2:medium,+,0.987
93,1:low,2:medium,+,0.878
94,1:low,2:medium,+,0.941
95,1:low,2:medium,+,0.957
96,1:low,2:medium,+,0.959
97,1:low,2:medium,+,0.86
98,1:low,2:medium,+,0.991
99,1:low,2:medium,+,0.938
100,1:low,2:medium,+,0.99
101,1:low,2:medium,+,0.978
102,1:low,2:medium,+,0.956
103,1:low,2:medium,+,0.943
104,1:low,2:medium,+,0.874
105,1:low,2:medium,+,0.848
106,1:low,2:medium,+,0.74
107,1:low,2:medium,+,0.715
108,1:low,2:medium,+,0.816
109,1:low,2:medium,+,0.871
110,1:low,2:medium,+,0.804
111,1:low,2:medium,+,0.897
112,1:low,2:medium,+,0.928
113,1:low,2:medium,+,0.985
114,1:low,2:medium,+,0.973
115,1:low,2:medium,+,0.972
116,1:low,2:medium,+,0.892
117,1:low,2:medium,+,0.938
118,1:low,2:medium,+,0.844
119,1:low,2:medium,+,0.839
120,1:low,2:medium,+,0.847
121,1:low,2:medium,+,0.801
122,1:low,2:medium,+,0.746
123,1:low,2:medium,+,0.714
124,1:low,2:medium,+,0.749
125,1:low,2:medium,+,0.643
126,1:low,2:medium,+,0.711
127,1:low,2:medium,+,0.779
128,1:low,1:low,,0.696
129,1:low,1:low,,0.992
130,1:low,1:low,,0.995
131,1:low,1:low,,0.989
132,1:low,1:low,,0.991
133,1:low,1:low,,0.993
134,1:low,1:low,,0.976
135,1:low,1:low,,0.98
136,1:low,1:low,,0.969
137,1:low,1:low,,0.983
138,1:low,1:low,,0.984
139,1:low,1:low,,0.98
140,1:low,1:low,,0.985
141,1:low,1:low,,0.97
142,1:low,1:low,,0.974
143,1:low,1:low,,0.981
144,1:low,1:low,,0.982
145,1:low,1:low,,0.973
146,1:low,1:low,,0.981
147,1:low,1:low,,0.994
148,1:low,1:low,,1
149,1:low,1:low,,1
150,1:low,1:low,,1
151,1:low,1:low,,1
152,1:low,1:low,,1
153,1:low,1:low,,1
154,1:low,1:low,,1
155,1:low,1:low,,1
156,1:low,1:low,,1
157,1:low,1:low,,1
158,1:low,1:low,,1
159,1:low,1:low,,1
160,1:low,1:low,,1
161,1:low,1:low,,1
162,1:low,1:low,,0.928
163,1:low,1:low,,0.929
164,1:low,1:low,,0.928
165,1:low,1:low,,0.928
166,1:low,1:low,,1
167,1:low,1:low,,0.928
168,1:low,1:low,,1
169,1:low,1:low,,0.999
170,1:low,1:low,,1
171,1:low,1:low,,1
172,1:low,1:low,,1
173,1:low,1:low,,1
174,1:low,1:low,,1
175,1:low,1:low,,1
176,1:low,1:low,,1

