inst#,actual,predicted,error,prediction
1,1:low,1:low,,1
2,1:low,1:low,,0.999
3,1:low,1:low,,0.999
4,1:low,1:low,,0.994
5,1:low,1:low,,0.995
6,1:low,1:low,,0.977
7,1:low,1:low,,0.996
8,1:low,1:low,,0.998
9,1:low,1:low,,1
10,1:low,1:low,,1
11,1:low,1:low,,1
12,1:low,1:low,,1
13,1:low,1:low,,1
14,1:low,1:low,,1
15,1:low,1:low,,1
16,1:low,1:low,,1
17,1:low,1:low,,1
18,1:low,1:low,,1
19,1:low,1:low,,1
20,1:low,1:low,,1
21,1:low,1:low,,1
22,1:low,1:low,,1
23,1:low,1:low,,1
24,1:low,1:low,,1
25,1:low,1:low,,1
26,1:low,1:low,,1
27,1:low,1:low,,1
28,1:low,1:low,,1
29,1:low,1:low,,1
30,1:low,1:low,,1
31,1:low,1:low,,1
32,1:low,1:low,,1
33,1:low,1:low,,1
34,1:low,1:low,,1
35,1:low,1:low,,1
36,1:low,1:low,,1
37,1:low,1:low,,1
38,1:low,1:low,,1
39,1:low,1:low,,1
40,1:low,1:low,,1
41,1:low,1:low,,1
42,1:low,1:low,,1
43,1:low,2:medium,+,0.747
44,1:low,1:low,,0.991
45,1:low,1:low,,0.95
46,1:low,1:low,,0.966
47,1:low,1:low,,0.976
48,1:low,1:low,,1
49,1:low,1:low,,1
50,1:low,1:low,,1
51,1:low,1:low,,1
52,1:low,1:low,,1
53,1:low,1:low,,1
54,1:low,1:low,,1
55,1:low,1:low,,1
56,1:low,1:low,,1
57,1:low,1:low,,1
58,1:low,1:low,,1
59,1:low,1:low,,1
60,1:low,1:low,,1
61,1:low,1:low,,1
62,1:low,1:low,,1
63,1:low,1:low,,1
64,1:low,1:low,,1
65,1:low,1:low,,1
66,1:low,1:low,,1
67,1:low,1:low,,1
68,1:low,1:low,,1
69,1:low,1:low,,1
70,1:low,1:low,,1
71,1:low,1:low,,0.99
72,1:low,1:low,,1
73,1:low,1:low,,1
74,1:low,1:low,,0.979
75,1:low,1:low,,0.84
76,1:low,1:low,,0.906
77,1:low,2:medium,+,0.833
78,1:low,1:low,,0.614
79,1:low,1:low,,0.781
80,1:low,1:low,,0.932
81,1:low,2:medium,+,0.8
82,1:low,2:medium,+,0.787
83,1:low,2:medium,+,0.877
84,1:low,2:medium,+,0.51
85,1:low,2:medium,+,0.586
86,1:low,2:medium,+,0.796
87,1:low,2:medium,+,0.798
88,1:low,2:medium,+,0.995
89,1:low,2:medium,+,0.7
90,1:low,2:medium,+,0.785
91,1:low,2:medium,+,0.794
92,1:low,2:medium,+,0.795
93,1:low,2:medium,+,0.482
94,1:low,2:medium,+,0.731
95,1:low,2:medium,+,0.74
96,1:low,2:medium,+,0.746
97,1:low,2:medium,+,0.695
98,1:low,2:medium,+,1
99,1:low,2:medium,+,1
100,1:low,2:medium,+,1
101,1:low,2:medium,+,1
102,1:low,2:medium,+,1
103,1:low,2:medium,+,1
104,1:low,2:medium,+,0.97
105,1:low,2:medium,+,0.919
106,1:low,2:medium,+,0.939
107,1:low,2:medium,+,0.83
108,1:low,2:medium,+,0.803
109,1:low,2:medium,+,0.8
110,1:low,2:medium,+,0.841
111,1:low,2:medium,+,0.97
112,1:low,2:medium,+,0.901
113,1:low,2:medium,+,0.987
114,1:low,2:medium,+,0.97
115,1:low,2:medium,+,0.999
116,1:low,2:medium,+,1
117,1:low,2:medium,+,0.992
118,1:low,2:medium,+,0.998
119,1:low,2:medium,+,0.865
120,1:low,2:medium,+,0.81
121,1:low,2:medium,+,0.804
122,1:low,2:medium,+,0.9
123,1:low,2:medium,+,0.971
124,1:low,2:medium,+,0.996
125,1:low,2:medium,+,1
126,1:low,2:medium,+,1
127,1:low,2:medium,+,0.816
128,1:low,2:medium,+,0.801
129,1:low,1:low,,1
130,1:low,1:low,,0.999
131,1:low,1:low,,0.992
132,1:low,1:low,,0.969
133,1:low,1:low,,1
134,1:low,1:low,,0.977
135,1:low,1:low,,0.931
136,1:low,1:low,,0.953
137,1:low,1:low,,0.961
138,1:low,1:low,,0.967
139,1:low,1:low,,0.959
140,1:low,1:low,,0.955
141,1:low,1:low,,0.999
142,1:low,1:low,,0.985
143,1:low,1:low,,0.972
144,1:low,1:low,,0.982
145,1:low,1:low,,0.999
146,1:low,1:low,,0.999
147,1:low,1:low,,0.957
148,1:low,1:low,,0.998
149,1:low,1:low,,0.999
150,1:low,1:low,,0.999
151,1:low,1:low,,0.999
152,1:low,1:low,,0.998
153,1:low,1:low,,0.998
154,1:low,1:low,,0.999
155,1:low,1:low,,0.999
156,1:low,1:low,,0.997
157,1:low,1:low,,1
158,1:low,1:low,,0.999
159,1:low,1:low,,0.998
160,1:low,1:low,,1
161,1:low,1:low,,0.998
162,1:low,1:low,,0.995
163,1:low,1:low,,0.999
164,1:low,1:low,,0.999
165,1:low,1:low,,1
166,1:low,1:low,,0.997
167,1:low,1:low,,0.996
168,1:low,1:low,,1
169,1:low,1:low,,1
170,1:low,1:low,,0.993
171,1:low,1:low,,1
172,1:low,1:low,,1
173,1:low,1:low,,1
174,1:low,1:low,,1
175,1:low,1:low,,1
176,1:low,1:low,,1

