inst#,actual,predicted,error,prediction
1,1:low,1:low,,1
2,1:low,1:low,,1
3,1:low,1:low,,1
4,1:low,1:low,,0.999
5,1:low,1:low,,0.995
6,1:low,1:low,,0.995
7,1:low,1:low,,0.999
8,1:low,1:low,,1
9,1:low,1:low,,1
10,1:low,1:low,,1
11,1:low,1:low,,1
12,1:low,1:low,,1
13,1:low,1:low,,1
14,1:low,1:low,,1
15,1:low,1:low,,1
16,1:low,1:low,,1
17,1:low,1:low,,1
18,1:low,1:low,,1
19,1:low,1:low,,1
20,1:low,1:low,,1
21,1:low,1:low,,1
22,1:low,1:low,,1
23,1:low,1:low,,1
24,1:low,1:low,,1
25,1:low,1:low,,1
26,1:low,1:low,,1
27,1:low,1:low,,1
28,1:low,1:low,,1
29,1:low,1:low,,1
30,1:low,1:low,,1
31,1:low,1:low,,1
32,1:low,1:low,,1
33,1:low,1:low,,1
34,1:low,1:low,,1
35,1:low,1:low,,1
36,1:low,1:low,,1
37,1:low,1:low,,1
38,1:low,1:low,,1
39,1:low,1:low,,1
40,1:low,1:low,,1
41,1:low,1:low,,1
42,1:low,1:low,,1
43,1:low,2:medium,+,0.627
44,1:low,1:low,,1
45,1:low,1:low,,1
46,1:low,1:low,,1
47,1:low,1:low,,1
48,1:low,1:low,,1
49,1:low,1:low,,1
50,1:low,1:low,,1
51,1:low,1:low,,1
52,1:low,1:low,,1
53,1:low,1:low,,1
54,1:low,1:low,,1
55,1:low,1:low,,1
56,1:low,1:low,,1
57,1:low,1:low,,1
58,1:low,1:low,,1
59,1:low,1:low,,1
60,1:low,1:low,,1
61,1:low,1:low,,1
62,1:low,1:low,,1
63,1:low,1:low,,1
64,1:low,1:low,,1
65,1:low,1:low,,1
66,1:low,1:low,,1
67,1:low,1:low,,1
68,1:low,1:low,,1
69,1:low,1:low,,1
70,1:low,1:low,,1
71,1:low,1:low,,1
72,1:low,1:low,,1
73,1:low,1:low,,1
74,1:low,1:low,,1
75,1:low,1:low,,0.996
76,1:low,1:low,,1
77,1:low,1:low,,0.979
78,1:low,2:medium,+,0.56
79,1:low,2:medium,+,0.728
80,1:low,2:medium,+,0.529
81,1:low,2:medium,+,0.998
82,1:low,2:medium,+,0.985
83,1:low,2:medium,+,0.895
84,1:low,1:low,,0.842
85,1:low,2:medium,+,0.76
86,1:low,2:medium,+,0.511
87,1:low,2:medium,+,0.865
88,1:low,2:medium,+,0.864
89,1:low,1:low,,0.728
90,1:low,2:medium,+,0.886
91,1:low,1:low,,0.497
92,1:low,2:medium,+,0.61
93,1:low,1:low,,0.936
94,1:low,1:low,,0.887
95,1:low,1:low,,0.728
96,1:low,1:low,,0.741
97,1:low,1:low,,0.936
98,1:low,2:medium,+,0.993
99,1:low,2:medium,+,1
100,1:low,2:medium,+,1
101,1:low,2:medium,+,1
102,1:low,2:medium,+,0.998
103,1:low,2:medium,+,1
104,1:low,2:medium,+,0.931
105,1:low,2:medium,+,0.833
106,1:low,2:medium,+,0.833
107,1:low,2:medium,+,0.943
108,1:low,2:medium,+,0.833
109,1:low,2:medium,+,0.833
110,1:low,2:medium,+,0.986
111,1:low,2:medium,+,0.991
112,1:low,2:medium,+,1
113,1:low,2:medium,+,1
114,1:low,2:medium,+,1
115,1:low,2:medium,+,0.999
116,1:low,2:medium,+,0.999
117,1:low,2:medium,+,0.978
118,1:low,2:medium,+,0.882
119,1:low,2:medium,+,0.858
120,1:low,2:medium,+,0.858
121,1:low,2:medium,+,0.943
122,1:low,2:medium,+,0.917
123,1:low,2:medium,+,0.84
124,1:low,2:medium,+,0.697
125,1:low,1:low,,0.96
126,1:low,1:low,,0.987
127,1:low,1:low,,0.582
128,1:low,1:low,,1
129,1:low,1:low,,0.991
130,1:low,1:low,,1
131,1:low,1:low,,0.999
132,1:low,1:low,,0.999
133,1:low,1:low,,0.991
134,1:low,1:low,,0.969
135,1:low,1:low,,0.999
136,1:low,1:low,,0.904
137,1:low,1:low,,0.991
138,1:low,1:low,,0.999
139,1:low,1:low,,0.998
140,1:low,1:low,,0.999
141,1:low,1:low,,0.969
142,1:low,1:low,,0.969
143,1:low,1:low,,0.999
144,1:low,1:low,,0.969
145,1:low,1:low,,0.991
146,1:low,1:low,,0.991
147,1:low,1:low,,0.999
148,1:low,1:low,,1
149,1:low,1:low,,1
150,1:low,1:low,,1
151,1:low,1:low,,1
152,1:low,1:low,,1
153,1:low,1:low,,1
154,1:low,1:low,,1
155,1:low,1:low,,1
156,1:low,1:low,,1
157,1:low,1:low,,1
158,1:low,1:low,,1
159,1:low,1:low,,1
160,1:low,1:low,,1
161,1:low,1:low,,1
162,1:low,1:low,,1
163,1:low,1:low,,1
164,1:low,1:low,,1
165,1:low,1:low,,1
166,1:low,1:low,,1
167,1:low,1:low,,1
168,1:low,1:low,,1
169,1:low,1:low,,1
170,1:low,1:low,,1
171,1:low,1:low,,1
172,1:low,1:low,,1
173,1:low,1:low,,1
174,1:low,1:low,,1
175,1:low,1:low,,1
176,1:low,1:low,,1

