inst#,actual,predicted,error,prediction
1,3:low,2:medium,+,0.9
2,3:low,3:low,,1
3,2:medium,2:medium,,1
4,1:high,2:medium,+,1
5,3:low,2:medium,+,1
6,3:low,2:medium,+,1
7,2:medium,2:medium,,0.983
8,2:medium,2:medium,,1
9,3:low,3:low,,0.969
10,1:high,3:low,+,1
11,2:medium,2:medium,,0.978
12,3:low,3:low,,1
13,3:low,3:low,,0.994
14,2:medium,3:low,+,1
15,2:medium,2:medium,,1
16,3:low,3:low,,0.999
17,2:medium,2:medium,,1
18,3:low,2:medium,+,1
19,2:medium,2:medium,,1
20,2:medium,2:medium,,1
21,2:medium,2:medium,,1
22,3:low,2:medium,+,1
23,2:medium,2:medium,,1
24,3:low,3:low,,1
25,2:medium,3:low,+,1
26,3:low,3:low,,1
27,3:low,3:low,,1
28,2:medium,3:low,+,0.999
29,2:medium,2:medium,,1
30,2:medium,2:medium,,0.999
31,2:medium,1:high,+,1
32,2:medium,3:low,+,1
33,3:low,3:low,,1
34,2:medium,2:medium,,1
35,3:low,2:medium,+,1
36,2:medium,2:medium,,1
37,3:low,2:medium,+,1
38,3:low,2:medium,+,1
39,1:high,3:low,+,1
40,3:low,3:low,,1
41,3:low,2:medium,+,1
42,2:medium,2:medium,,1
43,1:high,2:medium,+,0.82
44,2:medium,2:medium,,1
45,3:low,3:low,,1
46,3:low,2:medium,+,1
47,3:low,2:medium,+,0.993
48,3:low,2:medium,+,1

