inst#,actual,predicted,error,prediction
1,3:low,3:low,,0.516
2,3:low,3:low,,1
3,2:medium,2:medium,,0.833
4,1:high,2:medium,+,0.779
5,3:low,2:medium,+,0.997
6,3:low,2:medium,+,1
7,2:medium,2:medium,,0.836
8,2:medium,2:medium,,1
9,3:low,3:low,,0.944
10,1:high,3:low,+,0.973
11,2:medium,3:low,+,0.983
12,3:low,3:low,,1
13,3:low,3:low,,0.999
14,2:medium,3:low,+,0.544
15,2:medium,3:low,+,0.515
16,3:low,3:low,,1
17,2:medium,3:low,+,0.953
18,3:low,3:low,,1
19,2:medium,2:medium,,1
20,2:medium,3:low,+,0.515
21,2:medium,2:medium,,1
22,3:low,2:medium,+,1
23,2:medium,3:low,+,1
24,3:low,3:low,,0.999
25,2:medium,3:low,+,0.998
26,3:low,3:low,,1
27,3:low,2:medium,+,0.835
28,2:medium,3:low,+,0.863
29,2:medium,2:medium,,0.835
30,2:medium,3:low,+,0.941
31,2:medium,1:high,+,1
32,2:medium,2:medium,,1
33,3:low,3:low,,1
34,2:medium,2:medium,,0.901
35,3:low,3:low,,1
36,2:medium,3:low,+,1
37,3:low,3:low,,0.998
38,3:low,3:low,,0.837
39,1:high,3:low,+,0.961
40,3:low,3:low,,0.993
41,3:low,2:medium,+,0.823
42,2:medium,3:low,+,1
43,1:high,3:low,+,0.986
44,2:medium,3:low,+,0.984
45,3:low,3:low,,0.506
46,3:low,2:medium,+,0.547
47,3:low,2:medium,+,0.894
48,3:low,2:medium,+,0.867

