inst#,actual,predicted,error,prediction
1,3:low,3:low,,0.759
2,3:low,3:low,,0.824
3,2:medium,3:low,+,0.728
4,1:high,3:low,+,0.812
5,3:low,3:low,,0.879
6,3:low,3:low,,0.648
7,2:medium,2:medium,,0.527
8,2:medium,3:low,+,0.511
9,3:low,3:low,,0.706
10,1:high,2:medium,+,0.618
11,2:medium,3:low,+,0.65
12,3:low,3:low,,0.509
13,3:low,3:low,,0.724
14,2:medium,3:low,+,0.692
15,2:medium,2:medium,,0.672
16,3:low,3:low,,0.838
17,2:medium,2:medium,,0.872
18,3:low,2:medium,+,0.751
19,2:medium,2:medium,,0.664
20,2:medium,2:medium,,0.582
21,2:medium,2:medium,,0.723
22,3:low,2:medium,+,0.613
23,2:medium,2:medium,,0.599
24,3:low,2:medium,+,0.827
25,2:medium,2:medium,,0.614
26,3:low,2:medium,+,0.721
27,3:low,2:medium,+,0.59
28,2:medium,3:low,+,0.512
29,2:medium,2:medium,,0.54
30,2:medium,2:medium,,0.636
31,2:medium,1:high,+,1
32,2:medium,2:medium,,0.587
33,3:low,2:medium,+,0.729
34,2:medium,2:medium,,0.7
35,3:low,2:medium,+,0.786
36,2:medium,2:medium,,0.785
37,3:low,2:medium,+,0.78
38,3:low,2:medium,+,0.661
39,1:high,3:low,+,0.677
40,3:low,3:low,,0.547
41,3:low,2:medium,+,0.822
42,2:medium,3:low,+,0.509
43,1:high,2:medium,+,0.653
44,2:medium,2:medium,,0.785
45,3:low,2:medium,+,0.738
46,3:low,2:medium,+,0.635
47,3:low,2:medium,+,0.647
48,3:low,2:medium,+,0.612

