inst#,actual,predicted,error,prediction
1,3:low,3:low,,0.509
2,3:low,3:low,,0.542
3,2:medium,2:medium,,0.534
4,1:high,2:medium,+,0.598
5,3:low,2:medium,+,0.51
6,3:low,2:medium,+,0.635
7,2:medium,2:medium,,0.626
8,2:medium,2:medium,,0.615
9,3:low,2:medium,+,0.604
10,1:high,2:medium,+,0.701
11,2:medium,2:medium,,0.63
12,3:low,2:medium,+,0.608
13,3:low,2:medium,+,0.619
14,2:medium,2:medium,,0.635
15,2:medium,2:medium,,0.635
16,3:low,2:medium,+,0.57
17,2:medium,2:medium,,0.589
18,3:low,2:medium,+,0.838
19,2:medium,2:medium,,0.649
20,2:medium,2:medium,,0.784
21,2:medium,2:medium,,0.689
22,3:low,2:medium,+,0.634
23,2:medium,2:medium,,0.696
24,3:low,2:medium,+,0.816
25,2:medium,2:medium,,0.686
26,3:low,2:medium,+,0.651
27,3:low,2:medium,+,0.641
28,2:medium,3:low,+,0.51
29,2:medium,2:medium,,0.597
30,2:medium,2:medium,,0.608
31,2:medium,1:high,+,1
32,2:medium,2:medium,,0.635
33,3:low,2:medium,+,0.571
34,2:medium,2:medium,,0.751
35,3:low,2:medium,+,0.837
36,2:medium,2:medium,,0.877
37,3:low,2:medium,+,0.761
38,3:low,2:medium,+,0.782
39,1:high,3:low,+,0.663
40,3:low,2:medium,+,0.534
41,3:low,2:medium,+,0.72
42,2:medium,2:medium,,0.528
43,1:high,2:medium,+,0.787
44,2:medium,2:medium,,0.77
45,3:low,2:medium,+,0.792
46,3:low,2:medium,+,0.524
47,3:low,3:low,,0.515
48,3:low,2:medium,+,0.708

