inst#,actual,predicted,error,prediction
1,3:low,1:high,+,0.459
2,3:low,1:high,+,0.34
3,2:medium,2:medium,,0.687
4,1:high,3:low,+,0.707
5,3:low,2:medium,+,0.557
6,3:low,2:medium,+,0.639
7,2:medium,2:medium,,0.487
8,2:medium,2:medium,,0.648
9,3:low,2:medium,+,0.507
10,1:high,3:low,+,0.536
11,2:medium,2:medium,,0.507
12,3:low,3:low,,0.788
13,3:low,3:low,,0.566
14,2:medium,2:medium,,0.528
15,2:medium,2:medium,,0.517
16,3:low,1:high,+,0.94
17,2:medium,2:medium,,0.477
18,3:low,3:low,,0.637
19,2:medium,3:low,+,0.455
20,2:medium,2:medium,,0.609
21,2:medium,2:medium,,0.699
22,3:low,2:medium,+,0.618
23,2:medium,3:low,+,0.586
24,3:low,3:low,,0.576
25,2:medium,2:medium,,0.487
26,3:low,3:low,,0.404
27,3:low,2:medium,+,0.598
28,2:medium,2:medium,,0.517
29,2:medium,2:medium,,0.608
30,2:medium,2:medium,,0.517
31,2:medium,1:high,+,0.98
32,2:medium,2:medium,,0.669
33,3:low,3:low,,0.444
34,2:medium,2:medium,,0.699
35,3:low,2:medium,+,0.526
36,2:medium,2:medium,,0.489
37,3:low,2:medium,+,0.535
38,3:low,2:medium,+,0.556
39,1:high,3:low,+,0.758
40,3:low,3:low,,0.586
41,3:low,2:medium,+,0.648
42,2:medium,2:medium,,0.566
43,1:high,2:medium,+,0.365
44,2:medium,2:medium,,0.606
45,3:low,2:medium,+,0.646
46,3:low,2:medium,+,0.627
47,3:low,2:medium,+,0.626
48,3:low,2:medium,+,0.637

