inst#,actual,predicted,error,prediction
1,3:low,2:medium,+,0.618
2,3:low,2:medium,+,0.578
3,2:medium,2:medium,,0.687
4,1:high,2:medium,+,0.687
5,3:low,2:medium,+,0.687
6,3:low,2:medium,+,0.687
7,2:medium,2:medium,,0.621
8,2:medium,2:medium,,0.621
9,3:low,2:medium,+,0.621
10,1:high,2:medium,+,0.621
11,2:medium,2:medium,,0.621
12,3:low,2:medium,+,0.621
13,3:low,2:medium,+,0.621
14,2:medium,2:medium,,0.687
15,2:medium,2:medium,,0.687
16,3:low,1:high,+,0.692
17,2:medium,2:medium,,0.687
18,3:low,2:medium,+,0.621
19,2:medium,2:medium,,0.687
20,2:medium,2:medium,,0.512
21,2:medium,2:medium,,0.578
22,3:low,2:medium,+,0.578
23,2:medium,2:medium,,0.578
24,3:low,2:medium,+,0.512
25,2:medium,2:medium,,0.512
26,3:low,2:medium,+,0.512
27,3:low,2:medium,+,0.512
28,2:medium,2:medium,,0.512
29,2:medium,2:medium,,0.621
30,2:medium,2:medium,,0.621
31,2:medium,1:high,+,1
32,2:medium,2:medium,,0.621
33,3:low,2:medium,+,0.621
34,2:medium,2:medium,,0.621
35,3:low,2:medium,+,0.621
36,2:medium,2:medium,,0.621
37,3:low,2:medium,+,0.621
38,3:low,2:medium,+,0.621
39,1:high,3:low,+,0.814
40,3:low,2:medium,+,0.621
41,3:low,2:medium,+,0.621
42,2:medium,2:medium,,0.621
43,1:high,2:medium,+,0.621
44,2:medium,2:medium,,0.621
45,3:low,2:medium,+,0.621
46,3:low,2:medium,+,0.621
47,3:low,2:medium,+,0.621
48,3:low,2:medium,+,0.621

