inst#,actual,predicted,error,prediction
1,3:low,2:medium,+,1
2,3:low,3:low,,1
3,2:medium,2:medium,,1
4,1:high,2:medium,+,1
5,3:low,2:medium,+,1
6,3:low,2:medium,+,1
7,2:medium,3:low,+,0.998
8,2:medium,2:medium,,1
9,3:low,2:medium,+,0.905
10,1:high,3:low,+,0.966
11,2:medium,3:low,+,1
12,3:low,3:low,,1
13,3:low,3:low,,0.995
14,2:medium,2:medium,,1
15,2:medium,2:medium,,1
16,3:low,3:low,,1
17,2:medium,2:medium,,1
18,3:low,3:low,,0.864
19,2:medium,2:medium,,1
20,2:medium,2:medium,,1
21,2:medium,2:medium,,1
22,3:low,2:medium,+,1
23,2:medium,2:medium,,1
24,3:low,3:low,,0.901
25,2:medium,2:medium,,0.966
26,3:low,3:low,,1
27,3:low,3:low,,0.983
28,2:medium,3:low,+,1
29,2:medium,2:medium,,0.597
30,2:medium,3:low,+,1
31,2:medium,1:high,+,1
32,2:medium,2:medium,,1
33,3:low,3:low,,1
34,2:medium,2:medium,,1
35,3:low,2:medium,+,0.803
36,2:medium,2:medium,,0.893
37,3:low,3:low,,1
38,3:low,2:medium,+,1
39,1:high,3:low,+,1
40,3:low,3:low,,1
41,3:low,2:medium,+,1
42,2:medium,3:low,+,0.999
43,1:high,3:low,+,1
44,2:medium,2:medium,,0.648
45,3:low,3:low,,0.59
46,3:low,2:medium,+,1
47,3:low,2:medium,+,1
48,3:low,2:medium,+,1

