inst#,actual,predicted,error,prediction
1,3:low,2:medium,+,0.58
2,3:low,3:low,,0.652
3,2:medium,3:low,+,0.605
4,1:high,2:medium,+,0.656
5,3:low,2:medium,+,0.604
6,3:low,2:medium,+,0.558
7,2:medium,2:medium,,0.52
8,2:medium,2:medium,,0.586
9,3:low,3:low,,0.67
10,1:high,3:low,+,0.582
11,2:medium,3:low,+,0.652
12,3:low,3:low,,0.754
13,3:low,3:low,,0.684
14,2:medium,3:low,+,0.548
15,2:medium,3:low,+,0.6
16,3:low,1:high,+,0.794
17,2:medium,2:medium,,0.547
18,3:low,2:medium,+,0.391
19,2:medium,2:medium,,0.427
20,2:medium,3:low,+,0.399
21,2:medium,1:high,+,0.353
22,3:low,2:medium,+,0.475
23,2:medium,2:medium,,0.475
24,3:low,2:medium,+,0.391
25,2:medium,2:medium,,0.391
26,3:low,2:medium,+,0.391
27,3:low,1:high,+,0.382
28,2:medium,2:medium,,0.557
29,2:medium,2:medium,,0.586
30,2:medium,2:medium,,0.568
31,2:medium,1:high,+,1
32,2:medium,2:medium,,0.58
33,3:low,2:medium,+,0.544
34,2:medium,2:medium,,0.636
35,3:low,2:medium,+,0.644
36,2:medium,2:medium,,0.644
37,3:low,2:medium,+,0.592
38,3:low,2:medium,+,0.61
39,1:high,2:medium,+,0.541
40,3:low,2:medium,+,0.586
41,3:low,2:medium,+,0.569
42,2:medium,2:medium,,0.638
43,1:high,2:medium,+,0.637
44,2:medium,2:medium,,0.661
45,3:low,2:medium,+,0.592
46,3:low,2:medium,+,0.587
47,3:low,2:medium,+,0.587
48,3:low,2:medium,+,0.657

