inst#,actual,predicted,error,prediction
1,3:low,2:medium,+,0.576
2,3:low,3:low,,0.521
3,2:medium,2:medium,,0.7
4,1:high,2:medium,+,0.634
5,3:low,2:medium,+,0.508
6,3:low,2:medium,+,0.64
7,2:medium,2:medium,,0.644
8,2:medium,2:medium,,0.621
9,3:low,2:medium,+,0.523
10,1:high,2:medium,+,0.384
11,2:medium,2:medium,,0.578
12,3:low,2:medium,+,0.61
13,3:low,2:medium,+,0.613
14,2:medium,2:medium,,0.694
15,2:medium,2:medium,,0.6
16,3:low,1:high,+,0.61
17,2:medium,2:medium,,0.674
18,3:low,2:medium,+,0.634
19,2:medium,2:medium,,0.444
20,2:medium,2:medium,,0.595
21,2:medium,2:medium,,0.679
22,3:low,2:medium,+,0.624
23,2:medium,2:medium,,0.658
24,3:low,2:medium,+,0.705
25,2:medium,2:medium,,0.637
26,3:low,2:medium,+,0.601
27,3:low,2:medium,+,0.626
28,2:medium,2:medium,,0.514
29,2:medium,2:medium,,0.539
30,2:medium,2:medium,,0.572
31,2:medium,1:high,+,0.754
32,2:medium,2:medium,,0.678
33,3:low,2:medium,+,0.547
34,2:medium,2:medium,,0.626
35,3:low,2:medium,+,0.651
36,2:medium,2:medium,,0.72
37,3:low,2:medium,+,0.68
38,3:low,2:medium,+,0.676
39,1:high,3:low,+,0.66
40,3:low,2:medium,+,0.504
41,3:low,2:medium,+,0.65
42,2:medium,2:medium,,0.639
43,1:high,2:medium,+,0.594
44,2:medium,2:medium,,0.651
45,3:low,2:medium,+,0.678
46,3:low,2:medium,+,0.586
47,3:low,2:medium,+,0.597
48,3:low,2:medium,+,0.61

