inst#,actual,predicted,error,prediction
1,3:low,2:medium,+,0.516
2,3:low,3:low,,0.573
3,2:medium,2:medium,,0.768
4,1:high,2:medium,+,0.805
5,3:low,2:medium,+,0.822
6,3:low,2:medium,+,0.858
7,2:medium,2:medium,,0.75
8,2:medium,2:medium,,0.763
9,3:low,2:medium,+,0.717
10,1:high,2:medium,+,0.721
11,2:medium,2:medium,,0.743
12,3:low,2:medium,+,0.743
13,3:low,2:medium,+,0.772
14,2:medium,2:medium,,0.821
15,2:medium,2:medium,,0.838
16,3:low,2:medium,+,0.505
17,2:medium,2:medium,,0.835
18,3:low,2:medium,+,0.726
19,2:medium,2:medium,,0.784
20,2:medium,2:medium,,0.65
21,2:medium,2:medium,,0.784
22,3:low,2:medium,+,0.788
23,2:medium,2:medium,,0.836
24,3:low,2:medium,+,0.707
25,2:medium,2:medium,,0.735
26,3:low,2:medium,+,0.762
27,3:low,2:medium,+,0.665
28,2:medium,2:medium,,0.604
29,2:medium,2:medium,,0.697
30,2:medium,2:medium,,0.766
31,2:medium,1:high,+,0.885
32,2:medium,2:medium,,0.772
33,3:low,2:medium,+,0.754
34,2:medium,2:medium,,0.777
35,3:low,2:medium,+,0.747
36,2:medium,2:medium,,0.753
37,3:low,2:medium,+,0.754
38,3:low,2:medium,+,0.744
39,1:high,2:medium,+,0.75
40,3:low,2:medium,+,0.788
41,3:low,2:medium,+,0.798
42,2:medium,2:medium,,0.778
43,1:high,2:medium,+,0.763
44,2:medium,2:medium,,0.769
45,3:low,2:medium,+,0.782
46,3:low,2:medium,+,0.796
47,3:low,2:medium,+,0.789
48,3:low,2:medium,+,0.816

