inst#,actual,predicted,error,prediction
1,3:low,2:medium,+,0.462
2,3:low,3:low,,0.538
3,2:medium,2:medium,,0.5
4,1:high,2:medium,+,0.5
5,3:low,2:medium,+,0.615
6,3:low,2:medium,+,0.462
7,2:medium,2:medium,,0.423
8,2:medium,2:medium,,0.462
9,3:low,2:medium,+,0.5
10,1:high,2:medium,+,0.462
11,2:medium,2:medium,,0.423
12,3:low,3:low,,0.462
13,3:low,2:medium,+,0.462
14,2:medium,2:medium,,0.5
15,2:medium,2:medium,,0.538
16,3:low,1:high,+,0.462
17,2:medium,2:medium,,0.5
18,3:low,2:medium,+,0.423
19,2:medium,1:high,+,0.385
20,2:medium,3:low,+,0.385
21,2:medium,2:medium,,0.423
22,3:low,2:medium,+,0.385
23,2:medium,2:medium,,0.423
24,3:low,2:medium,+,0.423
25,2:medium,2:medium,,0.462
26,3:low,2:medium,+,0.462
27,3:low,2:medium,+,0.423
28,2:medium,3:low,+,0.538
29,2:medium,2:medium,,0.462
30,2:medium,2:medium,,0.462
31,2:medium,1:high,+,0.962
32,2:medium,2:medium,,0.462
33,3:low,2:medium,+,0.423
34,2:medium,2:medium,,0.5
35,3:low,2:medium,+,0.577
36,2:medium,2:medium,,0.538
37,3:low,2:medium,+,0.538
38,3:low,2:medium,+,0.462
39,1:high,3:low,+,0.462
40,3:low,2:medium,+,0.5
41,3:low,2:medium,+,0.462
42,2:medium,2:medium,,0.462
43,1:high,2:medium,+,0.577
44,2:medium,2:medium,,0.654
45,3:low,2:medium,+,0.577
46,3:low,3:low,,0.462
47,3:low,2:medium,+,0.462
48,3:low,2:medium,+,0.615

