inst#,actual,predicted,error,prediction
1,3:low,2:medium,+,0.434
2,3:low,2:medium,+,0.498
3,2:medium,2:medium,,0.711
4,1:high,2:medium,+,0.637
5,3:low,2:medium,+,0.675
6,3:low,2:medium,+,0.701
7,2:medium,2:medium,,0.52
8,2:medium,2:medium,,0.587
9,3:low,3:low,,0.555
10,1:high,3:low,+,0.469
11,2:medium,3:low,+,0.531
12,3:low,3:low,,0.513
13,3:low,3:low,,0.543
14,2:medium,2:medium,,0.53
15,2:medium,2:medium,,0.729
16,3:low,1:high,+,0.753
17,2:medium,2:medium,,0.599
18,3:low,3:low,,0.503
19,2:medium,2:medium,,0.64
20,2:medium,3:low,+,0.534
21,2:medium,2:medium,,0.633
22,3:low,2:medium,+,0.61
23,2:medium,2:medium,,0.497
24,3:low,3:low,,0.489
25,2:medium,3:low,+,0.485
26,3:low,2:medium,+,0.414
27,3:low,2:medium,+,0.477
28,2:medium,2:medium,,0.505
29,2:medium,2:medium,,0.531
30,2:medium,2:medium,,0.501
31,2:medium,1:high,+,0.99
32,2:medium,2:medium,,0.508
33,3:low,2:medium,+,0.454
34,2:medium,2:medium,,0.559
35,3:low,3:low,,0.525
36,2:medium,3:low,+,0.516
37,3:low,2:medium,+,0.543
38,3:low,3:low,,0.514
39,1:high,3:low,+,0.685
40,3:low,2:medium,+,0.503
41,3:low,2:medium,+,0.556
42,2:medium,2:medium,,0.506
43,1:high,2:medium,+,0.497
44,2:medium,2:medium,,0.565
45,3:low,2:medium,+,0.572
46,3:low,2:medium,+,0.561
47,3:low,2:medium,+,0.603
48,3:low,2:medium,+,0.527

