inst#,actual,predicted,error,prediction
1,3:low,2:medium,+,0.521
2,3:low,3:low,,0.589
3,2:medium,2:medium,,0.522
4,1:high,2:medium,+,0.563
5,3:low,2:medium,+,0.606
6,3:low,2:medium,+,0.673
7,2:medium,2:medium,,0.606
8,2:medium,2:medium,,0.562
9,3:low,2:medium,+,0.419
10,1:high,3:low,+,0.516
11,2:medium,3:low,+,0.564
12,3:low,3:low,,0.653
13,3:low,2:medium,+,0.502
14,2:medium,2:medium,,0.525
15,2:medium,2:medium,,0.614
16,3:low,1:high,+,0.644
17,2:medium,2:medium,,0.682
18,3:low,2:medium,+,0.651
19,2:medium,2:medium,,0.551
20,2:medium,2:medium,,0.637
21,2:medium,2:medium,,0.771
22,3:low,2:medium,+,0.753
23,2:medium,2:medium,,0.726
24,3:low,2:medium,+,0.576
25,2:medium,2:medium,,0.641
26,3:low,2:medium,+,0.656
27,3:low,2:medium,+,0.553
28,2:medium,2:medium,,0.531
29,2:medium,2:medium,,0.553
30,2:medium,2:medium,,0.574
31,2:medium,1:high,+,0.733
32,2:medium,2:medium,,0.658
33,3:low,2:medium,+,0.633
34,2:medium,2:medium,,0.66
35,3:low,2:medium,+,0.636
36,2:medium,2:medium,,0.658
37,3:low,2:medium,+,0.641
38,3:low,2:medium,+,0.598
39,1:high,2:medium,+,0.531
40,3:low,2:medium,+,0.596
41,3:low,2:medium,+,0.636
42,2:medium,2:medium,,0.658
43,1:high,2:medium,+,0.636
44,2:medium,2:medium,,0.68
45,3:low,2:medium,+,0.68
46,3:low,2:medium,+,0.663
47,3:low,2:medium,+,0.663
48,3:low,2:medium,+,0.663

