inst#,actual,predicted,error,prediction
1,3:low,2:medium,+,0.53
2,3:low,3:low,,0.569
3,2:medium,3:low,+,0.543
4,1:high,2:medium,+,0.503
5,3:low,2:medium,+,0.53
6,3:low,2:medium,+,0.551
7,2:medium,2:medium,,0.652
8,2:medium,2:medium,,0.599
9,3:low,2:medium,+,0.453
10,1:high,3:low,+,0.449
11,2:medium,2:medium,,0.526
12,3:low,2:medium,+,0.528
13,3:low,2:medium,+,0.508
14,2:medium,2:medium,,0.529
15,2:medium,2:medium,,0.532
16,3:low,2:medium,+,0.609
17,2:medium,3:low,+,0.528
18,3:low,2:medium,+,0.588
19,2:medium,1:high,+,0.532
20,2:medium,2:medium,,0.487
21,2:medium,2:medium,,0.634
22,3:low,2:medium,+,0.575
23,2:medium,2:medium,,0.586
24,3:low,2:medium,+,0.488
25,2:medium,2:medium,,0.45
26,3:low,2:medium,+,0.412
27,3:low,2:medium,+,0.503
28,2:medium,2:medium,,0.482
29,2:medium,2:medium,,0.639
30,2:medium,3:low,+,0.443
31,2:medium,1:high,+,0.713
32,2:medium,2:medium,,0.561
33,3:low,2:medium,+,0.47
34,2:medium,2:medium,,0.497
35,3:low,3:low,,0.457
36,2:medium,2:medium,,0.482
37,3:low,3:low,,0.459
38,3:low,2:medium,+,0.488
39,1:high,3:low,+,0.868
40,3:low,2:medium,+,0.447
41,3:low,2:medium,+,0.442
42,2:medium,2:medium,,0.505
43,1:high,2:medium,+,0.449
44,2:medium,3:low,+,0.452
45,3:low,3:low,,0.446
46,3:low,2:medium,+,0.534
47,3:low,2:medium,+,0.506
48,3:low,2:medium,+,0.511

