inst#,actual,predicted,error,prediction
1,3:low,3:low,,0.474
2,3:low,3:low,,0.496
3,2:medium,2:medium,,0.482
4,1:high,2:medium,+,0.462
5,3:low,3:low,,0.407
6,3:low,2:medium,+,0.591
7,2:medium,2:medium,,0.545
8,2:medium,2:medium,,0.559
9,3:low,2:medium,+,0.554
10,1:high,2:medium,+,0.504
11,2:medium,2:medium,,0.543
12,3:low,2:medium,+,0.513
13,3:low,2:medium,+,0.487
14,2:medium,2:medium,,0.549
15,2:medium,2:medium,,0.523
16,3:low,2:medium,+,0.453
17,2:medium,2:medium,,0.509
18,3:low,2:medium,+,0.542
19,2:medium,2:medium,,0.44
20,2:medium,2:medium,,0.483
21,2:medium,2:medium,,0.53
22,3:low,2:medium,+,0.553
23,2:medium,2:medium,,0.563
24,3:low,2:medium,+,0.547
25,2:medium,2:medium,,0.435
26,3:low,2:medium,+,0.426
27,3:low,3:low,,0.418
28,2:medium,2:medium,,0.428
29,2:medium,2:medium,,0.44
30,2:medium,2:medium,,0.431
31,2:medium,1:high,+,0.6
32,2:medium,2:medium,,0.537
33,3:low,3:low,,0.405
34,2:medium,2:medium,,0.572
35,3:low,2:medium,+,0.564
36,2:medium,2:medium,,0.554
37,3:low,2:medium,+,0.522
38,3:low,2:medium,+,0.539
39,1:high,3:low,+,0.412
40,3:low,2:medium,+,0.427
41,3:low,2:medium,+,0.525
42,2:medium,3:low,+,0.479
43,1:high,2:medium,+,0.514
44,2:medium,2:medium,,0.511
45,3:low,2:medium,+,0.536
46,3:low,3:low,,0.41
47,3:low,3:low,,0.433
48,3:low,2:medium,+,0.441

