inst#,actual,predicted,error,prediction
1,3:low,3:low,,0.516
2,3:low,3:low,,0.555
3,2:medium,3:low,+,0.568
4,1:high,2:medium,+,0.498
5,3:low,3:low,,0.516
6,3:low,3:low,,0.516
7,2:medium,3:low,+,0.621
8,2:medium,3:low,+,0.516
9,3:low,3:low,,0.568
10,1:high,3:low,+,0.621
11,2:medium,3:low,+,0.568
12,3:low,3:low,,0.568
13,3:low,3:low,,0.568
14,2:medium,3:low,+,0.516
15,2:medium,2:medium,,0.498
16,3:low,3:low,,0.59
17,2:medium,3:low,+,0.568
18,3:low,3:low,,0.575
19,2:medium,2:medium,,0.505
20,2:medium,3:low,+,0.528
21,2:medium,3:low,+,0.475
22,3:low,3:low,,0.436
23,2:medium,3:low,+,0.488
24,3:low,3:low,,0.568
25,2:medium,3:low,+,0.568
26,3:low,3:low,,0.568
27,3:low,3:low,,0.568
28,2:medium,3:low,+,0.608
29,2:medium,3:low,+,0.568
30,2:medium,3:low,+,0.568
31,2:medium,1:high,+,0.98
32,2:medium,3:low,+,0.516
33,3:low,3:low,,0.568
34,2:medium,3:low,+,0.568
35,3:low,3:low,,0.621
36,2:medium,3:low,+,0.621
37,3:low,3:low,,0.568
38,3:low,3:low,,0.516
39,1:high,3:low,+,0.689
40,3:low,3:low,,0.516
41,3:low,3:low,,0.568
42,2:medium,3:low,+,0.568
43,1:high,2:medium,+,0.498
44,2:medium,3:low,+,0.568
45,3:low,3:low,,0.516
46,3:low,3:low,,0.568
47,3:low,3:low,,0.516
48,3:low,3:low,,0.516

