inst#,actual,predicted,error,prediction
1,3:low,2:medium,+,0.489
2,3:low,3:low,,0.524
3,2:medium,2:medium,,0.737
4,1:high,3:low,+,0.566
5,3:low,2:medium,+,0.711
6,3:low,2:medium,+,0.724
7,2:medium,2:medium,,0.633
8,2:medium,2:medium,,0.791
9,3:low,2:medium,+,0.555
10,1:high,2:medium,+,0.515
11,2:medium,2:medium,,0.515
12,3:low,3:low,,0.695
13,3:low,2:medium,+,0.515
14,2:medium,2:medium,,0.66
15,2:medium,2:medium,,0.763
16,3:low,1:high,+,0.789
17,2:medium,2:medium,,0.658
18,3:low,3:low,,0.669
19,2:medium,2:medium,,0.684
20,2:medium,2:medium,,0.489
21,2:medium,2:medium,,0.724
22,3:low,2:medium,+,0.697
23,2:medium,3:low,+,0.553
24,3:low,3:low,,0.538
25,2:medium,2:medium,,0.581
26,3:low,3:low,,0.485
27,3:low,2:medium,+,0.62
28,2:medium,2:medium,,0.633
29,2:medium,2:medium,,0.633
30,2:medium,2:medium,,0.541
31,2:medium,1:high,+,1
32,2:medium,2:medium,,0.594
33,3:low,3:low,,0.511
34,2:medium,2:medium,,0.633
35,3:low,2:medium,+,0.541
36,2:medium,2:medium,,0.541
37,3:low,2:medium,+,0.568
38,3:low,2:medium,+,0.633
39,1:high,3:low,+,0.774
40,3:low,3:low,,0.498
41,3:low,2:medium,+,0.726
42,2:medium,2:medium,,0.594
43,1:high,2:medium,+,0.462
44,2:medium,2:medium,,0.686
45,3:low,2:medium,+,0.712
46,3:low,2:medium,+,0.647
47,3:low,2:medium,+,0.739
48,3:low,2:medium,+,0.712

