inst#,actual,predicted,error,prediction
1,3:low,2:medium,+,0.521
2,3:low,2:medium,+,0.479
3,2:medium,2:medium,,0.573
4,1:high,2:medium,+,0.429
5,3:low,2:medium,+,0.501
6,3:low,2:medium,+,0.494
7,2:medium,2:medium,,0.425
8,2:medium,2:medium,,0.521
9,3:low,1:high,+,0.622
10,1:high,1:high,,0.503
11,2:medium,2:medium,,0.527
12,3:low,2:medium,+,0.511
13,3:low,2:medium,+,0.587
14,2:medium,2:medium,,0.551
15,2:medium,2:medium,,0.551
16,3:low,1:high,+,0.717
17,2:medium,2:medium,,0.564
18,3:low,2:medium,+,0.473
19,2:medium,1:high,+,0.716
20,2:medium,2:medium,,0.475
21,2:medium,2:medium,,0.537
22,3:low,2:medium,+,0.52
23,2:medium,1:high,+,0.479
24,3:low,2:medium,+,0.5
25,2:medium,2:medium,,0.437
26,3:low,1:high,+,0.431
27,3:low,2:medium,+,0.574
28,2:medium,2:medium,,0.455
29,2:medium,2:medium,,0.446
30,2:medium,2:medium,,0.473
31,2:medium,1:high,+,0.879
32,2:medium,2:medium,,0.473
33,3:low,2:medium,+,0.434
34,2:medium,2:medium,,0.514
35,3:low,2:medium,+,0.568
36,2:medium,2:medium,,0.545
37,3:low,2:medium,+,0.544
38,3:low,2:medium,+,0.521
39,1:high,3:low,+,0.799
40,3:low,2:medium,+,0.516
41,3:low,2:medium,+,0.414
42,2:medium,2:medium,,0.55
43,1:high,2:medium,+,0.523
44,2:medium,2:medium,,0.544
45,3:low,2:medium,+,0.497
46,3:low,2:medium,+,0.574
47,3:low,2:medium,+,0.568
48,3:low,2:medium,+,0.408

