inst#,actual,predicted,error,prediction
1,3:low,3:low,,0.625
2,3:low,3:low,,0.813
3,2:medium,3:low,+,0.625
4,1:high,3:low,+,0.688
5,3:low,3:low,,0.75
6,3:low,2:medium,+,0.5
7,2:medium,3:low,+,0.688
8,2:medium,3:low,+,0.875
9,3:low,3:low,,0.563
10,1:high,3:low,+,0.5
11,2:medium,3:low,+,0.563
12,3:low,2:medium,+,0.563
13,3:low,3:low,,0.688
14,2:medium,3:low,+,0.625
15,2:medium,3:low,+,0.563
16,3:low,1:high,+,0.688
17,2:medium,3:low,+,0.625
18,3:low,3:low,,0.625
19,2:medium,2:medium,,0.5
20,2:medium,3:low,+,0.5
21,2:medium,3:low,+,0.5
22,3:low,3:low,,0.563
23,2:medium,3:low,+,0.5
24,3:low,3:low,,0.625
25,2:medium,3:low,+,0.563
26,3:low,3:low,,0.625
27,3:low,3:low,,0.625
28,2:medium,3:low,+,0.5
29,2:medium,3:low,+,0.563
30,2:medium,3:low,+,0.563
31,2:medium,1:high,+,0.938
32,2:medium,3:low,+,0.5
33,3:low,3:low,,0.563
34,2:medium,2:medium,,0.563
35,3:low,2:medium,+,0.5
36,2:medium,2:medium,,0.5
37,3:low,3:low,,0.563
38,3:low,3:low,,0.5
39,1:high,3:low,+,0.625
40,3:low,3:low,,0.563
41,3:low,3:low,,0.5
42,2:medium,3:low,+,0.5
43,1:high,3:low,+,0.5
44,2:medium,3:low,+,0.5
45,3:low,3:low,,0.5
46,3:low,3:low,,0.5
47,3:low,3:low,,0.5
48,3:low,3:low,,0.5

