inst#,actual,predicted,error,distribution,,
1,2:medium,3:low,+,0,0,*1
2,2:medium,2:medium,,0,*1,0
3,2:medium,2:medium,,0,*1,0
4,3:low,2:medium,+,0,*1,0
5,2:medium,3:low,+,0,0,*1
6,2:medium,2:medium,,0,*1,0
7,2:medium,2:medium,,0,*1,0
8,3:low,3:low,,0,0,*1
9,2:medium,3:low,+,0,0.087,*0.913
10,2:medium,3:low,+,0,0,*1
11,2:medium,3:low,+,0,0.446,*0.554
12,2:medium,3:low,+,0,0,*1
13,2:medium,3:low,+,0,0,*1
14,2:medium,3:low,+,0,0,*1
15,2:medium,3:low,+,0,0,*1
16,2:medium,3:low,+,0,0,*1
17,2:medium,2:medium,,0,*1,0
18,2:medium,2:medium,,0,*0.996,0.004
19,3:low,1:high,+,*1,0,0
20,2:medium,2:medium,,0,*1,0
21,3:low,2:medium,+,0,*1,0
22,3:low,2:medium,+,0,*1,0
23,3:low,2:medium,+,0,*1,0
24,3:low,2:medium,+,0,*1,0
25,3:low,2:medium,+,0,*1,0
26,2:medium,1:high,+,*1,0,0
27,2:medium,1:high,+,*0.956,0.044,0
28,3:low,2:medium,+,0,*1,0
29,3:low,2:medium,+,0.003,*0.997,0
30,2:medium,2:medium,,0,*1,0
31,2:medium,2:medium,,0,*1,0
32,2:medium,1:high,+,*0.999,0.001,0
33,1:high,2:medium,+,0,*1,0
34,1:high,1:high,,*1,0,0
35,1:high,1:high,,*1,0,0
36,1:high,1:high,,*1,0,0
37,1:high,1:high,,*1,0,0
38,1:high,1:high,,*1,0,0
39,1:high,1:high,,*1,0,0
40,1:high,1:high,,*1,0,0
41,1:high,1:high,,*1,0,0
42,1:high,1:high,,*1,0,0
43,1:high,1:high,,*0.909,0.091,0
44,1:high,1:high,,*1,0,0
45,1:high,1:high,,*1,0,0
46,1:high,1:high,,*1,0,0
47,1:high,1:high,,*0.993,0.007,0
48,1:high,1:high,,*1,0,0
