inst#,actual,predicted,error,distribution,,
1,2:medium,2:medium,,0,*0.938,0.062
2,2:medium,2:medium,,0,*0.976,0.024
3,2:medium,2:medium,,0,*0.991,0.009
4,3:low,3:low,,0,0.019,*0.981
5,2:medium,3:low,+,0,0.038,*0.962
6,2:medium,2:medium,,0,*1,0
7,2:medium,2:medium,,0,*0.993,0.007
8,3:low,2:medium,+,0,*1,0
9,2:medium,2:medium,,0,*0.95,0.05
10,2:medium,2:medium,,0,*1,0
11,2:medium,2:medium,,0,*1,0
12,2:medium,2:medium,,0,*0.962,0.038
13,2:medium,2:medium,,0,*1,0
14,2:medium,2:medium,,0,*1,0
15,2:medium,2:medium,,0,*1,0
16,2:medium,2:medium,,0,*1,0
17,2:medium,2:medium,,0,*1,0
18,2:medium,2:medium,,0,*1,0
19,3:low,2:medium,+,0,*1,0
20,2:medium,2:medium,,0,*1,0
21,3:low,2:medium,+,0,*1,0
22,3:low,2:medium,+,0.004,*0.52,0.476
23,3:low,2:medium,+,0,*0.999,0.001
24,3:low,2:medium,+,0,*0.939,0.061
25,3:low,2:medium,+,0,*1,0
26,2:medium,2:medium,,0.001,*0.987,0.012
27,2:medium,2:medium,,0,*1,0
28,3:low,2:medium,+,0,*1,0
29,3:low,2:medium,+,0,*1,0
30,2:medium,2:medium,,0,*1,0
31,2:medium,2:medium,,0.003,*0.996,0.001
32,2:medium,2:medium,,0.028,*0.73,0.242
33,1:high,1:high,,*0.994,0.006,0
34,1:high,1:high,,*1,0,0
35,1:high,1:high,,*0.999,0.001,0
36,1:high,1:high,,*1,0,0
37,1:high,1:high,,*1,0,0
38,1:high,1:high,,*1,0,0
39,1:high,1:high,,*0.993,0.007,0
40,1:high,1:high,,*0.971,0.029,0
41,1:high,1:high,,*1,0,0
42,1:high,1:high,,*1,0,0
43,1:high,1:high,,*0.941,0.059,0
44,1:high,1:high,,*0.918,0.082,0
45,1:high,1:high,,*1,0,0
46,1:high,1:high,,*1,0,0
47,1:high,1:high,,*1,0,0
48,1:high,1:high,,*1,0,0
