inst#,actual,predicted,error,distribution,,
1,2:medium,2:medium,,0,*1,0
2,2:medium,2:medium,,0,*1,0
3,2:medium,2:medium,,0,*1,0
4,3:low,3:low,,0,0,*1
5,2:medium,2:medium,,0,*0.997,0.003
6,2:medium,3:low,+,0,0.021,*0.979
7,2:medium,2:medium,,0,*1,0
8,3:low,2:medium,+,0,*1,0
9,2:medium,2:medium,,0,*1,0
10,2:medium,2:medium,,0,*1,0
11,2:medium,2:medium,,0,*1,0
12,2:medium,2:medium,,0,*0.506,0.494
13,2:medium,2:medium,,0,*1,0
14,2:medium,2:medium,,0,*0.998,0.002
15,2:medium,2:medium,,0,*1,0
16,2:medium,2:medium,,0,*1,0
17,2:medium,2:medium,,0,*1,0
18,2:medium,2:medium,,0,*1,0
19,3:low,2:medium,+,0,*1,0
20,2:medium,2:medium,,0,*1,0
21,3:low,2:medium,+,0,*1,0
22,3:low,2:medium,+,0,*1,0
23,3:low,2:medium,+,0,*1,0
24,3:low,2:medium,+,0,*1,0
25,3:low,2:medium,+,0,*1,0
26,2:medium,2:medium,,0,*1,0
27,2:medium,2:medium,,0,*1,0
28,3:low,2:medium,+,0,*1,0
29,3:low,2:medium,+,0,*1,0
30,2:medium,2:medium,,0,*1,0
31,2:medium,2:medium,,0,*1,0
32,2:medium,2:medium,,0,*1,0
33,1:high,1:high,,*1,0,0
34,1:high,1:high,,*1,0,0
35,1:high,1:high,,*1,0,0
36,1:high,1:high,,*1,0,0
37,1:high,1:high,,*1,0,0
38,1:high,1:high,,*1,0,0
39,1:high,1:high,,*1,0,0
40,1:high,1:high,,*1,0,0
41,1:high,1:high,,*1,0,0
42,1:high,1:high,,*1,0,0
43,1:high,1:high,,*1,0,0
44,1:high,1:high,,*1,0,0
45,1:high,1:high,,*1,0,0
46,1:high,1:high,,*1,0,0
47,1:high,1:high,,*1,0,0
48,1:high,1:high,,*1,0,0
