inst#,actual,predicted,error,distribution,,
1,1:low,1:low,,*1,0,0
2,1:low,1:low,,*1,0,0
3,1:low,1:low,,*1,0,0
4,1:low,1:low,,*1,0,0
5,1:low,1:low,,*1,0,0
6,1:low,1:low,,*1,0,0
7,1:low,1:low,,*1,0,0
8,1:low,1:low,,*1,0,0
9,1:low,1:low,,*1,0,0
10,1:low,1:low,,*1,0,0
11,1:low,1:low,,*1,0,0
12,1:low,1:low,,*1,0,0
13,1:low,1:low,,*1,0,0
14,1:low,1:low,,*1,0,0
15,1:low,1:low,,*1,0,0
16,1:low,1:low,,*1,0,0
17,1:low,2:medium,+,0,*1,0
18,1:low,2:medium,+,0,*1,0
19,1:low,2:medium,+,0,*1,0
20,1:low,2:medium,+,0,*1,0
21,1:low,2:medium,+,0,*1,0
22,1:low,2:medium,+,0,*1,0
23,1:low,2:medium,+,0,*1,0
24,1:low,2:medium,+,0,*1,0
25,1:low,2:medium,+,0,*1,0
26,1:low,2:medium,+,0,*1,0
27,1:low,2:medium,+,0,*1,0
28,1:low,2:medium,+,0,*1,0
29,1:low,2:medium,+,0,*1,0
30,1:low,2:medium,+,0,*1,0
31,1:low,2:medium,+,0,*1,0
32,1:low,2:medium,+,0,*1,0
33,1:low,2:medium,+,0,*1,0
34,1:low,2:medium,+,0,*1,0
35,1:low,2:medium,+,0,*1,0
36,1:low,2:medium,+,0,*1,0
37,1:low,1:low,,*1,0,0
38,1:low,2:medium,+,0,*1,0
39,1:low,2:medium,+,0,*1,0
40,1:low,2:medium,+,0,*1,0
41,1:low,2:medium,+,0,*1,0
42,1:low,2:medium,+,0,*1,0
43,1:low,2:medium,+,0,*1,0
44,1:low,2:medium,+,0,*1,0
45,1:low,2:medium,+,0,*1,0
46,1:low,2:medium,+,0,*1,0
47,1:low,2:medium,+,0,*1,0
48,1:low,2:medium,+,0,*1,0
49,1:low,2:medium,+,0,*1,0
50,1:low,2:medium,+,0,*1,0
51,1:low,2:medium,+,0,*1,0
52,1:low,2:medium,+,0,*1,0
53,1:low,2:medium,+,0,*1,0
54,1:low,2:medium,+,0,*1,0
55,1:low,2:medium,+,0,*1,0
56,1:low,2:medium,+,0,*1,0
57,1:low,2:medium,+,0,*1,0
58,1:low,2:medium,+,0,*1,0
59,1:low,2:medium,+,0,*1,0
60,1:low,2:medium,+,0,*1,0
61,1:low,2:medium,+,0,*1,0
62,1:low,2:medium,+,0,*1,0
63,1:low,2:medium,+,0,*1,0
64,1:low,2:medium,+,0,*1,0
65,1:low,2:medium,+,0,*1,0
66,1:low,2:medium,+,0,*1,0
67,1:low,2:medium,+,0,*1,0
68,1:low,2:medium,+,0,*1,0
69,1:low,2:medium,+,0,*1,0
70,1:low,2:medium,+,0,*1,0
71,1:low,2:medium,+,0,*1,0
72,1:low,2:medium,+,0,*1,0
73,1:low,2:medium,+,0,*1,0
74,1:low,2:medium,+,0,*1,0
75,1:low,2:medium,+,0,*1,0
76,1:low,2:medium,+,0,*1,0
77,1:low,2:medium,+,0,*1,0
78,1:low,2:medium,+,0,*1,0
79,1:low,2:medium,+,0,*1,0
80,1:low,2:medium,+,0,*1,0
81,1:low,2:medium,+,0,*1,0
82,1:low,2:medium,+,0,*1,0
83,1:low,2:medium,+,0,*1,0
84,1:low,2:medium,+,0,*1,0
85,1:low,2:medium,+,0,*1,0
86,1:low,2:medium,+,0,*1,0
87,1:low,2:medium,+,0,*1,0
88,1:low,2:medium,+,0,*1,0
89,1:low,2:medium,+,0,*1,0
90,1:low,2:medium,+,0,*1,0
91,1:low,2:medium,+,0,*1,0
92,1:low,2:medium,+,0,*1,0
93,1:low,2:medium,+,0,*1,0
94,1:low,2:medium,+,0,*1,0
95,1:low,2:medium,+,0,*1,0
96,1:low,2:medium,+,0,*1,0
97,1:low,2:medium,+,0,*1,0
98,1:low,2:medium,+,0,*1,0
99,1:low,2:medium,+,0,*1,0
100,1:low,2:medium,+,0,*1,0
101,1:low,2:medium,+,0,*1,0
102,1:low,2:medium,+,0,*1,0
103,1:low,2:medium,+,0,*1,0
104,1:low,2:medium,+,0,*1,0
105,1:low,2:medium,+,0,*1,0
106,1:low,1:low,,*1,0,0
107,1:low,2:medium,+,0,*1,0
108,1:low,2:medium,+,0,*1,0
109,1:low,2:medium,+,0,*1,0
110,1:low,2:medium,+,0,*1,0
111,1:low,2:medium,+,0,*1,0
112,1:low,2:medium,+,0,*1,0
113,1:low,2:medium,+,0,*1,0
114,1:low,2:medium,+,0,*1,0
115,1:low,2:medium,+,0,*1,0
116,1:low,2:medium,+,0,*1,0
117,1:low,2:medium,+,0,*1,0
118,1:low,2:medium,+,0,*1,0
119,1:low,2:medium,+,0,*1,0
120,1:low,2:medium,+,0,*1,0
121,1:low,2:medium,+,0,*1,0
122,1:low,2:medium,+,0,*1,0
123,1:low,2:medium,+,0,*1,0
124,1:low,1:low,,*0.999,0.001,0
125,1:low,2:medium,+,0,*1,0
126,1:low,2:medium,+,0,*1,0
127,1:low,2:medium,+,0,*1,0
128,1:low,1:low,,*1,0,0
129,1:low,1:low,,*1,0,0
130,1:low,2:medium,+,0,*1,0
131,1:low,2:medium,+,0,*1,0
132,1:low,2:medium,+,0,*1,0
133,1:low,2:medium,+,0,*1,0
134,1:low,2:medium,+,0,*1,0
135,1:low,2:medium,+,0,*1,0
136,1:low,2:medium,+,0,*1,0
137,1:low,2:medium,+,0,*1,0
138,1:low,2:medium,+,0,*1,0
139,1:low,2:medium,+,0,*1,0
140,1:low,2:medium,+,0,*1,0
141,1:low,2:medium,+,0,*1,0
142,1:low,2:medium,+,0,*1,0
143,1:low,2:medium,+,0,*1,0
144,1:low,2:medium,+,0,*1,0
145,1:low,2:medium,+,0,*1,0
146,1:low,2:medium,+,0,*1,0
147,1:low,2:medium,+,0,*1,0
148,1:low,2:medium,+,0,*1,0
149,1:low,2:medium,+,0,*1,0
150,1:low,2:medium,+,0,*1,0
151,1:low,2:medium,+,0,*1,0
152,1:low,2:medium,+,0,*1,0
153,1:low,2:medium,+,0,*1,0
154,1:low,2:medium,+,0,*1,0
155,1:low,2:medium,+,0,*1,0
156,1:low,2:medium,+,0,*1,0
157,1:low,2:medium,+,0,*1,0
158,1:low,2:medium,+,0,*1,0
159,1:low,2:medium,+,0,*1,0
160,1:low,2:medium,+,0,*1,0
161,1:low,2:medium,+,0,*1,0
162,1:low,2:medium,+,0,*1,0
163,1:low,2:medium,+,0,*1,0
164,1:low,2:medium,+,0,*1,0
165,1:low,2:medium,+,0,*1,0
166,1:low,2:medium,+,0,*1,0
167,1:low,2:medium,+,0,*1,0
168,1:low,2:medium,+,0,*1,0
169,1:low,2:medium,+,0,*1,0
170,1:low,2:medium,+,0,*1,0
171,1:low,2:medium,+,0,*1,0
172,1:low,2:medium,+,0,*1,0
173,1:low,2:medium,+,0,*1,0
174,1:low,2:medium,+,0,*1,0
175,1:low,2:medium,+,0,*1,0
176,1:low,2:medium,+,0,*1,0
177,1:low,2:medium,+,0,*1,0
178,1:low,2:medium,+,0,*1,0
179,1:low,2:medium,+,0,*1,0
180,1:low,2:medium,+,0,*1,0
181,1:low,2:medium,+,0,*1,0
182,1:low,2:medium,+,0,*1,0
183,1:low,3:high,+,0,0,*1
184,1:low,3:high,+,0,0,*1
185,1:low,3:high,+,0,0,*1
186,1:low,3:high,+,0,0,*1
187,1:low,3:high,+,0,0,*1
188,1:low,3:high,+,0,0,*1
189,1:low,2:medium,+,0,*1,0
190,1:low,2:medium,+,0,*1,0
191,1:low,2:medium,+,0,*1,0
192,1:low,2:medium,+,0,*1,0
193,1:low,2:medium,+,0,*1,0
194,1:low,2:medium,+,0,*1,0
195,1:low,2:medium,+,0,*1,0
196,1:low,2:medium,+,0,*1,0
197,1:low,2:medium,+,0,*1,0
198,1:low,2:medium,+,0,*1,0
199,1:low,2:medium,+,0,*1,0
200,1:low,2:medium,+,0,*1,0
201,1:low,2:medium,+,0,*1,0
202,1:low,2:medium,+,0,*1,0
203,1:low,2:medium,+,0,*1,0
204,1:low,2:medium,+,0,*1,0
205,1:low,2:medium,+,0,*1,0
206,1:low,2:medium,+,0,*1,0
207,1:low,2:medium,+,0,*1,0
208,1:low,2:medium,+,0,*1,0
209,1:low,2:medium,+,0,*1,0
210,1:low,2:medium,+,0,*1,0
211,1:low,2:medium,+,0,*1,0
212,1:low,2:medium,+,0,*1,0
213,1:low,2:medium,+,0,*1,0
214,1:low,2:medium,+,0,*1,0
215,1:low,2:medium,+,0,*1,0
216,1:low,2:medium,+,0,*1,0
217,1:low,2:medium,+,0,*1,0
218,1:low,2:medium,+,0,*1,0
219,1:low,2:medium,+,0,*1,0
220,1:low,2:medium,+,0,*1,0
221,1:low,2:medium,+,0,*1,0
222,1:low,2:medium,+,0,*1,0
223,1:low,2:medium,+,0,*1,0
224,1:low,2:medium,+,0,*1,0
225,1:low,2:medium,+,0,*1,0
226,1:low,2:medium,+,0,*1,0
227,1:low,2:medium,+,0,*1,0
228,1:low,2:medium,+,0,*1,0
229,1:low,2:medium,+,0,*1,0
230,1:low,2:medium,+,0,*1,0
231,1:low,2:medium,+,0,*1,0
232,1:low,2:medium,+,0,*1,0
233,1:low,2:medium,+,0,*1,0
234,1:low,2:medium,+,0,*1,0
235,1:low,2:medium,+,0,*1,0
236,1:low,2:medium,+,0,*1,0
237,1:low,2:medium,+,0,*1,0
238,1:low,2:medium,+,0,*1,0
239,1:low,2:medium,+,0,*1,0
240,1:low,2:medium,+,0,*1,0
241,1:low,2:medium,+,0,*1,0
242,1:low,2:medium,+,0,*1,0
243,1:low,2:medium,+,0,*1,0
244,1:low,2:medium,+,0,*1,0
245,1:low,2:medium,+,0,*1,0
246,1:low,2:medium,+,0,*1,0
247,1:low,2:medium,+,0,*1,0
248,1:low,2:medium,+,0,*1,0
249,1:low,2:medium,+,0,*1,0
250,1:low,2:medium,+,0,*1,0
251,1:low,2:medium,+,0,*1,0
252,1:low,2:medium,+,0,*1,0
253,1:low,2:medium,+,0,*1,0
254,1:low,2:medium,+,0,*1,0
255,1:low,2:medium,+,0,*1,0
256,1:low,2:medium,+,0,*1,0
257,1:low,2:medium,+,0,*1,0
258,1:low,2:medium,+,0,*1,0
259,1:low,2:medium,+,0,*1,0
260,1:low,2:medium,+,0,*1,0
261,1:low,2:medium,+,0,*1,0
262,1:low,2:medium,+,0,*1,0
263,1:low,2:medium,+,0,*1,0
264,1:low,2:medium,+,0,*1,0
265,1:low,2:medium,+,0,*1,0
266,1:low,2:medium,+,0,*1,0
267,1:low,2:medium,+,0,*1,0
268,1:low,2:medium,+,0,*1,0
269,1:low,2:medium,+,0,*1,0
270,1:low,2:medium,+,0,*1,0
271,1:low,2:medium,+,0,*1,0
272,1:low,2:medium,+,0,*1,0
273,1:low,2:medium,+,0,*1,0
274,1:low,2:medium,+,0,*1,0
275,1:low,2:medium,+,0,*1,0
276,1:low,2:medium,+,0,*1,0
277,1:low,2:medium,+,0,*1,0
278,1:low,2:medium,+,0,*1,0
279,1:low,2:medium,+,0,*1,0
280,1:low,2:medium,+,0,*1,0
281,1:low,2:medium,+,0,*1,0
282,1:low,2:medium,+,0,*1,0
283,1:low,2:medium,+,0,*1,0
284,1:low,2:medium,+,0,*1,0
285,1:low,2:medium,+,0,*1,0
286,1:low,2:medium,+,0,*1,0
287,1:low,2:medium,+,0,*1,0
288,1:low,2:medium,+,0,*1,0
289,1:low,2:medium,+,0,*1,0
290,1:low,2:medium,+,0,*1,0
291,1:low,2:medium,+,0,*1,0
292,1:low,2:medium,+,0,*1,0
293,1:low,2:medium,+,0,*1,0
294,1:low,2:medium,+,0,*1,0
295,1:low,2:medium,+,0,*1,0
296,1:low,2:medium,+,0,*1,0
297,1:low,2:medium,+,0,*1,0
298,1:low,2:medium,+,0,*1,0
299,1:low,2:medium,+,0,*1,0
300,1:low,2:medium,+,0,*1,0
301,1:low,2:medium,+,0,*1,0
302,1:low,2:medium,+,0,*1,0
303,1:low,2:medium,+,0,*1,0
304,1:low,2:medium,+,0,*1,0
305,1:low,2:medium,+,0,*1,0
306,1:low,2:medium,+,0,*1,0
307,1:low,2:medium,+,0,*1,0
308,1:low,2:medium,+,0,*1,0
309,1:low,2:medium,+,0,*1,0
310,1:low,2:medium,+,0,*1,0
311,1:low,2:medium,+,0,*1,0
312,1:low,2:medium,+,0,*1,0
313,1:low,2:medium,+,0,*1,0
314,1:low,2:medium,+,0,*1,0
315,1:low,2:medium,+,0,*1,0
316,1:low,2:medium,+,0,*1,0
317,1:low,2:medium,+,0,*1,0
318,1:low,2:medium,+,0,*1,0
319,1:low,2:medium,+,0,*1,0
320,1:low,2:medium,+,0,*1,0
321,1:low,2:medium,+,0,*1,0
322,1:low,2:medium,+,0,*1,0
323,1:low,2:medium,+,0,*1,0
324,1:low,2:medium,+,0,*1,0
325,1:low,2:medium,+,0,*1,0
326,1:low,2:medium,+,0,*1,0
327,1:low,2:medium,+,0,*1,0
328,1:low,2:medium,+,0,*1,0
329,1:low,2:medium,+,0,*1,0
330,1:low,2:medium,+,0,*1,0
331,1:low,2:medium,+,0,*1,0
332,1:low,2:medium,+,0,*1,0
333,1:low,2:medium,+,0,*1,0
334,1:low,2:medium,+,0,*1,0
335,1:low,2:medium,+,0,*1,0
336,1:low,2:medium,+,0,*1,0
337,1:low,2:medium,+,0,*1,0
338,1:low,2:medium,+,0,*1,0
339,1:low,2:medium,+,0,*1,0
340,1:low,2:medium,+,0,*1,0
341,1:low,2:medium,+,0,*1,0
342,1:low,2:medium,+,0,*1,0
343,1:low,2:medium,+,0,*1,0
344,1:low,2:medium,+,0,*1,0
345,1:low,2:medium,+,0,*1,0
346,1:low,2:medium,+,0,*1,0
347,1:low,2:medium,+,0,*1,0
348,1:low,2:medium,+,0,*1,0
349,1:low,2:medium,+,0,*1,0
350,1:low,2:medium,+,0,*1,0
351,1:low,2:medium,+,0,*1,0
352,1:low,2:medium,+,0,*1,0
353,1:low,2:medium,+,0,*1,0
354,1:low,2:medium,+,0,*1,0
355,1:low,2:medium,+,0,*1,0
356,1:low,2:medium,+,0,*1,0
357,1:low,2:medium,+,0,*1,0
358,1:low,2:medium,+,0,*1,0
359,1:low,2:medium,+,0,*1,0
360,1:low,2:medium,+,0,*1,0
361,1:low,2:medium,+,0,*1,0
362,1:low,2:medium,+,0,*1,0
363,1:low,2:medium,+,0,*1,0
364,1:low,2:medium,+,0,*1,0
365,1:low,2:medium,+,0,*1,0
366,1:low,2:medium,+,0,*1,0
367,1:low,2:medium,+,0,*1,0
368,1:low,2:medium,+,0,*1,0
369,1:low,2:medium,+,0,*1,0
370,1:low,2:medium,+,0,*1,0
371,1:low,2:medium,+,0,*1,0
372,1:low,2:medium,+,0,*1,0
373,1:low,2:medium,+,0,*1,0
374,1:low,2:medium,+,0,*1,0
375,1:low,2:medium,+,0,*1,0
376,1:low,2:medium,+,0,*1,0
377,1:low,2:medium,+,0,*1,0
378,1:low,2:medium,+,0,*1,0
379,1:low,2:medium,+,0,*1,0
380,1:low,2:medium,+,0,*1,0
381,1:low,2:medium,+,0,*1,0
382,1:low,2:medium,+,0,*1,0
383,1:low,2:medium,+,0,*1,0
384,1:low,2:medium,+,0,*1,0
385,1:low,2:medium,+,0,*1,0
386,1:low,2:medium,+,0,*1,0
387,1:low,2:medium,+,0,*1,0
388,1:low,2:medium,+,0,*1,0
389,1:low,2:medium,+,0,*1,0
390,1:low,2:medium,+,0,*1,0
391,1:low,2:medium,+,0,*1,0
392,1:low,2:medium,+,0,*1,0
393,1:low,2:medium,+,0,*1,0
394,1:low,2:medium,+,0,*1,0
395,1:low,2:medium,+,0,*1,0
396,1:low,2:medium,+,0,*1,0
397,1:low,2:medium,+,0,*1,0
398,1:low,2:medium,+,0,*1,0
399,1:low,2:medium,+,0,*1,0
400,1:low,2:medium,+,0,*1,0
401,1:low,2:medium,+,0,*1,0
402,1:low,2:medium,+,0,*1,0
403,1:low,2:medium,+,0,*1,0
404,1:low,2:medium,+,0,*1,0
405,1:low,2:medium,+,0,*1,0
406,1:low,2:medium,+,0,*1,0
407,1:low,2:medium,+,0,*1,0
408,1:low,2:medium,+,0,*1,0
409,1:low,2:medium,+,0,*1,0
410,1:low,2:medium,+,0,*1,0
411,1:low,2:medium,+,0,*1,0
412,1:low,2:medium,+,0,*1,0
413,1:low,2:medium,+,0,*1,0
414,1:low,2:medium,+,0,*1,0
415,1:low,2:medium,+,0,*1,0
416,1:low,2:medium,+,0,*1,0
417,1:low,2:medium,+,0,*1,0
418,1:low,2:medium,+,0,*1,0
419,1:low,2:medium,+,0,*1,0
420,1:low,2:medium,+,0,*1,0
421,1:low,2:medium,+,0,*1,0
422,1:low,2:medium,+,0,*1,0
423,1:low,2:medium,+,0,*1,0
424,1:low,2:medium,+,0,*1,0
425,1:low,2:medium,+,0,*1,0
426,1:low,2:medium,+,0,*1,0
427,1:low,2:medium,+,0,*1,0
428,1:low,2:medium,+,0,*1,0
429,1:low,2:medium,+,0,*1,0
430,1:low,2:medium,+,0,*1,0
431,1:low,2:medium,+,0,*1,0
432,1:low,2:medium,+,0,*1,0
433,1:low,2:medium,+,0,*1,0
434,1:low,2:medium,+,0,*1,0
435,1:low,2:medium,+,0,*1,0
436,1:low,2:medium,+,0,*1,0
437,1:low,2:medium,+,0,*1,0
438,1:low,2:medium,+,0,*1,0
439,1:low,2:medium,+,0,*1,0
440,1:low,2:medium,+,0,*1,0
441,1:low,2:medium,+,0,*1,0
442,1:low,2:medium,+,0,*1,0
443,1:low,2:medium,+,0,*1,0
444,1:low,2:medium,+,0,*1,0
445,1:low,2:medium,+,0,*1,0
446,1:low,2:medium,+,0,*1,0
447,1:low,2:medium,+,0,*1,0
448,1:low,2:medium,+,0,*1,0
449,1:low,2:medium,+,0,*1,0
450,1:low,2:medium,+,0,*1,0
451,1:low,2:medium,+,0,*1,0
452,1:low,2:medium,+,0,*1,0
453,1:low,2:medium,+,0,*1,0
454,1:low,2:medium,+,0,*1,0
455,1:low,2:medium,+,0,*1,0
456,1:low,2:medium,+,0,*1,0
457,1:low,2:medium,+,0,*1,0
458,1:low,2:medium,+,0,*1,0
459,1:low,2:medium,+,0,*1,0
460,1:low,2:medium,+,0,*1,0
461,1:low,2:medium,+,0,*1,0
462,1:low,2:medium,+,0,*1,0
463,1:low,2:medium,+,0,*1,0
464,1:low,2:medium,+,0,*1,0
465,1:low,2:medium,+,0,*1,0
466,1:low,2:medium,+,0,*1,0
467,1:low,2:medium,+,0,*1,0
468,1:low,2:medium,+,0,*1,0
469,1:low,2:medium,+,0,*1,0
470,1:low,2:medium,+,0,*1,0
471,1:low,2:medium,+,0,*1,0
472,1:low,2:medium,+,0,*1,0
473,1:low,2:medium,+,0,*1,0
474,1:low,2:medium,+,0,*1,0
475,1:low,2:medium,+,0,*1,0
476,1:low,2:medium,+,0,*1,0
477,1:low,2:medium,+,0,*1,0
478,1:low,2:medium,+,0,*1,0
479,1:low,2:medium,+,0,*1,0
480,1:low,2:medium,+,0,*1,0
481,1:low,2:medium,+,0,*1,0
482,1:low,2:medium,+,0,*1,0
483,1:low,2:medium,+,0,*1,0
484,1:low,2:medium,+,0,*1,0
485,1:low,2:medium,+,0,*1,0
486,1:low,2:medium,+,0,*1,0
487,1:low,2:medium,+,0,*1,0
488,1:low,2:medium,+,0,*1,0
489,1:low,2:medium,+,0,*1,0
490,1:low,2:medium,+,0,*1,0
491,1:low,2:medium,+,0,*1,0
492,1:low,2:medium,+,0,*1,0
493,1:low,2:medium,+,0,*1,0
494,1:low,2:medium,+,0,*1,0
495,1:low,2:medium,+,0,*1,0
496,1:low,2:medium,+,0,*1,0
497,1:low,2:medium,+,0,*1,0
498,1:low,2:medium,+,0,*1,0
499,1:low,2:medium,+,0,*1,0
500,1:low,2:medium,+,0,*1,0
501,1:low,2:medium,+,0,*1,0
502,1:low,2:medium,+,0,*1,0
503,1:low,2:medium,+,0,*1,0
504,1:low,2:medium,+,0,*1,0
505,1:low,2:medium,+,0,*1,0
506,1:low,2:medium,+,0,*1,0
507,1:low,2:medium,+,0,*1,0
508,1:low,2:medium,+,0,*1,0
509,1:low,2:medium,+,0,*1,0
510,1:low,2:medium,+,0,*1,0
511,1:low,2:medium,+,0,*1,0
512,1:low,2:medium,+,0,*1,0
513,1:low,2:medium,+,0,*1,0
514,1:low,2:medium,+,0,*1,0
515,1:low,2:medium,+,0,*1,0
516,1:low,2:medium,+,0,*1,0
517,1:low,2:medium,+,0,*1,0
518,1:low,2:medium,+,0,*1,0
519,1:low,2:medium,+,0,*1,0
520,1:low,2:medium,+,0,*1,0
521,1:low,2:medium,+,0,*1,0
522,1:low,2:medium,+,0,*1,0
523,1:low,2:medium,+,0,*1,0
524,1:low,2:medium,+,0,*1,0
525,1:low,2:medium,+,0,*1,0
526,1:low,2:medium,+,0,*1,0
527,1:low,2:medium,+,0,*1,0
528,1:low,2:medium,+,0,*1,0
529,1:low,2:medium,+,0,*1,0
530,1:low,2:medium,+,0,*1,0
531,1:low,2:medium,+,0,*1,0
532,1:low,2:medium,+,0,*1,0
533,1:low,2:medium,+,0,*1,0
534,1:low,2:medium,+,0,*1,0
535,1:low,2:medium,+,0,*1,0
536,1:low,2:medium,+,0,*1,0
537,1:low,2:medium,+,0,*1,0
538,1:low,2:medium,+,0,*1,0
539,1:low,2:medium,+,0,*1,0
540,1:low,2:medium,+,0,*1,0
541,1:low,2:medium,+,0,*1,0
542,1:low,2:medium,+,0,*1,0
543,1:low,2:medium,+,0,*1,0
544,1:low,2:medium,+,0,*1,0
545,1:low,2:medium,+,0,*1,0
546,1:low,2:medium,+,0,*1,0
547,1:low,2:medium,+,0,*1,0
548,1:low,2:medium,+,0,*1,0
549,1:low,2:medium,+,0,*1,0
550,1:low,2:medium,+,0,*1,0
551,1:low,2:medium,+,0,*1,0
552,1:low,2:medium,+,0,*1,0
553,1:low,2:medium,+,0,*1,0
554,1:low,2:medium,+,0,*1,0
555,1:low,2:medium,+,0,*1,0
556,1:low,2:medium,+,0,*1,0
557,1:low,2:medium,+,0,*1,0
558,1:low,2:medium,+,0,*1,0
559,1:low,2:medium,+,0,*1,0
560,1:low,2:medium,+,0,*1,0
561,1:low,2:medium,+,0,*1,0
562,1:low,2:medium,+,0,*1,0
563,1:low,2:medium,+,0,*1,0
564,1:low,2:medium,+,0,*1,0
565,1:low,2:medium,+,0,*1,0
566,1:low,2:medium,+,0,*1,0
567,1:low,2:medium,+,0,*1,0
568,1:low,2:medium,+,0,*1,0
569,1:low,2:medium,+,0,*1,0
570,1:low,2:medium,+,0,*1,0
571,1:low,2:medium,+,0,*1,0
572,1:low,2:medium,+,0,*1,0
573,1:low,2:medium,+,0,*1,0
574,1:low,2:medium,+,0,*1,0
575,1:low,2:medium,+,0,*1,0
576,1:low,2:medium,+,0,*1,0
577,1:low,2:medium,+,0,*1,0
578,1:low,2:medium,+,0,*1,0
579,1:low,2:medium,+,0,*1,0
580,1:low,2:medium,+,0,*1,0
581,1:low,2:medium,+,0,*1,0
582,1:low,2:medium,+,0,*1,0
583,1:low,2:medium,+,0,*1,0
584,1:low,2:medium,+,0,*1,0
585,1:low,2:medium,+,0,*1,0
586,1:low,2:medium,+,0,*1,0
587,1:low,2:medium,+,0,*1,0
588,1:low,2:medium,+,0,*1,0
589,1:low,2:medium,+,0,*1,0
590,1:low,2:medium,+,0,*1,0
591,1:low,2:medium,+,0,*1,0
592,1:low,2:medium,+,0,*1,0
593,1:low,2:medium,+,0,*1,0
594,1:low,2:medium,+,0,*1,0
595,1:low,2:medium,+,0,*1,0
596,1:low,2:medium,+,0,*1,0
597,1:low,2:medium,+,0,*1,0
598,1:low,2:medium,+,0,*1,0
599,1:low,2:medium,+,0,*1,0
600,1:low,2:medium,+,0,*1,0
601,1:low,2:medium,+,0,*1,0
602,1:low,2:medium,+,0,*1,0
603,1:low,2:medium,+,0,*1,0
604,1:low,2:medium,+,0,*1,0
605,1:low,2:medium,+,0,*1,0
606,1:low,2:medium,+,0,*1,0
607,1:low,2:medium,+,0,*1,0
608,1:low,2:medium,+,0,*1,0
609,1:low,2:medium,+,0,*1,0
610,1:low,2:medium,+,0,*1,0
611,1:low,2:medium,+,0,*1,0
612,1:low,2:medium,+,0,*1,0
613,1:low,2:medium,+,0,*1,0
614,1:low,2:medium,+,0,*1,0
615,1:low,2:medium,+,0,*1,0
616,1:low,2:medium,+,0,*1,0
617,1:low,2:medium,+,0,*1,0
618,1:low,2:medium,+,0,*1,0
619,1:low,2:medium,+,0,*1,0
620,1:low,2:medium,+,0,*1,0
621,1:low,2:medium,+,0,*1,0
622,1:low,2:medium,+,0,*1,0
623,1:low,2:medium,+,0,*1,0
624,1:low,2:medium,+,0,*1,0
625,1:low,2:medium,+,0,*1,0
626,1:low,2:medium,+,0,*1,0
627,1:low,2:medium,+,0,*1,0
628,1:low,2:medium,+,0,*1,0
629,1:low,2:medium,+,0,*1,0
630,1:low,2:medium,+,0,*1,0
631,1:low,2:medium,+,0,*1,0
632,1:low,2:medium,+,0,*1,0
633,1:low,2:medium,+,0,*1,0
634,1:low,2:medium,+,0,*1,0
635,1:low,2:medium,+,0,*1,0
636,1:low,2:medium,+,0,*1,0
637,1:low,2:medium,+,0,*1,0
638,1:low,2:medium,+,0,*1,0
639,1:low,2:medium,+,0,*1,0
640,1:low,2:medium,+,0,*1,0
641,1:low,2:medium,+,0,*1,0
642,1:low,2:medium,+,0,*1,0
643,1:low,2:medium,+,0,*1,0
644,1:low,2:medium,+,0,*1,0
645,1:low,2:medium,+,0,*1,0
646,1:low,2:medium,+,0,*1,0
647,1:low,2:medium,+,0,*1,0
648,1:low,2:medium,+,0,*1,0
649,1:low,2:medium,+,0,*1,0
650,1:low,2:medium,+,0,*1,0
651,1:low,2:medium,+,0,*1,0
652,1:low,2:medium,+,0,*1,0
653,1:low,2:medium,+,0,*1,0
654,1:low,2:medium,+,0,*1,0
655,1:low,2:medium,+,0,*1,0
656,1:low,2:medium,+,0,*1,0
657,1:low,2:medium,+,0,*1,0
658,1:low,2:medium,+,0,*1,0
659,1:low,2:medium,+,0,*1,0
660,1:low,2:medium,+,0,*1,0
661,1:low,2:medium,+,0,*1,0
662,1:low,2:medium,+,0,*1,0
663,1:low,2:medium,+,0,*1,0
664,1:low,2:medium,+,0,*1,0
665,1:low,2:medium,+,0,*1,0
666,1:low,2:medium,+,0,*1,0
667,1:low,2:medium,+,0,*1,0
668,1:low,2:medium,+,0,*1,0
669,1:low,2:medium,+,0,*1,0
670,1:low,2:medium,+,0,*1,0
671,1:low,2:medium,+,0,*1,0
672,1:low,2:medium,+,0,*1,0
673,1:low,2:medium,+,0,*1,0
674,1:low,2:medium,+,0,*1,0
675,1:low,2:medium,+,0,*1,0
676,1:low,2:medium,+,0,*1,0
677,1:low,2:medium,+,0,*1,0
678,1:low,2:medium,+,0,*1,0
679,1:low,2:medium,+,0,*1,0
680,1:low,2:medium,+,0,*1,0
681,1:low,2:medium,+,0,*1,0
682,1:low,2:medium,+,0,*1,0
683,1:low,2:medium,+,0,*1,0
684,1:low,2:medium,+,0,*1,0
685,1:low,2:medium,+,0,*1,0
686,1:low,2:medium,+,0,*1,0
687,1:low,2:medium,+,0,*1,0
688,1:low,2:medium,+,0,*1,0
689,1:low,2:medium,+,0,*1,0
690,1:low,2:medium,+,0,*1,0
691,1:low,2:medium,+,0,*1,0
692,1:low,2:medium,+,0,*1,0
693,1:low,2:medium,+,0,*1,0
694,1:low,2:medium,+,0,*1,0
695,1:low,2:medium,+,0,*1,0
696,1:low,2:medium,+,0,*1,0
697,1:low,2:medium,+,0,*1,0
698,1:low,2:medium,+,0,*1,0
699,1:low,2:medium,+,0,*1,0
700,1:low,2:medium,+,0,*1,0
701,1:low,2:medium,+,0,*1,0
702,1:low,2:medium,+,0,*1,0
703,1:low,2:medium,+,0,*1,0
704,1:low,2:medium,+,0,*1,0
705,1:low,2:medium,+,0,*1,0
706,1:low,2:medium,+,0,*1,0
707,1:low,2:medium,+,0,*1,0
708,1:low,2:medium,+,0,*1,0
709,1:low,2:medium,+,0,*1,0
710,1:low,2:medium,+,0,*1,0
711,1:low,2:medium,+,0,*1,0
712,1:low,2:medium,+,0,*1,0
713,1:low,2:medium,+,0,*1,0
714,1:low,2:medium,+,0,*1,0
715,1:low,2:medium,+,0,*1,0
716,1:low,2:medium,+,0,*1,0
717,1:low,2:medium,+,0,*1,0
718,1:low,2:medium,+,0,*1,0
719,1:low,2:medium,+,0,*1,0
720,1:low,2:medium,+,0,*1,0
721,1:low,2:medium,+,0,*1,0
722,1:low,2:medium,+,0,*1,0
723,1:low,2:medium,+,0,*1,0
724,1:low,2:medium,+,0,*1,0
725,1:low,2:medium,+,0,*1,0
726,1:low,2:medium,+,0,*1,0
727,1:low,2:medium,+,0,*1,0
728,1:low,2:medium,+,0,*1,0
729,1:low,2:medium,+,0,*1,0
730,1:low,2:medium,+,0,*1,0
731,1:low,2:medium,+,0,*1,0
732,1:low,2:medium,+,0,*1,0
733,1:low,2:medium,+,0,*1,0
734,1:low,2:medium,+,0,*1,0
735,1:low,2:medium,+,0,*1,0
736,1:low,2:medium,+,0,*1,0
737,1:low,2:medium,+,0,*1,0
738,1:low,2:medium,+,0,*1,0
739,1:low,2:medium,+,0,*1,0
740,1:low,2:medium,+,0,*1,0
741,1:low,2:medium,+,0,*1,0
742,1:low,2:medium,+,0,*1,0
743,1:low,2:medium,+,0,*1,0
744,1:low,2:medium,+,0,*1,0
745,1:low,2:medium,+,0,*1,0
746,1:low,2:medium,+,0,*1,0
747,1:low,2:medium,+,0,*1,0
748,1:low,2:medium,+,0,*1,0
749,1:low,2:medium,+,0,*1,0
750,1:low,2:medium,+,0,*1,0
751,1:low,2:medium,+,0,*1,0
752,1:low,2:medium,+,0,*1,0
753,1:low,2:medium,+,0,*1,0
754,1:low,2:medium,+,0,*1,0
755,1:low,2:medium,+,0,*1,0
756,1:low,2:medium,+,0,*1,0
757,1:low,2:medium,+,0,*1,0
758,1:low,2:medium,+,0,*1,0
759,1:low,2:medium,+,0,*1,0
760,1:low,2:medium,+,0,*1,0
761,1:low,2:medium,+,0,*1,0
762,1:low,2:medium,+,0,*1,0
763,1:low,2:medium,+,0,*1,0
764,1:low,2:medium,+,0,*1,0
765,1:low,2:medium,+,0,*1,0
766,1:low,2:medium,+,0,*1,0
767,1:low,2:medium,+,0,*1,0
768,1:low,2:medium,+,0,*1,0
769,1:low,2:medium,+,0,*1,0
770,1:low,2:medium,+,0,*1,0
771,1:low,2:medium,+,0,*1,0
772,1:low,2:medium,+,0,*1,0
773,1:low,2:medium,+,0,*1,0
774,1:low,2:medium,+,0,*1,0
775,1:low,2:medium,+,0,*1,0
776,1:low,2:medium,+,0,*1,0
777,1:low,2:medium,+,0,*1,0
778,1:low,2:medium,+,0,*1,0
779,1:low,2:medium,+,0,*1,0
780,1:low,2:medium,+,0,*1,0
781,1:low,2:medium,+,0,*1,0
782,1:low,2:medium,+,0,*1,0
783,1:low,2:medium,+,0,*1,0
784,1:low,2:medium,+,0,*1,0
785,1:low,2:medium,+,0,*1,0
786,1:low,2:medium,+,0,*1,0
787,1:low,2:medium,+,0,*1,0
788,1:low,2:medium,+,0,*1,0
789,1:low,2:medium,+,0,*1,0
790,1:low,2:medium,+,0,*1,0
791,1:low,2:medium,+,0,*1,0
792,1:low,2:medium,+,0,*1,0
793,1:low,2:medium,+,0,*1,0
794,1:low,2:medium,+,0,*1,0
795,1:low,2:medium,+,0,*1,0
796,1:low,2:medium,+,0,*1,0
797,1:low,2:medium,+,0,*1,0
798,1:low,2:medium,+,0,*1,0
799,1:low,2:medium,+,0,*1,0
800,1:low,2:medium,+,0,*1,0
801,1:low,2:medium,+,0,*1,0
802,1:low,2:medium,+,0,*1,0
803,1:low,2:medium,+,0,*1,0
804,1:low,2:medium,+,0,*1,0
805,1:low,2:medium,+,0,*1,0
806,1:low,2:medium,+,0,*1,0
807,1:low,2:medium,+,0,*1,0
808,1:low,2:medium,+,0,*1,0
809,1:low,2:medium,+,0,*1,0
810,1:low,2:medium,+,0,*1,0
811,1:low,2:medium,+,0,*1,0
812,1:low,2:medium,+,0,*1,0
813,1:low,2:medium,+,0,*1,0
814,1:low,2:medium,+,0,*1,0
815,1:low,2:medium,+,0,*1,0
816,1:low,2:medium,+,0,*1,0
817,1:low,2:medium,+,0,*1,0
818,1:low,2:medium,+,0,*1,0
819,1:low,2:medium,+,0,*1,0
820,1:low,2:medium,+,0,*1,0
821,1:low,2:medium,+,0,*1,0
822,1:low,2:medium,+,0,*1,0
823,1:low,2:medium,+,0,*1,0
824,1:low,2:medium,+,0,*1,0
825,1:low,2:medium,+,0,*1,0
826,1:low,2:medium,+,0,*1,0
827,1:low,2:medium,+,0,*1,0
828,1:low,2:medium,+,0,*1,0
829,1:low,2:medium,+,0,*1,0
830,1:low,2:medium,+,0,*1,0
831,1:low,2:medium,+,0,*1,0
832,1:low,2:medium,+,0,*1,0
833,1:low,2:medium,+,0,*1,0
834,1:low,2:medium,+,0,*1,0
835,1:low,2:medium,+,0,*1,0
836,1:low,2:medium,+,0,*1,0
837,1:low,2:medium,+,0,*1,0
838,1:low,2:medium,+,0,*1,0
839,1:low,2:medium,+,0,*1,0
840,1:low,2:medium,+,0,*1,0
841,1:low,2:medium,+,0,*1,0
842,1:low,2:medium,+,0,*1,0
843,1:low,2:medium,+,0,*1,0
844,1:low,2:medium,+,0,*1,0
845,1:low,2:medium,+,0,*1,0
846,1:low,2:medium,+,0,*1,0
847,1:low,2:medium,+,0,*1,0
848,1:low,2:medium,+,0,*1,0
849,1:low,2:medium,+,0,*1,0
850,1:low,2:medium,+,0,*1,0
851,1:low,2:medium,+,0,*1,0
852,1:low,2:medium,+,0,*1,0
853,1:low,2:medium,+,0,*1,0
854,1:low,2:medium,+,0,*1,0
855,1:low,2:medium,+,0,*1,0
856,1:low,2:medium,+,0,*1,0
857,1:low,2:medium,+,0,*1,0
858,1:low,2:medium,+,0,*1,0
859,1:low,2:medium,+,0,*1,0
860,1:low,2:medium,+,0,*1,0
861,1:low,2:medium,+,0,*1,0
862,1:low,2:medium,+,0,*1,0
863,1:low,2:medium,+,0,*1,0
864,1:low,2:medium,+,0,*1,0
865,1:low,2:medium,+,0,*1,0
866,1:low,2:medium,+,0,*1,0
867,1:low,2:medium,+,0,*1,0
868,1:low,2:medium,+,0,*1,0
869,1:low,2:medium,+,0,*1,0
870,1:low,2:medium,+,0,*1,0
871,1:low,2:medium,+,0,*1,0
872,1:low,2:medium,+,0,*1,0
873,1:low,2:medium,+,0,*1,0
874,1:low,2:medium,+,0,*1,0
875,1:low,2:medium,+,0,*1,0
876,1:low,2:medium,+,0,*1,0
877,1:low,2:medium,+,0,*1,0
878,1:low,2:medium,+,0,*1,0
879,1:low,2:medium,+,0,*1,0
880,1:low,2:medium,+,0,*1,0
881,1:low,2:medium,+,0,*1,0
882,1:low,2:medium,+,0,*1,0
883,1:low,2:medium,+,0,*1,0
884,1:low,2:medium,+,0,*1,0
885,1:low,2:medium,+,0,*1,0
886,1:low,2:medium,+,0,*1,0
887,1:low,2:medium,+,0,*1,0
888,1:low,2:medium,+,0,*1,0
889,1:low,2:medium,+,0,*1,0
890,1:low,2:medium,+,0,*1,0
891,1:low,2:medium,+,0,*1,0
892,1:low,2:medium,+,0,*1,0
893,1:low,2:medium,+,0,*1,0
894,1:low,2:medium,+,0,*1,0
895,1:low,2:medium,+,0,*1,0
896,1:low,2:medium,+,0,*1,0
897,1:low,2:medium,+,0,*1,0
898,1:low,2:medium,+,0,*1,0
899,1:low,2:medium,+,0,*1,0
900,1:low,2:medium,+,0,*1,0
901,1:low,2:medium,+,0,*1,0
902,1:low,2:medium,+,0,*1,0
903,1:low,2:medium,+,0,*1,0
904,1:low,2:medium,+,0,*1,0
905,1:low,2:medium,+,0,*1,0
906,1:low,2:medium,+,0,*1,0
907,1:low,2:medium,+,0,*1,0
908,1:low,2:medium,+,0,*1,0
909,1:low,2:medium,+,0,*1,0
910,1:low,2:medium,+,0,*1,0
911,1:low,2:medium,+,0,*1,0
912,1:low,2:medium,+,0,*1,0
913,1:low,2:medium,+,0,*1,0
914,1:low,2:medium,+,0,*1,0
915,1:low,2:medium,+,0,*1,0
916,1:low,2:medium,+,0,*1,0
917,1:low,2:medium,+,0,*1,0
918,1:low,2:medium,+,0,*1,0
919,1:low,2:medium,+,0,*1,0
920,1:low,2:medium,+,0,*1,0
921,1:low,2:medium,+,0,*1,0
922,1:low,2:medium,+,0,*1,0
923,1:low,2:medium,+,0,*1,0
924,1:low,2:medium,+,0,*1,0
925,1:low,2:medium,+,0,*1,0
926,1:low,2:medium,+,0,*1,0
927,1:low,2:medium,+,0,*1,0
928,1:low,2:medium,+,0,*1,0
929,1:low,2:medium,+,0,*1,0
930,1:low,2:medium,+,0,*1,0
931,1:low,2:medium,+,0,*1,0
932,1:low,2:medium,+,0,*1,0
933,1:low,2:medium,+,0,*1,0
934,1:low,2:medium,+,0,*1,0
935,1:low,2:medium,+,0,*1,0
936,1:low,2:medium,+,0,*1,0
937,1:low,2:medium,+,0,*1,0
938,1:low,2:medium,+,0,*1,0
939,1:low,2:medium,+,0,*1,0
940,1:low,2:medium,+,0,*1,0
941,1:low,2:medium,+,0,*1,0
942,1:low,2:medium,+,0,*1,0
943,1:low,2:medium,+,0,*1,0
944,1:low,2:medium,+,0,*1,0
945,1:low,2:medium,+,0,*1,0
946,1:low,2:medium,+,0,*1,0
947,1:low,2:medium,+,0,*1,0
948,1:low,2:medium,+,0,*1,0
949,1:low,2:medium,+,0,*1,0
950,1:low,2:medium,+,0,*1,0
951,1:low,2:medium,+,0,*1,0
952,1:low,2:medium,+,0,*1,0
953,1:low,2:medium,+,0,*1,0
954,1:low,2:medium,+,0,*1,0
955,1:low,2:medium,+,0,*1,0
956,1:low,2:medium,+,0,*1,0
957,1:low,2:medium,+,0,*1,0
958,1:low,2:medium,+,0,*1,0
959,1:low,2:medium,+,0,*1,0
960,1:low,2:medium,+,0,*1,0
961,1:low,2:medium,+,0,*1,0
962,1:low,2:medium,+,0,*1,0
963,1:low,2:medium,+,0,*1,0
964,1:low,2:medium,+,0,*1,0
965,1:low,2:medium,+,0,*1,0
966,1:low,2:medium,+,0,*1,0
967,1:low,2:medium,+,0,*1,0
968,1:low,2:medium,+,0,*1,0
969,1:low,2:medium,+,0,*1,0
970,1:low,2:medium,+,0,*1,0
971,1:low,2:medium,+,0,*1,0
972,1:low,2:medium,+,0,*1,0
973,1:low,2:medium,+,0,*1,0
974,1:low,2:medium,+,0,*1,0
975,1:low,2:medium,+,0,*1,0
976,1:low,2:medium,+,0,*1,0
977,1:low,2:medium,+,0,*1,0
978,1:low,2:medium,+,0,*1,0
979,1:low,2:medium,+,0,*1,0
980,1:low,2:medium,+,0,*1,0
981,1:low,2:medium,+,0,*1,0
982,1:low,2:medium,+,0,*1,0
983,1:low,2:medium,+,0,*1,0
984,1:low,2:medium,+,0,*1,0
985,1:low,2:medium,+,0,*1,0
986,1:low,2:medium,+,0,*1,0
987,1:low,2:medium,+,0,*1,0
988,1:low,2:medium,+,0,*1,0
989,1:low,2:medium,+,0,*1,0
990,1:low,2:medium,+,0,*1,0
991,1:low,2:medium,+,0,*1,0
992,1:low,2:medium,+,0,*1,0
993,1:low,2:medium,+,0,*1,0
994,1:low,2:medium,+,0,*1,0
995,1:low,2:medium,+,0,*1,0
996,1:low,2:medium,+,0,*1,0
997,1:low,2:medium,+,0,*1,0
998,1:low,2:medium,+,0,*1,0
999,1:low,2:medium,+,0,*1,0
1000,1:low,2:medium,+,0,*1,0
1001,1:low,2:medium,+,0,*1,0
1002,1:low,2:medium,+,0,*1,0
1003,1:low,2:medium,+,0,*1,0
1004,1:low,2:medium,+,0,*1,0
1005,1:low,2:medium,+,0,*1,0
1006,1:low,2:medium,+,0,*1,0
1007,1:low,2:medium,+,0,*1,0
1008,1:low,2:medium,+,0,*1,0
1009,1:low,2:medium,+,0,*1,0
1010,1:low,2:medium,+,0,*1,0
1011,1:low,2:medium,+,0,*1,0
1012,1:low,2:medium,+,0,*1,0
1013,1:low,2:medium,+,0,*1,0
1014,1:low,2:medium,+,0,*1,0
1015,1:low,2:medium,+,0,*1,0
1016,1:low,2:medium,+,0,*1,0
1017,1:low,2:medium,+,0,*1,0
1018,1:low,2:medium,+,0,*1,0
1019,1:low,2:medium,+,0,*1,0
1020,1:low,2:medium,+,0,*1,0
1021,1:low,2:medium,+,0,*1,0
1022,1:low,2:medium,+,0,*1,0
1023,1:low,2:medium,+,0,*1,0
1024,1:low,2:medium,+,0,*1,0
1025,1:low,2:medium,+,0,*1,0
1026,1:low,2:medium,+,0,*1,0
1027,1:low,2:medium,+,0,*1,0
1028,1:low,2:medium,+,0,*1,0
1029,1:low,2:medium,+,0,*1,0
1030,1:low,2:medium,+,0,*1,0
1031,1:low,2:medium,+,0,*1,0
1032,1:low,2:medium,+,0,*1,0
1033,1:low,2:medium,+,0,*1,0
1034,1:low,2:medium,+,0,*1,0
1035,1:low,2:medium,+,0,*1,0
1036,1:low,2:medium,+,0,*1,0
1037,1:low,2:medium,+,0,*1,0
1038,1:low,2:medium,+,0,*1,0
1039,1:low,2:medium,+,0,*1,0
1040,1:low,2:medium,+,0,*1,0
1041,1:low,2:medium,+,0,*1,0
1042,1:low,2:medium,+,0,*1,0
1043,1:low,2:medium,+,0,*1,0
1044,1:low,2:medium,+,0,*1,0
1045,1:low,2:medium,+,0,*1,0
1046,1:low,2:medium,+,0,*1,0
1047,1:low,2:medium,+,0,*1,0
1048,1:low,2:medium,+,0,*1,0
1049,1:low,2:medium,+,0,*1,0
1050,1:low,2:medium,+,0,*1,0
1051,1:low,2:medium,+,0,*1,0
1052,1:low,2:medium,+,0,*1,0
1053,1:low,2:medium,+,0,*1,0
1054,1:low,2:medium,+,0,*1,0
1055,1:low,2:medium,+,0,*1,0
1056,1:low,2:medium,+,0,*1,0
1057,1:low,2:medium,+,0,*1,0
1058,1:low,2:medium,+,0,*1,0
1059,1:low,2:medium,+,0,*1,0
1060,1:low,3:high,+,0,0,*1
1061,1:low,3:high,+,0,0,*1
1062,1:low,3:high,+,0,0,*1
1063,1:low,3:high,+,0,0,*1
1064,1:low,3:high,+,0,0.013,*0.987
1065,1:low,2:medium,+,0,*0.825,0.175
1066,1:low,3:high,+,0,0,*1
1067,1:low,3:high,+,0,0,*1
1068,1:low,3:high,+,0,0,*1
1069,1:low,2:medium,+,0,*1,0
1070,1:low,2:medium,+,0,*1,0
1071,1:low,2:medium,+,0,*1,0
1072,1:low,2:medium,+,0,*1,0
1073,1:low,2:medium,+,0,*1,0
1074,1:low,2:medium,+,0,*1,0
1075,1:low,2:medium,+,0,*1,0
1076,1:low,2:medium,+,0,*1,0
1077,1:low,2:medium,+,0,*1,0
1078,1:low,2:medium,+,0,*1,0
1079,1:low,2:medium,+,0,*1,0
1080,1:low,2:medium,+,0,*1,0
1081,1:low,2:medium,+,0,*1,0
1082,1:low,2:medium,+,0,*1,0
1083,1:low,2:medium,+,0,*1,0
1084,1:low,2:medium,+,0,*1,0
1085,1:low,2:medium,+,0,*1,0
1086,1:low,2:medium,+,0,*1,0
1087,1:low,2:medium,+,0,*1,0
1088,1:low,2:medium,+,0,*1,0
1089,1:low,2:medium,+,0,*1,0
1090,1:low,2:medium,+,0,*1,0
1091,1:low,2:medium,+,0,*1,0
1092,1:low,2:medium,+,0,*1,0
1093,1:low,2:medium,+,0,*1,0
1094,1:low,2:medium,+,0,*1,0
1095,1:low,2:medium,+,0,*1,0
1096,1:low,2:medium,+,0,*1,0
1097,1:low,2:medium,+,0,*1,0
1098,1:low,2:medium,+,0,*1,0
1099,1:low,2:medium,+,0,*1,0
1100,1:low,2:medium,+,0,*1,0
1101,1:low,2:medium,+,0,*1,0
1102,1:low,2:medium,+,0,*1,0
1103,1:low,2:medium,+,0,*1,0
1104,1:low,2:medium,+,0,*1,0
1105,1:low,2:medium,+,0,*1,0
1106,1:low,2:medium,+,0,*1,0
1107,1:low,2:medium,+,0,*1,0
1108,1:low,2:medium,+,0,*1,0
1109,1:low,2:medium,+,0,*1,0
1110,1:low,2:medium,+,0,*1,0
1111,1:low,2:medium,+,0,*1,0
1112,1:low,2:medium,+,0,*1,0
1113,1:low,2:medium,+,0,*1,0
1114,1:low,2:medium,+,0,*1,0
1115,1:low,2:medium,+,0,*1,0
1116,1:low,2:medium,+,0,*1,0
1117,1:low,2:medium,+,0,*1,0
1118,1:low,2:medium,+,0,*1,0
1119,1:low,2:medium,+,0,*1,0
1120,1:low,2:medium,+,0,*1,0
1121,1:low,2:medium,+,0,*1,0
1122,1:low,2:medium,+,0,*1,0
1123,1:low,2:medium,+,0,*1,0
1124,1:low,2:medium,+,0,*1,0
1125,1:low,2:medium,+,0,*1,0
1126,1:low,2:medium,+,0,*1,0
1127,1:low,2:medium,+,0,*1,0
1128,1:low,2:medium,+,0,*1,0
1129,1:low,2:medium,+,0,*1,0
1130,1:low,2:medium,+,0,*1,0
1131,1:low,2:medium,+,0,*1,0
1132,1:low,2:medium,+,0,*1,0
1133,1:low,2:medium,+,0,*1,0
1134,1:low,2:medium,+,0,*1,0
1135,1:low,2:medium,+,0,*1,0
1136,1:low,2:medium,+,0,*1,0
1137,1:low,2:medium,+,0,*1,0
1138,1:low,2:medium,+,0,*1,0
1139,1:low,2:medium,+,0,*1,0
1140,1:low,2:medium,+,0,*1,0
1141,1:low,2:medium,+,0,*1,0
1142,1:low,2:medium,+,0,*1,0
1143,1:low,2:medium,+,0,*1,0
1144,1:low,2:medium,+,0,*1,0
1145,1:low,2:medium,+,0,*1,0
1146,1:low,2:medium,+,0,*1,0
1147,1:low,2:medium,+,0,*1,0
1148,1:low,2:medium,+,0,*1,0
1149,1:low,2:medium,+,0,*1,0
1150,1:low,2:medium,+,0,*1,0
1151,1:low,2:medium,+,0,*1,0
1152,1:low,2:medium,+,0,*1,0
1153,1:low,2:medium,+,0,*1,0
1154,1:low,2:medium,+,0,*1,0
1155,1:low,2:medium,+,0,*1,0
1156,1:low,2:medium,+,0,*1,0
1157,1:low,2:medium,+,0,*1,0
1158,1:low,2:medium,+,0,*1,0
1159,1:low,2:medium,+,0,*1,0
1160,1:low,2:medium,+,0,*1,0
1161,1:low,2:medium,+,0,*1,0
1162,1:low,2:medium,+,0,*1,0
1163,1:low,2:medium,+,0,*1,0
1164,1:low,2:medium,+,0,*1,0
1165,1:low,2:medium,+,0,*1,0
1166,2:medium,2:medium,,0,*1,0
1167,1:low,2:medium,+,0,*1,0
1168,1:low,2:medium,+,0,*1,0
1169,1:low,2:medium,+,0,*1,0
1170,1:low,2:medium,+,0,*1,0
1171,1:low,2:medium,+,0,*1,0
1172,1:low,2:medium,+,0,*1,0
1173,2:medium,2:medium,,0,*1,0
1174,1:low,2:medium,+,0,*1,0
1175,2:medium,2:medium,,0,*1,0
1176,2:medium,2:medium,,0,*1,0
1177,2:medium,2:medium,,0,*1,0
1178,2:medium,2:medium,,0,*1,0
1179,2:medium,2:medium,,0,*1,0
1180,2:medium,2:medium,,0,*1,0
1181,2:medium,2:medium,,0,*1,0
1182,2:medium,2:medium,,0,*1,0
1183,2:medium,2:medium,,0,*1,0
1184,2:medium,2:medium,,0,*1,0
1185,2:medium,2:medium,,0,*1,0
1186,2:medium,2:medium,,0,*1,0
1187,2:medium,2:medium,,0,*1,0
1188,2:medium,2:medium,,0,*1,0
1189,2:medium,2:medium,,0,*1,0
1190,2:medium,2:medium,,0,*1,0
1191,2:medium,2:medium,,0,*1,0
1192,2:medium,2:medium,,0,*1,0
1193,2:medium,2:medium,,0,*1,0
1194,2:medium,2:medium,,0,*1,0
1195,2:medium,2:medium,,0,*1,0
1196,2:medium,2:medium,,0,*1,0
1197,2:medium,2:medium,,0,*1,0
1198,2:medium,2:medium,,0,*1,0
1199,2:medium,2:medium,,0,*1,0
1200,2:medium,2:medium,,0,*1,0
1201,2:medium,2:medium,,0,*1,0
1202,2:medium,2:medium,,0,*1,0
1203,2:medium,2:medium,,0,*1,0
1204,2:medium,2:medium,,0,*1,0
1205,2:medium,2:medium,,0,*1,0
1206,2:medium,2:medium,,0,*1,0
1207,2:medium,2:medium,,0,*1,0
1208,2:medium,2:medium,,0,*1,0
1209,2:medium,2:medium,,0,*1,0
1210,2:medium,2:medium,,0,*1,0
1211,2:medium,2:medium,,0,*1,0
1212,2:medium,2:medium,,0,*1,0
1213,2:medium,2:medium,,0,*1,0
1214,2:medium,2:medium,,0,*1,0
1215,2:medium,2:medium,,0,*1,0
1216,2:medium,2:medium,,0,*1,0
1217,2:medium,2:medium,,0,*1,0
1218,2:medium,2:medium,,0,*1,0
1219,2:medium,2:medium,,0,*1,0
1220,2:medium,2:medium,,0,*1,0
1221,2:medium,2:medium,,0,*1,0
1222,2:medium,2:medium,,0,*1,0
1223,2:medium,2:medium,,0,*1,0
1224,2:medium,2:medium,,0,*1,0
1225,2:medium,2:medium,,0,*1,0
1226,2:medium,2:medium,,0,*1,0
1227,2:medium,2:medium,,0,*1,0
1228,2:medium,2:medium,,0,*1,0
1229,2:medium,2:medium,,0,*1,0
1230,2:medium,2:medium,,0,*1,0
1231,2:medium,2:medium,,0,*1,0
1232,2:medium,2:medium,,0,*1,0
1233,2:medium,2:medium,,0,*1,0
1234,2:medium,2:medium,,0,*1,0
1235,2:medium,2:medium,,0,*1,0
1236,2:medium,2:medium,,0,*1,0
1237,2:medium,2:medium,,0,*1,0
1238,2:medium,2:medium,,0,*1,0
1239,2:medium,2:medium,,0,*1,0
1240,2:medium,2:medium,,0,*1,0
1241,2:medium,2:medium,,0,*1,0
1242,2:medium,2:medium,,0,*1,0
1243,2:medium,2:medium,,0,*1,0
1244,2:medium,2:medium,,0,*1,0
1245,2:medium,2:medium,,0,*1,0
1246,2:medium,2:medium,,0,*1,0
1247,2:medium,2:medium,,0,*1,0
1248,2:medium,2:medium,,0,*1,0
1249,2:medium,2:medium,,0,*1,0
1250,2:medium,2:medium,,0,*1,0
1251,2:medium,2:medium,,0,*1,0
1252,2:medium,2:medium,,0,*1,0
1253,2:medium,2:medium,,0,*1,0
1254,2:medium,2:medium,,0,*1,0
1255,2:medium,2:medium,,0,*1,0
1256,2:medium,2:medium,,0,*1,0
1257,2:medium,2:medium,,0,*1,0
1258,2:medium,2:medium,,0,*1,0
1259,2:medium,2:medium,,0,*1,0
1260,2:medium,2:medium,,0,*1,0
1261,2:medium,2:medium,,0,*1,0
1262,2:medium,2:medium,,0,*1,0
1263,2:medium,2:medium,,0,*1,0
1264,2:medium,2:medium,,0,*1,0
1265,2:medium,2:medium,,0,*1,0
1266,2:medium,2:medium,,0,*1,0
1267,2:medium,2:medium,,0,*1,0
1268,2:medium,2:medium,,0,*1,0
1269,2:medium,2:medium,,0,*1,0
1270,2:medium,2:medium,,0,*1,0
1271,2:medium,2:medium,,0,*1,0
1272,2:medium,2:medium,,0,*1,0
1273,2:medium,2:medium,,0,*1,0
1274,2:medium,2:medium,,0,*1,0
1275,2:medium,2:medium,,0,*1,0
1276,2:medium,2:medium,,0,*1,0
1277,2:medium,2:medium,,0,*1,0
1278,2:medium,2:medium,,0,*1,0
1279,2:medium,2:medium,,0,*1,0
1280,2:medium,2:medium,,0,*1,0
1281,2:medium,2:medium,,0,*1,0
1282,2:medium,2:medium,,0,*1,0
1283,2:medium,2:medium,,0,*1,0
1284,2:medium,2:medium,,0,*1,0
1285,2:medium,2:medium,,0,*1,0
1286,2:medium,2:medium,,0,*1,0
1287,2:medium,2:medium,,0,*1,0
1288,2:medium,2:medium,,0,*1,0
1289,2:medium,2:medium,,0,*1,0
1290,2:medium,2:medium,,0,*1,0
1291,2:medium,2:medium,,0,*1,0
1292,2:medium,2:medium,,0,*1,0
1293,2:medium,2:medium,,0,*1,0
1294,2:medium,2:medium,,0,*1,0
1295,2:medium,2:medium,,0,*1,0
1296,2:medium,2:medium,,0,*1,0
1297,2:medium,2:medium,,0,*1,0
1298,2:medium,2:medium,,0,*1,0
1299,2:medium,2:medium,,0,*1,0
1300,2:medium,2:medium,,0,*1,0
1301,2:medium,2:medium,,0,*1,0
1302,2:medium,2:medium,,0,*1,0
1303,2:medium,2:medium,,0,*1,0
1304,2:medium,2:medium,,0,*1,0
1305,2:medium,2:medium,,0,*1,0
1306,2:medium,2:medium,,0,*1,0
1307,2:medium,2:medium,,0,*1,0
1308,2:medium,2:medium,,0,*1,0
1309,2:medium,2:medium,,0,*1,0
1310,2:medium,2:medium,,0,*1,0
1311,2:medium,2:medium,,0,*1,0
1312,2:medium,2:medium,,0,*1,0
1313,2:medium,2:medium,,0,*1,0
1314,2:medium,2:medium,,0,*1,0
1315,2:medium,2:medium,,0,*1,0
1316,2:medium,2:medium,,0,*1,0
1317,2:medium,2:medium,,0,*1,0
1318,2:medium,2:medium,,0,*1,0
1319,2:medium,2:medium,,0,*1,0
1320,2:medium,2:medium,,0,*1,0
1321,2:medium,2:medium,,0,*1,0
1322,2:medium,2:medium,,0,*1,0
1323,2:medium,2:medium,,0,*1,0
1324,2:medium,2:medium,,0,*1,0
1325,2:medium,2:medium,,0,*1,0
1326,2:medium,2:medium,,0,*1,0
1327,2:medium,2:medium,,0,*1,0
1328,2:medium,2:medium,,0,*1,0
1329,2:medium,2:medium,,0,*1,0
1330,2:medium,2:medium,,0,*1,0
1331,2:medium,2:medium,,0,*1,0
1332,2:medium,2:medium,,0,*1,0
1333,2:medium,2:medium,,0,*1,0
1334,2:medium,2:medium,,0,*1,0
1335,2:medium,2:medium,,0,*1,0
1336,2:medium,2:medium,,0,*1,0
1337,2:medium,2:medium,,0,*1,0
1338,2:medium,2:medium,,0,*1,0
1339,2:medium,2:medium,,0,*1,0
1340,2:medium,2:medium,,0,*1,0
1341,2:medium,2:medium,,0,*1,0
1342,2:medium,2:medium,,0,*1,0
1343,2:medium,2:medium,,0,*1,0
1344,2:medium,2:medium,,0,*1,0
1345,2:medium,2:medium,,0,*1,0
1346,2:medium,2:medium,,0,*1,0
1347,2:medium,2:medium,,0,*1,0
1348,2:medium,2:medium,,0,*1,0
1349,2:medium,2:medium,,0,*1,0
1350,2:medium,2:medium,,0,*1,0
1351,2:medium,2:medium,,0,*1,0
1352,2:medium,2:medium,,0,*1,0
1353,2:medium,2:medium,,0,*1,0
1354,2:medium,2:medium,,0,*1,0
1355,2:medium,2:medium,,0,*1,0
1356,2:medium,2:medium,,0,*1,0
1357,2:medium,2:medium,,0,*1,0
1358,2:medium,2:medium,,0,*1,0
1359,2:medium,2:medium,,0,*1,0
1360,2:medium,2:medium,,0,*1,0
1361,2:medium,2:medium,,0,*1,0
1362,2:medium,2:medium,,0,*1,0
1363,2:medium,2:medium,,0,*1,0
1364,2:medium,2:medium,,0,*1,0
1365,2:medium,2:medium,,0,*1,0
1366,2:medium,2:medium,,0,*1,0
1367,2:medium,2:medium,,0,*1,0
1368,2:medium,2:medium,,0,*1,0
1369,2:medium,2:medium,,0,*1,0
1370,2:medium,2:medium,,0,*1,0
1371,2:medium,2:medium,,0,*1,0
1372,2:medium,2:medium,,0,*1,0
1373,2:medium,2:medium,,0,*1,0
1374,2:medium,2:medium,,0,*1,0
1375,2:medium,2:medium,,0,*1,0
1376,2:medium,2:medium,,0,*1,0
1377,2:medium,2:medium,,0,*1,0
1378,2:medium,2:medium,,0,*1,0
1379,2:medium,2:medium,,0,*1,0
1380,2:medium,2:medium,,0,*1,0
1381,2:medium,2:medium,,0,*1,0
1382,2:medium,2:medium,,0,*1,0
1383,2:medium,2:medium,,0,*1,0
1384,2:medium,2:medium,,0,*1,0
1385,2:medium,2:medium,,0,*1,0
1386,2:medium,2:medium,,0,*1,0
1387,2:medium,2:medium,,0,*1,0
1388,2:medium,2:medium,,0,*1,0
1389,2:medium,2:medium,,0,*1,0
1390,2:medium,2:medium,,0,*1,0
1391,2:medium,2:medium,,0,*1,0
1392,2:medium,2:medium,,0,*1,0
1393,2:medium,2:medium,,0,*1,0
1394,2:medium,2:medium,,0,*1,0
1395,2:medium,2:medium,,0,*1,0
1396,2:medium,2:medium,,0,*1,0
1397,2:medium,2:medium,,0,*1,0
1398,2:medium,2:medium,,0,*1,0
1399,2:medium,2:medium,,0,*1,0
1400,2:medium,2:medium,,0,*1,0
1401,2:medium,2:medium,,0,*1,0
1402,2:medium,2:medium,,0,*1,0
1403,2:medium,2:medium,,0,*1,0
1404,2:medium,2:medium,,0,*1,0
1405,2:medium,2:medium,,0,*1,0
1406,2:medium,2:medium,,0,*1,0
1407,2:medium,2:medium,,0,*1,0
1408,2:medium,2:medium,,0,*1,0
1409,2:medium,2:medium,,0,*1,0
1410,2:medium,2:medium,,0,*1,0
1411,2:medium,2:medium,,0,*1,0
1412,2:medium,2:medium,,0,*1,0
1413,2:medium,2:medium,,0,*1,0
1414,2:medium,2:medium,,0,*1,0
1415,2:medium,2:medium,,0,*1,0
1416,2:medium,2:medium,,0,*1,0
1417,2:medium,2:medium,,0,*1,0
1418,2:medium,2:medium,,0,*1,0
1419,2:medium,2:medium,,0,*1,0
1420,2:medium,2:medium,,0,*1,0
1421,2:medium,2:medium,,0,*1,0
1422,2:medium,2:medium,,0,*1,0
1423,2:medium,2:medium,,0,*1,0
1424,2:medium,2:medium,,0,*1,0
1425,2:medium,2:medium,,0,*1,0
1426,2:medium,2:medium,,0,*1,0
1427,2:medium,2:medium,,0,*1,0
1428,2:medium,2:medium,,0,*1,0
1429,2:medium,2:medium,,0,*1,0
1430,2:medium,2:medium,,0,*1,0
1431,2:medium,2:medium,,0,*1,0
1432,2:medium,2:medium,,0,*1,0
1433,2:medium,2:medium,,0,*1,0
1434,2:medium,2:medium,,0,*1,0
1435,2:medium,2:medium,,0,*1,0
1436,2:medium,2:medium,,0,*1,0
1437,2:medium,2:medium,,0,*1,0
1438,2:medium,2:medium,,0,*1,0
1439,2:medium,2:medium,,0,*1,0
1440,2:medium,2:medium,,0,*1,0
1441,2:medium,2:medium,,0,*1,0
1442,2:medium,2:medium,,0,*1,0
1443,2:medium,2:medium,,0,*1,0
1444,2:medium,2:medium,,0,*1,0
1445,2:medium,2:medium,,0,*1,0
1446,2:medium,2:medium,,0,*1,0
1447,1:low,2:medium,+,0,*1,0
1448,2:medium,2:medium,,0,*1,0
1449,1:low,2:medium,+,0,*1,0
1450,1:low,2:medium,+,0,*1,0
1451,1:low,2:medium,+,0,*1,0
1452,1:low,2:medium,+,0,*1,0
1453,1:low,2:medium,+,0,*1,0
1454,1:low,2:medium,+,0,*1,0
1455,1:low,2:medium,+,0,*1,0
1456,1:low,2:medium,+,0,*1,0
1457,1:low,2:medium,+,0,*1,0
1458,1:low,2:medium,+,0,*1,0
1459,1:low,2:medium,+,0,*1,0
1460,1:low,2:medium,+,0,*1,0
1461,1:low,2:medium,+,0,*1,0
1462,1:low,2:medium,+,0,*1,0
1463,1:low,2:medium,+,0,*1,0
1464,1:low,2:medium,+,0,*1,0
1465,1:low,2:medium,+,0,*1,0
1466,1:low,2:medium,+,0,*1,0
1467,1:low,2:medium,+,0,*1,0
1468,1:low,2:medium,+,0,*1,0
1469,1:low,2:medium,+,0,*1,0
1470,1:low,2:medium,+,0,*1,0
1471,1:low,3:high,+,0,0,*1
1472,1:low,2:medium,+,0,*1,0
1473,1:low,2:medium,+,0,*1,0
1474,1:low,2:medium,+,0,*1,0
1475,1:low,2:medium,+,0,*1,0
1476,1:low,2:medium,+,0,*1,0
1477,1:low,2:medium,+,0,*1,0
1478,1:low,2:medium,+,0,*1,0
1479,1:low,2:medium,+,0,*1,0
1480,1:low,2:medium,+,0,*1,0
1481,1:low,2:medium,+,0,*1,0
1482,1:low,2:medium,+,0,*1,0
1483,1:low,2:medium,+,0,*1,0
1484,1:low,2:medium,+,0,*1,0
1485,1:low,2:medium,+,0,*1,0
1486,1:low,2:medium,+,0,*1,0
1487,1:low,2:medium,+,0,*1,0
1488,1:low,2:medium,+,0,*1,0
1489,1:low,2:medium,+,0,*1,0
1490,1:low,2:medium,+,0,*1,0
1491,1:low,2:medium,+,0,*1,0
1492,1:low,2:medium,+,0,*1,0
1493,1:low,2:medium,+,0,*1,0
1494,1:low,3:high,+,0,0,*1
1495,1:low,2:medium,+,0,*1,0
1496,1:low,2:medium,+,0,*1,0
1497,1:low,2:medium,+,0,*1,0
1498,1:low,2:medium,+,0,*1,0
1499,1:low,2:medium,+,0,*1,0
1500,1:low,2:medium,+,0,*1,0
1501,1:low,2:medium,+,0,*1,0
1502,1:low,2:medium,+,0,*1,0
1503,1:low,2:medium,+,0,*1,0
1504,1:low,2:medium,+,0,*1,0
1505,1:low,2:medium,+,0,*1,0
1506,1:low,2:medium,+,0,*1,0
1507,1:low,2:medium,+,0,*1,0
1508,1:low,2:medium,+,0,*1,0
1509,1:low,2:medium,+,0,*1,0
1510,1:low,2:medium,+,0,*1,0
1511,1:low,2:medium,+,0,*1,0
1512,1:low,2:medium,+,0,*1,0
1513,1:low,2:medium,+,0,*1,0
1514,1:low,2:medium,+,0,*1,0
1515,1:low,2:medium,+,0,*1,0
1516,1:low,2:medium,+,0,*1,0
1517,1:low,2:medium,+,0,*1,0
1518,1:low,2:medium,+,0,*1,0
1519,1:low,2:medium,+,0,*1,0
1520,1:low,2:medium,+,0,*1,0
1521,1:low,2:medium,+,0,*1,0
1522,1:low,2:medium,+,0,*1,0
1523,1:low,2:medium,+,0,*1,0
1524,1:low,2:medium,+,0,*1,0
1525,1:low,2:medium,+,0,*1,0
1526,1:low,2:medium,+,0,*1,0
1527,1:low,2:medium,+,0,*1,0
1528,1:low,2:medium,+,0,*1,0
1529,1:low,2:medium,+,0,*1,0
1530,1:low,2:medium,+,0,*1,0
1531,1:low,2:medium,+,0,*1,0
1532,1:low,2:medium,+,0,*1,0
1533,1:low,2:medium,+,0,*1,0
1534,1:low,2:medium,+,0,*1,0
1535,1:low,2:medium,+,0,*1,0
1536,1:low,2:medium,+,0,*1,0
1537,1:low,2:medium,+,0,*1,0
1538,1:low,2:medium,+,0,*1,0
1539,1:low,2:medium,+,0,*1,0
1540,1:low,2:medium,+,0,*1,0
1541,1:low,2:medium,+,0,*1,0
1542,1:low,2:medium,+,0,*1,0
1543,1:low,2:medium,+,0,*1,0
1544,1:low,2:medium,+,0,*1,0
1545,1:low,2:medium,+,0,*1,0
1546,1:low,2:medium,+,0,*1,0
1547,1:low,2:medium,+,0,*1,0
1548,1:low,2:medium,+,0,*1,0
1549,1:low,2:medium,+,0,*1,0
1550,1:low,2:medium,+,0,*1,0
1551,1:low,2:medium,+,0,*1,0
1552,1:low,2:medium,+,0,*1,0
1553,1:low,2:medium,+,0,*1,0
1554,1:low,2:medium,+,0,*1,0
1555,1:low,2:medium,+,0,*1,0
1556,1:low,2:medium,+,0,*1,0
1557,1:low,2:medium,+,0,*1,0
1558,1:low,2:medium,+,0,*1,0
1559,1:low,2:medium,+,0,*1,0
1560,1:low,2:medium,+,0,*1,0
1561,1:low,2:medium,+,0,*1,0
1562,1:low,2:medium,+,0,*1,0
1563,1:low,2:medium,+,0,*1,0
1564,1:low,2:medium,+,0,*1,0
1565,2:medium,2:medium,,0,*1,0
1566,1:low,2:medium,+,0,*1,0
1567,2:medium,2:medium,,0,*1,0
1568,2:medium,2:medium,,0,*1,0
1569,1:low,2:medium,+,0,*1,0
1570,1:low,2:medium,+,0,*1,0
1571,1:low,2:medium,+,0,*1,0
1572,2:medium,2:medium,,0,*1,0
1573,1:low,2:medium,+,0,*1,0
1574,2:medium,2:medium,,0,*1,0
1575,1:low,2:medium,+,0,*1,0
1576,1:low,2:medium,+,0,*1,0
1577,2:medium,2:medium,,0,*1,0
1578,2:medium,2:medium,,0,*1,0
1579,1:low,2:medium,+,0,*1,0
1580,1:low,2:medium,+,0,*1,0
1581,2:medium,2:medium,,0,*1,0
1582,1:low,2:medium,+,0,*1,0
1583,2:medium,2:medium,,0,*1,0
1584,2:medium,2:medium,,0,*1,0
1585,2:medium,2:medium,,0,*1,0
1586,2:medium,2:medium,,0,*1,0
1587,2:medium,2:medium,,0,*1,0
1588,2:medium,2:medium,,0,*1,0
1589,1:low,2:medium,+,0,*1,0
1590,2:medium,2:medium,,0,*1,0
1591,2:medium,2:medium,,0,*1,0
1592,2:medium,2:medium,,0,*1,0
1593,2:medium,2:medium,,0,*1,0
1594,1:low,2:medium,+,0,*1,0
1595,2:medium,2:medium,,0,*1,0
1596,2:medium,2:medium,,0,*1,0
1597,2:medium,2:medium,,0,*1,0
1598,2:medium,2:medium,,0,*1,0
1599,2:medium,2:medium,,0,*1,0
1600,2:medium,2:medium,,0,*1,0
1601,2:medium,2:medium,,0,*1,0
1602,2:medium,2:medium,,0,*1,0
1603,2:medium,2:medium,,0,*1,0
1604,2:medium,2:medium,,0,*1,0
1605,2:medium,2:medium,,0,*1,0
1606,2:medium,2:medium,,0,*1,0
1607,2:medium,2:medium,,0,*1,0
1608,2:medium,2:medium,,0,*1,0
1609,2:medium,2:medium,,0,*1,0
1610,2:medium,2:medium,,0,*1,0
1611,2:medium,2:medium,,0,*1,0
1612,2:medium,2:medium,,0,*1,0
1613,2:medium,2:medium,,0,*1,0
1614,2:medium,2:medium,,0,*1,0
1615,2:medium,2:medium,,0,*1,0
1616,2:medium,2:medium,,0,*1,0
1617,2:medium,2:medium,,0,*1,0
1618,2:medium,2:medium,,0,*1,0
1619,2:medium,2:medium,,0,*1,0
1620,2:medium,2:medium,,0,*1,0
1621,2:medium,2:medium,,0,*1,0
1622,2:medium,2:medium,,0,*1,0
1623,2:medium,2:medium,,0,*1,0
1624,2:medium,2:medium,,0,*1,0
1625,2:medium,2:medium,,0,*1,0
1626,2:medium,2:medium,,0,*1,0
1627,2:medium,2:medium,,0,*1,0
1628,2:medium,2:medium,,0,*1,0
1629,2:medium,2:medium,,0,*1,0
1630,2:medium,2:medium,,0,*1,0
1631,2:medium,2:medium,,0,*1,0
1632,2:medium,2:medium,,0,*1,0
1633,2:medium,2:medium,,0,*1,0
1634,2:medium,2:medium,,0,*1,0
1635,2:medium,2:medium,,0,*1,0
1636,2:medium,2:medium,,0,*1,0
1637,2:medium,2:medium,,0,*1,0
1638,2:medium,2:medium,,0,*1,0
1639,2:medium,2:medium,,0,*1,0
1640,2:medium,2:medium,,0,*1,0
1641,2:medium,2:medium,,0,*1,0
1642,2:medium,2:medium,,0,*1,0
1643,2:medium,2:medium,,0,*1,0
1644,2:medium,2:medium,,0,*1,0
1645,1:low,2:medium,+,0,*1,0
1646,2:medium,2:medium,,0,*1,0
1647,2:medium,2:medium,,0,*1,0
1648,2:medium,2:medium,,0,*1,0
1649,1:low,2:medium,+,0,*1,0
1650,1:low,2:medium,+,0,*1,0
1651,1:low,2:medium,+,0,*1,0
1652,1:low,2:medium,+,0,*1,0
1653,1:low,2:medium,+,0,*1,0
1654,1:low,2:medium,+,0,*1,0
1655,1:low,2:medium,+,0,*1,0
1656,1:low,2:medium,+,0,*1,0
1657,1:low,2:medium,+,0,*1,0
1658,1:low,2:medium,+,0,*1,0
1659,1:low,2:medium,+,0,*1,0
1660,1:low,2:medium,+,0,*1,0
1661,1:low,2:medium,+,0,*1,0
1662,1:low,2:medium,+,0,*1,0
1663,1:low,2:medium,+,0,*1,0
1664,1:low,2:medium,+,0,*1,0
1665,1:low,2:medium,+,0,*1,0
1666,1:low,2:medium,+,0,*1,0
1667,1:low,2:medium,+,0,*1,0
1668,1:low,2:medium,+,0,*1,0
1669,1:low,2:medium,+,0,*1,0
1670,1:low,2:medium,+,0,*1,0
1671,1:low,2:medium,+,0,*1,0
1672,1:low,2:medium,+,0,*1,0
1673,1:low,2:medium,+,0,*1,0
1674,1:low,2:medium,+,0,*1,0
1675,1:low,2:medium,+,0,*1,0
1676,1:low,2:medium,+,0,*1,0
1677,1:low,2:medium,+,0,*1,0
1678,1:low,2:medium,+,0,*1,0
1679,1:low,2:medium,+,0,*1,0
1680,1:low,2:medium,+,0,*1,0
1681,1:low,2:medium,+,0,*1,0
1682,1:low,2:medium,+,0,*1,0
1683,1:low,2:medium,+,0,*1,0
1684,1:low,2:medium,+,0,*1,0
1685,1:low,2:medium,+,0,*1,0
1686,1:low,2:medium,+,0,*1,0
1687,1:low,2:medium,+,0,*1,0
1688,1:low,2:medium,+,0,*1,0
1689,1:low,2:medium,+,0,*1,0
1690,1:low,2:medium,+,0,*1,0
1691,1:low,2:medium,+,0,*1,0
1692,1:low,2:medium,+,0,*1,0
1693,1:low,2:medium,+,0,*1,0
1694,1:low,2:medium,+,0,*1,0
1695,1:low,2:medium,+,0,*1,0
1696,1:low,2:medium,+,0,*1,0
1697,1:low,2:medium,+,0,*1,0
1698,1:low,2:medium,+,0,*1,0
1699,1:low,2:medium,+,0,*1,0
1700,1:low,2:medium,+,0,*1,0
1701,1:low,2:medium,+,0,*1,0
1702,1:low,2:medium,+,0,*1,0
1703,1:low,2:medium,+,0,*1,0
1704,1:low,2:medium,+,0,*1,0
1705,1:low,2:medium,+,0,*1,0
1706,1:low,2:medium,+,0,*1,0
1707,1:low,2:medium,+,0,*1,0
1708,1:low,2:medium,+,0,*1,0
1709,1:low,2:medium,+,0,*1,0
1710,1:low,3:high,+,0,0,*1
1711,1:low,2:medium,+,0,*1,0
1712,1:low,3:high,+,0,0,*1
1713,1:low,2:medium,+,0,*1,0
1714,1:low,2:medium,+,0,*1,0
1715,1:low,2:medium,+,0,*1,0
1716,1:low,2:medium,+,0,*1,0
1717,1:low,2:medium,+,0,*1,0
1718,1:low,2:medium,+,0,*1,0
1719,1:low,2:medium,+,0,*1,0
1720,1:low,2:medium,+,0,*1,0
1721,1:low,2:medium,+,0,*1,0
1722,1:low,2:medium,+,0,*1,0
1723,1:low,2:medium,+,0,*1,0
1724,1:low,2:medium,+,0,*1,0
1725,1:low,2:medium,+,0,*1,0
1726,1:low,2:medium,+,0,*1,0
1727,1:low,2:medium,+,0,*1,0
1728,1:low,2:medium,+,0,*1,0
1729,1:low,2:medium,+,0,*1,0
1730,1:low,2:medium,+,0,*1,0
1731,1:low,2:medium,+,0,*1,0
1732,1:low,2:medium,+,0,*1,0
1733,1:low,2:medium,+,0,*1,0
1734,1:low,2:medium,+,0,*1,0
1735,1:low,2:medium,+,0,*1,0
1736,1:low,2:medium,+,0,*1,0
1737,1:low,2:medium,+,0,*1,0
1738,1:low,2:medium,+,0,*1,0
1739,1:low,2:medium,+,0,*1,0
1740,1:low,2:medium,+,0,*1,0
1741,1:low,2:medium,+,0,*1,0
1742,1:low,2:medium,+,0,*1,0
1743,1:low,2:medium,+,0,*1,0
1744,1:low,2:medium,+,0,*1,0
1745,1:low,2:medium,+,0,*1,0
1746,1:low,2:medium,+,0,*1,0
1747,1:low,2:medium,+,0,*1,0
1748,1:low,2:medium,+,0,*1,0
1749,1:low,2:medium,+,0,*1,0
1750,1:low,2:medium,+,0,*1,0
1751,1:low,2:medium,+,0,*1,0
1752,1:low,2:medium,+,0,*1,0
1753,1:low,2:medium,+,0,*1,0
1754,1:low,2:medium,+,0,*1,0
1755,1:low,2:medium,+,0,*1,0
1756,1:low,2:medium,+,0,*1,0
1757,1:low,2:medium,+,0,*1,0
1758,1:low,2:medium,+,0,*1,0
1759,1:low,2:medium,+,0,*1,0
1760,1:low,2:medium,+,0,*1,0
