inst#,actual,predicted,error,prediction
1,3:low,3:low,,0.814
2,2:medium,3:low,+,0.469
3,2:medium,3:low,+,0.44
4,2:medium,2:medium,,0.455
5,2:medium,3:low,+,0.817
6,2:medium,3:low,+,0.811
7,2:medium,3:low,+,0.741
8,2:medium,3:low,+,0.655
9,3:low,3:low,,0.822
10,3:low,3:low,,0.516
11,3:low,3:low,,0.804
12,3:low,3:low,,0.516
13,3:low,3:low,,0.527
14,3:low,3:low,,0.819
15,3:low,3:low,,0.755
16,3:low,3:low,,0.879
17,3:low,3:low,,0.879
18,3:low,3:low,,0.817
19,3:low,3:low,,0.598
20,3:low,3:low,,0.879
21,3:low,1:high,+,0.405
22,3:low,3:low,,0.824
23,3:low,3:low,,0.887
24,3:low,3:low,,0.727
25,3:low,3:low,,0.583
26,2:medium,3:low,+,0.873
27,3:low,3:low,,0.813
28,3:low,3:low,,0.734
29,3:low,3:low,,0.615
30,3:low,3:low,,0.6
31,3:low,3:low,,0.866
32,2:medium,3:low,+,0.666
33,3:low,3:low,,0.808
34,2:medium,3:low,+,0.839
35,2:medium,3:low,+,0.679
36,3:low,3:low,,0.813
37,2:medium,2:medium,,0.445
38,3:low,3:low,,0.451
39,3:low,3:low,,0.814
40,3:low,3:low,,0.738
41,3:low,3:low,,0.521
42,3:low,3:low,,0.524
43,2:medium,3:low,+,0.735
44,3:low,3:low,,0.589
45,3:low,3:low,,0.594
46,2:medium,3:low,+,0.522
47,3:low,3:low,,0.663
48,3:low,3:low,,0.806

