inst#,actual,predicted,error,prediction
1,3:low,3:low,,0.819
2,2:medium,2:medium,,0.978
3,2:medium,3:low,+,0.758
4,2:medium,2:medium,,0.939
5,2:medium,3:low,+,0.855
6,2:medium,3:low,+,0.75
7,2:medium,3:low,+,0.816
8,2:medium,3:low,+,0.856
9,3:low,3:low,,0.853
10,3:low,3:low,,0.873
11,3:low,3:low,,0.839
12,3:low,3:low,,0.835
13,3:low,3:low,,0.868
14,3:low,3:low,,0.774
15,3:low,3:low,,0.818
16,3:low,3:low,,0.795
17,3:low,3:low,,0.788
18,3:low,3:low,,0.815
19,3:low,3:low,,0.812
20,3:low,3:low,,0.796
21,3:low,3:low,,0.823
22,3:low,3:low,,0.592
23,3:low,3:low,,0.828
24,3:low,3:low,,0.787
25,3:low,3:low,,0.814
26,2:medium,3:low,+,0.781
27,3:low,3:low,,0.82
28,3:low,3:low,,0.865
29,3:low,3:low,,0.809
30,3:low,3:low,,0.844
31,3:low,3:low,,0.8
32,2:medium,3:low,+,0.78
33,3:low,3:low,,0.73
34,2:medium,3:low,+,0.679
35,2:medium,3:low,+,0.681
36,3:low,3:low,,0.804
37,2:medium,3:low,+,0.528
38,3:low,3:low,,0.825
39,3:low,3:low,,0.84
40,3:low,3:low,,0.809
41,3:low,3:low,,0.879
42,3:low,3:low,,0.832
43,2:medium,3:low,+,0.809
44,3:low,3:low,,0.831
45,3:low,3:low,,0.854
46,2:medium,3:low,+,0.83
47,3:low,3:low,,0.867
48,3:low,3:low,,0.85

