inst#,actual,predicted,error,prediction
1,3:low,3:low,,0.688
2,2:medium,2:medium,,0.563
3,2:medium,2:medium,,0.563
4,2:medium,2:medium,,0.563
5,2:medium,3:low,+,0.875
6,2:medium,3:low,+,0.75
7,2:medium,3:low,+,0.813
8,2:medium,3:low,+,0.75
9,3:low,3:low,,0.688
10,3:low,3:low,,0.75
11,3:low,3:low,,0.813
12,3:low,3:low,,0.563
13,3:low,3:low,,0.625
14,3:low,3:low,,0.688
15,3:low,3:low,,0.688
16,3:low,2:medium,+,0.5
17,3:low,2:medium,+,0.5
18,3:low,2:medium,+,0.563
19,3:low,2:medium,+,0.5
20,3:low,2:medium,+,0.5
21,3:low,2:medium,+,0.5
22,3:low,2:medium,+,0.438
23,3:low,2:medium,+,0.563
24,3:low,2:medium,+,0.5
25,3:low,2:medium,+,0.625
26,2:medium,2:medium,,0.563
27,3:low,2:medium,+,0.563
28,3:low,3:low,,0.563
29,3:low,2:medium,+,0.563
30,3:low,2:medium,+,0.688
31,3:low,2:medium,+,0.563
32,2:medium,2:medium,,0.563
33,3:low,3:low,,0.563
34,2:medium,2:medium,,0.5
35,2:medium,2:medium,,0.563
36,3:low,2:medium,+,0.5
37,2:medium,2:medium,,0.563
38,3:low,2:medium,+,0.438
39,3:low,3:low,,0.5
40,3:low,3:low,,0.625
41,3:low,2:medium,+,0.5
42,3:low,3:low,,0.5
43,2:medium,3:low,+,0.5
44,3:low,3:low,,0.5
45,3:low,3:low,,0.5
46,2:medium,3:low,+,0.563
47,3:low,3:low,,0.5
48,3:low,2:medium,+,0.438

