inst#,actual,predicted,error,prediction
1,3:low,3:low,,0.761
2,2:medium,3:low,+,0.357
3,2:medium,3:low,+,0.433
4,2:medium,2:medium,,0.441
5,2:medium,3:low,+,0.791
6,2:medium,3:low,+,0.757
7,2:medium,3:low,+,0.788
8,2:medium,3:low,+,0.496
9,3:low,3:low,,0.814
10,3:low,3:low,,0.518
11,3:low,3:low,,0.745
12,3:low,3:low,,0.447
13,3:low,3:low,,0.586
14,3:low,3:low,,0.773
15,3:low,3:low,,0.62
16,3:low,3:low,,0.783
17,3:low,3:low,,0.779
18,3:low,3:low,,0.799
19,3:low,3:low,,0.631
20,3:low,3:low,,0.792
21,3:low,2:medium,+,0.409
22,3:low,3:low,,0.677
23,3:low,3:low,,0.863
24,3:low,3:low,,0.636
25,3:low,3:low,,0.451
26,2:medium,3:low,+,0.682
27,3:low,3:low,,0.699
28,3:low,3:low,,0.605
29,3:low,3:low,,0.638
30,3:low,3:low,,0.642
31,3:low,3:low,,0.703
32,2:medium,3:low,+,0.545
33,3:low,3:low,,0.671
34,2:medium,3:low,+,0.729
35,2:medium,2:medium,,0.595
36,3:low,3:low,,0.788
37,2:medium,2:medium,,0.565
38,3:low,3:low,,0.416
39,3:low,3:low,,0.78
40,3:low,3:low,,0.656
41,3:low,3:low,,0.499
42,3:low,3:low,,0.722
43,2:medium,3:low,+,0.699
44,3:low,3:low,,0.639
45,3:low,3:low,,0.579
46,2:medium,3:low,+,0.402
47,3:low,3:low,,0.537
48,3:low,3:low,,0.697

