inst#,actual,predicted,error,prediction
1,3:low,3:low,,0.769
2,2:medium,2:medium,,0.5
3,2:medium,2:medium,,0.462
4,2:medium,2:medium,,0.5
5,2:medium,3:low,+,0.769
6,2:medium,3:low,+,0.692
7,2:medium,3:low,+,0.731
8,2:medium,3:low,+,0.769
9,3:low,3:low,,0.846
10,3:low,3:low,,0.808
11,3:low,3:low,,0.692
12,3:low,3:low,,0.577
13,3:low,3:low,,0.615
14,3:low,3:low,,0.538
15,3:low,3:low,,0.5
16,3:low,2:medium,+,0.5
17,3:low,2:medium,+,0.5
18,3:low,3:low,,0.538
19,3:low,2:medium,+,0.5
20,3:low,2:medium,+,0.577
21,3:low,2:medium,+,0.462
22,3:low,2:medium,+,0.577
23,3:low,2:medium,+,0.462
24,3:low,2:medium,+,0.462
25,3:low,2:medium,+,0.538
26,2:medium,2:medium,,0.5
27,3:low,3:low,,0.5
28,3:low,3:low,,0.5
29,3:low,3:low,,0.5
30,3:low,2:medium,+,0.577
31,3:low,2:medium,+,0.538
32,2:medium,2:medium,,0.5
33,3:low,2:medium,+,0.5
34,2:medium,2:medium,,0.615
35,2:medium,2:medium,,0.654
36,3:low,3:low,,0.577
37,2:medium,2:medium,,0.692
38,3:low,2:medium,+,0.538
39,3:low,2:medium,+,0.5
40,3:low,2:medium,+,0.538
41,3:low,2:medium,+,0.5
42,3:low,3:low,,0.5
43,2:medium,2:medium,,0.538
44,3:low,2:medium,+,0.5
45,3:low,2:medium,+,0.5
46,2:medium,2:medium,,0.577
47,3:low,3:low,,0.5
48,3:low,2:medium,+,0.5

