inst#,actual,predicted,error,prediction
1,3:low,3:low,,0.759
2,2:medium,3:low,+,0.412
3,2:medium,3:low,+,0.394
4,2:medium,2:medium,,0.471
5,2:medium,3:low,+,0.759
6,2:medium,3:low,+,0.654
7,2:medium,3:low,+,0.706
8,2:medium,2:medium,,0.538
9,3:low,3:low,,0.757
10,3:low,2:medium,+,0.47
11,3:low,3:low,,0.813
12,3:low,2:medium,+,0.501
13,3:low,3:low,,0.508
14,3:low,3:low,,0.768
15,3:low,3:low,,0.556
16,3:low,3:low,,0.654
17,3:low,3:low,,0.654
18,3:low,3:low,,0.757
19,3:low,3:low,,0.752
20,3:low,3:low,,0.805
21,3:low,2:medium,+,0.615
22,3:low,3:low,,0.704
23,3:low,3:low,,0.807
24,3:low,3:low,,0.547
25,3:low,2:medium,+,0.507
26,2:medium,3:low,+,0.601
27,3:low,3:low,,0.712
28,3:low,3:low,,0.65
29,3:low,3:low,,0.601
30,3:low,3:low,,0.608
31,3:low,3:low,,0.604
32,2:medium,3:low,+,0.558
33,3:low,3:low,,0.601
34,2:medium,3:low,+,0.654
35,2:medium,2:medium,,0.594
36,3:low,3:low,,0.712
37,2:medium,2:medium,,0.658
38,3:low,2:medium,+,0.558
39,3:low,3:low,,0.712
40,3:low,3:low,,0.654
41,3:low,2:medium,+,0.5
42,3:low,3:low,,0.757
43,2:medium,3:low,+,0.654
44,3:low,3:low,,0.654
45,3:low,3:low,,0.512
46,2:medium,2:medium,,0.59
47,3:low,3:low,,0.508
48,3:low,3:low,,0.703

