inst#,actual,predicted,error,prediction
1,3:low,3:low,,0.921
2,2:medium,2:medium,,0.554
3,2:medium,3:low,+,0.786
4,2:medium,3:low,+,0.568
5,2:medium,3:low,+,0.951
6,2:medium,3:low,+,0.918
7,2:medium,3:low,+,0.949
8,2:medium,3:low,+,0.957
9,3:low,3:low,,0.96
10,3:low,3:low,,0.95
11,3:low,3:low,,0.959
12,3:low,3:low,,0.929
13,3:low,3:low,,0.944
14,3:low,3:low,,0.945
15,3:low,3:low,,0.945
16,3:low,3:low,,0.942
17,3:low,3:low,,0.946
18,3:low,3:low,,0.945
19,3:low,3:low,,0.913
20,3:low,3:low,,0.94
21,3:low,3:low,,0.936
22,3:low,3:low,,0.793
23,3:low,3:low,,0.941
24,3:low,3:low,,0.909
25,3:low,3:low,,0.889
26,2:medium,3:low,+,0.945
27,3:low,3:low,,0.951
28,3:low,3:low,,0.946
29,3:low,3:low,,0.938
30,3:low,3:low,,0.927
31,3:low,3:low,,0.933
32,2:medium,3:low,+,0.909
33,3:low,3:low,,0.876
34,2:medium,3:low,+,0.869
35,2:medium,3:low,+,0.766
36,3:low,3:low,,0.948
37,2:medium,3:low,+,0.526
38,3:low,3:low,,0.904
39,3:low,3:low,,0.936
40,3:low,3:low,,0.905
41,3:low,3:low,,0.92
42,3:low,3:low,,0.911
43,2:medium,3:low,+,0.922
44,3:low,3:low,,0.911
45,3:low,3:low,,0.873
46,2:medium,3:low,+,0.892
47,3:low,3:low,,0.921
48,3:low,3:low,,0.932

