inst#,actual,predicted,error,prediction
1,3:low,3:low,,0.896
2,2:medium,2:medium,,0.459
3,2:medium,2:medium,,0.661
4,2:medium,2:medium,,0.606
5,2:medium,3:low,+,0.873
6,2:medium,3:low,+,0.831
7,2:medium,3:low,+,0.904
8,2:medium,3:low,+,0.878
9,3:low,3:low,,0.845
10,3:low,3:low,,0.881
11,3:low,3:low,,0.847
12,3:low,3:low,,0.786
13,3:low,3:low,,0.79
14,3:low,3:low,,0.828
15,3:low,3:low,,0.76
16,3:low,3:low,,0.591
17,3:low,3:low,,0.592
18,3:low,3:low,,0.572
19,3:low,3:low,,0.56
20,3:low,3:low,,0.621
21,3:low,3:low,,0.621
22,3:low,3:low,,0.496
23,3:low,3:low,,0.592
24,3:low,3:low,,0.585
25,3:low,3:low,,0.517
26,2:medium,3:low,+,0.645
27,3:low,2:medium,+,0.506
28,3:low,3:low,,0.59
29,3:low,3:low,,0.617
30,3:low,3:low,,0.582
31,3:low,3:low,,0.629
32,2:medium,3:low,+,0.497
33,3:low,3:low,,0.5
34,2:medium,3:low,+,0.629
35,2:medium,2:medium,,0.761
36,3:low,3:low,,0.631
37,2:medium,2:medium,,0.743
38,3:low,3:low,,0.562
39,3:low,3:low,,0.59
40,3:low,3:low,,0.573
41,3:low,3:low,,0.599
42,3:low,3:low,,0.53
43,2:medium,3:low,+,0.583
44,3:low,3:low,,0.604
45,3:low,3:low,,0.517
46,2:medium,3:low,+,0.536
47,3:low,3:low,,0.574
48,3:low,3:low,,0.619

