inst#,actual,predicted,error,prediction
1,3:low,2:medium,+,0.649
2,2:medium,2:medium,,0.951
3,2:medium,2:medium,,0.993
4,2:medium,3:low,+,0.888
5,2:medium,3:low,+,0.997
6,2:medium,3:low,+,0.998
7,2:medium,3:low,+,1
8,2:medium,3:low,+,0.636
9,3:low,3:low,,0.996
10,3:low,3:low,,0.999
11,3:low,3:low,,0.959
12,3:low,3:low,,0.998
13,3:low,3:low,,0.766
14,3:low,3:low,,0.999
15,3:low,3:low,,1
16,3:low,3:low,,0.844
17,3:low,3:low,,0.994
18,3:low,3:low,,0.549
19,3:low,3:low,,0.901
20,3:low,2:medium,+,0.672
21,3:low,3:low,,0.97
22,3:low,2:medium,+,0.553
23,3:low,3:low,,1
24,3:low,3:low,,0.918
25,3:low,3:low,,0.889
26,2:medium,2:medium,,0.922
27,3:low,2:medium,+,0.952
28,3:low,3:low,,0.879
29,3:low,2:medium,+,0.965
30,3:low,2:medium,+,0.671
31,3:low,3:low,,0.927
32,2:medium,2:medium,,0.874
33,3:low,3:low,,0.957
34,2:medium,2:medium,,0.887
35,2:medium,2:medium,,0.677
36,3:low,2:medium,+,0.664
37,2:medium,2:medium,,0.998
38,3:low,3:low,,0.526
39,3:low,3:low,,0.998
40,3:low,2:medium,+,0.986
41,3:low,2:medium,+,1
42,3:low,2:medium,+,0.994
43,2:medium,2:medium,,0.983
44,3:low,2:medium,+,0.872
45,3:low,2:medium,+,0.987
46,2:medium,2:medium,,0.796
47,3:low,2:medium,+,0.986
48,3:low,3:low,,0.824

