inst#,actual,predicted,error,prediction
1,3:low,3:low,,0.816
2,2:medium,3:low,+,0.832
3,2:medium,3:low,+,0.801
4,2:medium,2:medium,,0.48
5,2:medium,3:low,+,0.876
6,2:medium,3:low,+,0.744
7,2:medium,3:low,+,0.804
8,2:medium,3:low,+,0.839
9,3:low,3:low,,0.881
10,3:low,3:low,,0.847
11,3:low,3:low,,0.845
12,3:low,3:low,,0.784
13,3:low,3:low,,0.798
14,3:low,3:low,,0.797
15,3:low,3:low,,0.819
16,3:low,3:low,,0.771
17,3:low,3:low,,0.757
18,3:low,3:low,,0.739
19,3:low,3:low,,0.822
20,3:low,3:low,,0.773
21,3:low,3:low,,0.601
22,3:low,3:low,,0.668
23,3:low,3:low,,0.825
24,3:low,3:low,,0.728
25,3:low,3:low,,0.702
26,2:medium,3:low,+,0.691
27,3:low,3:low,,0.736
28,3:low,3:low,,0.788
29,3:low,3:low,,0.767
30,3:low,3:low,,0.759
31,3:low,3:low,,0.766
32,2:medium,3:low,+,0.722
33,3:low,3:low,,0.638
34,2:medium,3:low,+,0.605
35,2:medium,3:low,+,0.664
36,3:low,3:low,,0.658
37,2:medium,2:medium,,0.435
38,3:low,3:low,,0.638
39,3:low,3:low,,0.73
40,3:low,3:low,,0.671
41,3:low,3:low,,0.752
42,3:low,3:low,,0.713
43,2:medium,3:low,+,0.682
44,3:low,3:low,,0.627
45,3:low,3:low,,0.567
46,2:medium,3:low,+,0.619
47,3:low,3:low,,0.773
48,3:low,3:low,,0.733

