inst#,actual,predicted,error,prediction
1,3:low,3:low,,0.903
2,2:medium,1:high,+,0.846
3,2:medium,3:low,+,0.813
4,2:medium,2:medium,,0.998
5,2:medium,3:low,+,0.913
6,2:medium,3:low,+,0.915
7,2:medium,3:low,+,0.934
8,2:medium,3:low,+,0.906
9,3:low,3:low,,0.933
10,3:low,3:low,,0.906
11,3:low,3:low,,0.874
12,3:low,3:low,,0.897
13,3:low,3:low,,0.923
14,3:low,3:low,,0.889
15,3:low,3:low,,0.865
16,3:low,3:low,,0.861
17,3:low,3:low,,0.927
18,3:low,3:low,,0.894
19,3:low,3:low,,0.89
20,3:low,3:low,,0.886
21,3:low,3:low,,0.859
22,3:low,3:low,,0.839
23,3:low,3:low,,0.91
24,3:low,3:low,,0.874
25,3:low,3:low,,0.905
26,2:medium,3:low,+,0.895
27,3:low,3:low,,0.895
28,3:low,3:low,,0.903
29,3:low,3:low,,0.862
30,3:low,3:low,,0.903
31,3:low,3:low,,0.863
32,2:medium,3:low,+,0.896
33,3:low,3:low,,0.815
34,2:medium,3:low,+,0.834
35,2:medium,3:low,+,0.777
36,3:low,3:low,,0.912
37,2:medium,3:low,+,0.561
38,3:low,3:low,,0.878
39,3:low,3:low,,0.877
40,3:low,3:low,,0.883
41,3:low,3:low,,0.876
42,3:low,3:low,,0.913
43,2:medium,3:low,+,0.887
44,3:low,3:low,,0.884
45,3:low,3:low,,0.871
46,2:medium,3:low,+,0.859
47,3:low,3:low,,0.911
48,3:low,3:low,,0.88

