inst#,actual,predicted,error,prediction
1,3:low,3:low,,0.815
2,2:medium,2:medium,,0.416
3,2:medium,3:low,+,0.629
4,2:medium,3:low,+,0.466
5,2:medium,3:low,+,0.655
6,2:medium,3:low,+,0.577
7,2:medium,3:low,+,0.656
8,2:medium,3:low,+,0.494
9,3:low,2:medium,+,0.494
10,3:low,3:low,,0.471
11,3:low,3:low,,0.55
12,3:low,3:low,,0.524
13,3:low,3:low,,0.576
14,3:low,2:medium,+,0.571
15,3:low,3:low,,0.577
16,3:low,2:medium,+,0.519
17,3:low,3:low,,0.525
18,3:low,3:low,,0.498
19,3:low,3:low,,0.523
20,3:low,2:medium,+,0.597
21,3:low,3:low,,0.523
22,3:low,2:medium,+,0.624
23,3:low,3:low,,0.525
24,3:low,3:low,,0.497
25,3:low,3:low,,0.498
26,2:medium,2:medium,,0.623
27,3:low,2:medium,+,0.572
28,3:low,3:low,,0.498
29,3:low,2:medium,+,0.545
30,3:low,2:medium,+,0.572
31,3:low,3:low,,0.498
32,2:medium,2:medium,,0.572
33,3:low,2:medium,+,0.597
34,2:medium,2:medium,,0.571
35,2:medium,2:medium,,0.545
36,3:low,2:medium,+,0.624
37,2:medium,2:medium,,0.729
38,3:low,2:medium,+,0.494
39,3:low,2:medium,+,0.546
40,3:low,3:low,,0.497
41,3:low,2:medium,+,0.599
42,3:low,2:medium,+,0.625
43,2:medium,2:medium,,0.495
44,3:low,2:medium,+,0.573
45,3:low,2:medium,+,0.546
46,2:medium,2:medium,,0.597
47,3:low,2:medium,+,0.599
48,3:low,2:medium,+,0.521

