inst#,actual,predicted,error,prediction
1,3:low,3:low,,0.671
2,2:medium,2:medium,,0.545
3,2:medium,2:medium,,0.577
4,2:medium,2:medium,,0.685
5,2:medium,3:low,+,0.652
6,2:medium,3:low,+,0.674
7,2:medium,3:low,+,0.638
8,2:medium,3:low,+,0.583
9,3:low,3:low,,0.658
10,3:low,3:low,,0.593
11,3:low,3:low,,0.624
12,3:low,3:low,,0.505
13,3:low,3:low,,0.59
14,3:low,3:low,,0.621
15,3:low,3:low,,0.605
16,3:low,3:low,,0.583
17,3:low,3:low,,0.6
18,3:low,3:low,,0.555
19,3:low,3:low,,0.547
20,3:low,3:low,,0.505
21,3:low,3:low,,0.493
22,3:low,3:low,,0.49
23,3:low,3:low,,0.6
24,3:low,3:low,,0.516
25,3:low,2:medium,+,0.476
26,2:medium,3:low,+,0.527
27,3:low,3:low,,0.536
28,3:low,3:low,,0.53
29,3:low,3:low,,0.466
30,3:low,3:low,,0.525
31,3:low,3:low,,0.52
32,2:medium,2:medium,,0.475
33,3:low,3:low,,0.458
34,2:medium,3:low,+,0.549
35,2:medium,2:medium,,0.555
36,3:low,3:low,,0.489
37,2:medium,2:medium,,0.754
38,3:low,3:low,,0.506
39,3:low,3:low,,0.587
40,3:low,3:low,,0.572
41,3:low,3:low,,0.558
42,3:low,3:low,,0.511
43,2:medium,3:low,+,0.519
44,3:low,3:low,,0.527
45,3:low,3:low,,0.476
46,2:medium,3:low,+,0.476
47,3:low,3:low,,0.511
48,3:low,3:low,,0.519

