inst#,actual,predicted,error,prediction
1,3:low,3:low,,0.829
2,2:medium,2:medium,,0.398
3,2:medium,2:medium,,0.367
4,2:medium,2:medium,,0.412
5,2:medium,3:low,+,0.855
6,2:medium,3:low,+,0.811
7,2:medium,3:low,+,0.825
8,2:medium,3:low,+,0.543
9,3:low,3:low,,0.942
10,3:low,3:low,,0.539
11,3:low,3:low,,0.703
12,3:low,3:low,,0.469
13,3:low,3:low,,0.654
14,3:low,3:low,,0.75
15,3:low,3:low,,0.721
16,3:low,3:low,,0.798
17,3:low,3:low,,0.811
18,3:low,3:low,,0.803
19,3:low,3:low,,0.696
20,3:low,3:low,,0.806
21,3:low,3:low,,0.548
22,3:low,3:low,,0.755
23,3:low,3:low,,0.829
24,3:low,3:low,,0.745
25,3:low,3:low,,0.482
26,2:medium,3:low,+,0.707
27,3:low,3:low,,0.672
28,3:low,3:low,,0.656
29,3:low,3:low,,0.613
30,3:low,3:low,,0.661
31,3:low,3:low,,0.75
32,2:medium,3:low,+,0.626
33,3:low,3:low,,0.679
34,2:medium,3:low,+,0.751
35,2:medium,2:medium,,0.641
36,3:low,3:low,,0.789
37,2:medium,2:medium,,0.584
38,3:low,3:low,,0.422
39,3:low,3:low,,0.763
40,3:low,3:low,,0.725
41,3:low,2:medium,+,0.524
42,3:low,3:low,,0.697
43,2:medium,3:low,+,0.62
44,3:low,3:low,,0.647
45,3:low,3:low,,0.58
46,2:medium,2:medium,,0.473
47,3:low,3:low,,0.516
48,3:low,3:low,,0.725

