inst#,actual,predicted,error,prediction
1,3:low,3:low,,0.752
2,2:medium,2:medium,,0.656
3,2:medium,2:medium,,0.582
4,2:medium,2:medium,,0.621
5,2:medium,3:low,+,0.811
6,2:medium,3:low,+,0.752
7,2:medium,3:low,+,0.783
8,2:medium,3:low,+,0.812
9,3:low,3:low,,0.847
10,3:low,3:low,,0.723
11,3:low,3:low,,0.76
12,3:low,3:low,,0.615
13,3:low,3:low,,0.649
14,3:low,3:low,,0.742
15,3:low,3:low,,0.686
16,3:low,3:low,,0.572
17,3:low,3:low,,0.548
18,3:low,3:low,,0.501
19,3:low,3:low,,0.487
20,3:low,3:low,,0.494
21,3:low,2:medium,+,0.468
22,3:low,2:medium,+,0.475
23,3:low,3:low,,0.572
24,3:low,3:low,,0.48
25,3:low,2:medium,+,0.477
26,2:medium,3:low,+,0.531
27,3:low,3:low,,0.537
28,3:low,3:low,,0.528
29,3:low,3:low,,0.534
30,3:low,3:low,,0.55
31,3:low,2:medium,+,0.476
32,2:medium,3:low,+,0.464
33,3:low,3:low,,0.467
34,2:medium,2:medium,,0.486
35,2:medium,2:medium,,0.588
36,3:low,3:low,,0.471
37,2:medium,2:medium,,0.603
38,3:low,2:medium,+,0.454
39,3:low,3:low,,0.532
40,3:low,3:low,,0.532
41,3:low,3:low,,0.528
42,3:low,3:low,,0.504
43,2:medium,3:low,+,0.615
44,3:low,3:low,,0.509
45,3:low,3:low,,0.498
46,2:medium,3:low,+,0.473
47,3:low,3:low,,0.532
48,3:low,3:low,,0.528

