inst#,actual,predicted,error,prediction
1,3:low,3:low,,0.953
2,2:medium,2:medium,,0.675
3,2:medium,3:low,+,0.77
4,2:medium,2:medium,,0.803
5,2:medium,3:low,+,0.961
6,2:medium,3:low,+,0.911
7,2:medium,3:low,+,0.954
8,2:medium,3:low,+,0.954
9,3:low,3:low,,0.958
10,3:low,3:low,,0.954
11,3:low,3:low,,0.963
12,3:low,3:low,,0.93
13,3:low,3:low,,0.938
14,3:low,3:low,,0.948
15,3:low,3:low,,0.946
16,3:low,3:low,,0.938
17,3:low,3:low,,0.925
18,3:low,3:low,,0.94
19,3:low,3:low,,0.909
20,3:low,3:low,,0.919
21,3:low,3:low,,0.915
22,3:low,3:low,,0.729
23,3:low,3:low,,0.946
24,3:low,3:low,,0.9
25,3:low,3:low,,0.825
26,2:medium,3:low,+,0.949
27,3:low,3:low,,0.951
28,3:low,3:low,,0.95
29,3:low,3:low,,0.949
30,3:low,3:low,,0.935
31,3:low,3:low,,0.927
32,2:medium,3:low,+,0.876
33,3:low,3:low,,0.866
34,2:medium,3:low,+,0.839
35,2:medium,3:low,+,0.566
36,3:low,3:low,,0.946
37,2:medium,2:medium,,0.611
38,3:low,3:low,,0.928
39,3:low,3:low,,0.927
40,3:low,3:low,,0.923
41,3:low,3:low,,0.946
42,3:low,3:low,,0.928
43,2:medium,3:low,+,0.938
44,3:low,3:low,,0.943
45,3:low,3:low,,0.916
46,2:medium,3:low,+,0.91
47,3:low,3:low,,0.926
48,3:low,3:low,,0.94

