inst#,actual,predicted,error,prediction
1,3:low,3:low,,0.763
2,2:medium,2:medium,,0.489
3,2:medium,2:medium,,0.748
4,2:medium,2:medium,,0.767
5,2:medium,3:low,+,0.554
6,2:medium,3:low,+,0.525
7,2:medium,3:low,+,0.584
8,2:medium,3:low,+,0.554
9,3:low,3:low,,0.584
10,3:low,3:low,,0.613
11,3:low,3:low,,0.554
12,3:low,2:medium,+,0.546
13,3:low,3:low,,0.496
14,3:low,3:low,,0.495
15,3:low,3:low,,0.496
16,3:low,2:medium,+,0.632
17,3:low,2:medium,+,0.603
18,3:low,2:medium,+,0.573
19,3:low,2:medium,+,0.632
20,3:low,2:medium,+,0.574
21,3:low,2:medium,+,0.661
22,3:low,2:medium,+,0.659
23,3:low,2:medium,+,0.603
24,3:low,2:medium,+,0.574
25,3:low,2:medium,+,0.632
26,2:medium,2:medium,,0.631
27,3:low,2:medium,+,0.602
28,3:low,2:medium,+,0.572
29,3:low,2:medium,+,0.602
30,3:low,2:medium,+,0.631
31,3:low,2:medium,+,0.545
32,2:medium,2:medium,,0.632
33,3:low,2:medium,+,0.602
34,2:medium,2:medium,,0.603
35,2:medium,2:medium,,0.66
36,3:low,2:medium,+,0.602
37,2:medium,2:medium,,0.746
38,3:low,2:medium,+,0.603
39,3:low,2:medium,+,0.574
40,3:low,2:medium,+,0.632
41,3:low,3:low,,0.512
42,3:low,2:medium,+,0.601
43,2:medium,2:medium,,0.66
44,3:low,2:medium,+,0.631
45,3:low,2:medium,+,0.631
46,2:medium,2:medium,,0.574
47,3:low,2:medium,+,0.515
48,3:low,2:medium,+,0.574

