inst#,actual,predicted,error,prediction
1,3:low,3:low,,0.601
2,2:medium,2:medium,,0.492
3,2:medium,3:low,+,0.604
4,2:medium,2:medium,,0.507
5,2:medium,3:low,+,0.883
6,2:medium,3:low,+,0.86
7,2:medium,3:low,+,0.857
8,2:medium,3:low,+,0.857
9,3:low,3:low,,0.86
10,3:low,3:low,,0.833
11,3:low,3:low,,0.889
12,3:low,3:low,,0.796
13,3:low,3:low,,0.786
14,3:low,3:low,,0.728
15,3:low,3:low,,0.798
16,3:low,3:low,,0.772
17,3:low,3:low,,0.771
18,3:low,3:low,,0.743
19,3:low,3:low,,0.743
20,3:low,3:low,,0.701
21,3:low,3:low,,0.771
22,3:low,3:low,,0.608
23,3:low,3:low,,0.749
24,3:low,3:low,,0.726
25,3:low,3:low,,0.679
26,2:medium,3:low,+,0.726
27,3:low,3:low,,0.703
28,3:low,3:low,,0.72
29,3:low,3:low,,0.697
30,3:low,3:low,,0.65
31,3:low,3:low,,0.703
32,2:medium,3:low,+,0.699
33,3:low,3:low,,0.741
34,2:medium,3:low,+,0.743
35,2:medium,3:low,+,0.649
36,3:low,3:low,,0.655
37,2:medium,2:medium,,0.455
38,3:low,3:low,,0.756
39,3:low,3:low,,0.728
40,3:low,3:low,,0.723
41,3:low,3:low,,0.586
42,3:low,3:low,,0.676
43,2:medium,3:low,+,0.74
44,3:low,3:low,,0.708
45,3:low,3:low,,0.747
46,2:medium,3:low,+,0.687
47,3:low,3:low,,0.638
48,3:low,3:low,,0.726

