inst#,actual,predicted,error,prediction
1,3:low,3:low,,0.564
2,2:medium,2:medium,,0.547
3,2:medium,3:low,+,0.497
4,2:medium,2:medium,,0.6
5,2:medium,3:low,+,0.574
6,2:medium,3:low,+,0.556
7,2:medium,3:low,+,0.574
8,2:medium,3:low,+,0.579
9,3:low,3:low,,0.579
10,3:low,3:low,,0.577
11,3:low,3:low,,0.579
12,3:low,3:low,,0.562
13,3:low,3:low,,0.57
14,3:low,3:low,,0.571
15,3:low,3:low,,0.572
16,3:low,3:low,,0.562
17,3:low,3:low,,0.566
18,3:low,3:low,,0.569
19,3:low,3:low,,0.546
20,3:low,3:low,,0.562
21,3:low,3:low,,0.557
22,3:low,3:low,,0.481
23,3:low,3:low,,0.564
24,3:low,3:low,,0.55
25,3:low,3:low,,0.537
26,2:medium,3:low,+,0.567
27,3:low,3:low,,0.57
28,3:low,3:low,,0.569
29,3:low,3:low,,0.57
30,3:low,3:low,,0.556
31,3:low,3:low,,0.569
32,2:medium,3:low,+,0.551
33,3:low,3:low,,0.534
34,2:medium,3:low,+,0.526
35,2:medium,2:medium,,0.416
36,3:low,3:low,,0.569
37,2:medium,2:medium,,0.455
38,3:low,3:low,,0.561
39,3:low,3:low,,0.564
40,3:low,3:low,,0.557
41,3:low,3:low,,0.568
42,3:low,3:low,,0.553
43,2:medium,3:low,+,0.567
44,3:low,3:low,,0.566
45,3:low,3:low,,0.549
46,2:medium,3:low,+,0.556
47,3:low,3:low,,0.563
48,3:low,3:low,,0.569

