inst#,actual,predicted,error,prediction
1,3:low,3:low,,0.895
2,2:medium,1:high,+,0.448
3,2:medium,3:low,+,0.545
4,2:medium,3:low,+,0.555
5,2:medium,3:low,+,0.818
6,2:medium,3:low,+,0.751
7,2:medium,3:low,+,0.732
8,2:medium,3:low,+,0.691
9,3:low,3:low,,0.557
10,3:low,3:low,,0.651
11,3:low,3:low,,0.664
12,3:low,3:low,,0.701
13,3:low,3:low,,0.711
14,3:low,3:low,,0.589
15,3:low,3:low,,0.645
16,3:low,3:low,,0.53
17,3:low,3:low,,0.675
18,3:low,3:low,,0.693
19,3:low,3:low,,0.576
20,3:low,3:low,,0.568
21,3:low,3:low,,0.632
22,3:low,2:medium,+,0.57
23,3:low,3:low,,0.655
24,3:low,3:low,,0.625
25,3:low,3:low,,0.602
26,2:medium,2:medium,,0.637
27,3:low,3:low,,0.597
28,3:low,3:low,,0.574
29,3:low,2:medium,+,0.494
30,3:low,2:medium,+,0.504
31,3:low,3:low,,0.653
32,2:medium,3:low,+,0.671
33,3:low,2:medium,+,0.504
34,2:medium,3:low,+,0.529
35,2:medium,2:medium,,0.514
36,3:low,3:low,,0.519
37,2:medium,2:medium,,0.648
38,3:low,3:low,,0.483
39,3:low,3:low,,0.489
40,3:low,3:low,,0.711
41,3:low,2:medium,+,0.465
42,3:low,2:medium,+,0.512
43,2:medium,3:low,+,0.606
44,3:low,3:low,,0.548
45,3:low,3:low,,0.535
46,2:medium,2:medium,,0.448
47,3:low,2:medium,+,0.505
48,3:low,3:low,,0.594

