inst#,actual,predicted,error,prediction
1,3:low,3:low,,0.865
2,2:medium,3:low,+,0.488
3,2:medium,3:low,+,0.496
4,2:medium,1:high,+,0.641
5,2:medium,3:low,+,0.891
6,2:medium,3:low,+,0.782
7,2:medium,3:low,+,0.838
8,2:medium,3:low,+,0.636
9,3:low,3:low,,0.879
10,3:low,3:low,,0.525
11,3:low,3:low,,0.83
12,3:low,3:low,,0.481
13,3:low,3:low,,0.651
14,3:low,3:low,,0.695
15,3:low,3:low,,0.806
16,3:low,3:low,,0.644
17,3:low,3:low,,0.77
18,3:low,3:low,,0.728
19,3:low,3:low,,0.737
20,3:low,3:low,,0.724
21,3:low,1:high,+,0.489
22,3:low,3:low,,0.57
23,3:low,3:low,,0.797
24,3:low,3:low,,0.658
25,3:low,1:high,+,0.486
26,2:medium,3:low,+,0.579
27,3:low,3:low,,0.689
28,3:low,3:low,,0.735
29,3:low,3:low,,0.598
30,3:low,3:low,,0.645
31,3:low,3:low,,0.657
32,2:medium,3:low,+,0.635
33,3:low,2:medium,+,0.526
34,2:medium,2:medium,,0.533
35,2:medium,2:medium,,0.512
36,3:low,3:low,,0.546
37,2:medium,1:high,+,0.615
38,3:low,1:high,+,0.492
39,3:low,3:low,,0.554
40,3:low,3:low,,0.591
41,3:low,3:low,,0.631
42,3:low,3:low,,0.582
43,2:medium,3:low,+,0.641
44,3:low,3:low,,0.535
45,3:low,3:low,,0.548
46,2:medium,1:high,+,0.451
47,3:low,3:low,,0.673
48,3:low,3:low,,0.699

