inst#,actual,predicted,error,prediction
1,2:medium,2:medium,,0.692
2,2:medium,2:medium,,0.728
3,2:medium,2:medium,,0.676
4,2:medium,2:medium,,0.534
5,2:medium,2:medium,,0.649
6,2:medium,2:medium,,0.639
7,2:medium,3:low,+,0.467
8,2:medium,2:medium,,0.662
9,2:medium,2:medium,,0.74
10,2:medium,2:medium,,0.641
11,3:low,2:medium,+,0.675
12,3:low,2:medium,+,0.569
13,3:low,2:medium,+,0.479
14,3:low,2:medium,+,0.58
15,2:medium,2:medium,,0.749
16,3:low,2:medium,+,0.677
17,2:medium,2:medium,,0.788
18,3:low,2:medium,+,0.521
19,3:low,2:medium,+,0.663
20,2:medium,2:medium,,0.491
21,2:medium,2:medium,,0.677
22,2:medium,2:medium,,0.667
23,2:medium,2:medium,,0.681
24,2:medium,2:medium,,0.584
25,2:medium,2:medium,,0.686
26,2:medium,2:medium,,0.615
27,2:medium,2:medium,,0.673
28,2:medium,2:medium,,0.579
29,2:medium,2:medium,,0.647
30,3:low,2:medium,+,0.768
31,2:medium,2:medium,,0.782
32,2:medium,2:medium,,0.582
33,3:low,2:medium,+,0.649
34,3:low,2:medium,+,0.738
35,2:medium,2:medium,,0.758
36,1:high,2:medium,+,0.824
37,1:high,1:high,,0.789
38,2:medium,3:low,+,0.558
39,2:medium,3:low,+,0.628
40,2:medium,2:medium,,0.711
41,2:medium,2:medium,,0.565
42,2:medium,2:medium,,0.643
43,2:medium,2:medium,,0.636
44,2:medium,2:medium,,0.542
45,3:low,2:medium,+,0.52
46,2:medium,2:medium,,0.694
47,2:medium,3:low,+,0.663
48,2:medium,3:low,+,0.639

