inst#,actual,predicted,error,prediction
1,2:medium,2:medium,,0.758
2,2:medium,2:medium,,0.7
3,2:medium,2:medium,,0.554
4,2:medium,2:medium,,0.556
5,2:medium,2:medium,,0.662
6,2:medium,3:low,+,0.517
7,2:medium,2:medium,,0.584
8,2:medium,2:medium,,0.593
9,2:medium,2:medium,,0.651
10,2:medium,2:medium,,0.666
11,3:low,3:low,,0.615
12,3:low,2:medium,+,0.652
13,3:low,3:low,,0.61
14,3:low,2:medium,+,0.576
15,2:medium,2:medium,,0.694
16,3:low,2:medium,+,0.594
17,2:medium,2:medium,,0.549
18,3:low,2:medium,+,0.523
19,3:low,2:medium,+,0.652
20,2:medium,2:medium,,0.537
21,2:medium,2:medium,,0.715
22,2:medium,2:medium,,0.66
23,2:medium,2:medium,,0.575
24,2:medium,2:medium,,0.644
25,2:medium,2:medium,,0.58
26,2:medium,2:medium,,0.641
27,2:medium,2:medium,,0.607
28,2:medium,2:medium,,0.671
29,2:medium,2:medium,,0.644
30,3:low,2:medium,+,0.557
31,2:medium,2:medium,,0.607
32,2:medium,3:low,+,0.449
33,3:low,2:medium,+,0.564
34,3:low,2:medium,+,0.555
35,2:medium,2:medium,,0.517
36,1:high,2:medium,+,0.469
37,1:high,3:low,+,0.59
38,2:medium,2:medium,,0.461
39,2:medium,3:low,+,0.579
40,2:medium,2:medium,,0.474
41,2:medium,2:medium,,0.559
42,2:medium,2:medium,,0.491
43,2:medium,3:low,+,0.613
44,2:medium,3:low,+,0.499
45,3:low,3:low,,0.655
46,2:medium,3:low,+,0.535
47,2:medium,3:low,+,0.552
48,2:medium,3:low,+,0.491

