inst#,actual,predicted,error,prediction
1,2:medium,2:medium,,0.925
2,2:medium,2:medium,,0.873
3,2:medium,2:medium,,0.957
4,2:medium,2:medium,,0.735
5,2:medium,2:medium,,0.899
6,2:medium,2:medium,,0.791
7,2:medium,2:medium,,0.823
8,2:medium,2:medium,,0.784
9,2:medium,2:medium,,0.823
10,2:medium,2:medium,,0.698
11,3:low,2:medium,+,0.652
12,3:low,2:medium,+,0.684
13,3:low,2:medium,+,0.663
14,3:low,2:medium,+,0.819
15,2:medium,2:medium,,0.79
16,3:low,2:medium,+,0.71
17,2:medium,2:medium,,0.667
18,3:low,2:medium,+,0.708
19,3:low,2:medium,+,0.679
20,2:medium,2:medium,,0.799
21,2:medium,2:medium,,0.755
22,2:medium,2:medium,,0.509
23,2:medium,2:medium,,0.544
24,2:medium,2:medium,,0.733
25,2:medium,2:medium,,0.727
26,2:medium,2:medium,,0.564
27,2:medium,2:medium,,0.67
28,2:medium,2:medium,,0.885
29,2:medium,2:medium,,0.857
30,3:low,2:medium,+,0.801
31,2:medium,2:medium,,0.83
32,2:medium,2:medium,,0.821
33,3:low,2:medium,+,0.861
34,3:low,2:medium,+,0.82
35,2:medium,2:medium,,0.798
36,1:high,2:medium,+,0.736
37,1:high,1:high,,0.801
38,2:medium,2:medium,,0.663
39,2:medium,2:medium,,0.666
40,2:medium,2:medium,,0.731
41,2:medium,2:medium,,0.811
42,2:medium,2:medium,,0.695
43,2:medium,2:medium,,0.66
44,2:medium,2:medium,,0.674
45,3:low,2:medium,+,0.509
46,2:medium,2:medium,,0.588
47,2:medium,2:medium,,0.551
48,2:medium,2:medium,,0.53

