inst#,actual,predicted,error,prediction
1,2:medium,2:medium,,0.772
2,2:medium,2:medium,,0.802
3,2:medium,2:medium,,0.761
4,2:medium,2:medium,,0.588
5,2:medium,2:medium,,0.717
6,2:medium,2:medium,,0.747
7,2:medium,2:medium,,0.719
8,2:medium,2:medium,,0.688
9,2:medium,2:medium,,0.656
10,2:medium,2:medium,,0.628
11,3:low,2:medium,+,0.617
12,3:low,3:low,,0.543
13,3:low,3:low,,0.658
14,3:low,2:medium,+,0.717
15,2:medium,2:medium,,0.802
16,3:low,2:medium,+,0.716
17,2:medium,2:medium,,0.802
18,3:low,2:medium,+,0.617
19,3:low,2:medium,+,0.832
20,2:medium,2:medium,,0.645
21,2:medium,2:medium,,0.831
22,2:medium,2:medium,,0.86
23,2:medium,2:medium,,0.774
24,2:medium,2:medium,,0.801
25,2:medium,2:medium,,0.802
26,2:medium,2:medium,,0.742
27,2:medium,2:medium,,0.687
28,2:medium,2:medium,,0.659
29,2:medium,2:medium,,0.673
30,3:low,2:medium,+,0.6
31,2:medium,2:medium,,0.542
32,2:medium,2:medium,,0.603
33,3:low,3:low,,0.462
34,3:low,2:medium,+,0.736
35,2:medium,2:medium,,0.808
36,1:high,2:medium,+,0.63
37,1:high,2:medium,+,0.649
38,2:medium,2:medium,,0.701
39,2:medium,2:medium,,0.486
40,2:medium,3:low,+,0.465
41,2:medium,2:medium,,0.515
42,2:medium,2:medium,,0.631
43,2:medium,2:medium,,0.602
44,2:medium,3:low,+,0.509
45,3:low,2:medium,+,0.616
46,2:medium,2:medium,,0.659
47,2:medium,2:medium,,0.617
48,2:medium,2:medium,,0.601

