inst#,actual,predicted,error,prediction
1,2:medium,2:medium,,0.592
2,2:medium,2:medium,,0.654
3,2:medium,2:medium,,0.62
4,2:medium,2:medium,,0.539
5,2:medium,3:low,+,0.583
6,2:medium,3:low,+,0.581
7,2:medium,2:medium,,0.509
8,2:medium,2:medium,,0.612
9,2:medium,3:low,+,0.512
10,2:medium,2:medium,,0.593
11,3:low,2:medium,+,0.517
12,3:low,3:low,,0.578
13,3:low,3:low,,0.554
14,3:low,2:medium,+,0.515
15,2:medium,2:medium,,0.746
16,3:low,3:low,,0.469
17,2:medium,2:medium,,0.673
18,3:low,3:low,,0.613
19,3:low,2:medium,+,0.535
20,2:medium,3:low,+,0.611
21,2:medium,2:medium,,0.528
22,2:medium,2:medium,,0.589
23,2:medium,2:medium,,0.488
24,2:medium,2:medium,,0.671
25,2:medium,2:medium,,0.69
26,2:medium,3:low,+,0.567
27,2:medium,3:low,+,0.575
28,2:medium,2:medium,,0.574
29,2:medium,3:low,+,0.513
30,3:low,2:medium,+,0.537
31,2:medium,3:low,+,0.451
32,2:medium,2:medium,,0.467
33,3:low,2:medium,+,0.45
34,3:low,2:medium,+,0.711
35,2:medium,2:medium,,0.714
36,1:high,2:medium,+,0.732
37,1:high,1:high,,0.922
38,2:medium,2:medium,,0.509
39,2:medium,3:low,+,0.719
40,2:medium,2:medium,,0.516
41,2:medium,2:medium,,0.573
42,2:medium,2:medium,,0.512
43,2:medium,2:medium,,0.519
44,2:medium,2:medium,,0.502
45,3:low,2:medium,+,0.494
46,2:medium,3:low,+,0.55
47,2:medium,3:low,+,0.656
48,2:medium,3:low,+,0.773

