inst#,actual,predicted,error,prediction
1,2:medium,2:medium,,0.727
2,2:medium,2:medium,,0.811
3,2:medium,2:medium,,0.732
4,2:medium,2:medium,,0.628
5,2:medium,2:medium,,0.669
6,2:medium,2:medium,,0.589
7,2:medium,2:medium,,0.584
8,2:medium,2:medium,,0.666
9,2:medium,2:medium,,0.625
10,2:medium,2:medium,,0.703
11,3:low,2:medium,+,0.525
12,3:low,2:medium,+,0.664
13,3:low,3:low,,0.49
14,3:low,2:medium,+,0.613
15,2:medium,2:medium,,0.798
16,3:low,2:medium,+,0.599
17,2:medium,2:medium,,0.707
18,3:low,2:medium,+,0.591
19,3:low,2:medium,+,0.824
20,2:medium,2:medium,,0.655
21,2:medium,2:medium,,0.77
22,2:medium,2:medium,,0.825
23,2:medium,2:medium,,0.746
24,2:medium,2:medium,,0.667
25,2:medium,2:medium,,0.639
26,2:medium,2:medium,,0.733
27,2:medium,2:medium,,0.717
28,2:medium,2:medium,,0.614
29,2:medium,2:medium,,0.574
30,3:low,2:medium,+,0.676
31,2:medium,2:medium,,0.771
32,2:medium,2:medium,,0.498
33,3:low,2:medium,+,0.652
34,3:low,2:medium,+,0.731
35,2:medium,2:medium,,0.718
36,1:high,2:medium,+,0.759
37,1:high,1:high,,0.708
38,2:medium,2:medium,,0.59
39,2:medium,3:low,+,0.633
40,2:medium,2:medium,,0.559
41,2:medium,2:medium,,0.668
42,2:medium,2:medium,,0.626
43,2:medium,3:low,+,0.492
44,2:medium,2:medium,,0.57
45,3:low,3:low,,0.49
46,2:medium,2:medium,,0.64
47,2:medium,3:low,+,0.82
48,2:medium,3:low,+,0.699

