inst#,actual,predicted,error,prediction
1,2:medium,2:medium,,0.606
2,2:medium,2:medium,,0.616
3,2:medium,3:low,+,0.593
4,2:medium,3:low,+,0.584
5,2:medium,2:medium,,0.537
6,2:medium,2:medium,,0.48
7,2:medium,3:low,+,0.532
8,2:medium,3:low,+,0.617
9,2:medium,2:medium,,0.727
10,2:medium,2:medium,,0.605
11,3:low,3:low,,0.747
12,3:low,2:medium,+,0.589
13,3:low,3:low,,0.687
14,3:low,2:medium,+,0.649
15,2:medium,2:medium,,0.657
16,3:low,2:medium,+,0.676
17,2:medium,2:medium,,0.631
18,3:low,2:medium,+,0.613
19,3:low,2:medium,+,0.67
20,2:medium,2:medium,,0.646
21,2:medium,2:medium,,0.751
22,2:medium,2:medium,,0.705
23,2:medium,2:medium,,0.617
24,2:medium,2:medium,,0.729
25,2:medium,2:medium,,0.715
26,2:medium,2:medium,,0.681
27,2:medium,2:medium,,0.672
28,2:medium,2:medium,,0.639
29,2:medium,2:medium,,0.512
30,3:low,2:medium,+,0.621
31,2:medium,2:medium,,0.635
32,2:medium,2:medium,,0.637
33,3:low,2:medium,+,0.628
34,3:low,2:medium,+,0.581
35,2:medium,2:medium,,0.571
36,1:high,1:high,,0.516
37,1:high,3:low,+,0.874
38,2:medium,2:medium,,0.611
39,2:medium,3:low,+,0.507
40,2:medium,2:medium,,0.526
41,2:medium,2:medium,,0.529
42,2:medium,2:medium,,0.616
43,2:medium,2:medium,,0.472
44,2:medium,2:medium,,0.449
45,3:low,3:low,,0.555
46,2:medium,2:medium,,0.613
47,2:medium,2:medium,,0.502
48,2:medium,2:medium,,0.551

