inst#,actual,predicted,error,prediction
1,2:medium,2:medium,,0.73
2,2:medium,2:medium,,0.801
3,2:medium,2:medium,,0.807
4,2:medium,2:medium,,0.626
5,2:medium,2:medium,,0.73
6,2:medium,2:medium,,0.625
7,2:medium,2:medium,,0.73
8,2:medium,2:medium,,0.73
9,2:medium,2:medium,,0.6
10,2:medium,2:medium,,0.645
11,3:low,2:medium,+,0.678
12,3:low,2:medium,+,0.516
13,3:low,2:medium,+,0.54
14,3:low,2:medium,+,0.644
15,2:medium,2:medium,,0.828
16,3:low,2:medium,+,0.54
17,2:medium,2:medium,,0.697
18,3:low,2:medium,+,0.599
19,3:low,2:medium,+,0.809
20,2:medium,2:medium,,0.573
21,2:medium,2:medium,,0.696
22,2:medium,2:medium,,0.8
23,2:medium,2:medium,,0.677
24,2:medium,2:medium,,0.703
25,2:medium,2:medium,,0.591
26,2:medium,2:medium,,0.54
27,2:medium,2:medium,,0.653
28,2:medium,2:medium,,0.547
29,2:medium,2:medium,,0.574
30,3:low,2:medium,+,0.702
31,2:medium,2:medium,,0.626
32,2:medium,2:medium,,0.677
33,3:low,2:medium,+,0.573
34,3:low,2:medium,+,0.624
35,2:medium,2:medium,,0.468
36,1:high,2:medium,+,0.547
37,1:high,1:high,,0.65
38,2:medium,2:medium,,0.608
39,2:medium,2:medium,,0.469
40,2:medium,2:medium,,0.574
41,2:medium,2:medium,,0.651
42,2:medium,2:medium,,0.755
43,2:medium,2:medium,,0.6
44,2:medium,2:medium,,0.73
45,3:low,2:medium,+,0.522
46,2:medium,2:medium,,0.722
47,2:medium,2:medium,,0.503
48,2:medium,3:low,+,0.469

