inst#,actual,predicted,error,prediction
1,2:medium,2:medium,,0.813
2,2:medium,2:medium,,0.625
3,2:medium,2:medium,,0.75
4,2:medium,2:medium,,0.563
5,2:medium,3:low,+,0.5
6,2:medium,2:medium,,0.563
7,2:medium,2:medium,,0.438
8,2:medium,3:low,+,0.563
9,2:medium,2:medium,,0.625
10,2:medium,2:medium,,0.5
11,3:low,2:medium,+,0.75
12,3:low,2:medium,+,0.5
13,3:low,2:medium,+,0.75
14,3:low,2:medium,+,0.75
15,2:medium,2:medium,,0.563
16,3:low,2:medium,+,0.5
17,2:medium,3:low,+,0.5
18,3:low,2:medium,+,0.563
19,3:low,2:medium,+,0.625
20,2:medium,2:medium,,0.563
21,2:medium,2:medium,,0.875
22,2:medium,2:medium,,0.625
23,2:medium,2:medium,,0.563
24,2:medium,2:medium,,0.625
25,2:medium,2:medium,,0.625
26,2:medium,2:medium,,0.813
27,2:medium,2:medium,,0.75
28,2:medium,2:medium,,0.563
29,2:medium,2:medium,,0.438
30,3:low,2:medium,+,0.625
31,2:medium,2:medium,,0.75
32,2:medium,2:medium,,0.625
33,3:low,2:medium,+,0.5
34,3:low,2:medium,+,0.625
35,2:medium,2:medium,,0.688
36,1:high,2:medium,+,0.563
37,1:high,1:high,,0.625
38,2:medium,2:medium,,0.563
39,2:medium,2:medium,,0.563
40,2:medium,2:medium,,0.5
41,2:medium,2:medium,,0.563
42,2:medium,2:medium,,0.625
43,2:medium,2:medium,,0.625
44,2:medium,2:medium,,0.5
45,3:low,3:low,,0.563
46,2:medium,2:medium,,0.5
47,2:medium,2:medium,,0.5
48,2:medium,2:medium,,0.563

