inst#,actual,predicted,error,prediction
1,2:medium,2:medium,,0.861
2,2:medium,2:medium,,0.719
3,2:medium,2:medium,,0.621
4,2:medium,3:low,+,0.503
5,2:medium,2:medium,,0.598
6,2:medium,3:low,+,0.614
7,2:medium,3:low,+,0.597
8,2:medium,3:low,+,0.591
9,2:medium,2:medium,,0.676
10,2:medium,2:medium,,0.544
11,3:low,3:low,,0.49
12,3:low,2:medium,+,0.578
13,3:low,3:low,,0.561
14,3:low,2:medium,+,0.753
15,2:medium,2:medium,,0.756
16,3:low,2:medium,+,0.784
17,2:medium,2:medium,,0.829
18,3:low,2:medium,+,0.588
19,3:low,2:medium,+,0.709
20,2:medium,2:medium,,0.713
21,2:medium,2:medium,,0.721
22,2:medium,2:medium,,0.63
23,2:medium,2:medium,,0.646
24,2:medium,2:medium,,0.675
25,2:medium,2:medium,,0.709
26,2:medium,2:medium,,0.762
27,2:medium,2:medium,,0.592
28,2:medium,2:medium,,0.808
29,2:medium,2:medium,,0.526
30,3:low,2:medium,+,0.755
31,2:medium,2:medium,,0.805
32,2:medium,2:medium,,0.712
33,3:low,2:medium,+,0.762
34,3:low,2:medium,+,0.763
35,2:medium,2:medium,,0.675
36,1:high,2:medium,+,0.763
37,1:high,2:medium,+,0.433
38,2:medium,2:medium,,0.505
39,2:medium,3:low,+,0.579
40,2:medium,2:medium,,0.55
41,2:medium,2:medium,,0.553
42,2:medium,2:medium,,0.733
43,2:medium,2:medium,,0.623
44,2:medium,2:medium,,0.582
45,3:low,3:low,,0.519
46,2:medium,2:medium,,0.671
47,2:medium,2:medium,,0.56
48,2:medium,2:medium,,0.506

