inst#,actual,predicted,error,prediction
1,2:medium,2:medium,,0.636
2,2:medium,2:medium,,0.73
3,2:medium,2:medium,,0.687
4,2:medium,2:medium,,0.667
5,2:medium,2:medium,,0.594
6,2:medium,2:medium,,0.671
7,2:medium,2:medium,,0.615
8,2:medium,2:medium,,0.654
9,2:medium,2:medium,,0.679
10,2:medium,2:medium,,0.67
11,3:low,3:low,,0.491
12,3:low,2:medium,+,0.668
13,3:low,2:medium,+,0.574
14,3:low,2:medium,+,0.605
15,2:medium,2:medium,,0.723
16,3:low,2:medium,+,0.692
17,2:medium,2:medium,,0.74
18,3:low,2:medium,+,0.621
19,3:low,2:medium,+,0.754
20,2:medium,2:medium,,0.658
21,2:medium,2:medium,,0.759
22,2:medium,2:medium,,0.778
23,2:medium,2:medium,,0.777
24,2:medium,2:medium,,0.7
25,2:medium,2:medium,,0.673
26,2:medium,2:medium,,0.667
27,2:medium,2:medium,,0.639
28,2:medium,2:medium,,0.591
29,2:medium,2:medium,,0.638
30,3:low,2:medium,+,0.699
31,2:medium,2:medium,,0.648
32,2:medium,2:medium,,0.606
33,3:low,2:medium,+,0.705
34,3:low,2:medium,+,0.778
35,2:medium,2:medium,,0.724
36,1:high,2:medium,+,0.806
37,1:high,1:high,,0.706
38,2:medium,2:medium,,0.509
39,2:medium,3:low,+,0.658
40,2:medium,2:medium,,0.528
41,2:medium,2:medium,,0.729
42,2:medium,2:medium,,0.685
43,2:medium,2:medium,,0.541
44,2:medium,2:medium,,0.554
45,3:low,2:medium,+,0.527
46,2:medium,2:medium,,0.695
47,2:medium,3:low,+,0.787
48,2:medium,3:low,+,0.772

