inst#,actual,predicted,error,distribution,,
1,2:medium,3:low,+,0,0,*1
2,3:low,3:low,,0,0,*1
3,3:low,2:medium,+,0,*1,0
4,2:medium,2:medium,,0,*1,0
5,2:medium,2:medium,,0,*1,0
6,2:medium,2:medium,,0,*1,0
7,2:medium,2:medium,,0,*0.946,0.054
8,2:medium,2:medium,,0,*1,0
9,2:medium,2:medium,,0,*1,0
10,2:medium,3:low,+,0,0,*1
11,2:medium,2:medium,,0,*0.981,0.019
12,2:medium,2:medium,,0,*1,0
13,2:medium,3:low,+,0,0,*1
14,2:medium,3:low,+,0,0,*1
15,2:medium,2:medium,,0,*0.996,0.004
16,2:medium,2:medium,,0,*1,0
17,1:high,3:low,+,0,0,*1
18,2:medium,3:low,+,0,0,*1
19,2:medium,3:low,+,0,0,*1
20,2:medium,2:medium,,0,*1,0
21,2:medium,2:medium,,0,*1,0
22,3:low,2:medium,+,0,*0.981,0.019
23,3:low,2:medium,+,0,*1,0
24,2:medium,2:medium,,0,*0.64,0.36
25,1:high,3:low,+,0,0,*1
26,2:medium,2:medium,,0,*1,0
27,2:medium,2:medium,,0,*1,0
28,2:medium,2:medium,,0,*0.996,0.004
29,2:medium,2:medium,,0,*1,0
30,2:medium,3:low,+,0,0,*1
31,2:medium,2:medium,,0,*1,0
32,2:medium,3:low,+,0,0,*1
33,1:high,2:medium,+,0,*0.996,0.004
34,2:medium,2:medium,,0,*1,0
35,2:medium,2:medium,,0,*0.996,0.004
36,2:medium,2:medium,,0,*1,0
37,2:medium,3:low,+,0,0,*1
38,2:medium,3:low,+,0,0,*1
39,3:low,2:medium,+,0,*1,0
40,3:low,2:medium,+,0,*0.843,0.157
41,3:low,2:medium,+,0,*1,0
42,2:medium,3:low,+,0,0,*1
43,2:medium,2:medium,,0,*1,0
44,2:medium,2:medium,,0,*1,0
45,2:medium,2:medium,,0,*0.996,0.004
46,2:medium,2:medium,,0,*1,0
47,2:medium,2:medium,,0,*1,0
48,3:low,2:medium,+,0,*1,0
