inst#,actual,predicted,error,distribution,,
1,2:medium,2:medium,,0,*0.576,0.423
2,3:low,2:medium,+,0,*0.989,0.011
3,3:low,2:medium,+,0,*1,0
4,2:medium,2:medium,,0,*1,0
5,2:medium,2:medium,,0,*1,0
6,2:medium,2:medium,,0,*0.981,0.019
7,2:medium,2:medium,,0,*0.999,0.001
8,2:medium,2:medium,,0,*0.5,0.5
9,2:medium,2:medium,,0,*0.5,0.5
10,2:medium,2:medium,,0,*0.5,0.5
11,2:medium,2:medium,,0,*0.5,0.5
12,2:medium,2:medium,,0,*0.5,0.5
13,2:medium,2:medium,,0,*0.5,0.5
14,2:medium,2:medium,,0,*0.5,0.5
15,2:medium,3:low,+,0,0.436,*0.564
16,2:medium,2:medium,,0,*0.5,0.5
17,1:high,1:high,,*1,0,0
18,2:medium,2:medium,,0,*0.827,0.173
19,2:medium,2:medium,,0,*0.652,0.348
20,2:medium,3:low,+,0,0.311,*0.689
21,2:medium,2:medium,,0,*0.816,0.184
22,3:low,2:medium,+,0,*0.997,0.003
23,3:low,2:medium,+,0,*0.997,0.003
24,2:medium,2:medium,,0,*0.988,0.012
25,1:high,2:medium,+,0,*0.994,0.005
26,2:medium,1:high,+,*0.516,0.484,0
27,2:medium,2:medium,,0,*0.997,0.003
28,2:medium,2:medium,,0,*1,0
29,2:medium,2:medium,,0,*1,0
30,2:medium,2:medium,,0,*0.87,0.13
31,2:medium,2:medium,,0.002,*0.946,0.052
32,2:medium,2:medium,,0,*0.995,0.005
33,1:high,3:low,+,0,0.5,*0.5
34,2:medium,3:low,+,0,0.5,*0.5
35,2:medium,3:low,+,0.5,0,*0.5
36,2:medium,3:low,+,0,0.491,*0.509
37,2:medium,2:medium,,0,*1,0
38,2:medium,3:low,+,0,0,*1
39,3:low,3:low,,0,0.321,*0.679
40,3:low,2:medium,+,0,*0.508,0.492
41,3:low,3:low,,0,0.034,*0.966
42,2:medium,3:low,+,0,0,*1
43,2:medium,3:low,+,0,0,*1
44,2:medium,3:low,+,0,0,*1
45,2:medium,3:low,+,0,0,*1
46,2:medium,3:low,+,0,0,*1
47,2:medium,3:low,+,0,0,*1
48,3:low,3:low,,0,0,*1
