inst#,actual,predicted,error,distribution,,
1,2:medium,2:medium,,0,*1,0
2,3:low,2:medium,+,0,*0.965,0.035
3,3:low,2:medium,+,0,*1,0
4,2:medium,2:medium,,0,*1,0
5,2:medium,2:medium,,0,*1,0
6,2:medium,3:low,+,0,0.014,*0.986
7,2:medium,3:low,+,0,0.246,*0.754
8,2:medium,2:medium,,0,*1,0
9,2:medium,2:medium,,0,*1,0
10,2:medium,3:low,+,0,0,*1
11,2:medium,3:low,+,0,0,*1
12,2:medium,2:medium,,0,*0.911,0.089
13,2:medium,3:low,+,0,0,*1
14,2:medium,2:medium,,0,*0.887,0.113
15,2:medium,2:medium,,0,*0.841,0.159
16,2:medium,3:low,+,0,0.293,*0.707
17,1:high,2:medium,+,0,*1,0
18,2:medium,2:medium,,0,*1,0
19,2:medium,3:low,+,0,0,*1
20,2:medium,3:low,+,0,0,*1
21,2:medium,3:low,+,0,0.002,*0.998
22,3:low,3:low,,0,0,*1
23,3:low,2:medium,+,0,*1,0
24,2:medium,2:medium,,0,*1,0
25,1:high,2:medium,+,0,*1,0
26,2:medium,3:low,+,0,0,*1
27,2:medium,2:medium,,0,*0.817,0.183
28,2:medium,3:low,+,0,0,*1
29,2:medium,3:low,+,0,0,*1
30,2:medium,3:low,+,0,0.293,*0.707
31,2:medium,3:low,+,0,0.204,*0.796
32,2:medium,3:low,+,0,0,*1
33,1:high,2:medium,+,0,*0.992,0.008
34,2:medium,3:low,+,0,0,*1
35,2:medium,2:medium,,0,*1,0
36,2:medium,3:low,+,0,0,*1
37,2:medium,1:high,+,*0.333,0.333,0.333
38,2:medium,3:low,+,0,0,*1
39,3:low,3:low,,0,0,*1
40,3:low,2:medium,+,0,*1,0
41,3:low,2:medium,+,0,*1,0
42,2:medium,1:high,+,*0.333,0.333,0.333
43,2:medium,1:high,+,*0.333,0.333,0.333
44,2:medium,2:medium,,0,*1,0
45,2:medium,1:high,+,*0.333,0.333,0.333
46,2:medium,1:high,+,*0.333,0.333,0.333
47,2:medium,1:high,+,*0.333,0.333,0.333
48,3:low,1:high,+,*0.333,0.333,0.333
