inst#,actual,predicted,error,distribution,,
1,2:medium,2:medium,,0,*1,0
2,3:low,2:medium,+,0,*1,0
3,3:low,2:medium,+,0,*1,0
4,2:medium,2:medium,,0,*1,0
5,2:medium,2:medium,,0,*1,0
6,2:medium,2:medium,,0,*1,0
7,2:medium,2:medium,,0,*1,0
8,2:medium,2:medium,,0,*1,0
9,2:medium,2:medium,,0,*1,0
10,2:medium,2:medium,,0,*1,0
11,2:medium,2:medium,,0,*1,0
12,2:medium,2:medium,,0,*0.99,0.01
13,2:medium,2:medium,,0,*1,0
14,2:medium,2:medium,,0,*1,0
15,2:medium,2:medium,,0,*1,0
16,2:medium,2:medium,,0,*1,0
17,1:high,1:high,,*1,0,0
18,2:medium,2:medium,,0,*1,0
19,2:medium,2:medium,,0,*0.565,0.435
20,2:medium,2:medium,,0,*0.797,0.203
21,2:medium,2:medium,,0,*1,0
22,3:low,2:medium,+,0,*1,0
23,3:low,2:medium,+,0,*1,0
24,2:medium,2:medium,,0,*1,0
25,1:high,2:medium,+,0,*1,0
26,2:medium,2:medium,,0,*1,0
27,2:medium,2:medium,,0,*1,0
28,2:medium,2:medium,,0,*1,0
29,2:medium,2:medium,,0,*1,0
30,2:medium,3:low,+,0,0,*1
31,2:medium,3:low,+,0,0,*1
32,2:medium,3:low,+,0,0,*1
33,1:high,2:medium,+,0,*1,0
34,2:medium,3:low,+,0,0,*1
35,2:medium,3:low,+,0,0.459,*0.541
36,2:medium,3:low,+,0,0,*1
37,2:medium,3:low,+,0,0,*1
38,2:medium,3:low,+,0,0,*1
39,3:low,3:low,,0,0,*1
40,3:low,2:medium,+,0,*1,0
41,3:low,2:medium,+,0,*1,0
42,2:medium,2:medium,,0,*1,0
43,2:medium,2:medium,,0,*1,0
44,2:medium,2:medium,,0,*1,0
45,2:medium,2:medium,,0,*1,0
46,2:medium,2:medium,,0,*1,0
47,2:medium,2:medium,,0,*1,0
48,3:low,2:medium,+,0,*1,0
