inst#,actual,predicted,error,prediction
1,1:low,1:low,,1
2,1:low,1:low,,1
3,1:low,1:low,,1
4,1:low,3:high,+,1
5,1:low,3:high,+,1
6,1:low,3:high,+,1
7,1:low,3:high,+,1
8,1:low,3:high,+,1
9,1:low,3:high,+,1
10,1:low,3:high,+,1
11,1:low,3:high,+,1
12,1:low,3:high,+,1
13,1:low,1:low,,1
14,1:low,1:low,,1
15,1:low,1:low,,1
16,1:low,1:low,,1
17,1:low,1:low,,1
18,1:low,1:low,,1
19,1:low,1:low,,1
20,1:low,1:low,,1
21,1:low,1:low,,1
22,1:low,1:low,,1
23,1:low,1:low,,1
24,1:low,1:low,,1
25,1:low,1:low,,1
26,1:low,1:low,,1
27,1:low,1:low,,1
28,1:low,1:low,,1
29,1:low,1:low,,1
30,1:low,1:low,,1
31,1:low,1:low,,1
32,1:low,1:low,,1
33,1:low,1:low,,1
34,1:low,1:low,,1
35,1:low,1:low,,1
36,1:low,1:low,,1
37,1:low,1:low,,1
38,1:low,1:low,,1
39,1:low,1:low,,1
40,1:low,1:low,,0.912
41,1:low,1:low,,0.959
42,1:low,1:low,,1
43,1:low,1:low,,1
44,1:low,1:low,,1
45,1:low,1:low,,1
46,1:low,1:low,,1
47,1:low,1:low,,1
48,1:low,1:low,,1
49,1:low,1:low,,1
50,1:low,1:low,,1
51,1:low,1:low,,1
52,1:low,1:low,,1
53,1:low,1:low,,1
54,1:low,1:low,,1
55,1:low,1:low,,1
56,1:low,1:low,,1
57,1:low,1:low,,1
58,1:low,1:low,,1
59,1:low,1:low,,1
60,1:low,1:low,,1
61,1:low,1:low,,1
62,1:low,1:low,,1
63,1:low,1:low,,1
64,1:low,1:low,,1
65,1:low,1:low,,1
66,1:low,1:low,,1
67,1:low,1:low,,1
68,1:low,1:low,,0.998
69,1:low,1:low,,0.998
70,1:low,1:low,,0.999
71,1:low,1:low,,1
72,1:low,1:low,,1
73,1:low,1:low,,1
74,1:low,1:low,,1
75,1:low,1:low,,1
76,1:low,1:low,,1
77,1:low,1:low,,1
78,1:low,1:low,,1
79,1:low,1:low,,1
80,1:low,1:low,,1
81,1:low,1:low,,1
82,1:low,1:low,,1
83,1:low,1:low,,1
84,1:low,1:low,,1
85,1:low,1:low,,1
86,1:low,1:low,,1
87,1:low,1:low,,1
88,1:low,1:low,,1
89,1:low,1:low,,1
90,1:low,1:low,,1
91,1:low,1:low,,1
92,1:low,1:low,,1
93,1:low,1:low,,1
94,1:low,1:low,,0.998
95,1:low,1:low,,1
96,1:low,1:low,,1
97,1:low,1:low,,1
98,1:low,1:low,,1
99,1:low,2:medium,+,0.544
100,1:low,1:low,,1
101,1:low,1:low,,1
102,1:low,1:low,,1
103,1:low,1:low,,1
104,1:low,1:low,,1
105,1:low,1:low,,1
106,1:low,1:low,,1
107,1:low,1:low,,1
108,1:low,1:low,,1
109,1:low,1:low,,1
110,2:medium,1:low,+,1
111,1:low,1:low,,1
112,1:low,1:low,,1
113,1:low,1:low,,1
114,1:low,1:low,,1
115,1:low,1:low,,1
116,1:low,1:low,,1
117,2:medium,1:low,+,1
118,1:low,1:low,,1
119,2:medium,1:low,+,1
120,2:medium,1:low,+,1
121,2:medium,1:low,+,1
122,2:medium,1:low,+,1
123,2:medium,1:low,+,1
124,2:medium,1:low,+,1
125,2:medium,1:low,+,1
126,2:medium,1:low,+,1
127,2:medium,1:low,+,1
128,2:medium,1:low,+,1
129,2:medium,1:low,+,1
130,2:medium,2:medium,,0.913
131,2:medium,1:low,+,0.999
132,2:medium,1:low,+,0.999
133,2:medium,1:low,+,0.952
134,2:medium,1:low,+,1
135,2:medium,1:low,+,1
136,2:medium,1:low,+,1
137,2:medium,1:low,+,0.892
138,2:medium,1:low,+,1
139,2:medium,1:low,+,0.999
140,2:medium,1:low,+,1
141,2:medium,1:low,+,1
142,2:medium,2:medium,,0.925
143,2:medium,2:medium,,0.997
144,2:medium,2:medium,,0.997
145,2:medium,2:medium,,0.987
146,2:medium,2:medium,,0.996
147,2:medium,2:medium,,1
148,2:medium,2:medium,,0.998
149,2:medium,2:medium,,0.998
150,2:medium,2:medium,,1
151,2:medium,2:medium,,1
152,2:medium,2:medium,,1
153,2:medium,2:medium,,1
154,2:medium,2:medium,,1
155,2:medium,2:medium,,1
156,2:medium,2:medium,,0.998
157,2:medium,2:medium,,1
158,2:medium,2:medium,,0.998
159,2:medium,2:medium,,0.998
160,2:medium,2:medium,,1
161,2:medium,2:medium,,1
162,2:medium,2:medium,,1
163,2:medium,2:medium,,0.99
164,2:medium,2:medium,,0.99
165,2:medium,2:medium,,0.998
166,2:medium,2:medium,,0.99
167,2:medium,2:medium,,0.995
168,2:medium,2:medium,,1
169,2:medium,2:medium,,0.973
170,2:medium,2:medium,,0.973
171,2:medium,2:medium,,1
172,2:medium,2:medium,,1
173,2:medium,2:medium,,0.997
174,2:medium,2:medium,,0.553
175,2:medium,2:medium,,1
176,2:medium,2:medium,,1

