inst#,actual,predicted,error,prediction
1,1:low,1:low,,1
2,1:low,1:low,,1
3,1:low,1:low,,1
4,1:low,3:high,+,0.997
5,1:low,3:high,+,1
6,1:low,3:high,+,0.927
7,1:low,3:high,+,0.925
8,1:low,3:high,+,0.573
9,1:low,3:high,+,0.571
10,1:low,3:high,+,0.824
11,1:low,3:high,+,0.707
12,1:low,3:high,+,0.837
13,1:low,1:low,,1
14,1:low,1:low,,1
15,1:low,1:low,,1
16,1:low,1:low,,1
17,1:low,1:low,,1
18,1:low,1:low,,1
19,1:low,1:low,,1
20,1:low,1:low,,1
21,1:low,1:low,,1
22,1:low,1:low,,1
23,1:low,1:low,,1
24,1:low,1:low,,1
25,1:low,1:low,,1
26,1:low,1:low,,1
27,1:low,1:low,,1
28,1:low,1:low,,1
29,1:low,1:low,,1
30,1:low,1:low,,1
31,1:low,1:low,,1
32,1:low,1:low,,1
33,1:low,1:low,,1
34,1:low,1:low,,1
35,1:low,1:low,,1
36,1:low,1:low,,1
37,1:low,1:low,,0.857
38,1:low,1:low,,0.537
39,1:low,1:low,,0.635
40,1:low,1:low,,0.512
41,1:low,2:medium,+,0.692
42,1:low,1:low,,0.908
43,1:low,1:low,,0.618
44,1:low,1:low,,1
45,1:low,1:low,,1
46,1:low,1:low,,1
47,1:low,1:low,,1
48,1:low,1:low,,0.999
49,1:low,1:low,,1
50,1:low,1:low,,1
51,1:low,1:low,,1
52,1:low,1:low,,1
53,1:low,1:low,,1
54,1:low,1:low,,1
55,1:low,1:low,,0.999
56,1:low,1:low,,1
57,1:low,1:low,,0.994
58,1:low,1:low,,0.954
59,1:low,1:low,,0.915
60,1:low,1:low,,0.906
61,1:low,1:low,,0.783
62,1:low,1:low,,0.761
63,1:low,1:low,,0.733
64,1:low,1:low,,0.917
65,1:low,1:low,,0.786
66,1:low,1:low,,0.777
67,1:low,1:low,,0.927
68,1:low,1:low,,0.784
69,1:low,1:low,,0.814
70,1:low,1:low,,0.921
71,1:low,1:low,,1
72,1:low,1:low,,1
73,1:low,1:low,,1
74,1:low,1:low,,1
75,1:low,1:low,,1
76,1:low,1:low,,1
77,1:low,1:low,,1
78,1:low,1:low,,1
79,1:low,1:low,,1
80,1:low,1:low,,1
81,1:low,1:low,,1
82,1:low,1:low,,1
83,1:low,1:low,,1
84,1:low,1:low,,1
85,1:low,1:low,,0.997
86,1:low,1:low,,1
87,1:low,1:low,,0.997
88,1:low,1:low,,0.905
89,1:low,1:low,,0.929
90,1:low,1:low,,0.927
91,1:low,1:low,,0.928
92,1:low,1:low,,0.783
93,1:low,1:low,,0.849
94,1:low,1:low,,0.788
95,1:low,1:low,,0.951
96,1:low,1:low,,1
97,1:low,1:low,,1
98,1:low,1:low,,1
99,1:low,1:low,,0.531
100,1:low,1:low,,1
101,1:low,1:low,,1
102,1:low,1:low,,0.9
103,1:low,1:low,,1
104,1:low,1:low,,1
105,1:low,1:low,,1
106,1:low,1:low,,0.999
107,1:low,1:low,,1
108,1:low,1:low,,1
109,1:low,1:low,,1
110,2:medium,1:low,+,0.998
111,1:low,1:low,,1
112,1:low,1:low,,1
113,1:low,1:low,,1
114,1:low,1:low,,1
115,1:low,1:low,,1
116,1:low,1:low,,1
117,2:medium,1:low,+,1
118,1:low,1:low,,1
119,2:medium,1:low,+,1
120,2:medium,1:low,+,1
121,2:medium,1:low,+,0.999
122,2:medium,1:low,+,1
123,2:medium,1:low,+,1
124,2:medium,1:low,+,0.905
125,2:medium,1:low,+,0.815
126,2:medium,1:low,+,0.743
127,2:medium,1:low,+,0.64
128,2:medium,1:low,+,0.694
129,2:medium,1:low,+,0.65
130,2:medium,1:low,+,0.602
131,2:medium,1:low,+,0.764
132,2:medium,1:low,+,0.73
133,2:medium,1:low,+,0.633
134,2:medium,1:low,+,0.681
135,2:medium,1:low,+,0.768
136,2:medium,1:low,+,0.769
137,2:medium,1:low,+,0.813
138,2:medium,1:low,+,0.775
139,2:medium,1:low,+,0.697
140,2:medium,1:low,+,0.697
141,2:medium,1:low,+,0.708
142,2:medium,1:low,+,0.757
143,2:medium,1:low,+,0.534
144,2:medium,2:medium,,0.705
145,2:medium,1:low,+,0.521
146,2:medium,2:medium,,0.982
147,2:medium,2:medium,,0.909
148,2:medium,2:medium,,0.945
149,2:medium,2:medium,,0.944
150,2:medium,2:medium,,0.897
151,2:medium,2:medium,,0.996
152,2:medium,2:medium,,0.982
153,2:medium,2:medium,,0.962
154,2:medium,2:medium,,0.97
155,2:medium,2:medium,,0.977
156,2:medium,2:medium,,0.991
157,2:medium,2:medium,,0.984
158,2:medium,2:medium,,0.977
159,2:medium,2:medium,,0.86
160,2:medium,2:medium,,0.887
161,2:medium,2:medium,,0.76
162,2:medium,2:medium,,0.677
163,2:medium,2:medium,,0.886
164,2:medium,2:medium,,0.531
165,2:medium,2:medium,,0.757
166,2:medium,2:medium,,0.604
167,2:medium,2:medium,,0.816
168,2:medium,2:medium,,0.72
169,2:medium,2:medium,,0.819
170,2:medium,2:medium,,0.745
171,2:medium,2:medium,,0.744
172,2:medium,2:medium,,0.925
173,2:medium,2:medium,,0.999
174,2:medium,2:medium,,0.999
175,2:medium,2:medium,,0.962
176,2:medium,2:medium,,0.984

