inst#,actual,predicted,error,prediction
1,1:low,1:low,,0.993
2,1:low,1:low,,0.998
3,1:low,1:low,,0.999
4,1:low,3:high,+,0.802
5,1:low,3:high,+,0.817
6,1:low,3:high,+,0.578
7,1:low,1:low,,0.658
8,1:low,2:medium,+,0.426
9,1:low,1:low,,0.41
10,1:low,3:high,+,0.665
11,1:low,3:high,+,0.702
12,1:low,3:high,+,0.754
13,1:low,1:low,,1
14,1:low,1:low,,1
15,1:low,1:low,,1
16,1:low,1:low,,1
17,1:low,1:low,,1
18,1:low,1:low,,1
19,1:low,1:low,,1
20,1:low,1:low,,1
21,1:low,1:low,,1
22,1:low,1:low,,1
23,1:low,1:low,,1
24,1:low,1:low,,1
25,1:low,1:low,,1
26,1:low,1:low,,0.999
27,1:low,1:low,,1
28,1:low,1:low,,1
29,1:low,1:low,,1
30,1:low,1:low,,1
31,1:low,1:low,,1
32,1:low,1:low,,1
33,1:low,1:low,,0.997
34,1:low,1:low,,0.998
35,1:low,1:low,,0.954
36,1:low,1:low,,1
37,1:low,1:low,,0.97
38,1:low,1:low,,0.997
39,1:low,1:low,,0.992
40,1:low,1:low,,0.597
41,1:low,1:low,,0.504
42,1:low,1:low,,0.997
43,1:low,1:low,,1
44,1:low,1:low,,0.987
45,1:low,1:low,,0.993
46,1:low,1:low,,0.942
47,1:low,1:low,,0.979
48,1:low,1:low,,0.992
49,1:low,1:low,,0.996
50,1:low,1:low,,1
51,1:low,1:low,,1
52,1:low,1:low,,1
53,1:low,1:low,,1
54,1:low,1:low,,0.999
55,1:low,1:low,,0.997
56,1:low,1:low,,0.987
57,1:low,1:low,,0.877
58,1:low,1:low,,0.846
59,1:low,1:low,,0.857
60,1:low,1:low,,0.837
61,1:low,1:low,,0.701
62,1:low,1:low,,0.861
63,1:low,1:low,,0.882
64,1:low,1:low,,0.922
65,1:low,1:low,,0.897
66,1:low,1:low,,0.92
67,1:low,1:low,,0.94
68,1:low,1:low,,0.812
69,1:low,1:low,,0.814
70,1:low,1:low,,0.848
71,1:low,1:low,,0.987
72,1:low,1:low,,1
73,1:low,1:low,,1
74,1:low,1:low,,0.971
75,1:low,1:low,,0.982
76,1:low,1:low,,0.987
77,1:low,1:low,,0.999
78,1:low,1:low,,1
79,1:low,1:low,,0.999
80,1:low,1:low,,0.996
81,1:low,1:low,,0.999
82,1:low,1:low,,1
83,1:low,1:low,,1
84,1:low,1:low,,0.998
85,1:low,1:low,,0.996
86,1:low,1:low,,0.984
87,1:low,1:low,,0.991
88,1:low,1:low,,0.984
89,1:low,1:low,,0.949
90,1:low,1:low,,0.956
91,1:low,1:low,,0.982
92,1:low,1:low,,0.783
93,1:low,1:low,,0.814
94,1:low,1:low,,0.928
95,1:low,1:low,,0.975
96,1:low,1:low,,0.947
97,1:low,1:low,,0.999
98,1:low,1:low,,0.997
99,1:low,1:low,,0.881
100,1:low,1:low,,0.921
101,1:low,1:low,,0.993
102,1:low,1:low,,0.908
103,1:low,1:low,,0.954
104,1:low,1:low,,1
105,1:low,1:low,,0.992
106,1:low,1:low,,0.91
107,1:low,1:low,,0.957
108,1:low,1:low,,0.999
109,1:low,1:low,,0.959
110,2:medium,1:low,+,0.954
111,1:low,1:low,,1
112,1:low,1:low,,0.996
113,1:low,1:low,,0.989
114,1:low,1:low,,0.999
115,1:low,1:low,,0.999
116,1:low,1:low,,0.985
117,2:medium,1:low,+,0.996
118,1:low,1:low,,1
119,2:medium,1:low,+,0.994
120,2:medium,1:low,+,0.994
121,2:medium,1:low,+,0.999
122,2:medium,1:low,+,0.998
123,2:medium,1:low,+,0.999
124,2:medium,1:low,+,0.972
125,2:medium,1:low,+,0.968
126,2:medium,1:low,+,0.927
127,2:medium,1:low,+,0.859
128,2:medium,1:low,+,0.737
129,2:medium,1:low,+,0.586
130,2:medium,1:low,+,0.527
131,2:medium,1:low,+,0.679
132,2:medium,1:low,+,0.566
133,2:medium,1:low,+,0.655
134,2:medium,1:low,+,0.612
135,2:medium,1:low,+,0.588
136,2:medium,1:low,+,0.73
137,2:medium,1:low,+,0.713
138,2:medium,1:low,+,0.807
139,2:medium,1:low,+,0.568
140,2:medium,1:low,+,0.862
141,2:medium,1:low,+,0.711
142,2:medium,1:low,+,0.614
143,2:medium,2:medium,,0.747
144,2:medium,2:medium,,0.881
145,2:medium,2:medium,,0.816
146,2:medium,2:medium,,0.992
147,2:medium,2:medium,,0.987
148,2:medium,2:medium,,0.987
149,2:medium,2:medium,,0.981
150,2:medium,2:medium,,0.977
151,2:medium,2:medium,,0.987
152,2:medium,2:medium,,0.978
153,2:medium,2:medium,,0.983
154,2:medium,2:medium,,0.993
155,2:medium,2:medium,,0.991
156,2:medium,2:medium,,0.995
157,2:medium,2:medium,,0.995
158,2:medium,2:medium,,0.988
159,2:medium,2:medium,,0.969
160,2:medium,2:medium,,0.916
161,2:medium,2:medium,,0.834
162,2:medium,2:medium,,0.766
163,2:medium,2:medium,,0.76
164,2:medium,2:medium,,0.566
165,2:medium,2:medium,,0.585
166,2:medium,2:medium,,0.658
167,2:medium,2:medium,,0.646
168,2:medium,2:medium,,0.56
169,2:medium,2:medium,,0.626
170,2:medium,2:medium,,0.667
171,2:medium,2:medium,,0.73
172,2:medium,2:medium,,0.891
173,2:medium,2:medium,,0.997
174,2:medium,2:medium,,0.998
175,2:medium,2:medium,,0.984
176,2:medium,2:medium,,0.987

