inst#,actual,predicted,error,prediction
1,1:low,1:low,,1
2,1:low,1:low,,1
3,1:low,1:low,,1
4,1:low,3:high,+,0.98
5,1:low,3:high,+,0.963
6,1:low,3:high,+,0.905
7,1:low,3:high,+,0.878
8,1:low,2:medium,+,0.604
9,1:low,2:medium,+,0.501
10,1:low,3:high,+,0.718
11,1:low,3:high,+,0.633
12,1:low,3:high,+,0.736
13,1:low,1:low,,1
14,1:low,1:low,,1
15,1:low,1:low,,1
16,1:low,1:low,,1
17,1:low,1:low,,1
18,1:low,1:low,,1
19,1:low,1:low,,1
20,1:low,1:low,,1
21,1:low,1:low,,1
22,1:low,1:low,,1
23,1:low,1:low,,1
24,1:low,1:low,,1
25,1:low,1:low,,1
26,1:low,1:low,,1
27,1:low,1:low,,1
28,1:low,1:low,,1
29,1:low,1:low,,1
30,1:low,1:low,,1
31,1:low,1:low,,1
32,1:low,1:low,,1
33,1:low,1:low,,1
34,1:low,1:low,,1
35,1:low,1:low,,1
36,1:low,1:low,,1
37,1:low,1:low,,0.848
38,1:low,1:low,,0.594
39,1:low,1:low,,0.723
40,1:low,2:medium,+,0.631
41,1:low,2:medium,+,0.828
42,1:low,1:low,,0.843
43,1:low,1:low,,0.59
44,1:low,1:low,,1
45,1:low,1:low,,1
46,1:low,1:low,,0.961
47,1:low,1:low,,1
48,1:low,1:low,,0.997
49,1:low,1:low,,1
50,1:low,1:low,,1
51,1:low,1:low,,1
52,1:low,1:low,,1
53,1:low,1:low,,1
54,1:low,1:low,,1
55,1:low,1:low,,0.967
56,1:low,1:low,,0.905
57,1:low,1:low,,0.922
58,1:low,1:low,,0.912
59,1:low,1:low,,0.765
60,1:low,1:low,,0.747
61,1:low,1:low,,0.713
62,1:low,1:low,,0.727
63,1:low,1:low,,0.693
64,1:low,1:low,,0.797
65,1:low,1:low,,0.789
66,1:low,1:low,,0.743
67,1:low,1:low,,0.842
68,1:low,1:low,,0.694
69,1:low,1:low,,0.736
70,1:low,1:low,,0.809
71,1:low,1:low,,1
72,1:low,1:low,,1
73,1:low,1:low,,1
74,1:low,1:low,,1
75,1:low,1:low,,1
76,1:low,1:low,,1
77,1:low,1:low,,1
78,1:low,1:low,,1
79,1:low,1:low,,1
80,1:low,1:low,,1
81,1:low,1:low,,1
82,1:low,1:low,,1
83,1:low,1:low,,1
84,1:low,1:low,,1
85,1:low,1:low,,0.994
86,1:low,1:low,,0.997
87,1:low,1:low,,0.993
88,1:low,1:low,,0.874
89,1:low,1:low,,0.935
90,1:low,1:low,,0.926
91,1:low,1:low,,0.931
92,1:low,1:low,,0.706
93,1:low,1:low,,0.775
94,1:low,1:low,,0.749
95,1:low,1:low,,0.918
96,1:low,1:low,,1
97,1:low,1:low,,1
98,1:low,1:low,,1
99,1:low,1:low,,0.602
100,1:low,1:low,,0.939
101,1:low,1:low,,1
102,1:low,1:low,,0.894
103,1:low,1:low,,0.939
104,1:low,1:low,,1
105,1:low,1:low,,1
106,1:low,1:low,,0.938
107,1:low,1:low,,0.97
108,1:low,1:low,,1
109,1:low,1:low,,0.939
110,2:medium,1:low,+,0.937
111,1:low,1:low,,1
112,1:low,1:low,,1
113,1:low,1:low,,1
114,1:low,1:low,,1
115,1:low,1:low,,1
116,1:low,1:low,,0.999
117,2:medium,1:low,+,1
118,1:low,1:low,,1
119,2:medium,1:low,+,1
120,2:medium,1:low,+,1
121,2:medium,1:low,+,0.999
122,2:medium,1:low,+,1
123,2:medium,1:low,+,1
124,2:medium,1:low,+,0.892
125,2:medium,1:low,+,0.833
126,2:medium,1:low,+,0.718
127,2:medium,1:low,+,0.625
128,2:medium,1:low,+,0.644
129,2:medium,1:low,+,0.61
130,2:medium,1:low,+,0.576
131,2:medium,1:low,+,0.703
132,2:medium,1:low,+,0.646
133,2:medium,1:low,+,0.538
134,2:medium,1:low,+,0.565
135,2:medium,1:low,+,0.683
136,2:medium,1:low,+,0.682
137,2:medium,1:low,+,0.718
138,2:medium,1:low,+,0.73
139,2:medium,1:low,+,0.604
140,2:medium,1:low,+,0.658
141,2:medium,1:low,+,0.638
142,2:medium,1:low,+,0.66
143,2:medium,1:low,+,0.514
144,2:medium,2:medium,,0.725
145,2:medium,2:medium,,0.503
146,2:medium,2:medium,,0.99
147,2:medium,2:medium,,0.927
148,2:medium,2:medium,,0.963
149,2:medium,2:medium,,0.925
150,2:medium,2:medium,,0.911
151,2:medium,2:medium,,0.986
152,2:medium,2:medium,,0.986
153,2:medium,2:medium,,0.894
154,2:medium,2:medium,,0.961
155,2:medium,2:medium,,0.985
156,2:medium,2:medium,,0.992
157,2:medium,2:medium,,0.984
158,2:medium,2:medium,,0.983
159,2:medium,2:medium,,0.88
160,2:medium,2:medium,,0.918
161,2:medium,2:medium,,0.802
162,2:medium,2:medium,,0.697
163,2:medium,2:medium,,0.836
164,2:medium,2:medium,,0.518
165,2:medium,2:medium,,0.759
166,2:medium,2:medium,,0.613
167,2:medium,2:medium,,0.759
168,2:medium,2:medium,,0.705
169,2:medium,2:medium,,0.744
170,2:medium,2:medium,,0.736
171,2:medium,2:medium,,0.791
172,2:medium,2:medium,,0.927
173,2:medium,2:medium,,0.998
174,2:medium,2:medium,,0.995
175,2:medium,2:medium,,0.974
176,2:medium,2:medium,,0.98

