inst#,actual,predicted,error,prediction
1,1:low,1:low,,1
2,1:low,1:low,,1
3,1:low,1:low,,1
4,1:low,3:high,+,0.995
5,1:low,3:high,+,0.999
6,1:low,3:high,+,0.968
7,1:low,3:high,+,0.947
8,1:low,3:high,+,0.796
9,1:low,3:high,+,0.943
10,1:low,2:medium,+,0.73
11,1:low,2:medium,+,0.808
12,1:low,3:high,+,0.987
13,1:low,1:low,,1
14,1:low,1:low,,1
15,1:low,1:low,,1
16,1:low,1:low,,1
17,1:low,1:low,,1
18,1:low,1:low,,1
19,1:low,1:low,,1
20,1:low,1:low,,1
21,1:low,1:low,,1
22,1:low,1:low,,1
23,1:low,1:low,,1
24,1:low,1:low,,1
25,1:low,1:low,,1
26,1:low,1:low,,1
27,1:low,1:low,,1
28,1:low,1:low,,1
29,1:low,1:low,,1
30,1:low,1:low,,1
31,1:low,1:low,,1
32,1:low,1:low,,1
33,1:low,1:low,,1
34,1:low,1:low,,1
35,1:low,1:low,,1
36,1:low,1:low,,1
37,1:low,1:low,,0.72
38,1:low,1:low,,0.999
39,1:low,1:low,,0.946
40,1:low,1:low,,0.893
41,1:low,1:low,,0.893
42,1:low,1:low,,1
43,1:low,1:low,,1
44,1:low,1:low,,1
45,1:low,1:low,,1
46,1:low,1:low,,1
47,1:low,1:low,,1
48,1:low,1:low,,1
49,1:low,1:low,,1
50,1:low,1:low,,1
51,1:low,1:low,,1
52,1:low,1:low,,1
53,1:low,1:low,,1
54,1:low,1:low,,1
55,1:low,1:low,,1
56,1:low,1:low,,1
57,1:low,1:low,,0.959
58,1:low,1:low,,0.959
59,1:low,1:low,,0.97
60,1:low,1:low,,0.93
61,1:low,1:low,,0.787
62,1:low,1:low,,0.87
63,1:low,1:low,,0.87
64,1:low,1:low,,0.97
65,1:low,1:low,,0.97
66,1:low,1:low,,0.97
67,1:low,1:low,,0.939
68,1:low,1:low,,0.548
69,1:low,1:low,,0.97
70,1:low,1:low,,0.978
71,1:low,1:low,,1
72,1:low,1:low,,1
73,1:low,1:low,,1
74,1:low,1:low,,1
75,1:low,1:low,,1
76,1:low,1:low,,1
77,1:low,1:low,,1
78,1:low,1:low,,1
79,1:low,1:low,,1
80,1:low,1:low,,1
81,1:low,1:low,,1
82,1:low,1:low,,1
83,1:low,1:low,,1
84,1:low,1:low,,1
85,1:low,1:low,,0.999
86,1:low,1:low,,0.999
87,1:low,1:low,,0.984
88,1:low,1:low,,0.939
89,1:low,1:low,,0.98
90,1:low,1:low,,0.939
91,1:low,1:low,,0.97
92,1:low,2:medium,+,0.62
93,1:low,1:low,,0.97
94,1:low,1:low,,0.939
95,1:low,1:low,,0.999
96,1:low,1:low,,1
97,1:low,1:low,,1
98,1:low,1:low,,1
99,1:low,2:medium,+,0.634
100,1:low,1:low,,1
101,1:low,1:low,,1
102,1:low,1:low,,1
103,1:low,1:low,,1
104,1:low,1:low,,1
105,1:low,1:low,,1
106,1:low,1:low,,1
107,1:low,1:low,,1
108,1:low,1:low,,1
109,1:low,1:low,,1
110,2:medium,1:low,+,1
111,1:low,1:low,,1
112,1:low,1:low,,1
113,1:low,1:low,,1
114,1:low,1:low,,1
115,1:low,1:low,,1
116,1:low,1:low,,0.999
117,2:medium,1:low,+,1
118,1:low,1:low,,1
119,2:medium,1:low,+,1
120,2:medium,1:low,+,1
121,2:medium,1:low,+,1
122,2:medium,1:low,+,1
123,2:medium,1:low,+,1
124,2:medium,1:low,+,0.984
125,2:medium,1:low,+,0.984
126,2:medium,1:low,+,0.939
127,2:medium,1:low,+,0.939
128,2:medium,1:low,+,0.93
129,2:medium,2:medium,,0.692
130,2:medium,1:low,+,0.787
131,2:medium,2:medium,,0.61
132,2:medium,2:medium,,0.512
133,2:medium,2:medium,,0.95
134,2:medium,2:medium,,0.95
135,2:medium,2:medium,,0.95
136,2:medium,1:low,+,0.574
137,2:medium,2:medium,,0.943
138,2:medium,1:low,+,0.574
139,2:medium,2:medium,,0.95
140,2:medium,1:low,+,0.574
141,2:medium,1:low,+,0.574
142,2:medium,2:medium,,0.95
143,2:medium,2:medium,,0.725
144,2:medium,2:medium,,0.725
145,2:medium,2:medium,,0.725
146,2:medium,2:medium,,0.968
147,2:medium,2:medium,,0.978
148,2:medium,2:medium,,0.835
149,2:medium,2:medium,,0.953
150,2:medium,2:medium,,0.953
151,2:medium,2:medium,,0.999
152,2:medium,2:medium,,0.953
153,2:medium,2:medium,,0.996
154,2:medium,2:medium,,0.953
155,2:medium,2:medium,,0.953
156,2:medium,2:medium,,0.953
157,2:medium,2:medium,,0.964
158,2:medium,2:medium,,0.993
159,2:medium,2:medium,,0.953
160,2:medium,2:medium,,0.996
161,2:medium,2:medium,,0.919
162,2:medium,2:medium,,0.759
163,2:medium,2:medium,,0.922
164,2:medium,2:medium,,0.651
165,2:medium,2:medium,,0.922
166,2:medium,2:medium,,0.85
167,2:medium,2:medium,,0.985
168,2:medium,2:medium,,0.985
169,2:medium,2:medium,,0.956
170,2:medium,2:medium,,0.956
171,2:medium,2:medium,,0.978
172,2:medium,2:medium,,0.997
173,2:medium,2:medium,,0.986
174,2:medium,2:medium,,0.95
175,2:medium,2:medium,,0.994
176,2:medium,2:medium,,0.997

