inst#,actual,predicted,error,prediction
1,1:low,1:low,,1
2,1:low,1:low,,1
3,1:low,1:low,,1
4,1:low,3:high,+,0.916
5,1:low,3:high,+,0.904
6,1:low,3:high,+,0.899
7,1:low,3:high,+,0.531
8,1:low,3:high,+,0.645
9,1:low,3:high,+,0.547
10,1:low,3:high,+,0.846
11,1:low,3:high,+,0.791
12,1:low,3:high,+,0.835
13,1:low,1:low,,1
14,1:low,1:low,,0.983
15,1:low,1:low,,0.983
16,1:low,1:low,,1
17,1:low,1:low,,1
18,1:low,1:low,,0.993
19,1:low,1:low,,0.983
20,1:low,1:low,,0.993
21,1:low,1:low,,0.983
22,1:low,1:low,,1
23,1:low,1:low,,0.999
24,1:low,1:low,,1
25,1:low,1:low,,1
26,1:low,1:low,,1
27,1:low,1:low,,1
28,1:low,1:low,,1
29,1:low,1:low,,1
30,1:low,1:low,,1
31,1:low,1:low,,1
32,1:low,1:low,,1
33,1:low,1:low,,0.993
34,1:low,1:low,,0.995
35,1:low,1:low,,0.997
36,1:low,1:low,,0.966
37,1:low,1:low,,0.979
38,1:low,1:low,,0.836
39,1:low,1:low,,0.728
40,1:low,1:low,,0.62
41,1:low,2:medium,+,0.508
42,1:low,1:low,,0.745
43,1:low,1:low,,0.821
44,1:low,1:low,,0.983
45,1:low,1:low,,0.965
46,1:low,1:low,,0.858
47,1:low,1:low,,0.954
48,1:low,1:low,,0.986
49,1:low,1:low,,0.997
50,1:low,1:low,,1
51,1:low,1:low,,1
52,1:low,1:low,,1
53,1:low,1:low,,1
54,1:low,1:low,,0.983
55,1:low,1:low,,0.911
56,1:low,1:low,,0.86
57,1:low,1:low,,0.838
58,1:low,1:low,,0.751
59,1:low,1:low,,0.823
60,1:low,1:low,,0.774
61,1:low,1:low,,0.736
62,1:low,1:low,,0.833
63,1:low,1:low,,0.808
64,1:low,1:low,,0.825
65,1:low,1:low,,0.858
66,1:low,1:low,,0.874
67,1:low,1:low,,0.907
68,1:low,1:low,,0.735
69,1:low,1:low,,0.772
70,1:low,1:low,,0.742
71,1:low,1:low,,0.962
72,1:low,1:low,,0.992
73,1:low,1:low,,1
74,1:low,1:low,,0.976
75,1:low,1:low,,0.935
76,1:low,1:low,,0.976
77,1:low,1:low,,0.984
78,1:low,1:low,,0.983
79,1:low,1:low,,0.983
80,1:low,1:low,,0.988
81,1:low,1:low,,0.967
82,1:low,1:low,,0.998
83,1:low,1:low,,0.988
84,1:low,1:low,,1
85,1:low,1:low,,0.997
86,1:low,1:low,,0.973
87,1:low,1:low,,0.979
88,1:low,1:low,,0.934
89,1:low,1:low,,0.951
90,1:low,1:low,,0.887
91,1:low,1:low,,0.947
92,1:low,1:low,,0.689
93,1:low,1:low,,0.78
94,1:low,1:low,,0.796
95,1:low,1:low,,0.961
96,1:low,1:low,,0.954
97,1:low,1:low,,0.967
98,1:low,1:low,,0.976
99,1:low,1:low,,0.65
100,1:low,1:low,,0.915
101,1:low,1:low,,0.991
102,1:low,1:low,,0.849
103,1:low,1:low,,0.907
104,1:low,1:low,,0.983
105,1:low,1:low,,0.978
106,1:low,1:low,,0.852
107,1:low,1:low,,0.951
108,1:low,1:low,,0.985
109,1:low,1:low,,0.924
110,2:medium,1:low,+,0.861
111,1:low,1:low,,0.999
112,1:low,1:low,,0.975
113,1:low,1:low,,0.966
114,1:low,1:low,,0.966
115,1:low,1:low,,0.966
116,1:low,1:low,,0.945
117,2:medium,1:low,+,0.978
118,1:low,1:low,,1
119,2:medium,1:low,+,0.999
120,2:medium,1:low,+,1
121,2:medium,1:low,+,0.991
122,2:medium,1:low,+,0.997
123,2:medium,1:low,+,1
124,2:medium,1:low,+,0.844
125,2:medium,1:low,+,0.818
126,2:medium,1:low,+,0.764
127,2:medium,1:low,+,0.766
128,2:medium,1:low,+,0.687
129,2:medium,1:low,+,0.608
130,2:medium,2:medium,,0.532
131,2:medium,1:low,+,0.591
132,2:medium,1:low,+,0.589
133,2:medium,1:low,+,0.609
134,2:medium,1:low,+,0.672
135,2:medium,1:low,+,0.695
136,2:medium,1:low,+,0.665
137,2:medium,1:low,+,0.635
138,2:medium,1:low,+,0.695
139,2:medium,1:low,+,0.654
140,2:medium,1:low,+,0.739
141,2:medium,1:low,+,0.682
142,2:medium,1:low,+,0.641
143,2:medium,2:medium,,0.573
144,2:medium,2:medium,,0.683
145,2:medium,2:medium,,0.634
146,2:medium,2:medium,,0.878
147,2:medium,2:medium,,0.824
148,2:medium,2:medium,,0.865
149,2:medium,2:medium,,0.862
150,2:medium,2:medium,,0.823
151,2:medium,2:medium,,0.903
152,2:medium,2:medium,,0.887
153,2:medium,2:medium,,0.882
154,2:medium,2:medium,,0.884
155,2:medium,2:medium,,0.898
156,2:medium,2:medium,,0.904
157,2:medium,2:medium,,0.908
158,2:medium,2:medium,,0.89
159,2:medium,2:medium,,0.827
160,2:medium,2:medium,,0.833
161,2:medium,2:medium,,0.765
162,2:medium,2:medium,,0.588
163,2:medium,2:medium,,0.641
164,2:medium,2:medium,,0.513
165,2:medium,2:medium,,0.557
166,2:medium,2:medium,,0.569
167,2:medium,2:medium,,0.598
168,2:medium,2:medium,,0.621
169,2:medium,2:medium,,0.597
170,2:medium,2:medium,,0.611
171,2:medium,2:medium,,0.643
172,2:medium,2:medium,,0.888
173,2:medium,2:medium,,0.958
174,2:medium,2:medium,,0.939
175,2:medium,2:medium,,0.931
176,2:medium,2:medium,,0.903

