inst#,actual,predicted,error,distribution,,
1,1:high,3:low,+,0,0,*1
2,2:medium,3:low,+,0,0,*1
3,3:low,3:low,,0,0,*1
4,3:low,3:low,,0,0,*1
5,2:medium,3:low,+,0,0,*1
6,2:medium,3:low,+,0,0,*1
7,2:medium,3:low,+,0,0,*1
8,2:medium,3:low,+,0,0,*1
9,2:medium,3:low,+,0,0,*1
10,2:medium,3:low,+,0,0,*1
11,3:low,3:low,,0,0,*1
12,3:low,3:low,,0,0,*1
13,2:medium,3:low,+,0,0,*1
14,1:high,3:low,+,0,0,*1
15,3:low,3:low,,0,0,*1
16,3:low,3:low,,0,0,*1
17,3:low,3:low,,0,0,*1
18,3:low,3:low,,0,0,*1
19,3:low,3:low,,0,0,*1
20,2:medium,3:low,+,0,0,*1
21,3:low,3:low,,0,0,*1
22,3:low,3:low,,0,0,*1
23,3:low,3:low,,0,0,*1
24,2:medium,3:low,+,0,0,*1
25,2:medium,3:low,+,0,0,*1
26,3:low,3:low,,0,0,*1
27,2:medium,3:low,+,0,0,*1
28,3:low,3:low,,0,0,*1
29,3:low,3:low,,0,0,*1
30,2:medium,3:low,+,0,0,*1
31,3:low,3:low,,0,0,*1
32,3:low,3:low,,0,0,*1
33,2:medium,3:low,+,0,0,*1
34,3:low,3:low,,0,0,*1
35,3:low,3:low,,0,0,*1
36,3:low,3:low,,0,0,*1
37,3:low,3:low,,0,0,*1
38,3:low,3:low,,0,0,*1
39,2:medium,3:low,+,0,0,*1
40,2:medium,3:low,+,0,0,*1
41,2:medium,3:low,+,0,0,*1
42,2:medium,3:low,+,0,0,*1
43,3:low,3:low,,0,0,*1
44,2:medium,3:low,+,0,0,*1
45,2:medium,3:low,+,0,0,*1
46,3:low,3:low,,0,0,*1
47,3:low,3:low,,0,0,*1
48,3:low,3:low,,0,0,*1
