inst#,actual,predicted,error,prediction
1,3:low,2:medium,+,0.573
2,3:low,2:medium,+,0.629
3,2:medium,2:medium,,0.574
4,1:high,2:medium,+,0.622
5,3:low,2:medium,+,0.63
6,3:low,2:medium,+,0.77
7,2:medium,3:low,+,0.589
8,2:medium,3:low,+,0.695
9,3:low,3:low,,0.596
10,1:high,2:medium,+,0.645
11,2:medium,3:low,+,0.834
12,3:low,3:low,,0.825
13,3:low,3:low,,0.801
14,2:medium,3:low,+,0.735
15,2:medium,2:medium,,0.629
16,3:low,2:medium,+,0.574
17,2:medium,2:medium,,0.508
18,3:low,3:low,,0.67
19,2:medium,2:medium,,0.747
20,2:medium,3:low,+,0.837
21,2:medium,3:low,+,0.545
22,3:low,3:low,,0.604
23,2:medium,3:low,+,0.5
24,3:low,3:low,,0.756
25,2:medium,3:low,+,0.676
26,3:low,3:low,,0.725
27,3:low,3:low,,0.599
28,2:medium,3:low,+,0.689
29,2:medium,3:low,+,0.647
30,2:medium,3:low,+,0.691
31,2:medium,1:high,+,0.736
32,2:medium,3:low,+,0.769
33,3:low,3:low,,0.728
34,2:medium,2:medium,,0.497
35,3:low,3:low,,0.75
36,2:medium,3:low,+,0.724
37,3:low,3:low,,0.779
38,3:low,3:low,,0.74
39,1:high,2:medium,+,0.52
40,3:low,3:low,,0.753
41,3:low,3:low,,0.773
42,2:medium,3:low,+,0.833
43,1:high,3:low,+,0.648
44,2:medium,3:low,+,0.696
45,3:low,3:low,,0.685
46,3:low,3:low,,0.823
47,3:low,3:low,,0.813
48,3:low,3:low,,0.74

