inst#,actual,predicted,error,prediction
1,3:low,2:medium,+,0.594
2,3:low,2:medium,+,0.61
3,2:medium,2:medium,,0.675
4,1:high,1:high,,0.473
5,3:low,2:medium,+,0.61
6,3:low,2:medium,+,0.635
7,2:medium,2:medium,,0.659
8,2:medium,2:medium,,0.579
9,3:low,2:medium,+,0.711
10,1:high,2:medium,+,0.513
11,2:medium,2:medium,,0.575
12,3:low,2:medium,+,0.529
13,3:low,2:medium,+,0.492
14,2:medium,2:medium,,0.473
15,2:medium,2:medium,,0.572
16,3:low,2:medium,+,0.512
17,2:medium,2:medium,,0.435
18,3:low,2:medium,+,0.528
19,2:medium,2:medium,,0.619
20,2:medium,3:low,+,0.603
21,2:medium,2:medium,,0.444
22,3:low,2:medium,+,0.494
23,2:medium,2:medium,,0.476
24,3:low,2:medium,+,0.542
25,2:medium,2:medium,,0.474
26,3:low,2:medium,+,0.596
27,3:low,2:medium,+,0.575
28,2:medium,3:low,+,0.699
29,2:medium,2:medium,,0.548
30,2:medium,2:medium,,0.505
31,2:medium,1:high,+,0.862
32,2:medium,2:medium,,0.597
33,3:low,3:low,,0.776
34,2:medium,2:medium,,0.568
35,3:low,3:low,,0.745
36,2:medium,3:low,+,0.49
37,3:low,3:low,,0.738
38,3:low,3:low,,0.63
39,1:high,2:medium,+,0.565
40,3:low,2:medium,+,0.479
41,3:low,3:low,,0.748
42,2:medium,3:low,+,0.657
43,1:high,2:medium,+,0.609
44,2:medium,3:low,+,0.5
45,3:low,2:medium,+,0.462
46,3:low,3:low,,0.79
47,3:low,3:low,,0.794
48,3:low,2:medium,+,0.661

