inst#,actual,predicted,error,prediction
1,3:low,2:medium,+,0.492
2,3:low,2:medium,+,0.553
3,2:medium,2:medium,,0.68
4,1:high,1:high,,0.414
5,3:low,2:medium,+,0.582
6,3:low,2:medium,+,0.663
7,2:medium,2:medium,,0.555
8,2:medium,2:medium,,0.521
9,3:low,2:medium,+,0.606
10,1:high,2:medium,+,0.538
11,2:medium,3:low,+,0.564
12,3:low,3:low,,0.534
13,3:low,3:low,,0.551
14,2:medium,2:medium,,0.587
15,2:medium,2:medium,,0.633
16,3:low,2:medium,+,0.488
17,2:medium,2:medium,,0.646
18,3:low,3:low,,0.613
19,2:medium,2:medium,,0.582
20,2:medium,3:low,+,0.641
21,2:medium,2:medium,,0.667
22,3:low,2:medium,+,0.554
23,2:medium,2:medium,,0.547
24,3:low,2:medium,+,0.53
25,2:medium,2:medium,,0.532
26,3:low,2:medium,+,0.589
27,3:low,2:medium,+,0.634
28,2:medium,2:medium,,0.54
29,2:medium,2:medium,,0.505
30,2:medium,3:low,+,0.498
31,2:medium,1:high,+,0.571
32,2:medium,2:medium,,0.504
33,3:low,2:medium,+,0.528
34,2:medium,2:medium,,0.595
35,3:low,3:low,,0.583
36,2:medium,2:medium,,0.568
37,3:low,3:low,,0.501
38,3:low,3:low,,0.634
39,1:high,2:medium,+,0.384
40,3:low,2:medium,+,0.555
41,3:low,3:low,,0.512
42,2:medium,3:low,+,0.595
43,1:high,2:medium,+,0.52
44,2:medium,2:medium,,0.557
45,3:low,2:medium,+,0.607
46,3:low,2:medium,+,0.525
47,3:low,2:medium,+,0.522
48,3:low,2:medium,+,0.484

