inst#,actual,predicted,error,prediction
1,3:low,2:medium,+,0.726
2,3:low,2:medium,+,0.83
3,2:medium,2:medium,,0.805
4,1:high,2:medium,+,0.493
5,3:low,2:medium,+,0.647
6,3:low,2:medium,+,0.751
7,2:medium,2:medium,,0.804
8,2:medium,2:medium,,0.569
9,3:low,2:medium,+,0.492
10,1:high,2:medium,+,0.492
11,2:medium,2:medium,,0.543
12,3:low,3:low,,0.525
13,3:low,3:low,,0.656
14,2:medium,2:medium,,0.597
15,2:medium,2:medium,,0.648
16,3:low,2:medium,+,0.467
17,2:medium,2:medium,,0.571
18,3:low,3:low,,0.498
19,2:medium,2:medium,,0.441
20,2:medium,3:low,+,0.841
21,2:medium,2:medium,,0.623
22,3:low,2:medium,+,0.596
23,2:medium,2:medium,,0.57
24,3:low,2:medium,+,0.545
25,2:medium,2:medium,,0.545
26,3:low,2:medium,+,0.52
27,3:low,2:medium,+,0.727
28,2:medium,2:medium,,0.699
29,2:medium,2:medium,,0.648
30,2:medium,3:low,+,0.498
31,2:medium,1:high,+,0.841
32,2:medium,2:medium,,0.492
33,3:low,2:medium,+,0.545
34,2:medium,2:medium,,0.623
35,3:low,2:medium,+,0.646
36,2:medium,2:medium,,0.725
37,3:low,2:medium,+,0.621
38,3:low,3:low,,0.553
39,1:high,2:medium,+,0.345
40,3:low,2:medium,+,0.622
41,3:low,2:medium,+,0.57
42,2:medium,3:low,+,0.525
43,1:high,2:medium,+,0.518
44,2:medium,2:medium,,0.596
45,3:low,2:medium,+,0.649
46,3:low,2:medium,+,0.622
47,3:low,2:medium,+,0.7
48,3:low,2:medium,+,0.545

