inst#,actual,predicted,error,prediction
1,3:low,2:medium,+,0.998
2,3:low,2:medium,+,1
3,2:medium,2:medium,,1
4,1:high,2:medium,+,1
5,3:low,2:medium,+,1
6,3:low,2:medium,+,1
7,2:medium,2:medium,,1
8,2:medium,2:medium,,1
9,3:low,2:medium,+,1
10,1:high,2:medium,+,1
11,2:medium,2:medium,,1
12,3:low,2:medium,+,0.511
13,3:low,2:medium,+,0.954
14,2:medium,2:medium,,1
15,2:medium,2:medium,,1
16,3:low,2:medium,+,1
17,2:medium,2:medium,,0.999
18,3:low,2:medium,+,1
19,2:medium,2:medium,,1
20,2:medium,3:low,+,1
21,2:medium,2:medium,,1
22,3:low,2:medium,+,1
23,2:medium,2:medium,,1
24,3:low,2:medium,+,0.959
25,2:medium,2:medium,,0.989
26,3:low,2:medium,+,1
27,3:low,2:medium,+,1
28,2:medium,2:medium,,1
29,2:medium,2:medium,,1
30,2:medium,2:medium,,1
31,2:medium,1:high,+,1
32,2:medium,3:low,+,1
33,3:low,2:medium,+,1
34,2:medium,2:medium,,1
35,3:low,2:medium,+,1
36,2:medium,2:medium,,1
37,3:low,2:medium,+,1
38,3:low,2:medium,+,1
39,1:high,1:high,,0.578
40,3:low,2:medium,+,1
41,3:low,2:medium,+,1
42,2:medium,2:medium,,1
43,1:high,2:medium,+,1
44,2:medium,2:medium,,1
45,3:low,2:medium,+,1
46,3:low,2:medium,+,1
47,3:low,2:medium,+,1
48,3:low,3:low,,0.988

