inst#,actual,predicted,error,prediction
1,3:low,3:low,,0.641
2,3:low,3:low,,0.679
3,2:medium,2:medium,,0.654
4,1:high,3:low,+,0.631
5,3:low,3:low,,0.653
6,3:low,2:medium,+,0.74
7,2:medium,2:medium,,0.687
8,2:medium,2:medium,,0.761
9,3:low,2:medium,+,0.606
10,1:high,3:low,+,0.519
11,2:medium,3:low,+,0.909
12,3:low,3:low,,0.908
13,3:low,3:low,,0.855
14,2:medium,3:low,+,0.65
15,2:medium,3:low,+,0.537
16,3:low,2:medium,+,0.561
17,2:medium,3:low,+,0.608
18,3:low,3:low,,0.696
19,2:medium,2:medium,,0.515
20,2:medium,3:low,+,0.958
21,2:medium,3:low,+,0.873
22,3:low,3:low,,0.869
23,2:medium,3:low,+,0.858
24,3:low,3:low,,0.761
25,2:medium,3:low,+,0.744
26,3:low,3:low,,0.751
27,3:low,3:low,,0.655
28,2:medium,3:low,+,0.697
29,2:medium,3:low,+,0.704
30,2:medium,3:low,+,0.773
31,2:medium,1:high,+,0.995
32,2:medium,2:medium,,0.55
33,3:low,3:low,,0.765
34,2:medium,3:low,+,0.71
35,3:low,3:low,,0.82
36,2:medium,3:low,+,0.731
37,3:low,3:low,,0.83
38,3:low,3:low,,0.781
39,1:high,3:low,+,0.514
40,3:low,3:low,,0.864
41,3:low,3:low,,0.822
42,2:medium,3:low,+,0.853
43,1:high,3:low,+,0.8
44,2:medium,3:low,+,0.807
45,3:low,3:low,,0.815
46,3:low,3:low,,0.829
47,3:low,3:low,,0.821
48,3:low,3:low,,0.719

