inst#,actual,predicted,error,prediction
1,3:low,3:low,,0.506
2,3:low,2:medium,+,0.593
3,2:medium,2:medium,,0.702
4,1:high,2:medium,+,0.498
5,3:low,2:medium,+,0.559
6,3:low,2:medium,+,0.672
7,2:medium,2:medium,,0.548
8,2:medium,2:medium,,0.583
9,3:low,2:medium,+,0.519
10,1:high,2:medium,+,0.565
11,2:medium,2:medium,,0.537
12,3:low,2:medium,+,0.5
13,3:low,3:low,,0.483
14,2:medium,2:medium,,0.536
15,2:medium,2:medium,,0.605
16,3:low,2:medium,+,0.569
17,2:medium,2:medium,,0.488
18,3:low,3:low,,0.57
19,2:medium,2:medium,,0.55
20,2:medium,3:low,+,0.701
21,2:medium,3:low,+,0.51
22,3:low,2:medium,+,0.464
23,2:medium,2:medium,,0.484
24,3:low,3:low,,0.592
25,2:medium,3:low,+,0.623
26,3:low,3:low,,0.59
27,3:low,3:low,,0.519
28,2:medium,3:low,+,0.534
29,2:medium,3:low,+,0.494
30,2:medium,3:low,+,0.588
31,2:medium,1:high,+,0.727
32,2:medium,3:low,+,0.544
33,3:low,3:low,,0.601
34,2:medium,2:medium,,0.538
35,3:low,3:low,,0.603
36,2:medium,3:low,+,0.53
37,3:low,3:low,,0.618
38,3:low,3:low,,0.576
39,1:high,2:medium,+,0.457
40,3:low,3:low,,0.526
41,3:low,3:low,,0.631
42,2:medium,3:low,+,0.645
43,1:high,2:medium,+,0.45
44,2:medium,3:low,+,0.551
45,3:low,2:medium,+,0.524
46,3:low,3:low,,0.625
47,3:low,3:low,,0.581
48,3:low,3:low,,0.488

