inst#,actual,predicted,error,prediction
1,3:low,3:low,,0.535
2,3:low,3:low,,0.481
3,2:medium,2:medium,,0.663
4,1:high,1:high,,0.653
5,3:low,2:medium,+,0.554
6,3:low,2:medium,+,0.571
7,2:medium,3:low,+,0.473
8,2:medium,3:low,+,0.566
9,3:low,3:low,,0.548
10,1:high,3:low,+,0.446
11,2:medium,3:low,+,0.533
12,3:low,3:low,,0.481
13,3:low,3:low,,0.6
14,2:medium,2:medium,,0.526
15,2:medium,2:medium,,0.526
16,3:low,2:medium,+,0.54
17,2:medium,2:medium,,0.624
18,3:low,3:low,,0.639
19,2:medium,2:medium,,0.709
20,2:medium,3:low,+,0.784
21,2:medium,2:medium,,0.621
22,3:low,2:medium,+,0.671
23,2:medium,2:medium,,0.509
24,3:low,3:low,,0.48
25,2:medium,3:low,+,0.593
26,3:low,2:medium,+,0.557
27,3:low,3:low,,0.57
28,2:medium,3:low,+,0.688
29,2:medium,3:low,+,0.606
30,2:medium,3:low,+,0.694
31,2:medium,1:high,+,0.957
32,2:medium,2:medium,,0.539
33,3:low,3:low,,0.547
34,2:medium,2:medium,,0.504
35,3:low,3:low,,0.55
36,2:medium,2:medium,,0.541
37,3:low,3:low,,0.615
38,3:low,3:low,,0.601
39,1:high,3:low,+,0.411
40,3:low,3:low,,0.561
41,3:low,3:low,,0.542
42,2:medium,3:low,+,0.591
43,1:high,1:high,,0.36
44,2:medium,3:low,+,0.599
45,3:low,3:low,,0.515
46,3:low,3:low,,0.743
47,3:low,3:low,,0.541
48,3:low,3:low,,0.727

