inst#,actual,predicted,error,prediction
1,3:low,2:medium,+,0.494
2,3:low,2:medium,+,0.524
3,2:medium,2:medium,,0.509
4,1:high,2:medium,+,0.457
5,3:low,2:medium,+,0.567
6,3:low,2:medium,+,0.669
7,2:medium,2:medium,,0.524
8,2:medium,2:medium,,0.496
9,3:low,2:medium,+,0.559
10,1:high,2:medium,+,0.517
11,2:medium,2:medium,,0.48
12,3:low,3:low,,0.617
13,3:low,3:low,,0.56
14,2:medium,2:medium,,0.512
15,2:medium,2:medium,,0.6
16,3:low,2:medium,+,0.498
17,2:medium,2:medium,,0.453
18,3:low,3:low,,0.538
19,2:medium,2:medium,,0.574
20,2:medium,3:low,+,0.719
21,2:medium,3:low,+,0.548
22,3:low,3:low,,0.521
23,2:medium,3:low,+,0.54
24,3:low,3:low,,0.627
25,2:medium,3:low,+,0.627
26,3:low,3:low,,0.62
27,3:low,3:low,,0.55
28,2:medium,3:low,+,0.517
29,2:medium,3:low,+,0.495
30,2:medium,3:low,+,0.551
31,2:medium,1:high,+,0.648
32,2:medium,2:medium,,0.536
33,3:low,3:low,,0.601
34,2:medium,2:medium,,0.558
35,3:low,3:low,,0.587
36,2:medium,3:low,+,0.572
37,3:low,3:low,,0.545
38,3:low,3:low,,0.568
39,1:high,2:medium,+,0.434
40,3:low,3:low,,0.512
41,3:low,3:low,,0.604
42,2:medium,3:low,+,0.672
43,1:high,2:medium,+,0.488
44,2:medium,2:medium,,0.497
45,3:low,3:low,,0.52
46,3:low,3:low,,0.653
47,3:low,3:low,,0.591
48,3:low,3:low,,0.517

