inst#,actual,predicted,error,prediction
1,3:low,2:medium,+,0.611
2,3:low,2:medium,+,0.574
3,2:medium,2:medium,,0.741
4,1:high,2:medium,+,0.534
5,3:low,2:medium,+,0.636
6,3:low,2:medium,+,0.671
7,2:medium,2:medium,,0.547
8,2:medium,2:medium,,0.496
9,3:low,2:medium,+,0.631
10,1:high,2:medium,+,0.618
11,2:medium,3:low,+,0.552
12,3:low,3:low,,0.623
13,3:low,3:low,,0.605
14,2:medium,2:medium,,0.492
15,2:medium,2:medium,,0.82
16,3:low,3:low,,0.53
17,2:medium,2:medium,,0.581
18,3:low,3:low,,0.82
19,2:medium,2:medium,,0.471
20,2:medium,3:low,+,0.831
21,2:medium,2:medium,,0.48
22,3:low,2:medium,+,0.507
23,2:medium,2:medium,,0.532
24,3:low,3:low,,0.762
25,2:medium,3:low,+,0.75
26,3:low,3:low,,0.689
27,3:low,3:low,,0.669
28,2:medium,3:low,+,0.735
29,2:medium,3:low,+,0.506
30,2:medium,3:low,+,0.719
31,2:medium,3:low,+,0.434
32,2:medium,3:low,+,0.734
33,3:low,3:low,,0.683
34,2:medium,2:medium,,0.526
35,3:low,3:low,,0.728
36,2:medium,2:medium,,0.528
37,3:low,3:low,,0.736
38,3:low,3:low,,0.662
39,1:high,3:low,+,0.62
40,3:low,3:low,,0.646
41,3:low,3:low,,0.666
42,2:medium,3:low,+,0.839
43,1:high,3:low,+,0.611
44,2:medium,3:low,+,0.66
45,3:low,3:low,,0.599
46,3:low,3:low,,0.728
47,3:low,3:low,,0.701
48,3:low,2:medium,+,0.55

