inst#,actual,predicted,error,prediction
1,3:low,3:low,,0.459
2,3:low,3:low,,0.408
3,2:medium,2:medium,,0.432
4,1:high,2:medium,+,0.496
5,3:low,3:low,,0.454
6,3:low,2:medium,+,0.525
7,2:medium,2:medium,,0.503
8,2:medium,2:medium,,0.517
9,3:low,2:medium,+,0.481
10,1:high,3:low,+,0.434
11,2:medium,3:low,+,0.484
12,3:low,3:low,,0.516
13,3:low,3:low,,0.52
14,2:medium,2:medium,,0.416
15,2:medium,2:medium,,0.517
16,3:low,2:medium,+,0.577
17,2:medium,2:medium,,0.437
18,3:low,3:low,,0.485
19,2:medium,2:medium,,0.474
20,2:medium,3:low,+,0.56
21,2:medium,2:medium,,0.418
22,3:low,3:low,,0.408
23,2:medium,2:medium,,0.435
24,3:low,3:low,,0.531
25,2:medium,3:low,+,0.521
26,3:low,3:low,,0.483
27,3:low,3:low,,0.484
28,2:medium,3:low,+,0.528
29,2:medium,3:low,+,0.488
30,2:medium,3:low,+,0.494
31,2:medium,1:high,+,0.6
32,2:medium,3:low,+,0.58
33,3:low,3:low,,0.513
34,2:medium,3:low,+,0.452
35,3:low,3:low,,0.529
36,2:medium,3:low,+,0.481
37,3:low,3:low,,0.544
38,3:low,3:low,,0.513
39,1:high,2:medium,+,0.416
40,3:low,3:low,,0.533
41,3:low,3:low,,0.529
42,2:medium,3:low,+,0.562
43,1:high,3:low,+,0.498
44,2:medium,3:low,+,0.519
45,3:low,3:low,,0.483
46,3:low,3:low,,0.563
47,3:low,3:low,,0.56
48,3:low,3:low,,0.473

