inst#,actual,predicted,error,prediction
1,3:low,2:medium,+,0.614
2,3:low,2:medium,+,0.607
3,2:medium,2:medium,,0.751
4,1:high,2:medium,+,0.812
5,3:low,2:medium,+,0.677
6,3:low,2:medium,+,0.739
7,2:medium,2:medium,,0.498
8,2:medium,2:medium,,0.495
9,3:low,2:medium,+,0.621
10,1:high,2:medium,+,0.498
11,2:medium,3:low,+,0.582
12,3:low,3:low,,0.682
13,3:low,3:low,,0.655
14,2:medium,2:medium,,0.531
15,2:medium,2:medium,,0.855
16,3:low,3:low,,0.587
17,2:medium,2:medium,,0.844
18,3:low,3:low,,0.802
19,2:medium,2:medium,,0.702
20,2:medium,3:low,+,0.857
21,2:medium,2:medium,,0.755
22,3:low,2:medium,+,0.753
23,2:medium,2:medium,,0.817
24,3:low,3:low,,0.849
25,2:medium,3:low,+,0.883
26,3:low,3:low,,0.697
27,3:low,3:low,,0.742
28,2:medium,3:low,+,0.911
29,2:medium,3:low,+,0.753
30,2:medium,3:low,+,0.753
31,2:medium,2:medium,,0.561
32,2:medium,3:low,+,0.678
33,3:low,3:low,,0.797
34,2:medium,3:low,+,0.571
35,3:low,3:low,,0.772
36,2:medium,3:low,+,0.705
37,3:low,3:low,,0.836
38,3:low,3:low,,0.768
39,1:high,3:low,+,0.893
40,3:low,3:low,,0.779
41,3:low,3:low,,0.823
42,2:medium,3:low,+,0.941
43,1:high,3:low,+,0.748
44,2:medium,3:low,+,0.788
45,3:low,3:low,,0.681
46,3:low,3:low,,0.861
47,3:low,3:low,,0.853
48,3:low,3:low,,0.676

