inst#,actual,predicted,error,prediction
1,3:low,2:medium,+,0.711
2,3:low,2:medium,+,0.758
3,2:medium,2:medium,,0.758
4,1:high,2:medium,+,0.387
5,3:low,2:medium,+,0.582
6,3:low,2:medium,+,0.657
7,2:medium,2:medium,,0.618
8,2:medium,2:medium,,0.609
9,3:low,2:medium,+,0.639
10,1:high,2:medium,+,0.572
11,2:medium,2:medium,,0.61
12,3:low,2:medium,+,0.636
13,3:low,3:low,,0.589
14,2:medium,2:medium,,0.601
15,2:medium,2:medium,,0.695
16,3:low,2:medium,+,0.497
17,2:medium,2:medium,,0.71
18,3:low,3:low,,0.552
19,2:medium,2:medium,,0.555
20,2:medium,3:low,+,0.823
21,2:medium,2:medium,,0.618
22,3:low,2:medium,+,0.636
23,2:medium,2:medium,,0.618
24,3:low,2:medium,+,0.617
25,2:medium,2:medium,,0.617
26,3:low,2:medium,+,0.654
27,3:low,2:medium,+,0.683
28,2:medium,2:medium,,0.619
29,2:medium,2:medium,,0.654
30,2:medium,2:medium,,0.664
31,2:medium,1:high,+,0.86
32,2:medium,2:medium,,0.534
33,3:low,2:medium,+,0.664
34,2:medium,2:medium,,0.58
35,3:low,2:medium,+,0.582
36,2:medium,2:medium,,0.664
37,3:low,2:medium,+,0.526
38,3:low,3:low,,0.683
39,1:high,1:high,,0.426
40,3:low,3:low,,0.515
41,3:low,3:low,,0.524
42,2:medium,3:low,+,0.663
43,1:high,3:low,+,0.385
44,2:medium,2:medium,,0.517
45,3:low,3:low,,0.49
46,3:low,2:medium,+,0.59
47,3:low,2:medium,+,0.625
48,3:low,3:low,,0.485

