inst#,actual,predicted,error,prediction
1,3:low,3:low,,0.593
2,3:low,3:low,,0.553
3,2:medium,3:low,+,0.501
4,1:high,2:medium,+,0.589
5,3:low,3:low,,0.582
6,3:low,2:medium,+,0.641
7,2:medium,2:medium,,0.569
8,2:medium,2:medium,,0.632
9,3:low,2:medium,+,0.664
10,1:high,2:medium,+,0.576
11,2:medium,3:low,+,0.682
12,3:low,3:low,,0.796
13,3:low,3:low,,0.737
14,2:medium,2:medium,,0.64
15,2:medium,2:medium,,0.778
16,3:low,2:medium,+,0.762
17,2:medium,2:medium,,0.517
18,3:low,3:low,,0.794
19,2:medium,2:medium,,0.633
20,2:medium,3:low,+,0.942
21,2:medium,3:low,+,0.603
22,3:low,3:low,,0.669
23,2:medium,3:low,+,0.556
24,3:low,3:low,,0.881
25,2:medium,3:low,+,0.83
26,3:low,3:low,,0.732
27,3:low,3:low,,0.768
28,2:medium,3:low,+,0.869
29,2:medium,3:low,+,0.783
30,2:medium,3:low,+,0.74
31,2:medium,1:high,+,0.973
32,2:medium,3:low,+,0.922
33,3:low,3:low,,0.82
34,2:medium,3:low,+,0.584
35,3:low,3:low,,0.877
36,2:medium,3:low,+,0.776
37,3:low,3:low,,0.881
38,3:low,3:low,,0.842
39,1:high,3:low,+,0.863
40,3:low,3:low,,0.777
41,3:low,3:low,,0.842
42,2:medium,3:low,+,0.867
43,1:high,3:low,+,0.698
44,2:medium,3:low,+,0.76
45,3:low,3:low,,0.683
46,3:low,3:low,,0.869
47,3:low,3:low,,0.867
48,3:low,3:low,,0.701

