inst#,actual,predicted,error,prediction
1,3:low,2:medium,+,0.49
2,3:low,2:medium,+,0.502
3,2:medium,2:medium,,0.703
4,1:high,2:medium,+,0.608
5,3:low,2:medium,+,0.62
6,3:low,2:medium,+,0.603
7,2:medium,3:low,+,0.578
8,2:medium,3:low,+,0.561
9,3:low,3:low,,0.468
10,1:high,2:medium,+,0.529
11,2:medium,3:low,+,0.599
12,3:low,3:low,,0.544
13,3:low,3:low,,0.556
14,2:medium,3:low,+,0.538
15,2:medium,2:medium,,0.568
16,3:low,2:medium,+,0.516
17,2:medium,2:medium,,0.559
18,3:low,3:low,,0.556
19,2:medium,2:medium,,0.647
20,2:medium,3:low,+,0.745
21,2:medium,2:medium,,0.685
22,3:low,2:medium,+,0.592
23,2:medium,2:medium,,0.693
24,3:low,3:low,,0.63
25,2:medium,3:low,+,0.66
26,3:low,3:low,,0.599
27,3:low,2:medium,+,0.507
28,2:medium,3:low,+,0.619
29,2:medium,2:medium,,0.476
30,2:medium,3:low,+,0.526
31,2:medium,1:high,+,0.708
32,2:medium,3:low,+,0.543
33,3:low,3:low,,0.547
34,2:medium,2:medium,,0.603
35,3:low,3:low,,0.61
36,2:medium,3:low,+,0.629
37,3:low,3:low,,0.642
38,3:low,3:low,,0.567
39,1:high,2:medium,+,0.578
40,3:low,3:low,,0.61
41,3:low,3:low,,0.7
42,2:medium,3:low,+,0.652
43,1:high,3:low,+,0.611
44,2:medium,3:low,+,0.638
45,3:low,3:low,,0.571
46,3:low,3:low,,0.729
47,3:low,3:low,,0.779
48,3:low,3:low,,0.617

