inst#,actual,predicted,error,prediction
1,3:low,2:medium,+,0.503
2,3:low,2:medium,+,0.512
3,2:medium,2:medium,,0.649
4,1:high,1:high,,0.483
5,3:low,2:medium,+,0.518
6,3:low,2:medium,+,0.622
7,2:medium,3:low,+,0.498
8,2:medium,2:medium,,0.541
9,3:low,2:medium,+,0.613
10,1:high,2:medium,+,0.591
11,2:medium,3:low,+,0.539
12,3:low,3:low,,0.49
13,3:low,3:low,,0.532
14,2:medium,2:medium,,0.517
15,2:medium,2:medium,,0.662
16,3:low,2:medium,+,0.614
17,2:medium,2:medium,,0.643
18,3:low,3:low,,0.578
19,2:medium,2:medium,,0.632
20,2:medium,3:low,+,0.673
21,2:medium,2:medium,,0.538
22,3:low,2:medium,+,0.505
23,2:medium,2:medium,,0.547
24,3:low,2:medium,+,0.503
25,2:medium,2:medium,,0.444
26,3:low,2:medium,+,0.486
27,3:low,2:medium,+,0.519
28,2:medium,3:low,+,0.477
29,2:medium,3:low,+,0.463
30,2:medium,2:medium,,0.452
31,2:medium,2:medium,,0.527
32,2:medium,2:medium,,0.489
33,3:low,2:medium,+,0.549
34,2:medium,2:medium,,0.675
35,3:low,3:low,,0.57
36,2:medium,2:medium,,0.606
37,3:low,3:low,,0.536
38,3:low,3:low,,0.511
39,1:high,3:low,+,0.409
40,3:low,3:low,,0.521
41,3:low,2:medium,+,0.441
42,2:medium,3:low,+,0.542
43,1:high,2:medium,+,0.568
44,2:medium,3:low,+,0.498
45,3:low,2:medium,+,0.499
46,3:low,2:medium,+,0.501
47,3:low,2:medium,+,0.509
48,3:low,2:medium,+,0.511

