inst#,actual,predicted,error,prediction
1,3:low,2:medium,+,1
2,3:low,3:low,,1
3,2:medium,2:medium,,1
4,1:high,3:low,+,1
5,3:low,2:medium,+,0.635
6,3:low,2:medium,+,1
7,2:medium,2:medium,,0.999
8,2:medium,2:medium,,1
9,3:low,2:medium,+,1
10,1:high,2:medium,+,1
11,2:medium,3:low,+,1
12,3:low,2:medium,+,0.988
13,3:low,3:low,,0.955
14,2:medium,2:medium,,1
15,2:medium,2:medium,,1
16,3:low,2:medium,+,1
17,2:medium,2:medium,,0.539
18,3:low,3:low,,1
19,2:medium,2:medium,,1
20,2:medium,3:low,+,0.984
21,2:medium,2:medium,,1
22,3:low,2:medium,+,1
23,2:medium,2:medium,,1
24,3:low,2:medium,+,0.998
25,2:medium,2:medium,,0.853
26,3:low,2:medium,+,1
27,3:low,2:medium,+,0.653
28,2:medium,2:medium,,0.997
29,2:medium,2:medium,,0.916
30,2:medium,2:medium,,0.999
31,2:medium,1:high,+,1
32,2:medium,2:medium,,1
33,3:low,2:medium,+,1
34,2:medium,3:low,+,0.629
35,3:low,2:medium,+,1
36,2:medium,2:medium,,1
37,3:low,2:medium,+,1
38,3:low,3:low,,0.515
39,1:high,2:medium,+,1
40,3:low,2:medium,+,1
41,3:low,2:medium,+,1
42,2:medium,3:low,+,1
43,1:high,2:medium,+,0.709
44,2:medium,2:medium,,1
45,3:low,2:medium,+,1
46,3:low,2:medium,+,1
47,3:low,2:medium,+,1
48,3:low,2:medium,+,1

