inst#,actual,predicted,error,prediction
1,3:low,2:medium,+,0.677
2,3:low,2:medium,+,0.591
3,2:medium,2:medium,,0.537
4,1:high,1:high,,0.603
5,3:low,2:medium,+,0.677
6,3:low,2:medium,+,0.679
7,2:medium,2:medium,,0.706
8,2:medium,2:medium,,0.621
9,3:low,2:medium,+,0.592
10,1:high,2:medium,+,0.462
11,2:medium,3:low,+,0.517
12,3:low,3:low,,0.605
13,3:low,3:low,,0.557
14,2:medium,2:medium,,0.51
15,2:medium,2:medium,,0.482
16,3:low,2:medium,+,0.525
17,2:medium,2:medium,,0.454
18,3:low,3:low,,0.559
19,2:medium,2:medium,,0.567
20,2:medium,3:low,+,0.824
21,2:medium,3:low,+,0.436
22,3:low,3:low,,0.465
23,2:medium,3:low,+,0.522
24,3:low,3:low,,0.646
25,2:medium,3:low,+,0.643
26,3:low,2:medium,+,0.594
27,3:low,2:medium,+,0.509
28,2:medium,3:low,+,0.558
29,2:medium,3:low,+,0.467
30,2:medium,3:low,+,0.766
31,2:medium,1:high,+,0.908
32,2:medium,2:medium,,0.705
33,3:low,3:low,,0.674
34,2:medium,2:medium,,0.455
35,3:low,3:low,,0.735
36,2:medium,3:low,+,0.528
37,3:low,3:low,,0.735
38,3:low,3:low,,0.646
39,1:high,2:medium,+,0.422
40,3:low,3:low,,0.559
41,3:low,3:low,,0.588
42,2:medium,3:low,+,0.678
43,1:high,2:medium,+,0.357
44,2:medium,3:low,+,0.503
45,3:low,2:medium,+,0.466
46,3:low,3:low,,0.734
47,3:low,3:low,,0.646
48,3:low,3:low,,0.478

