inst#,actual,predicted,error,prediction
1,3:low,2:medium,+,0.615
2,3:low,2:medium,+,0.769
3,2:medium,2:medium,,0.692
4,1:high,1:high,,0.462
5,3:low,2:medium,+,0.692
6,3:low,2:medium,+,0.538
7,2:medium,2:medium,,0.654
8,2:medium,2:medium,,0.654
9,3:low,2:medium,+,0.615
10,1:high,2:medium,+,0.615
11,2:medium,2:medium,,0.577
12,3:low,3:low,,0.462
13,3:low,2:medium,+,0.423
14,2:medium,2:medium,,0.654
15,2:medium,2:medium,,0.538
16,3:low,2:medium,+,0.615
17,2:medium,1:high,+,0.462
18,3:low,2:medium,+,0.577
19,2:medium,2:medium,,0.577
20,2:medium,3:low,+,0.538
21,2:medium,2:medium,,0.538
22,3:low,2:medium,+,0.538
23,2:medium,2:medium,,0.423
24,3:low,3:low,,0.423
25,2:medium,2:medium,,0.423
26,3:low,2:medium,+,0.615
27,3:low,2:medium,+,0.615
28,2:medium,3:low,+,0.462
29,2:medium,2:medium,,0.5
30,2:medium,2:medium,,0.462
31,2:medium,1:high,+,0.846
32,2:medium,2:medium,,0.577
33,3:low,3:low,,0.538
34,2:medium,2:medium,,0.5
35,3:low,3:low,,0.577
36,2:medium,3:low,+,0.423
37,3:low,3:low,,0.577
38,3:low,3:low,,0.538
39,1:high,3:low,+,0.5
40,3:low,2:medium,+,0.5
41,3:low,3:low,,0.654
42,2:medium,3:low,+,0.577
43,1:high,2:medium,+,0.423
44,2:medium,3:low,+,0.423
45,3:low,3:low,,0.423
46,3:low,3:low,,0.692
47,3:low,3:low,,0.654
48,3:low,3:low,,0.5

