inst#,actual,predicted,error,prediction
1,3:low,3:low,,0.651
2,3:low,3:low,,0.658
3,2:medium,3:low,+,0.599
4,1:high,3:low,+,0.586
5,3:low,3:low,,0.656
6,3:low,3:low,,0.622
7,2:medium,3:low,+,0.685
8,2:medium,3:low,+,0.687
9,3:low,3:low,,0.657
10,1:high,3:low,+,0.639
11,2:medium,3:low,+,0.78
12,3:low,3:low,,0.833
13,3:low,3:low,,0.824
14,2:medium,3:low,+,0.676
15,2:medium,2:medium,,0.733
16,3:low,2:medium,+,0.522
17,2:medium,2:medium,,0.586
18,3:low,3:low,,0.686
19,2:medium,2:medium,,0.723
20,2:medium,3:low,+,0.901
21,2:medium,3:low,+,0.499
22,3:low,3:low,,0.61
23,2:medium,2:medium,,0.535
24,3:low,3:low,,0.834
25,2:medium,3:low,+,0.769
26,3:low,3:low,,0.781
27,3:low,3:low,,0.707
28,2:medium,3:low,+,0.813
29,2:medium,3:low,+,0.691
30,2:medium,3:low,+,0.719
31,2:medium,1:high,+,0.873
32,2:medium,3:low,+,0.92
33,3:low,3:low,,0.76
34,2:medium,3:low,+,0.672
35,3:low,3:low,,0.841
36,2:medium,3:low,+,0.713
37,3:low,3:low,,0.873
38,3:low,3:low,,0.77
39,1:high,2:medium,+,0.517
40,3:low,3:low,,0.838
41,3:low,3:low,,0.825
42,2:medium,3:low,+,0.923
43,1:high,3:low,+,0.751
44,2:medium,3:low,+,0.813
45,3:low,3:low,,0.781
46,3:low,3:low,,0.921
47,3:low,3:low,,0.914
48,3:low,3:low,,0.715

