inst#,actual,predicted,error,prediction
1,3:low,2:medium,+,0.688
2,3:low,2:medium,+,0.625
3,2:medium,2:medium,,0.625
4,1:high,2:medium,+,0.5
5,3:low,2:medium,+,0.563
6,3:low,2:medium,+,0.688
7,2:medium,2:medium,,0.563
8,2:medium,2:medium,,0.625
9,3:low,2:medium,+,0.625
10,1:high,2:medium,+,0.625
11,2:medium,2:medium,,0.625
12,3:low,2:medium,+,0.625
13,3:low,2:medium,+,0.625
14,2:medium,2:medium,,0.813
15,2:medium,2:medium,,0.688
16,3:low,2:medium,+,0.563
17,2:medium,2:medium,,0.563
18,3:low,2:medium,+,0.5
19,2:medium,2:medium,,0.563
20,2:medium,2:medium,,0.5
21,2:medium,2:medium,,0.5
22,3:low,3:low,,0.438
23,2:medium,2:medium,,0.438
24,3:low,2:medium,+,0.625
25,2:medium,2:medium,,0.625
26,3:low,2:medium,+,0.688
27,3:low,2:medium,+,0.625
28,2:medium,2:medium,,0.625
29,2:medium,2:medium,,0.563
30,2:medium,2:medium,,0.563
31,2:medium,1:high,+,0.813
32,2:medium,3:low,+,0.625
33,3:low,2:medium,+,0.5
34,2:medium,2:medium,,0.438
35,3:low,3:low,,0.5
36,2:medium,3:low,+,0.5
37,3:low,2:medium,+,0.5
38,3:low,2:medium,+,0.625
39,1:high,2:medium,+,0.438
40,3:low,2:medium,+,0.563
41,3:low,2:medium,+,0.563
42,2:medium,3:low,+,0.563
43,1:high,2:medium,+,0.563
44,2:medium,2:medium,,0.5
45,3:low,2:medium,+,0.563
46,3:low,3:low,,0.625
47,3:low,2:medium,+,0.563
48,3:low,2:medium,+,0.625

