inst#,actual,predicted,error,prediction
1,3:low,2:medium,+,0.558
2,3:low,2:medium,+,0.559
3,2:medium,2:medium,,0.641
4,1:high,1:high,,0.442
5,3:low,3:low,,0.509
6,3:low,2:medium,+,0.542
7,2:medium,3:low,+,0.584
8,2:medium,3:low,+,0.572
9,3:low,2:medium,+,0.621
10,1:high,3:low,+,0.417
11,2:medium,3:low,+,0.752
12,3:low,3:low,,0.68
13,3:low,3:low,,0.607
14,2:medium,2:medium,,0.532
15,2:medium,2:medium,,0.632
16,3:low,3:low,,0.601
17,2:medium,2:medium,,0.485
18,3:low,3:low,,0.778
19,2:medium,2:medium,,0.51
20,2:medium,3:low,+,0.738
21,2:medium,2:medium,,0.5
22,3:low,2:medium,+,0.579
23,2:medium,2:medium,,0.781
24,3:low,3:low,,0.668
25,2:medium,3:low,+,0.879
26,3:low,3:low,,0.736
27,3:low,3:low,,0.686
28,2:medium,3:low,+,0.611
29,2:medium,3:low,+,0.622
30,2:medium,3:low,+,0.735
31,2:medium,1:high,+,0.757
32,2:medium,3:low,+,0.602
33,3:low,3:low,,0.679
34,2:medium,2:medium,,0.478
35,3:low,3:low,,0.831
36,2:medium,3:low,+,0.651
37,3:low,3:low,,0.674
38,3:low,3:low,,0.825
39,1:high,3:low,+,0.43
40,3:low,3:low,,0.681
41,3:low,3:low,,0.71
42,2:medium,3:low,+,0.511
43,1:high,1:high,,0.438
44,2:medium,3:low,+,0.597
45,3:low,3:low,,0.672
46,3:low,3:low,,0.614
47,3:low,3:low,,0.547
48,3:low,3:low,,0.606

