inst#,actual,predicted,error,prediction
1,3:low,2:medium,+,0.612
2,3:low,2:medium,+,0.98
3,2:medium,2:medium,,1
4,1:high,2:medium,+,1
5,3:low,2:medium,+,0.765
6,3:low,2:medium,+,0.99
7,2:medium,2:medium,,0.723
8,2:medium,2:medium,,0.999
9,3:low,2:medium,+,0.613
10,1:high,2:medium,+,0.988
11,2:medium,3:low,+,0.999
12,3:low,3:low,,0.91
13,3:low,2:medium,+,0.567
14,2:medium,2:medium,,0.959
15,2:medium,2:medium,,1
16,3:low,2:medium,+,0.995
17,2:medium,2:medium,,0.993
18,3:low,3:low,,0.999
19,2:medium,2:medium,,1
20,2:medium,3:low,+,0.991
21,2:medium,2:medium,,0.999
22,3:low,2:medium,+,0.976
23,2:medium,2:medium,,1
24,3:low,3:low,,0.822
25,2:medium,3:low,+,0.566
26,3:low,2:medium,+,0.647
27,3:low,3:low,,0.87
28,2:medium,3:low,+,0.722
29,2:medium,2:medium,,0.637
30,2:medium,3:low,+,0.524
31,2:medium,1:high,+,1
32,2:medium,2:medium,,0.938
33,3:low,3:low,,0.64
34,2:medium,2:medium,,0.991
35,3:low,3:low,,0.994
36,2:medium,3:low,+,0.748
37,3:low,3:low,,0.999
38,3:low,3:low,,0.999
39,1:high,2:medium,+,0.622
40,3:low,3:low,,0.879
41,3:low,3:low,,0.835
42,2:medium,3:low,+,0.71
43,1:high,2:medium,+,0.999
44,2:medium,2:medium,,0.817
45,3:low,2:medium,+,0.935
46,3:low,2:medium,+,0.604
47,3:low,2:medium,+,0.862
48,3:low,2:medium,+,0.79

