inst#,actual,predicted,error,distribution,,
1,1:low,1:low,,*1,0,0
2,1:low,1:low,,*1,0,0
3,1:low,1:low,,*1,0,0
4,1:low,3:high,+,0,0,*1
5,1:low,3:high,+,0,0,*1
6,1:low,3:high,+,0,0,*1
7,1:low,3:high,+,0,0,*1
8,1:low,3:high,+,0,0,*1
9,1:low,3:high,+,0,0,*1
10,1:low,3:high,+,0,0,*1
11,1:low,3:high,+,0,0,*1
12,1:low,3:high,+,0,0,*1
13,1:low,1:low,,*1,0,0
14,1:low,1:low,,*1,0,0
15,1:low,1:low,,*1,0,0
16,1:low,1:low,,*1,0,0
17,1:low,1:low,,*1,0,0
18,1:low,1:low,,*1,0,0
19,1:low,1:low,,*1,0,0
20,1:low,1:low,,*1,0,0
21,1:low,1:low,,*1,0,0
22,1:low,1:low,,*1,0,0
23,1:low,1:low,,*1,0,0
24,1:low,1:low,,*1,0,0
25,1:low,1:low,,*1,0,0
26,1:low,1:low,,*1,0,0
27,1:low,1:low,,*1,0,0
28,1:low,1:low,,*1,0,0
29,1:low,1:low,,*1,0,0
30,1:low,1:low,,*1,0,0
31,1:low,1:low,,*1,0,0
32,1:low,1:low,,*1,0,0
33,1:low,1:low,,*1,0,0
34,1:low,1:low,,*1,0,0
35,1:low,1:low,,*1,0,0
36,1:low,1:low,,*1,0,0
37,1:low,1:low,,*1,0,0
38,1:low,1:low,,*1,0,0
39,1:low,2:medium,+,0,*1,0
40,1:low,2:medium,+,0,*1,0
41,1:low,2:medium,+,0,*1,0
42,1:low,1:low,,*0.973,0.027,0
43,1:low,1:low,,*1,0,0
44,1:low,1:low,,*1,0,0
45,1:low,1:low,,*1,0,0
46,1:low,1:low,,*1,0,0
47,1:low,1:low,,*1,0,0
48,1:low,1:low,,*1,0,0
49,1:low,1:low,,*1,0,0
50,1:low,1:low,,*1,0,0
51,1:low,1:low,,*1,0,0
52,1:low,1:low,,*1,0,0
53,1:low,1:low,,*1,0,0
54,1:low,1:low,,*1,0,0
55,1:low,1:low,,*1,0,0
56,1:low,1:low,,*1,0,0
57,1:low,1:low,,*1,0,0
58,1:low,1:low,,*1,0,0
59,1:low,1:low,,*1,0,0
60,1:low,1:low,,*1,0,0
61,1:low,1:low,,*1,0,0
62,1:low,1:low,,*1,0,0
63,1:low,1:low,,*1,0,0
64,1:low,1:low,,*1,0,0
65,1:low,1:low,,*1,0,0
66,1:low,1:low,,*1,0,0
67,1:low,1:low,,*1,0,0
68,1:low,1:low,,*1,0,0
69,1:low,1:low,,*1,0,0
70,1:low,1:low,,*0.997,0.003,0
71,1:low,1:low,,*1,0,0
72,1:low,1:low,,*1,0,0
73,1:low,1:low,,*1,0,0
74,1:low,1:low,,*1,0,0
75,1:low,1:low,,*1,0,0
76,1:low,1:low,,*1,0,0
77,1:low,1:low,,*1,0,0
78,1:low,1:low,,*1,0,0
79,1:low,1:low,,*1,0,0
80,1:low,1:low,,*1,0,0
81,1:low,1:low,,*1,0,0
82,1:low,1:low,,*1,0,0
83,1:low,1:low,,*1,0,0
84,1:low,1:low,,*1,0,0
85,1:low,1:low,,*1,0,0
86,1:low,1:low,,*1,0,0
87,1:low,1:low,,*1,0,0
88,1:low,1:low,,*1,0,0
89,1:low,1:low,,*1,0,0
90,1:low,1:low,,*1,0,0
91,1:low,1:low,,*1,0,0
92,1:low,1:low,,*1,0,0
93,1:low,1:low,,*1,0,0
94,1:low,1:low,,*1,0,0
95,1:low,1:low,,*1,0,0
96,1:low,1:low,,*1,0,0
97,1:low,1:low,,*1,0,0
98,1:low,1:low,,*1,0,0
99,1:low,2:medium,+,0.109,*0.891,0
100,1:low,1:low,,*1,0,0
101,1:low,1:low,,*1,0,0
102,1:low,1:low,,*1,0,0
103,1:low,1:low,,*1,0,0
104,1:low,1:low,,*1,0,0
105,1:low,1:low,,*1,0,0
106,1:low,1:low,,*1,0,0
107,1:low,1:low,,*1,0,0
108,1:low,1:low,,*1,0,0
109,1:low,1:low,,*1,0,0
110,2:medium,1:low,+,*1,0,0
111,1:low,1:low,,*1,0,0
112,1:low,1:low,,*1,0,0
113,1:low,1:low,,*1,0,0
114,1:low,1:low,,*1,0,0
115,1:low,1:low,,*1,0,0
116,1:low,1:low,,*1,0,0
117,2:medium,1:low,+,*1,0,0
118,1:low,1:low,,*1,0,0
119,2:medium,1:low,+,*1,0,0
120,2:medium,1:low,+,*1,0,0
121,2:medium,1:low,+,*1,0,0
122,2:medium,1:low,+,*1,0,0
123,2:medium,1:low,+,*1,0,0
124,2:medium,1:low,+,*1,0,0
125,2:medium,1:low,+,*1,0,0
126,2:medium,1:low,+,*1,0,0
127,2:medium,1:low,+,*1,0,0
128,2:medium,1:low,+,*1,0,0
129,2:medium,1:low,+,*1,0,0
130,2:medium,1:low,+,*1,0,0
131,2:medium,1:low,+,*1,0,0
132,2:medium,1:low,+,*1,0,0
133,2:medium,1:low,+,*1,0,0
134,2:medium,1:low,+,*1,0,0
135,2:medium,1:low,+,*1,0,0
136,2:medium,1:low,+,*1,0,0
137,2:medium,1:low,+,*1,0,0
138,2:medium,1:low,+,*1,0,0
139,2:medium,1:low,+,*1,0,0
140,2:medium,1:low,+,*1,0,0
141,2:medium,1:low,+,*1,0,0
142,2:medium,1:low,+,*1,0,0
143,2:medium,1:low,+,*1,0,0
144,2:medium,1:low,+,*0.999,0.001,0
145,2:medium,1:low,+,*0.999,0.001,0
146,2:medium,2:medium,,0,*1,0
147,2:medium,2:medium,,0,*1,0
148,2:medium,2:medium,,0,*1,0
149,2:medium,2:medium,,0,*1,0
150,2:medium,2:medium,,0,*1,0
151,2:medium,2:medium,,0,*1,0
152,2:medium,2:medium,,0,*1,0
153,2:medium,2:medium,,0,*1,0
154,2:medium,2:medium,,0,*1,0
155,2:medium,2:medium,,0,*1,0
156,2:medium,2:medium,,0,*1,0
157,2:medium,2:medium,,0,*1,0
158,2:medium,2:medium,,0,*1,0
159,2:medium,2:medium,,0,*1,0
160,2:medium,2:medium,,0,*1,0
161,2:medium,2:medium,,0.043,*0.957,0
162,2:medium,2:medium,,0,*1,0
163,2:medium,2:medium,,0.109,*0.891,0
164,2:medium,2:medium,,0.109,*0.891,0
165,2:medium,2:medium,,0.109,*0.891,0
166,2:medium,2:medium,,0.109,*0.891,0
167,2:medium,2:medium,,0.109,*0.891,0
168,2:medium,2:medium,,0.109,*0.891,0
169,2:medium,2:medium,,0.109,*0.891,0
170,2:medium,2:medium,,0.109,*0.891,0
171,2:medium,2:medium,,0.109,*0.891,0
172,2:medium,2:medium,,0,*1,0
173,2:medium,2:medium,,0,*1,0
174,2:medium,2:medium,,0,*1,0
175,2:medium,2:medium,,0,*1,0
176,2:medium,2:medium,,0,*1,0
