inst#,actual,predicted,error,prediction
1,2:medium,2:medium,,0.602
2,2:medium,2:medium,,0.451
3,2:medium,2:medium,,0.377
4,3:low,2:medium,+,0.395
5,2:medium,2:medium,,0.519
6,2:medium,2:medium,,0.749
7,2:medium,2:medium,,0.7
8,3:low,2:medium,+,0.767
9,2:medium,2:medium,,0.565
10,2:medium,2:medium,,0.609
11,2:medium,2:medium,,0.601
12,2:medium,2:medium,,0.62
13,2:medium,3:low,+,0.414
14,2:medium,1:high,+,0.366
15,2:medium,3:low,+,0.355
16,2:medium,1:high,+,0.397
17,2:medium,1:high,+,0.391
18,2:medium,1:high,+,0.454
19,3:low,2:medium,+,0.585
20,2:medium,2:medium,,0.628
21,3:low,2:medium,+,0.578
22,3:low,2:medium,+,0.674
23,3:low,2:medium,+,0.61
24,3:low,2:medium,+,0.717
25,3:low,2:medium,+,0.662
26,2:medium,2:medium,,0.53
27,2:medium,2:medium,,0.511
28,3:low,2:medium,+,0.589
29,3:low,2:medium,+,0.517
30,2:medium,2:medium,,0.502
31,2:medium,2:medium,,0.736
32,2:medium,2:medium,,0.809
33,1:high,1:high,,0.613
34,1:high,1:high,,0.826
35,1:high,1:high,,0.782
36,1:high,1:high,,0.944
37,1:high,1:high,,0.898
38,1:high,1:high,,0.778
39,1:high,1:high,,0.847
40,1:high,1:high,,0.851
41,1:high,1:high,,0.805
42,1:high,1:high,,0.894
43,1:high,1:high,,0.871
44,1:high,1:high,,0.847
45,1:high,1:high,,0.865
46,1:high,1:high,,0.871
47,1:high,1:high,,0.967
48,1:high,1:high,,0.989

