inst#,actual,predicted,error,prediction
1,2:medium,2:medium,,0.625
2,2:medium,2:medium,,0.5
3,2:medium,2:medium,,0.5
4,3:low,2:medium,+,0.688
5,2:medium,2:medium,,0.625
6,2:medium,2:medium,,0.563
7,2:medium,2:medium,,0.688
8,3:low,2:medium,+,0.813
9,2:medium,2:medium,,0.625
10,2:medium,2:medium,,0.563
11,2:medium,2:medium,,0.625
12,2:medium,2:medium,,0.563
13,2:medium,2:medium,,0.563
14,2:medium,2:medium,,0.563
15,2:medium,3:low,+,0.563
16,2:medium,3:low,+,0.5
17,2:medium,2:medium,,0.438
18,2:medium,2:medium,,0.563
19,3:low,2:medium,+,0.688
20,2:medium,2:medium,,0.563
21,3:low,2:medium,+,0.688
22,3:low,2:medium,+,0.813
23,3:low,2:medium,+,0.813
24,3:low,2:medium,+,0.688
25,3:low,2:medium,+,0.875
26,2:medium,2:medium,,0.5
27,2:medium,2:medium,,0.563
28,3:low,2:medium,+,0.563
29,3:low,2:medium,+,0.625
30,2:medium,2:medium,,0.625
31,2:medium,2:medium,,0.75
32,2:medium,2:medium,,0.625
33,1:high,1:high,,0.625
34,1:high,1:high,,0.688
35,1:high,1:high,,0.563
36,1:high,1:high,,0.813
37,1:high,1:high,,0.875
38,1:high,1:high,,0.938
39,1:high,1:high,,0.75
40,1:high,1:high,,0.75
41,1:high,1:high,,0.688
42,1:high,1:high,,0.75
43,1:high,1:high,,0.688
44,1:high,1:high,,0.75
45,1:high,1:high,,0.75
46,1:high,1:high,,0.813
47,1:high,1:high,,0.813
48,1:high,1:high,,0.938

