inst#,actual,predicted,error,prediction
1,2:medium,2:medium,,0.783
2,2:medium,2:medium,,0.809
3,2:medium,2:medium,,0.705
4,3:low,2:medium,+,0.757
5,2:medium,2:medium,,0.809
6,2:medium,2:medium,,0.626
7,2:medium,2:medium,,0.705
8,3:low,2:medium,+,0.548
9,2:medium,2:medium,,0.481
10,2:medium,3:low,+,0.467
11,2:medium,2:medium,,0.496
12,2:medium,2:medium,,0.471
13,2:medium,2:medium,,0.47
14,2:medium,2:medium,,0.507
15,2:medium,3:low,+,0.559
16,2:medium,3:low,+,0.532
17,2:medium,2:medium,,0.523
18,2:medium,2:medium,,0.586
19,3:low,2:medium,+,0.627
20,2:medium,2:medium,,0.68
21,3:low,2:medium,+,0.732
22,3:low,2:medium,+,0.757
23,3:low,2:medium,+,0.81
24,3:low,2:medium,+,0.81
25,3:low,2:medium,+,0.783
26,2:medium,1:high,+,0.467
27,2:medium,1:high,+,0.547
28,3:low,2:medium,+,0.627
29,3:low,2:medium,+,0.601
30,2:medium,2:medium,,0.653
31,2:medium,2:medium,,0.784
32,2:medium,2:medium,,0.522
33,1:high,1:high,,0.6
34,1:high,1:high,,0.733
35,1:high,1:high,,0.813
36,1:high,1:high,,0.813
37,1:high,1:high,,0.893
38,1:high,1:high,,0.919
39,1:high,1:high,,0.707
40,1:high,1:high,,0.787
41,1:high,1:high,,0.734
42,1:high,1:high,,0.787
43,1:high,1:high,,0.732
44,1:high,1:high,,0.653
45,1:high,1:high,,0.733
46,1:high,1:high,,0.759
47,1:high,1:high,,0.652
48,1:high,1:high,,0.705

