inst#,actual,predicted,error,prediction
1,2:medium,2:medium,,0.74
2,2:medium,2:medium,,0.704
3,2:medium,2:medium,,0.759
4,3:low,2:medium,+,0.698
5,2:medium,2:medium,,0.77
6,2:medium,2:medium,,0.804
7,2:medium,2:medium,,0.698
8,3:low,2:medium,+,0.73
9,2:medium,2:medium,,0.738
10,2:medium,2:medium,,0.662
11,2:medium,2:medium,,0.7
12,2:medium,2:medium,,0.536
13,2:medium,2:medium,,0.656
14,2:medium,2:medium,,0.708
15,2:medium,2:medium,,0.576
16,2:medium,2:medium,,0.617
17,2:medium,2:medium,,0.636
18,2:medium,2:medium,,0.718
19,3:low,2:medium,+,0.676
20,2:medium,2:medium,,0.635
21,3:low,2:medium,+,0.65
22,3:low,2:medium,+,0.676
23,3:low,2:medium,+,0.74
24,3:low,2:medium,+,0.733
25,3:low,2:medium,+,0.666
26,2:medium,2:medium,,0.486
27,2:medium,2:medium,,0.468
28,3:low,2:medium,+,0.649
29,3:low,2:medium,+,0.63
30,2:medium,2:medium,,0.672
31,2:medium,2:medium,,0.691
32,2:medium,2:medium,,0.591
33,1:high,1:high,,0.744
34,1:high,1:high,,0.958
35,1:high,1:high,,0.938
36,1:high,1:high,,0.978
37,1:high,1:high,,0.981
38,1:high,1:high,,0.97
39,1:high,1:high,,0.969
40,1:high,1:high,,0.951
41,1:high,1:high,,0.961
42,1:high,1:high,,0.958
43,1:high,1:high,,0.809
44,1:high,1:high,,0.798
45,1:high,1:high,,0.818
46,1:high,1:high,,0.831
47,1:high,1:high,,0.787
48,1:high,1:high,,0.861

