inst#,actual,predicted,error,prediction
1,2:medium,2:medium,,0.862
2,2:medium,2:medium,,0.746
3,2:medium,2:medium,,0.861
4,3:low,3:low,,0.588
5,2:medium,2:medium,,0.874
6,2:medium,2:medium,,0.976
7,2:medium,2:medium,,0.874
8,3:low,2:medium,+,0.961
9,2:medium,2:medium,,0.978
10,2:medium,2:medium,,0.935
11,2:medium,2:medium,,0.974
12,2:medium,2:medium,,0.832
13,2:medium,2:medium,,0.688
14,2:medium,2:medium,,0.843
15,2:medium,3:low,+,0.67
16,2:medium,3:low,+,0.614
17,2:medium,2:medium,,0.766
18,2:medium,2:medium,,0.79
19,3:low,2:medium,+,0.808
20,2:medium,2:medium,,0.727
21,3:low,2:medium,+,0.689
22,3:low,2:medium,+,0.69
23,3:low,2:medium,+,0.768
24,3:low,2:medium,+,0.78
25,3:low,2:medium,+,0.807
26,2:medium,2:medium,,0.543
27,2:medium,2:medium,,0.672
28,3:low,2:medium,+,0.701
29,3:low,2:medium,+,0.7
30,2:medium,2:medium,,0.58
31,2:medium,2:medium,,0.824
32,2:medium,2:medium,,0.692
33,1:high,2:medium,+,0.758
34,1:high,2:medium,+,0.732
35,1:high,2:medium,+,0.617
36,1:high,1:high,,0.724
37,1:high,1:high,,0.891
38,1:high,1:high,,0.93
39,1:high,1:high,,0.995
40,1:high,1:high,,0.996
41,1:high,1:high,,0.997
42,1:high,1:high,,0.99
43,1:high,1:high,,0.98
44,1:high,1:high,,0.963
45,1:high,1:high,,0.985
46,1:high,1:high,,0.991
47,1:high,1:high,,0.991
48,1:high,1:high,,0.985

