inst#,actual,predicted,error,prediction
1,2:medium,2:medium,,0.77
2,2:medium,2:medium,,0.893
3,2:medium,2:medium,,0.751
4,3:low,2:medium,+,0.628
5,2:medium,2:medium,,0.784
6,2:medium,2:medium,,0.644
7,2:medium,2:medium,,0.585
8,3:low,2:medium,+,0.631
9,2:medium,3:low,+,0.462
10,2:medium,3:low,+,0.544
11,2:medium,3:low,+,0.503
12,2:medium,3:low,+,0.566
13,2:medium,3:low,+,0.513
14,2:medium,3:low,+,0.497
15,2:medium,2:medium,,0.508
16,2:medium,3:low,+,0.559
17,2:medium,3:low,+,0.444
18,2:medium,2:medium,,0.6
19,3:low,2:medium,+,0.675
20,2:medium,2:medium,,0.675
21,3:low,2:medium,+,0.738
22,3:low,2:medium,+,0.666
23,3:low,2:medium,+,0.663
24,3:low,2:medium,+,0.698
25,3:low,2:medium,+,0.714
26,2:medium,1:high,+,0.494
27,2:medium,1:high,+,0.439
28,3:low,2:medium,+,0.627
29,3:low,2:medium,+,0.603
30,2:medium,2:medium,,0.624
31,2:medium,2:medium,,0.777
32,2:medium,2:medium,,0.564
33,1:high,1:high,,0.503
34,1:high,2:medium,+,0.529
35,1:high,1:high,,0.475
36,1:high,1:high,,0.688
37,1:high,1:high,,0.84
38,1:high,1:high,,0.734
39,1:high,1:high,,0.773
40,1:high,1:high,,0.681
41,1:high,1:high,,0.638
42,1:high,1:high,,0.655
43,1:high,1:high,,0.678
44,1:high,1:high,,0.546
45,1:high,1:high,,0.837
46,1:high,1:high,,0.75
47,1:high,1:high,,0.721
48,1:high,2:medium,+,0.501

