inst#,actual,predicted,error,prediction
1,2:medium,2:medium,,0.833
2,2:medium,2:medium,,0.928
3,2:medium,2:medium,,0.917
4,3:low,2:medium,+,0.851
5,2:medium,2:medium,,0.852
6,2:medium,2:medium,,0.817
7,2:medium,2:medium,,0.648
8,3:low,2:medium,+,0.724
9,2:medium,3:low,+,0.87
10,2:medium,3:low,+,0.926
11,2:medium,3:low,+,0.89
12,2:medium,3:low,+,0.945
13,2:medium,3:low,+,0.915
14,2:medium,3:low,+,0.9
15,2:medium,3:low,+,0.953
16,2:medium,3:low,+,0.937
17,2:medium,3:low,+,0.861
18,2:medium,2:medium,,0.902
19,3:low,2:medium,+,0.888
20,2:medium,2:medium,,0.89
21,3:low,2:medium,+,0.929
22,3:low,2:medium,+,0.871
23,3:low,2:medium,+,0.828
24,3:low,2:medium,+,0.861
25,3:low,2:medium,+,0.851
26,2:medium,2:medium,,0.693
27,2:medium,2:medium,,0.698
28,3:low,2:medium,+,0.82
29,3:low,2:medium,+,0.749
30,2:medium,2:medium,,0.754
31,2:medium,2:medium,,0.804
32,2:medium,2:medium,,0.762
33,1:high,2:medium,+,0.677
34,1:high,2:medium,+,0.575
35,1:high,2:medium,+,0.653
36,1:high,1:high,,0.719
37,1:high,1:high,,0.83
38,1:high,1:high,,0.762
39,1:high,1:high,,0.812
40,1:high,1:high,,0.687
41,1:high,1:high,,0.665
42,1:high,1:high,,0.666
43,1:high,1:high,,0.718
44,1:high,1:high,,0.658
45,1:high,1:high,,0.842
46,1:high,1:high,,0.762
47,1:high,1:high,,0.789
48,1:high,1:high,,0.702

