inst#,actual,predicted,error,prediction
1,2:medium,2:medium,,0.691
2,2:medium,2:medium,,0.757
3,2:medium,2:medium,,0.774
4,3:low,2:medium,+,0.606
5,2:medium,2:medium,,0.688
6,2:medium,2:medium,,0.742
7,2:medium,2:medium,,0.695
8,3:low,2:medium,+,0.617
9,2:medium,2:medium,,0.606
10,2:medium,2:medium,,0.537
11,2:medium,2:medium,,0.64
12,2:medium,2:medium,,0.5
13,2:medium,2:medium,,0.529
14,2:medium,2:medium,,0.627
15,2:medium,2:medium,,0.61
16,2:medium,2:medium,,0.475
17,2:medium,2:medium,,0.523
18,2:medium,2:medium,,0.562
19,3:low,2:medium,+,0.67
20,2:medium,2:medium,,0.596
21,3:low,2:medium,+,0.645
22,3:low,2:medium,+,0.715
23,3:low,2:medium,+,0.729
24,3:low,2:medium,+,0.711
25,3:low,2:medium,+,0.803
26,2:medium,1:high,+,0.46
27,2:medium,2:medium,,0.467
28,3:low,2:medium,+,0.659
29,3:low,2:medium,+,0.577
30,2:medium,2:medium,,0.577
31,2:medium,2:medium,,0.703
32,2:medium,2:medium,,0.628
33,1:high,1:high,,0.668
34,1:high,1:high,,0.929
35,1:high,1:high,,0.863
36,1:high,1:high,,0.903
37,1:high,1:high,,0.981
38,1:high,1:high,,0.916
39,1:high,1:high,,0.942
40,1:high,1:high,,0.968
41,1:high,1:high,,0.916
42,1:high,1:high,,0.903
43,1:high,1:high,,0.681
44,1:high,1:high,,0.734
45,1:high,1:high,,0.747
46,1:high,1:high,,0.695
47,1:high,1:high,,0.721
48,1:high,1:high,,0.823

