inst#,actual,predicted,error,prediction
1,2:medium,2:medium,,0.779
2,2:medium,2:medium,,0.877
3,2:medium,2:medium,,0.85
4,3:low,2:medium,+,0.756
5,2:medium,2:medium,,0.794
6,2:medium,2:medium,,0.971
7,2:medium,2:medium,,0.955
8,3:low,2:medium,+,0.988
9,2:medium,2:medium,,0.958
10,2:medium,2:medium,,0.935
11,2:medium,2:medium,,0.947
12,2:medium,2:medium,,0.881
13,2:medium,2:medium,,0.872
14,2:medium,2:medium,,0.882
15,2:medium,2:medium,,0.754
16,2:medium,2:medium,,0.757
17,2:medium,2:medium,,0.857
18,2:medium,2:medium,,0.84
19,3:low,2:medium,+,0.733
20,2:medium,2:medium,,0.771
21,3:low,2:medium,+,0.755
22,3:low,2:medium,+,0.834
23,3:low,2:medium,+,0.785
24,3:low,2:medium,+,0.79
25,3:low,2:medium,+,0.789
26,2:medium,2:medium,,0.688
27,2:medium,2:medium,,0.742
28,3:low,2:medium,+,0.686
29,3:low,2:medium,+,0.706
30,2:medium,2:medium,,0.737
31,2:medium,2:medium,,0.879
32,2:medium,2:medium,,0.869
33,1:high,1:high,,0.541
34,1:high,1:high,,0.836
35,1:high,1:high,,0.858
36,1:high,1:high,,0.996
37,1:high,1:high,,1
38,1:high,1:high,,0.995
39,1:high,1:high,,0.994
40,1:high,1:high,,0.999
41,1:high,1:high,,0.999
42,1:high,1:high,,0.997
43,1:high,1:high,,0.999
44,1:high,1:high,,0.999
45,1:high,1:high,,0.974
46,1:high,1:high,,1
47,1:high,1:high,,1
48,1:high,1:high,,1

