inst#,actual,predicted,error,prediction
1,2:medium,2:medium,,0.676
2,2:medium,2:medium,,0.756
3,2:medium,2:medium,,0.8
4,3:low,2:medium,+,0.821
5,2:medium,2:medium,,0.739
6,2:medium,2:medium,,0.813
7,2:medium,2:medium,,0.812
8,3:low,2:medium,+,0.865
9,2:medium,2:medium,,0.82
10,2:medium,2:medium,,0.746
11,2:medium,2:medium,,0.812
12,2:medium,2:medium,,0.883
13,2:medium,2:medium,,0.674
14,2:medium,2:medium,,0.801
15,2:medium,2:medium,,0.542
16,2:medium,2:medium,,0.82
17,2:medium,2:medium,,0.81
18,2:medium,2:medium,,0.888
19,3:low,2:medium,+,0.762
20,2:medium,2:medium,,0.518
21,3:low,2:medium,+,0.396
22,3:low,2:medium,+,0.722
23,3:low,2:medium,+,0.663
24,3:low,2:medium,+,0.671
25,3:low,2:medium,+,0.792
26,2:medium,1:high,+,0.496
27,2:medium,2:medium,,0.526
28,3:low,2:medium,+,0.666
29,3:low,2:medium,+,0.644
30,2:medium,2:medium,,0.514
31,2:medium,2:medium,,0.878
32,2:medium,2:medium,,0.578
33,1:high,1:high,,0.895
34,1:high,1:high,,0.969
35,1:high,1:high,,0.969
36,1:high,1:high,,0.971
37,1:high,1:high,,0.984
38,1:high,1:high,,0.977
39,1:high,1:high,,0.844
40,1:high,1:high,,0.984
41,1:high,1:high,,0.835
42,1:high,1:high,,0.907
43,1:high,1:high,,0.902
44,1:high,1:high,,0.902
45,1:high,1:high,,0.831
46,1:high,1:high,,0.967
47,1:high,1:high,,0.901
48,1:high,1:high,,0.98

