inst#,actual,predicted,error,prediction
1,2:medium,2:medium,,0.707
2,2:medium,2:medium,,0.581
3,2:medium,2:medium,,0.858
4,3:low,2:medium,+,0.685
5,2:medium,2:medium,,0.64
6,2:medium,2:medium,,0.695
7,2:medium,2:medium,,0.562
8,3:low,2:medium,+,0.645
9,2:medium,2:medium,,0.741
10,2:medium,2:medium,,0.666
11,2:medium,2:medium,,0.747
12,2:medium,2:medium,,0.696
13,2:medium,2:medium,,0.671
14,2:medium,2:medium,,0.619
15,2:medium,2:medium,,0.533
16,2:medium,2:medium,,0.561
17,2:medium,2:medium,,0.609
18,2:medium,2:medium,,0.713
19,3:low,2:medium,+,0.612
20,2:medium,2:medium,,0.634
21,3:low,2:medium,+,0.631
22,3:low,2:medium,+,0.674
23,3:low,2:medium,+,0.687
24,3:low,2:medium,+,0.776
25,3:low,2:medium,+,0.639
26,2:medium,2:medium,,0.7
27,2:medium,2:medium,,0.56
28,3:low,2:medium,+,0.636
29,3:low,2:medium,+,0.612
30,2:medium,2:medium,,0.652
31,2:medium,2:medium,,0.692
32,2:medium,2:medium,,0.572
33,1:high,1:high,,0.782
34,1:high,1:high,,0.806
35,1:high,1:high,,0.72
36,1:high,1:high,,0.925
37,1:high,1:high,,0.925
38,1:high,1:high,,0.985
39,1:high,1:high,,0.898
40,1:high,1:high,,0.983
41,1:high,1:high,,0.896
42,1:high,1:high,,0.839
43,1:high,1:high,,0.865
44,1:high,1:high,,0.924
45,1:high,1:high,,0.952
46,1:high,1:high,,0.87
47,1:high,1:high,,0.985
48,1:high,1:high,,0.956

