inst#,actual,predicted,error,prediction
1,2:medium,2:medium,,0.487
2,2:medium,2:medium,,0.548
3,2:medium,2:medium,,0.527
4,3:low,3:low,,0.453
5,2:medium,2:medium,,0.522
6,2:medium,2:medium,,0.591
7,2:medium,2:medium,,0.547
8,3:low,2:medium,+,0.593
9,2:medium,2:medium,,0.581
10,2:medium,2:medium,,0.531
11,2:medium,2:medium,,0.569
12,2:medium,2:medium,,0.508
13,2:medium,2:medium,,0.497
14,2:medium,2:medium,,0.543
15,2:medium,3:low,+,0.452
16,2:medium,3:low,+,0.412
17,2:medium,2:medium,,0.531
18,2:medium,2:medium,,0.513
19,3:low,2:medium,+,0.493
20,2:medium,2:medium,,0.508
21,3:low,2:medium,+,0.495
22,3:low,2:medium,+,0.509
23,3:low,2:medium,+,0.48
24,3:low,2:medium,+,0.484
25,3:low,2:medium,+,0.482
26,2:medium,2:medium,,0.487
27,2:medium,2:medium,,0.498
28,3:low,2:medium,+,0.481
29,3:low,2:medium,+,0.496
30,2:medium,2:medium,,0.493
31,2:medium,2:medium,,0.537
32,2:medium,2:medium,,0.534
33,1:high,2:medium,+,0.466
34,1:high,1:high,,0.571
35,1:high,1:high,,0.587
36,1:high,1:high,,0.599
37,1:high,1:high,,0.6
38,1:high,1:high,,0.597
39,1:high,1:high,,0.598
40,1:high,1:high,,0.6
41,1:high,1:high,,0.6
42,1:high,1:high,,0.599
43,1:high,1:high,,0.599
44,1:high,1:high,,0.6
45,1:high,1:high,,0.591
46,1:high,1:high,,0.6
47,1:high,1:high,,0.6
48,1:high,1:high,,0.6

