inst#,actual,predicted,error,prediction
1,2:medium,2:medium,,0.558
2,2:medium,2:medium,,0.884
3,2:medium,2:medium,,0.728
4,3:low,2:medium,+,0.775
5,2:medium,2:medium,,0.843
6,2:medium,2:medium,,0.655
7,2:medium,2:medium,,0.67
8,3:low,2:medium,+,0.716
9,2:medium,2:medium,,0.573
10,2:medium,2:medium,,0.593
11,2:medium,2:medium,,0.594
12,2:medium,2:medium,,0.588
13,2:medium,2:medium,,0.646
14,2:medium,2:medium,,0.646
15,2:medium,2:medium,,0.53
16,2:medium,2:medium,,0.701
17,2:medium,2:medium,,0.596
18,2:medium,2:medium,,0.705
19,3:low,2:medium,+,0.738
20,2:medium,2:medium,,0.72
21,3:low,2:medium,+,0.837
22,3:low,2:medium,+,0.704
23,3:low,2:medium,+,0.839
24,3:low,2:medium,+,0.868
25,3:low,2:medium,+,0.766
26,2:medium,1:high,+,0.439
27,2:medium,1:high,+,0.513
28,3:low,2:medium,+,0.763
29,3:low,2:medium,+,0.809
30,2:medium,2:medium,,0.586
31,2:medium,2:medium,,0.813
32,2:medium,2:medium,,0.445
33,1:high,1:high,,0.873
34,1:high,1:high,,0.973
35,1:high,1:high,,0.976
36,1:high,1:high,,0.871
37,1:high,1:high,,0.971
38,1:high,1:high,,0.966
39,1:high,1:high,,0.969
40,1:high,1:high,,0.975
41,1:high,1:high,,0.969
42,1:high,1:high,,0.969
43,1:high,1:high,,0.917
44,1:high,1:high,,0.915
45,1:high,1:high,,0.967
46,1:high,1:high,,0.918
47,1:high,1:high,,0.917
48,1:high,1:high,,0.922

