inst#,actual,predicted,error,prediction
1,2:medium,2:medium,,0.658
2,2:medium,2:medium,,0.596
3,2:medium,2:medium,,0.591
4,3:low,2:medium,+,0.587
5,2:medium,2:medium,,0.704
6,2:medium,2:medium,,0.595
7,2:medium,2:medium,,0.667
8,3:low,2:medium,+,0.593
9,2:medium,2:medium,,0.621
10,2:medium,2:medium,,0.595
11,2:medium,2:medium,,0.595
12,2:medium,2:medium,,0.576
13,2:medium,2:medium,,0.552
14,2:medium,2:medium,,0.485
15,2:medium,2:medium,,0.421
16,2:medium,2:medium,,0.443
17,2:medium,2:medium,,0.482
18,2:medium,2:medium,,0.515
19,3:low,2:medium,+,0.652
20,2:medium,2:medium,,0.676
21,3:low,2:medium,+,0.685
22,3:low,2:medium,+,0.711
23,3:low,2:medium,+,0.736
24,3:low,2:medium,+,0.692
25,3:low,2:medium,+,0.727
26,2:medium,2:medium,,0.563
27,2:medium,2:medium,,0.543
28,3:low,2:medium,+,0.514
29,3:low,2:medium,+,0.605
30,2:medium,2:medium,,0.627
31,2:medium,2:medium,,0.685
32,2:medium,2:medium,,0.606
33,1:high,1:high,,0.727
34,1:high,1:high,,0.791
35,1:high,1:high,,0.795
36,1:high,1:high,,0.768
37,1:high,1:high,,0.854
38,1:high,1:high,,0.912
39,1:high,1:high,,0.802
40,1:high,1:high,,0.822
41,1:high,1:high,,0.81
42,1:high,1:high,,0.787
43,1:high,1:high,,0.847
44,1:high,1:high,,0.847
45,1:high,1:high,,0.824
46,1:high,1:high,,0.852
47,1:high,1:high,,0.871
48,1:high,1:high,,0.933

