inst#,actual,predicted,error,prediction
1,2:medium,2:medium,,0.846
2,2:medium,2:medium,,0.818
3,2:medium,2:medium,,0.717
4,3:low,3:low,,0.52
5,2:medium,2:medium,,0.695
6,2:medium,2:medium,,0.757
7,2:medium,2:medium,,0.869
8,3:low,2:medium,+,0.832
9,2:medium,2:medium,,0.74
10,2:medium,2:medium,,0.71
11,2:medium,2:medium,,0.761
12,2:medium,2:medium,,0.733
13,2:medium,2:medium,,0.731
14,2:medium,2:medium,,0.594
15,2:medium,2:medium,,0.53
16,2:medium,2:medium,,0.559
17,2:medium,2:medium,,0.553
18,2:medium,2:medium,,0.614
19,3:low,2:medium,+,0.717
20,2:medium,2:medium,,0.71
21,3:low,2:medium,+,0.709
22,3:low,2:medium,+,0.671
23,3:low,2:medium,+,0.704
24,3:low,2:medium,+,0.739
25,3:low,2:medium,+,0.744
26,2:medium,2:medium,,0.606
27,2:medium,2:medium,,0.639
28,3:low,2:medium,+,0.652
29,3:low,2:medium,+,0.658
30,2:medium,2:medium,,0.694
31,2:medium,2:medium,,0.712
32,2:medium,2:medium,,0.699
33,1:high,2:medium,+,0.53
34,1:high,1:high,,0.44
35,1:high,1:high,,0.494
36,1:high,1:high,,0.639
37,1:high,1:high,,0.542
38,1:high,2:medium,+,0.494
39,1:high,1:high,,0.759
40,1:high,1:high,,0.786
41,1:high,1:high,,0.757
42,1:high,1:high,,0.648
43,1:high,1:high,,0.633
44,1:high,1:high,,0.72
45,1:high,1:high,,0.433
46,1:high,1:high,,0.552
47,1:high,1:high,,0.632
48,1:high,1:high,,0.762

