inst#,actual,predicted,error,prediction
1,2:medium,2:medium,,0.885
2,2:medium,2:medium,,0.615
3,2:medium,2:medium,,0.808
4,3:low,2:medium,+,0.731
5,2:medium,2:medium,,0.769
6,2:medium,2:medium,,0.808
7,2:medium,2:medium,,0.692
8,3:low,2:medium,+,0.731
9,2:medium,2:medium,,0.769
10,2:medium,2:medium,,0.731
11,2:medium,2:medium,,0.731
12,2:medium,2:medium,,0.692
13,2:medium,2:medium,,0.731
14,2:medium,2:medium,,0.654
15,2:medium,2:medium,,0.654
16,2:medium,2:medium,,0.5
17,2:medium,2:medium,,0.5
18,2:medium,2:medium,,0.731
19,3:low,2:medium,+,0.577
20,2:medium,1:high,+,0.462
21,3:low,1:high,+,0.462
22,3:low,2:medium,+,0.538
23,3:low,2:medium,+,0.5
24,3:low,2:medium,+,0.462
25,3:low,2:medium,+,0.423
26,2:medium,2:medium,,0.462
27,2:medium,1:high,+,0.462
28,3:low,2:medium,+,0.462
29,3:low,1:high,+,0.423
30,2:medium,2:medium,,0.538
31,2:medium,2:medium,,0.577
32,2:medium,2:medium,,0.538
33,1:high,2:medium,+,0.5
34,1:high,2:medium,+,0.577
35,1:high,2:medium,+,0.538
36,1:high,2:medium,+,0.577
37,1:high,1:high,,0.769
38,1:high,1:high,,0.846
39,1:high,1:high,,0.731
40,1:high,1:high,,0.808
41,1:high,1:high,,0.731
42,1:high,1:high,,0.5
43,1:high,1:high,,0.654
44,1:high,1:high,,0.615
45,1:high,1:high,,0.462
46,1:high,1:high,,0.538
47,1:high,1:high,,0.692
48,1:high,1:high,,0.846

