inst#,actual,predicted,error,prediction
1,2:medium,2:medium,,0.73
2,2:medium,2:medium,,0.681
3,2:medium,2:medium,,0.623
4,3:low,2:medium,+,0.555
5,2:medium,2:medium,,0.644
6,2:medium,2:medium,,0.641
7,2:medium,2:medium,,0.74
8,3:low,2:medium,+,0.673
9,2:medium,2:medium,,0.541
10,2:medium,2:medium,,0.547
11,2:medium,2:medium,,0.514
12,2:medium,2:medium,,0.531
13,2:medium,2:medium,,0.54
14,2:medium,2:medium,,0.465
15,2:medium,2:medium,,0.516
16,2:medium,2:medium,,0.516
17,2:medium,2:medium,,0.509
18,2:medium,1:high,+,0.444
19,3:low,2:medium,+,0.54
20,2:medium,2:medium,,0.5
21,3:low,2:medium,+,0.532
22,3:low,2:medium,+,0.728
23,3:low,2:medium,+,0.759
24,3:low,2:medium,+,0.705
25,3:low,2:medium,+,0.669
26,2:medium,2:medium,,0.532
27,2:medium,2:medium,,0.472
28,3:low,2:medium,+,0.482
29,3:low,2:medium,+,0.539
30,2:medium,2:medium,,0.581
31,2:medium,2:medium,,0.689
32,2:medium,2:medium,,0.627
33,1:high,1:high,,0.53
34,1:high,1:high,,0.686
35,1:high,1:high,,0.649
36,1:high,1:high,,0.749
37,1:high,1:high,,0.879
38,1:high,1:high,,0.93
39,1:high,1:high,,0.752
40,1:high,1:high,,0.808
41,1:high,1:high,,0.835
42,1:high,1:high,,0.784
43,1:high,1:high,,0.858
44,1:high,1:high,,0.858
45,1:high,1:high,,0.747
46,1:high,1:high,,0.782
47,1:high,1:high,,0.882
48,1:high,1:high,,0.879

