inst#,actual,predicted,error,prediction
1,2:medium,2:medium,,0.696
2,2:medium,2:medium,,0.548
3,2:medium,2:medium,,0.694
4,3:low,3:low,,0.49
5,2:medium,2:medium,,0.58
6,2:medium,2:medium,,0.55
7,2:medium,2:medium,,0.665
8,3:low,2:medium,+,0.668
9,2:medium,2:medium,,0.61
10,2:medium,2:medium,,0.581
11,2:medium,2:medium,,0.553
12,2:medium,3:low,+,0.487
13,2:medium,2:medium,,0.608
14,2:medium,2:medium,,0.58
15,2:medium,2:medium,,0.522
16,2:medium,3:low,+,0.492
17,2:medium,2:medium,,0.48
18,2:medium,2:medium,,0.612
19,3:low,2:medium,+,0.781
20,2:medium,2:medium,,0.578
21,3:low,2:medium,+,0.668
22,3:low,2:medium,+,0.782
23,3:low,2:medium,+,0.753
24,3:low,2:medium,+,0.782
25,3:low,2:medium,+,0.752
26,2:medium,2:medium,,0.781
27,2:medium,2:medium,,0.608
28,3:low,2:medium,+,0.753
29,3:low,2:medium,+,0.782
30,2:medium,2:medium,,0.811
31,2:medium,2:medium,,0.781
32,2:medium,2:medium,,0.753
33,1:high,2:medium,+,0.664
34,1:high,2:medium,+,0.591
35,1:high,2:medium,+,0.595
36,1:high,1:high,,0.635
37,1:high,1:high,,0.816
38,1:high,1:high,,0.878
39,1:high,1:high,,0.799
40,1:high,1:high,,0.816
41,1:high,1:high,,0.831
42,1:high,1:high,,0.663
43,1:high,1:high,,0.603
44,1:high,1:high,,0.665
45,1:high,1:high,,0.65
46,1:high,1:high,,0.725
47,1:high,1:high,,0.786
48,1:high,1:high,,0.847

