inst#,actual,predicted,error,prediction
1,2:medium,2:medium,,0.613
2,2:medium,2:medium,,0.747
3,2:medium,2:medium,,0.653
4,3:low,2:medium,+,0.605
5,2:medium,2:medium,,0.72
6,2:medium,2:medium,,0.672
7,2:medium,2:medium,,0.777
8,3:low,2:medium,+,0.661
9,2:medium,2:medium,,0.517
10,2:medium,2:medium,,0.479
11,2:medium,2:medium,,0.575
12,2:medium,2:medium,,0.508
13,2:medium,3:low,+,0.486
14,2:medium,2:medium,,0.623
15,2:medium,3:low,+,0.62
16,2:medium,3:low,+,0.515
17,2:medium,2:medium,,0.555
18,2:medium,2:medium,,0.671
19,3:low,2:medium,+,0.642
20,2:medium,2:medium,,0.68
21,3:low,2:medium,+,0.785
22,3:low,2:medium,+,0.757
23,3:low,2:medium,+,0.824
24,3:low,2:medium,+,0.786
25,3:low,2:medium,+,0.834
26,2:medium,2:medium,,0.556
27,2:medium,2:medium,,0.623
28,3:low,2:medium,+,0.728
29,3:low,2:medium,+,0.644
30,2:medium,2:medium,,0.682
31,2:medium,2:medium,,0.843
32,2:medium,2:medium,,0.681
33,1:high,2:medium,+,0.613
34,1:high,1:high,,0.719
35,1:high,1:high,,0.809
36,1:high,1:high,,0.84
37,1:high,1:high,,0.98
38,1:high,1:high,,0.94
39,1:high,1:high,,0.64
40,1:high,1:high,,0.72
41,1:high,1:high,,0.63
42,1:high,1:high,,0.559
43,1:high,2:medium,+,0.499
44,1:high,2:medium,+,0.5
45,1:high,1:high,,0.549
46,1:high,1:high,,0.539
47,1:high,2:medium,+,0.5
48,1:high,1:high,,0.739

