inst#,actual,predicted,error,prediction
1,2:medium,2:medium,,0.771
2,2:medium,2:medium,,0.911
3,2:medium,2:medium,,0.8
4,3:low,2:medium,+,0.501
5,2:medium,2:medium,,0.854
6,2:medium,2:medium,,0.984
7,2:medium,2:medium,,0.88
8,3:low,2:medium,+,0.969
9,2:medium,2:medium,,0.974
10,2:medium,2:medium,,0.878
11,2:medium,2:medium,,0.937
12,2:medium,2:medium,,0.836
13,2:medium,2:medium,,0.83
14,2:medium,2:medium,,0.846
15,2:medium,3:low,+,0.542
16,2:medium,2:medium,,0.532
17,2:medium,2:medium,,0.84
18,2:medium,2:medium,,0.8
19,3:low,2:medium,+,0.551
20,2:medium,2:medium,,0.784
21,3:low,2:medium,+,0.785
22,3:low,2:medium,+,0.603
23,3:low,2:medium,+,0.447
24,3:low,2:medium,+,0.621
25,3:low,2:medium,+,0.595
26,2:medium,2:medium,,0.712
27,2:medium,2:medium,,0.774
28,3:low,2:medium,+,0.611
29,3:low,2:medium,+,0.776
30,2:medium,2:medium,,0.894
31,2:medium,2:medium,,0.725
32,2:medium,2:medium,,0.767
33,1:high,1:high,,0.508
34,1:high,1:high,,0.907
35,1:high,1:high,,0.958
36,1:high,1:high,,0.976
37,1:high,1:high,,0.999
38,1:high,1:high,,0.976
39,1:high,1:high,,0.982
40,1:high,1:high,,0.998
41,1:high,1:high,,0.997
42,1:high,1:high,,0.997
43,1:high,1:high,,0.996
44,1:high,1:high,,0.998
45,1:high,1:high,,0.935
46,1:high,1:high,,0.999
47,1:high,1:high,,0.999
48,1:high,1:high,,0.999

