inst#,actual,predicted,error,prediction
1,2:medium,2:medium,,1
2,2:medium,2:medium,,1
3,2:medium,2:medium,,1
4,3:low,2:medium,+,1
5,2:medium,2:medium,,1
6,2:medium,2:medium,,1
7,2:medium,2:medium,,1
8,3:low,2:medium,+,1
9,2:medium,2:medium,,1
10,2:medium,2:medium,,1
11,2:medium,2:medium,,1
12,2:medium,2:medium,,1
13,2:medium,2:medium,,1
14,2:medium,2:medium,,1
15,2:medium,3:low,+,1
16,2:medium,2:medium,,1
17,2:medium,2:medium,,1
18,2:medium,2:medium,,1
19,3:low,2:medium,+,1
20,2:medium,2:medium,,1
21,3:low,2:medium,+,1
22,3:low,2:medium,+,1
23,3:low,2:medium,+,1
24,3:low,2:medium,+,1
25,3:low,3:low,,0.963
26,2:medium,2:medium,,1
27,2:medium,2:medium,,1
28,3:low,2:medium,+,1
29,3:low,2:medium,+,1
30,2:medium,2:medium,,1
31,2:medium,2:medium,,1
32,2:medium,1:high,+,0.994
33,1:high,2:medium,+,0.998
34,1:high,1:high,,1
35,1:high,1:high,,1
36,1:high,1:high,,1
37,1:high,1:high,,1
38,1:high,1:high,,1
39,1:high,1:high,,1
40,1:high,1:high,,1
41,1:high,1:high,,1
42,1:high,1:high,,1
43,1:high,1:high,,1
44,1:high,1:high,,1
45,1:high,1:high,,1
46,1:high,1:high,,1
47,1:high,1:high,,1
48,1:high,1:high,,1

