inst#,actual,predicted,error,prediction
1,2:medium,2:medium,,1
2,2:medium,2:medium,,0.668
3,2:medium,2:medium,,0.999
4,2:medium,2:medium,,0.666
5,2:medium,1:low,+,0.98
6,2:medium,2:medium,,1
7,2:medium,2:medium,,1
8,2:medium,2:medium,,1
9,2:medium,2:medium,,1
10,2:medium,2:medium,,1
11,3:high,3:high,,1
12,3:high,2:medium,+,1
13,3:high,3:high,,1
14,3:high,3:high,,0.966
15,3:high,2:medium,+,0.581
16,3:high,2:medium,+,0.736
17,3:high,3:high,,1
18,2:medium,3:high,+,1
19,2:medium,3:high,+,0.917
20,2:medium,3:high,+,1
21,2:medium,3:high,+,1
22,2:medium,3:high,+,1
23,2:medium,3:high,+,1
24,2:medium,3:high,+,1
25,2:medium,3:high,+,1
26,2:medium,3:high,+,1
27,2:medium,3:high,+,1
28,2:medium,3:high,+,1
29,2:medium,1:low,+,0.992
30,2:medium,2:medium,,0.983
31,1:low,2:medium,+,1
32,1:low,2:medium,+,1
33,1:low,2:medium,+,1
34,1:low,2:medium,+,1
35,1:low,2:medium,+,1
36,1:low,2:medium,+,0.975
37,1:low,2:medium,+,1
38,1:low,2:medium,+,1
39,1:low,3:high,+,1
40,1:low,3:high,+,1
41,1:low,3:high,+,0.999
42,1:low,2:medium,+,0.999
43,1:low,2:medium,+,1
44,1:low,2:medium,+,1
45,1:low,2:medium,+,1
46,1:low,2:medium,+,1
47,1:low,2:medium,+,1
48,1:low,2:medium,+,1
49,1:low,2:medium,+,0.999
50,1:low,2:medium,+,1
51,1:low,2:medium,+,1
52,1:low,2:medium,+,1
53,1:low,2:medium,+,1
54,1:low,1:low,,0.543
55,1:low,1:low,,1
56,1:low,1:low,,1
57,1:low,1:low,,1
58,1:low,1:low,,0.991
59,1:low,1:low,,0.995
60,1:low,1:low,,0.995
61,1:low,1:low,,0.995
62,2:medium,1:low,+,1
63,2:medium,1:low,+,0.996
64,2:medium,1:low,+,0.996
65,2:medium,1:low,+,1
66,2:medium,1:low,+,0.996
67,2:medium,1:low,+,1
68,2:medium,2:medium,,0.999
69,3:high,3:high,,1
70,3:high,3:high,,1
71,3:high,2:medium,+,1
72,3:high,2:medium,+,1

