inst#,actual,predicted,error,prediction
1,2:medium,2:medium,,0.812
2,2:medium,2:medium,,0.541
3,2:medium,1:low,+,0.552
4,2:medium,1:low,+,0.519
5,2:medium,2:medium,,0.694
6,2:medium,2:medium,,0.752
7,2:medium,2:medium,,0.74
8,2:medium,2:medium,,0.716
9,2:medium,2:medium,,0.691
10,2:medium,2:medium,,0.78
11,3:high,2:medium,+,0.712
12,3:high,2:medium,+,0.779
13,3:high,2:medium,+,0.641
14,3:high,2:medium,+,0.712
15,3:high,2:medium,+,0.722
16,3:high,2:medium,+,0.667
17,3:high,2:medium,+,0.778
18,2:medium,2:medium,,0.674
19,2:medium,2:medium,,0.688
20,2:medium,2:medium,,0.627
21,2:medium,2:medium,,0.656
22,2:medium,2:medium,,0.502
23,2:medium,2:medium,,0.601
24,2:medium,2:medium,,0.651
25,2:medium,3:high,+,0.499
26,2:medium,3:high,+,0.567
27,2:medium,3:high,+,0.527
28,2:medium,3:high,+,0.715
29,2:medium,2:medium,,0.477
30,2:medium,3:high,+,0.509
31,1:low,3:high,+,0.452
32,1:low,2:medium,+,0.567
33,1:low,2:medium,+,0.57
34,1:low,2:medium,+,0.707
35,1:low,2:medium,+,0.666
36,1:low,2:medium,+,0.481
37,1:low,2:medium,+,0.667
38,1:low,2:medium,+,0.738
39,1:low,2:medium,+,0.545
40,1:low,2:medium,+,0.482
41,1:low,2:medium,+,0.574
42,1:low,2:medium,+,0.709
43,1:low,2:medium,+,0.682
44,1:low,2:medium,+,0.651
45,1:low,2:medium,+,0.664
46,1:low,2:medium,+,0.664
47,1:low,2:medium,+,0.703
48,1:low,2:medium,+,0.64
49,1:low,2:medium,+,0.535
50,1:low,2:medium,+,0.631
51,1:low,2:medium,+,0.583
52,1:low,2:medium,+,0.513
53,1:low,2:medium,+,0.618
54,1:low,2:medium,+,0.625
55,1:low,2:medium,+,0.455
56,1:low,2:medium,+,0.545
57,1:low,2:medium,+,0.514
58,1:low,1:low,,0.473
59,1:low,2:medium,+,0.426
60,1:low,1:low,,0.488
61,1:low,1:low,,0.512
62,2:medium,1:low,+,0.464
63,2:medium,1:low,+,0.514
64,2:medium,1:low,+,0.438
65,2:medium,1:low,+,0.412
66,2:medium,1:low,+,0.504
67,2:medium,1:low,+,0.607
68,2:medium,1:low,+,0.512
69,3:high,3:high,,0.442
70,3:high,2:medium,+,0.588
71,3:high,3:high,,0.64
72,3:high,3:high,,0.558

