inst#,actual,predicted,error,prediction
1,2:medium,2:medium,,0.96
2,2:medium,2:medium,,0.591
3,2:medium,2:medium,,0.552
4,2:medium,3:high,+,0.584
5,2:medium,2:medium,,0.569
6,2:medium,2:medium,,0.605
7,2:medium,2:medium,,0.649
8,2:medium,2:medium,,0.756
9,2:medium,2:medium,,0.99
10,2:medium,2:medium,,0.992
11,3:high,2:medium,+,0.547
12,3:high,2:medium,+,0.915
13,3:high,3:high,,0.92
14,3:high,3:high,,0.835
15,3:high,3:high,,0.931
16,3:high,3:high,,0.867
17,3:high,3:high,,0.743
18,2:medium,3:high,+,0.846
19,2:medium,3:high,+,0.671
20,2:medium,3:high,+,0.514
21,2:medium,1:low,+,0.592
22,2:medium,1:low,+,0.612
23,2:medium,1:low,+,0.817
24,2:medium,1:low,+,0.726
25,2:medium,1:low,+,0.923
26,2:medium,1:low,+,0.861
27,2:medium,1:low,+,0.91
28,2:medium,1:low,+,0.837
29,2:medium,1:low,+,0.904
30,2:medium,1:low,+,0.819
31,1:low,1:low,,0.784
32,1:low,1:low,,0.727
33,1:low,1:low,,0.752
34,1:low,2:medium,+,0.722
35,1:low,2:medium,+,0.617
36,1:low,1:low,,0.602
37,1:low,1:low,,0.652
38,1:low,1:low,,0.485
39,1:low,1:low,,0.722
40,1:low,1:low,,0.639
41,1:low,1:low,,0.58
42,1:low,1:low,,0.411
43,1:low,1:low,,0.547
44,1:low,2:medium,+,0.698
45,1:low,2:medium,+,0.532
46,1:low,2:medium,+,0.621
47,1:low,2:medium,+,0.761
48,1:low,2:medium,+,0.745
49,1:low,1:low,,0.789
50,1:low,1:low,,0.7
51,1:low,2:medium,+,0.601
52,1:low,1:low,,0.579
53,1:low,2:medium,+,0.577
54,1:low,2:medium,+,0.608
55,1:low,2:medium,+,0.542
56,1:low,2:medium,+,0.724
57,1:low,2:medium,+,0.777
58,1:low,2:medium,+,0.758
59,1:low,2:medium,+,0.906
60,1:low,2:medium,+,0.888
61,1:low,2:medium,+,0.867
62,2:medium,2:medium,,0.646
63,2:medium,2:medium,,0.632
64,2:medium,2:medium,,0.503
65,2:medium,2:medium,,0.468
66,2:medium,2:medium,,0.496
67,2:medium,2:medium,,0.64
68,2:medium,2:medium,,0.606
69,3:high,3:high,,0.678
70,3:high,2:medium,+,0.587
71,3:high,3:high,,0.605
72,3:high,3:high,,0.567

