inst#,actual,predicted,error,prediction
1,2:medium,2:medium,,0.6
2,2:medium,2:medium,,0.6
3,2:medium,1:low,+,0.636
4,2:medium,2:medium,,0.455
5,2:medium,1:low,+,0.455
6,2:medium,2:medium,,0.673
7,2:medium,2:medium,,0.745
8,2:medium,2:medium,,0.709
9,2:medium,2:medium,,0.691
10,2:medium,2:medium,,0.8
11,3:high,2:medium,+,0.509
12,3:high,2:medium,+,0.636
13,3:high,2:medium,+,0.545
14,3:high,2:medium,+,0.582
15,3:high,2:medium,+,0.582
16,3:high,2:medium,+,0.545
17,3:high,2:medium,+,0.527
18,2:medium,2:medium,,0.564
19,2:medium,2:medium,,0.527
20,2:medium,2:medium,,0.6
21,2:medium,2:medium,,0.418
22,2:medium,3:high,+,0.473
23,2:medium,3:high,+,0.436
24,2:medium,3:high,+,0.418
25,2:medium,3:high,+,0.382
26,2:medium,3:high,+,0.509
27,2:medium,3:high,+,0.527
28,2:medium,3:high,+,0.582
29,2:medium,1:low,+,0.345
30,2:medium,1:low,+,0.436
31,1:low,2:medium,+,0.382
32,1:low,2:medium,+,0.582
33,1:low,2:medium,+,0.618
34,1:low,2:medium,+,0.655
35,1:low,2:medium,+,0.655
36,1:low,2:medium,+,0.655
37,1:low,2:medium,+,0.709
38,1:low,2:medium,+,0.655
39,1:low,2:medium,+,0.436
40,1:low,2:medium,+,0.455
41,1:low,2:medium,+,0.473
42,1:low,2:medium,+,0.582
43,1:low,2:medium,+,0.673
44,1:low,2:medium,+,0.709
45,1:low,2:medium,+,0.655
46,1:low,2:medium,+,0.655
47,1:low,2:medium,+,0.709
48,1:low,2:medium,+,0.6
49,1:low,2:medium,+,0.491
50,1:low,2:medium,+,0.691
51,1:low,2:medium,+,0.709
52,1:low,2:medium,+,0.6
53,1:low,2:medium,+,0.655
54,1:low,1:low,,0.491
55,1:low,1:low,,0.582
56,1:low,1:low,,0.564
57,1:low,1:low,,0.527
58,1:low,1:low,,0.545
59,1:low,2:medium,+,0.473
60,1:low,2:medium,+,0.509
61,1:low,2:medium,+,0.6
62,2:medium,2:medium,,0.509
63,2:medium,2:medium,,0.509
64,2:medium,2:medium,,0.527
65,2:medium,1:low,+,0.455
66,2:medium,1:low,+,0.491
67,2:medium,1:low,+,0.527
68,2:medium,2:medium,,0.564
69,3:high,3:high,,0.564
70,3:high,2:medium,+,0.491
71,3:high,2:medium,+,0.491
72,3:high,3:high,,0.509

