inst#,actual,predicted,error,prediction
1,2:medium,2:medium,,1
2,2:medium,2:medium,,1
3,2:medium,2:medium,,0.996
4,2:medium,2:medium,,0.567
5,2:medium,3:high,+,1
6,2:medium,2:medium,,1
7,2:medium,2:medium,,1
8,2:medium,2:medium,,0.99
9,2:medium,2:medium,,1
10,2:medium,2:medium,,1
11,3:high,3:high,,0.997
12,3:high,2:medium,+,1
13,3:high,3:high,,1
14,3:high,3:high,,1
15,3:high,3:high,,1
16,3:high,3:high,,1
17,3:high,3:high,,1
18,2:medium,3:high,+,1
19,2:medium,2:medium,,0.994
20,2:medium,3:high,+,1
21,2:medium,3:high,+,1
22,2:medium,3:high,+,1
23,2:medium,3:high,+,1
24,2:medium,3:high,+,1
25,2:medium,3:high,+,1
26,2:medium,3:high,+,1
27,2:medium,3:high,+,1
28,2:medium,3:high,+,1
29,2:medium,1:low,+,0.794
30,2:medium,1:low,+,1
31,1:low,1:low,,0.975
32,1:low,2:medium,+,1
33,1:low,2:medium,+,1
34,1:low,2:medium,+,1
35,1:low,2:medium,+,1
36,1:low,2:medium,+,1
37,1:low,2:medium,+,1
38,1:low,2:medium,+,1
39,1:low,3:high,+,1
40,1:low,3:high,+,1
41,1:low,3:high,+,1
42,1:low,2:medium,+,1
43,1:low,2:medium,+,1
44,1:low,2:medium,+,1
45,1:low,2:medium,+,1
46,1:low,2:medium,+,1
47,1:low,2:medium,+,1
48,1:low,1:low,,0.995
49,1:low,1:low,,1
50,1:low,2:medium,+,1
51,1:low,2:medium,+,1
52,1:low,2:medium,+,1
53,1:low,1:low,,1
54,1:low,1:low,,1
55,1:low,1:low,,1
56,1:low,1:low,,1
57,1:low,2:medium,+,0.897
58,1:low,2:medium,+,1
59,1:low,2:medium,+,1
60,1:low,2:medium,+,1
61,1:low,2:medium,+,1
62,2:medium,2:medium,,1
63,2:medium,2:medium,,1
64,2:medium,2:medium,,1
65,2:medium,2:medium,,0.994
66,2:medium,1:low,+,0.996
67,2:medium,1:low,+,1
68,2:medium,2:medium,,1
69,3:high,1:low,+,0.869
70,3:high,3:high,,1
71,3:high,3:high,,1
72,3:high,3:high,,1

