inst#,actual,predicted,error,prediction
1,2:medium,2:medium,,0.832
2,2:medium,2:medium,,0.847
3,2:medium,2:medium,,0.51
4,2:medium,2:medium,,0.453
5,2:medium,2:medium,,0.637
6,2:medium,2:medium,,0.527
7,2:medium,2:medium,,0.75
8,2:medium,2:medium,,0.563
9,2:medium,3:high,+,0.574
10,2:medium,2:medium,,0.586
11,3:high,3:high,,0.542
12,3:high,3:high,,0.451
13,3:high,3:high,,0.714
14,3:high,3:high,,0.457
15,3:high,3:high,,0.473
16,3:high,3:high,,0.6
17,3:high,3:high,,0.555
18,2:medium,3:high,+,0.568
19,2:medium,3:high,+,0.546
20,2:medium,3:high,+,0.621
21,2:medium,3:high,+,0.536
22,2:medium,3:high,+,0.489
23,2:medium,3:high,+,0.532
24,2:medium,3:high,+,0.483
25,2:medium,3:high,+,0.462
26,2:medium,3:high,+,0.522
27,2:medium,2:medium,,0.416
28,2:medium,3:high,+,0.412
29,2:medium,2:medium,,0.436
30,2:medium,2:medium,,0.512
31,1:low,2:medium,+,0.579
32,1:low,2:medium,+,0.649
33,1:low,2:medium,+,0.637
34,1:low,2:medium,+,0.534
35,1:low,2:medium,+,0.607
36,1:low,2:medium,+,0.538
37,1:low,2:medium,+,0.508
38,1:low,2:medium,+,0.531
39,1:low,3:high,+,0.663
40,1:low,3:high,+,0.614
41,1:low,3:high,+,0.524
42,1:low,2:medium,+,0.603
43,1:low,2:medium,+,0.614
44,1:low,2:medium,+,0.659
45,1:low,2:medium,+,0.497
46,1:low,2:medium,+,0.506
47,1:low,2:medium,+,0.637
48,1:low,2:medium,+,0.556
49,1:low,2:medium,+,0.499
50,1:low,2:medium,+,0.59
51,1:low,2:medium,+,0.713
52,1:low,2:medium,+,0.701
53,1:low,2:medium,+,0.727
54,1:low,2:medium,+,0.754
55,1:low,2:medium,+,0.547
56,1:low,2:medium,+,0.65
57,1:low,2:medium,+,0.699
58,1:low,2:medium,+,0.652
59,1:low,2:medium,+,0.482
60,1:low,2:medium,+,0.482
61,1:low,2:medium,+,0.461
62,2:medium,1:low,+,0.409
63,2:medium,1:low,+,0.427
64,2:medium,1:low,+,0.405
65,2:medium,1:low,+,0.413
66,2:medium,1:low,+,0.419
67,2:medium,1:low,+,0.407
68,2:medium,2:medium,,0.439
69,3:high,3:high,,0.695
70,3:high,3:high,,0.641
71,3:high,3:high,,0.553
72,3:high,2:medium,+,0.52

