inst#,actual,predicted,error,prediction
1,2:medium,1:low,+,0.469
2,2:medium,2:medium,,0.563
3,2:medium,1:low,+,0.656
4,2:medium,1:low,+,0.531
5,2:medium,1:low,+,0.469
6,2:medium,2:medium,,0.578
7,2:medium,2:medium,,0.688
8,2:medium,2:medium,,0.688
9,2:medium,2:medium,,0.688
10,2:medium,2:medium,,0.813
11,3:high,2:medium,+,0.656
12,3:high,2:medium,+,0.734
13,3:high,2:medium,+,0.578
14,3:high,2:medium,+,0.656
15,3:high,2:medium,+,0.656
16,3:high,2:medium,+,0.609
17,3:high,2:medium,+,0.641
18,2:medium,2:medium,,0.625
19,2:medium,2:medium,,0.625
20,2:medium,2:medium,,0.516
21,2:medium,2:medium,,0.5
22,2:medium,3:high,+,0.531
23,2:medium,3:high,+,0.516
24,2:medium,3:high,+,0.516
25,2:medium,3:high,+,0.516
26,2:medium,3:high,+,0.516
27,2:medium,3:high,+,0.547
28,2:medium,3:high,+,0.531
29,2:medium,2:medium,,0.484
30,2:medium,2:medium,,0.391
31,1:low,2:medium,+,0.484
32,1:low,2:medium,+,0.719
33,1:low,2:medium,+,0.766
34,1:low,2:medium,+,0.844
35,1:low,2:medium,+,0.844
36,1:low,2:medium,+,0.688
37,1:low,2:medium,+,0.719
38,1:low,2:medium,+,0.719
39,1:low,2:medium,+,0.469
40,1:low,2:medium,+,0.469
41,1:low,2:medium,+,0.5
42,1:low,2:medium,+,0.719
43,1:low,2:medium,+,0.766
44,1:low,2:medium,+,0.875
45,1:low,2:medium,+,0.609
46,1:low,2:medium,+,0.766
47,1:low,2:medium,+,0.844
48,1:low,2:medium,+,0.703
49,1:low,2:medium,+,0.563
50,1:low,2:medium,+,0.75
51,1:low,2:medium,+,0.781
52,1:low,2:medium,+,0.625
53,1:low,2:medium,+,0.688
54,1:low,2:medium,+,0.5
55,1:low,2:medium,+,0.516
56,1:low,1:low,,0.531
57,1:low,2:medium,+,0.469
58,1:low,1:low,,0.5
59,1:low,1:low,,0.5
60,1:low,1:low,,0.5
61,1:low,2:medium,+,0.5
62,2:medium,1:low,+,0.5
63,2:medium,2:medium,,0.516
64,2:medium,2:medium,,0.531
65,2:medium,1:low,+,0.469
66,2:medium,1:low,+,0.531
67,2:medium,1:low,+,0.625
68,2:medium,1:low,+,0.516
69,3:high,3:high,,0.609
70,3:high,2:medium,+,0.469
71,3:high,2:medium,+,0.547
72,3:high,2:medium,+,0.531

