inst#,actual,predicted,error,prediction
1,3:low,3:low,,0.771
2,3:low,3:low,,0.829
3,2:medium,3:low,+,0.882
4,3:low,3:low,,0.857
5,3:low,3:low,,0.85
6,2:medium,3:low,+,0.86
7,3:low,3:low,,0.811
8,3:low,3:low,,0.811
9,2:medium,3:low,+,0.755
10,2:medium,3:low,+,0.789
11,3:low,3:low,,0.84
12,3:low,3:low,,0.766
13,3:low,3:low,,0.789
14,3:low,3:low,,0.849
15,3:low,3:low,,0.82
16,3:low,3:low,,0.79
17,3:low,3:low,,0.852
18,2:medium,3:low,+,0.786
19,2:medium,3:low,+,0.813
20,3:low,3:low,,0.784
21,3:low,3:low,,0.846
22,2:medium,3:low,+,0.852
23,3:low,3:low,,0.834
24,3:low,3:low,,0.797
25,3:low,3:low,,0.831
26,2:medium,3:low,+,0.693
27,3:low,3:low,,0.809
28,3:low,3:low,,0.806
29,3:low,2:medium,+,0.681
30,3:low,3:low,,0.777
31,3:low,3:low,,0.815
32,2:medium,3:low,+,0.646
33,2:medium,3:low,+,0.558
34,2:medium,3:low,+,0.635
35,1:high,2:medium,+,0.998
36,3:low,3:low,,0.853
37,3:low,3:low,,0.842
38,3:low,3:low,,0.84
39,2:medium,3:low,+,0.838
40,2:medium,3:low,+,0.79
41,3:low,3:low,,0.722
42,3:low,3:low,,0.727
43,2:medium,3:low,+,0.68
44,3:low,3:low,,0.827
45,3:low,3:low,,0.853
46,2:medium,3:low,+,0.812
47,3:low,3:low,,0.799
48,1:high,1:high,,0.944

