inst#,actual,predicted,error,prediction
1,3:low,3:low,,0.505
2,3:low,3:low,,0.648
3,2:medium,3:low,+,0.655
4,3:low,3:low,,0.593
5,3:low,3:low,,0.584
6,2:medium,2:medium,,0.499
7,3:low,2:medium,+,0.522
8,3:low,2:medium,+,0.454
9,2:medium,3:low,+,0.452
10,2:medium,3:low,+,0.509
11,3:low,3:low,,0.562
12,3:low,2:medium,+,0.443
13,3:low,3:low,,0.457
14,3:low,3:low,,0.607
15,3:low,3:low,,0.452
16,3:low,3:low,,0.607
17,3:low,3:low,,0.611
18,2:medium,3:low,+,0.503
19,2:medium,3:low,+,0.452
20,3:low,3:low,,0.522
21,3:low,3:low,,0.727
22,2:medium,3:low,+,0.607
23,3:low,3:low,,0.603
24,3:low,3:low,,0.509
25,3:low,2:medium,+,0.522
26,2:medium,2:medium,,0.706
27,3:low,3:low,,0.441
28,3:low,3:low,,0.529
29,3:low,2:medium,+,0.482
30,3:low,3:low,,0.527
31,3:low,3:low,,0.53
32,2:medium,2:medium,,0.786
33,2:medium,2:medium,,0.681
34,2:medium,2:medium,,0.514
35,1:high,2:medium,+,0.608
36,3:low,3:low,,0.613
37,3:low,3:low,,0.601
38,3:low,3:low,,0.568
39,2:medium,3:low,+,0.565
40,2:medium,2:medium,,0.511
41,3:low,3:low,,0.613
42,3:low,2:medium,+,0.46
43,2:medium,3:low,+,0.65
44,3:low,3:low,,0.527
45,3:low,3:low,,0.556
46,2:medium,2:medium,,0.493
47,3:low,3:low,,0.592
48,1:high,1:high,,0.854

