inst#,actual,predicted,error,prediction
1,3:low,3:low,,0.731
2,3:low,3:low,,0.615
3,2:medium,3:low,+,0.692
4,3:low,3:low,,0.692
5,3:low,3:low,,0.577
6,2:medium,3:low,+,0.615
7,3:low,3:low,,0.577
8,3:low,3:low,,0.538
9,2:medium,3:low,+,0.5
10,2:medium,2:medium,,0.5
11,3:low,3:low,,0.538
12,3:low,3:low,,0.577
13,3:low,3:low,,0.538
14,3:low,3:low,,0.654
15,3:low,3:low,,0.538
16,3:low,3:low,,0.5
17,3:low,3:low,,0.654
18,2:medium,3:low,+,0.615
19,2:medium,3:low,+,0.5
20,3:low,3:low,,0.5
21,3:low,3:low,,0.731
22,2:medium,3:low,+,0.731
23,3:low,3:low,,0.538
24,3:low,3:low,,0.654
25,3:low,3:low,,0.538
26,2:medium,3:low,+,0.5
27,3:low,3:low,,0.5
28,3:low,3:low,,0.654
29,3:low,1:high,+,0.5
30,3:low,3:low,,0.5
31,3:low,2:medium,+,0.462
32,2:medium,2:medium,,0.538
33,2:medium,2:medium,,0.5
34,2:medium,2:medium,,0.538
35,1:high,2:medium,+,0.577
36,3:low,3:low,,0.654
37,3:low,3:low,,0.692
38,3:low,3:low,,0.654
39,2:medium,3:low,+,0.538
40,2:medium,3:low,+,0.5
41,3:low,3:low,,0.5
42,3:low,3:low,,0.5
43,2:medium,2:medium,,0.5
44,3:low,3:low,,0.538
45,3:low,3:low,,0.577
46,2:medium,3:low,+,0.538
47,3:low,3:low,,0.577
48,1:high,1:high,,0.577

