inst#,actual,predicted,error,prediction
1,3:low,3:low,,0.762
2,3:low,3:low,,0.809
3,2:medium,3:low,+,0.885
4,3:low,3:low,,0.889
5,3:low,3:low,,0.889
6,2:medium,3:low,+,0.823
7,3:low,3:low,,0.838
8,3:low,3:low,,0.877
9,2:medium,3:low,+,0.8
10,2:medium,3:low,+,0.814
11,3:low,3:low,,0.879
12,3:low,3:low,,0.864
13,3:low,3:low,,0.81
14,3:low,3:low,,0.891
15,3:low,3:low,,0.826
16,3:low,3:low,,0.861
17,3:low,3:low,,0.878
18,2:medium,3:low,+,0.832
19,2:medium,3:low,+,0.857
20,3:low,3:low,,0.818
21,3:low,3:low,,0.845
22,2:medium,3:low,+,0.872
23,3:low,3:low,,0.885
24,3:low,3:low,,0.839
25,3:low,3:low,,0.866
26,2:medium,3:low,+,0.758
27,3:low,3:low,,0.876
28,3:low,3:low,,0.866
29,3:low,2:medium,+,0.542
30,3:low,3:low,,0.861
31,3:low,3:low,,0.833
32,2:medium,3:low,+,0.778
33,2:medium,3:low,+,0.691
34,2:medium,3:low,+,0.777
35,1:high,2:medium,+,0.704
36,3:low,3:low,,0.896
37,3:low,3:low,,0.854
38,3:low,3:low,,0.846
39,2:medium,3:low,+,0.846
40,2:medium,3:low,+,0.828
41,3:low,3:low,,0.786
42,3:low,3:low,,0.787
43,2:medium,3:low,+,0.804
44,3:low,3:low,,0.857
45,3:low,3:low,,0.892
46,2:medium,3:low,+,0.825
47,3:low,3:low,,0.832
48,1:high,1:high,,0.688

