inst#,actual,predicted,error,prediction
1,3:low,3:low,,0.501
2,3:low,3:low,,0.526
3,2:medium,3:low,+,0.55
4,3:low,3:low,,0.551
5,3:low,3:low,,0.548
6,2:medium,3:low,+,0.536
7,3:low,3:low,,0.531
8,3:low,3:low,,0.542
9,2:medium,3:low,+,0.51
10,2:medium,3:low,+,0.524
11,3:low,3:low,,0.544
12,3:low,3:low,,0.526
13,3:low,3:low,,0.521
14,3:low,3:low,,0.556
15,3:low,3:low,,0.527
16,3:low,3:low,,0.538
17,3:low,3:low,,0.543
18,2:medium,3:low,+,0.522
19,2:medium,3:low,+,0.533
20,3:low,3:low,,0.518
21,3:low,3:low,,0.54
22,2:medium,3:low,+,0.546
23,3:low,3:low,,0.549
24,3:low,3:low,,0.527
25,3:low,3:low,,0.543
26,2:medium,3:low,+,0.483
27,3:low,3:low,,0.539
28,3:low,3:low,,0.538
29,3:low,2:medium,+,0.599
30,3:low,3:low,,0.533
31,3:low,3:low,,0.525
32,2:medium,3:low,+,0.487
33,2:medium,3:low,+,0.445
34,2:medium,3:low,+,0.483
35,1:high,2:medium,+,0.6
36,3:low,3:low,,0.552
37,3:low,3:low,,0.535
38,3:low,3:low,,0.534
39,2:medium,3:low,+,0.532
40,2:medium,3:low,+,0.521
41,3:low,3:low,,0.499
42,3:low,3:low,,0.496
43,2:medium,3:low,+,0.509
44,3:low,3:low,,0.531
45,3:low,3:low,,0.553
46,2:medium,3:low,+,0.518
47,3:low,3:low,,0.521
48,1:high,1:high,,0.56

