inst#,actual,predicted,error,prediction
1,3:low,3:low,,0.585
2,3:low,3:low,,0.755
3,2:medium,3:low,+,0.472
4,3:low,3:low,,0.618
5,3:low,3:low,,0.507
6,2:medium,2:medium,,0.521
7,3:low,2:medium,+,0.491
8,3:low,3:low,,0.529
9,2:medium,2:medium,,0.521
10,2:medium,2:medium,,0.506
11,3:low,3:low,,0.532
12,3:low,2:medium,+,0.502
13,3:low,2:medium,+,0.496
14,3:low,2:medium,+,0.44
15,3:low,2:medium,+,0.547
16,3:low,3:low,,0.485
17,3:low,3:low,,0.598
18,2:medium,3:low,+,0.504
19,2:medium,2:medium,,0.456
20,3:low,3:low,,0.46
21,3:low,2:medium,+,0.493
22,2:medium,3:low,+,0.472
23,3:low,3:low,,0.508
24,3:low,3:low,,0.5
25,3:low,2:medium,+,0.498
26,2:medium,2:medium,,0.535
27,3:low,3:low,,0.49
28,3:low,3:low,,0.542
29,3:low,2:medium,+,0.533
30,3:low,2:medium,+,0.495
31,3:low,2:medium,+,0.567
32,2:medium,2:medium,,0.649
33,2:medium,2:medium,,0.566
34,2:medium,3:low,+,0.49
35,1:high,2:medium,+,0.722
36,3:low,3:low,,0.487
37,3:low,3:low,,0.56
38,3:low,3:low,,0.566
39,2:medium,2:medium,,0.545
40,2:medium,2:medium,,0.531
41,3:low,2:medium,+,0.524
42,3:low,3:low,,0.41
43,2:medium,2:medium,,0.517
44,3:low,2:medium,+,0.521
45,3:low,3:low,,0.494
46,2:medium,2:medium,,0.523
47,3:low,3:low,,0.479
48,1:high,1:high,,0.897

