inst#,actual,predicted,error,prediction
1,3:low,3:low,,0.551
2,3:low,3:low,,0.683
3,2:medium,3:low,+,0.525
4,3:low,3:low,,0.55
5,3:low,3:low,,0.55
6,2:medium,3:low,+,0.551
7,3:low,3:low,,0.524
8,3:low,2:medium,+,0.492
9,2:medium,2:medium,,0.491
10,2:medium,3:low,+,0.498
11,3:low,2:medium,+,0.491
12,3:low,3:low,,0.525
13,3:low,3:low,,0.471
14,3:low,2:medium,+,0.465
15,3:low,2:medium,+,0.647
16,3:low,3:low,,0.497
17,3:low,3:low,,0.497
18,2:medium,2:medium,,0.57
19,2:medium,2:medium,,0.517
20,3:low,2:medium,+,0.517
21,3:low,3:low,,0.497
22,2:medium,3:low,+,0.497
23,3:low,3:low,,0.47
24,3:low,3:low,,0.471
25,3:low,2:medium,+,0.518
26,2:medium,2:medium,,0.518
27,3:low,3:low,,0.524
28,3:low,3:low,,0.471
29,3:low,2:medium,+,0.519
30,3:low,3:low,,0.498
31,3:low,3:low,,0.551
32,2:medium,2:medium,,0.516
33,2:medium,2:medium,,0.596
34,2:medium,3:low,+,0.551
35,1:high,2:medium,+,0.389
36,3:low,3:low,,0.709
37,3:low,3:low,,0.603
38,3:low,3:low,,0.682
39,2:medium,3:low,+,0.789
40,2:medium,3:low,+,0.551
41,3:low,3:low,,0.523
42,3:low,2:medium,+,0.597
43,2:medium,2:medium,,0.517
44,3:low,3:low,,0.657
45,3:low,3:low,,0.709
46,2:medium,3:low,+,0.657
47,3:low,3:low,,0.709
48,1:high,1:high,,0.894

