inst#,actual,predicted,error,prediction
1,3:low,3:low,,0.601
2,3:low,3:low,,0.745
3,2:medium,3:low,+,0.618
4,3:low,3:low,,0.556
5,3:low,2:medium,+,0.534
6,2:medium,2:medium,,0.645
7,3:low,2:medium,+,0.665
8,3:low,2:medium,+,0.618
9,2:medium,2:medium,,0.696
10,2:medium,2:medium,,0.595
11,3:low,2:medium,+,0.508
12,3:low,2:medium,+,0.617
13,3:low,2:medium,+,0.691
14,3:low,2:medium,+,0.481
15,3:low,2:medium,+,0.557
16,3:low,2:medium,+,0.579
17,3:low,3:low,,0.642
18,2:medium,2:medium,,0.541
19,2:medium,2:medium,,0.519
20,3:low,2:medium,+,0.541
21,3:low,2:medium,+,0.531
22,2:medium,3:low,+,0.482
23,3:low,3:low,,0.517
24,3:low,2:medium,+,0.594
25,3:low,3:low,,0.479
26,2:medium,2:medium,,0.648
27,3:low,2:medium,+,0.592
28,3:low,3:low,,0.589
29,3:low,2:medium,+,0.494
30,3:low,2:medium,+,0.611
31,3:low,2:medium,+,0.641
32,2:medium,2:medium,,0.75
33,2:medium,2:medium,,0.808
34,2:medium,2:medium,,0.666
35,1:high,2:medium,+,0.657
36,3:low,2:medium,+,0.553
37,3:low,2:medium,+,0.564
38,3:low,3:low,,0.521
39,2:medium,2:medium,,0.573
40,2:medium,2:medium,,0.688
41,3:low,2:medium,+,0.715
42,3:low,2:medium,+,0.644
43,2:medium,2:medium,,0.667
44,3:low,2:medium,+,0.573
45,3:low,2:medium,+,0.572
46,2:medium,2:medium,,0.643
47,3:low,2:medium,+,0.623
48,1:high,1:high,,0.763

