inst#,actual,predicted,error,prediction
1,3:low,3:low,,0.721
2,3:low,3:low,,0.782
3,2:medium,3:low,+,0.784
4,3:low,3:low,,0.785
5,3:low,3:low,,0.809
6,2:medium,3:low,+,0.804
7,3:low,3:low,,0.682
8,3:low,3:low,,0.761
9,2:medium,3:low,+,0.768
10,2:medium,3:low,+,0.694
11,3:low,3:low,,0.743
12,3:low,3:low,,0.815
13,3:low,3:low,,0.734
14,3:low,3:low,,0.762
15,3:low,3:low,,0.722
16,3:low,3:low,,0.642
17,3:low,3:low,,0.639
18,2:medium,3:low,+,0.55
19,2:medium,3:low,+,0.581
20,3:low,3:low,,0.544
21,3:low,3:low,,0.806
22,2:medium,3:low,+,0.748
23,3:low,3:low,,0.655
24,3:low,3:low,,0.564
25,3:low,3:low,,0.725
26,2:medium,3:low,+,0.506
27,3:low,3:low,,0.519
28,3:low,3:low,,0.605
29,3:low,1:high,+,0.612
30,3:low,3:low,,0.554
31,3:low,3:low,,0.734
32,2:medium,3:low,+,0.47
33,2:medium,2:medium,,0.462
34,2:medium,2:medium,,0.503
35,1:high,2:medium,+,0.586
36,3:low,3:low,,0.82
37,3:low,3:low,,0.649
38,3:low,3:low,,0.836
39,2:medium,3:low,+,0.689
40,2:medium,2:medium,,0.527
41,3:low,3:low,,0.528
42,3:low,3:low,,0.559
43,2:medium,2:medium,,0.584
44,3:low,3:low,,0.62
45,3:low,3:low,,0.716
46,2:medium,3:low,+,0.659
47,3:low,3:low,,0.549
48,1:high,1:high,,0.959

