inst#,actual,predicted,error,prediction
1,3:low,3:low,,0.494
2,3:low,3:low,,0.676
3,2:medium,3:low,+,0.616
4,3:low,3:low,,0.643
5,3:low,3:low,,0.704
6,2:medium,3:low,+,0.615
7,3:low,3:low,,0.644
8,3:low,3:low,,0.644
9,2:medium,3:low,+,0.526
10,2:medium,3:low,+,0.615
11,3:low,3:low,,0.614
12,3:low,3:low,,0.614
13,3:low,3:low,,0.614
14,3:low,3:low,,0.586
15,3:low,3:low,,0.555
16,3:low,3:low,,0.556
17,3:low,3:low,,0.586
18,2:medium,3:low,+,0.497
19,2:medium,3:low,+,0.497
20,3:low,2:medium,+,0.543
21,3:low,3:low,,0.585
22,2:medium,3:low,+,0.645
23,3:low,3:low,,0.586
24,3:low,2:medium,+,0.488
25,3:low,3:low,,0.645
26,2:medium,2:medium,,0.6
27,3:low,3:low,,0.615
28,3:low,3:low,,0.645
29,3:low,1:high,+,0.655
30,3:low,3:low,,0.615
31,3:low,2:medium,+,0.544
32,2:medium,2:medium,,0.543
33,2:medium,2:medium,,0.772
34,2:medium,2:medium,,0.573
35,1:high,2:medium,+,0.513
36,3:low,3:low,,0.675
37,3:low,2:medium,+,0.514
38,3:low,3:low,,0.555
39,2:medium,3:low,+,0.497
40,2:medium,3:low,+,0.496
41,3:low,2:medium,+,0.601
42,3:low,2:medium,+,0.545
43,2:medium,2:medium,,0.744
44,3:low,3:low,,0.493
45,3:low,3:low,,0.497
46,2:medium,2:medium,,0.544
47,3:low,2:medium,+,0.514
48,1:high,1:high,,0.674

