inst#,actual,predicted,error,prediction
1,3:low,3:low,,0.494
2,3:low,3:low,,0.886
3,2:medium,3:low,+,0.752
4,3:low,3:low,,0.78
5,3:low,3:low,,0.731
6,2:medium,3:low,+,0.693
7,3:low,3:low,,0.703
8,3:low,3:low,,0.674
9,2:medium,3:low,+,0.712
10,2:medium,3:low,+,0.703
11,3:low,3:low,,0.702
12,3:low,3:low,,0.626
13,3:low,3:low,,0.665
14,3:low,3:low,,0.662
15,3:low,3:low,,0.595
16,3:low,3:low,,0.626
17,3:low,3:low,,0.739
18,2:medium,2:medium,,0.551
19,2:medium,3:low,+,0.652
20,3:low,3:low,,0.644
21,3:low,3:low,,0.721
22,2:medium,3:low,+,0.721
23,3:low,3:low,,0.674
24,3:low,3:low,,0.722
25,3:low,3:low,,0.634
26,2:medium,2:medium,,0.615
27,3:low,3:low,,0.693
28,3:low,3:low,,0.635
29,3:low,2:medium,+,0.577
30,3:low,3:low,,0.606
31,3:low,3:low,,0.645
32,2:medium,2:medium,,0.72
33,2:medium,2:medium,,0.728
34,2:medium,3:low,+,0.569
35,1:high,2:medium,+,0.53
36,3:low,3:low,,0.711
37,3:low,3:low,,0.615
38,3:low,3:low,,0.818
39,2:medium,3:low,+,0.693
40,2:medium,2:medium,,0.548
41,3:low,2:medium,+,0.579
42,3:low,2:medium,+,0.671
43,2:medium,2:medium,,0.643
44,3:low,3:low,,0.741
45,3:low,3:low,,0.732
46,2:medium,3:low,+,0.664
47,3:low,3:low,,0.665
48,1:high,1:high,,0.94

