inst#,actual,predicted,error,prediction
1,3:low,3:low,,1
2,3:low,3:low,,1
3,2:medium,2:medium,,1
4,3:low,2:medium,+,1
5,3:low,3:low,,0.726
6,2:medium,2:medium,,1
7,3:low,2:medium,+,1
8,3:low,3:low,,0.966
9,2:medium,2:medium,,1
10,2:medium,3:low,+,0.666
11,3:low,2:medium,+,1
12,3:low,2:medium,+,1
13,3:low,2:medium,+,1
14,3:low,2:medium,+,1
15,3:low,2:medium,+,1
16,3:low,2:medium,+,1
17,3:low,3:low,,0.996
18,2:medium,2:medium,,1
19,2:medium,2:medium,,1
20,3:low,2:medium,+,1
21,3:low,2:medium,+,1
22,2:medium,2:medium,,1
23,3:low,2:medium,+,1
24,3:low,3:low,,0.609
25,3:low,2:medium,+,0.989
26,2:medium,2:medium,,1
27,3:low,3:low,,0.674
28,3:low,2:medium,+,1
29,3:low,2:medium,+,1
30,3:low,2:medium,+,1
31,3:low,2:medium,+,1
32,2:medium,2:medium,,1
33,2:medium,2:medium,,1
34,2:medium,3:low,+,0.69
35,1:high,2:medium,+,1
36,3:low,3:low,,0.945
37,3:low,3:low,,1
38,3:low,2:medium,+,1
39,2:medium,2:medium,,1
40,2:medium,2:medium,,1
41,3:low,2:medium,+,1
42,3:low,2:medium,+,0.996
43,2:medium,2:medium,,0.596
44,3:low,2:medium,+,1
45,3:low,2:medium,+,1
46,2:medium,2:medium,,1
47,3:low,2:medium,+,1
48,1:high,1:high,,0.972

