inst#,actual,predicted,error,prediction
1,3:low,3:low,,0.811
2,3:low,3:low,,0.824
3,2:medium,3:low,+,0.825
4,3:low,3:low,,0.869
5,3:low,3:low,,0.819
6,2:medium,3:low,+,0.803
7,3:low,3:low,,0.841
8,3:low,3:low,,0.823
9,2:medium,3:low,+,0.773
10,2:medium,3:low,+,0.823
11,3:low,3:low,,0.822
12,3:low,3:low,,0.815
13,3:low,3:low,,0.791
14,3:low,3:low,,0.814
15,3:low,3:low,,0.762
16,3:low,3:low,,0.82
17,3:low,3:low,,0.85
18,2:medium,3:low,+,0.786
19,2:medium,3:low,+,0.825
20,3:low,3:low,,0.841
21,3:low,3:low,,0.817
22,2:medium,3:low,+,0.827
23,3:low,3:low,,0.825
24,3:low,3:low,,0.837
25,3:low,3:low,,0.758
26,2:medium,3:low,+,0.73
27,3:low,3:low,,0.856
28,3:low,3:low,,0.848
29,3:low,2:medium,+,0.997
30,3:low,3:low,,0.811
31,3:low,3:low,,0.798
32,2:medium,3:low,+,0.68
33,2:medium,3:low,+,0.727
34,2:medium,3:low,+,0.791
35,1:high,2:medium,+,1
36,3:low,3:low,,0.796
37,3:low,3:low,,0.82
38,3:low,3:low,,0.859
39,2:medium,3:low,+,0.81
40,2:medium,3:low,+,0.821
41,3:low,3:low,,0.768
42,3:low,3:low,,0.831
43,2:medium,3:low,+,0.811
44,3:low,3:low,,0.841
45,3:low,3:low,,0.842
46,2:medium,3:low,+,0.787
47,3:low,3:low,,0.846
48,1:high,2:medium,+,0.677

