inst#,actual,predicted,error,prediction
1,3:low,3:low,,0.702
2,3:low,3:low,,0.741
3,2:medium,3:low,+,0.736
4,3:low,3:low,,0.77
5,3:low,3:low,,0.708
6,2:medium,3:low,+,0.748
7,3:low,3:low,,0.638
8,3:low,3:low,,0.745
9,2:medium,3:low,+,0.666
10,2:medium,3:low,+,0.673
11,3:low,3:low,,0.672
12,3:low,3:low,,0.755
13,3:low,3:low,,0.634
14,3:low,3:low,,0.648
15,3:low,3:low,,0.623
16,3:low,3:low,,0.549
17,3:low,3:low,,0.65
18,2:medium,3:low,+,0.526
19,2:medium,3:low,+,0.574
20,3:low,3:low,,0.565
21,3:low,3:low,,0.682
22,2:medium,3:low,+,0.65
23,3:low,3:low,,0.529
24,3:low,3:low,,0.575
25,3:low,3:low,,0.718
26,2:medium,3:low,+,0.525
27,3:low,3:low,,0.603
28,3:low,3:low,,0.596
29,3:low,1:high,+,0.887
30,3:low,3:low,,0.612
31,3:low,3:low,,0.691
32,2:medium,3:low,+,0.451
33,2:medium,3:low,+,0.491
34,2:medium,2:medium,,0.441
35,1:high,2:medium,+,0.882
36,3:low,3:low,,0.794
37,3:low,3:low,,0.621
38,3:low,3:low,,0.812
39,2:medium,3:low,+,0.707
40,2:medium,3:low,+,0.539
41,3:low,3:low,,0.465
42,3:low,3:low,,0.504
43,2:medium,2:medium,,0.582
44,3:low,3:low,,0.614
45,3:low,3:low,,0.731
46,2:medium,3:low,+,0.665
47,3:low,3:low,,0.593
48,1:high,1:high,,0.998

