inst#,actual,predicted,error,prediction
1,3:low,3:low,,0.994
2,3:low,3:low,,1
3,2:medium,2:medium,,0.892
4,3:low,2:medium,+,0.976
5,3:low,2:medium,+,0.823
6,2:medium,2:medium,,0.983
7,3:low,2:medium,+,0.995
8,3:low,2:medium,+,0.72
9,2:medium,2:medium,,0.999
10,2:medium,3:low,+,0.803
11,3:low,3:low,,0.814
12,3:low,2:medium,+,0.846
13,3:low,2:medium,+,0.995
14,3:low,2:medium,+,0.98
15,3:low,2:medium,+,1
16,3:low,2:medium,+,0.998
17,3:low,2:medium,+,0.748
18,2:medium,2:medium,,0.99
19,2:medium,2:medium,,0.996
20,3:low,2:medium,+,0.989
21,3:low,2:medium,+,0.984
22,2:medium,2:medium,,0.964
23,3:low,2:medium,+,0.909
24,3:low,2:medium,+,0.981
25,3:low,2:medium,+,0.999
26,2:medium,2:medium,,1
27,3:low,2:medium,+,0.973
28,3:low,2:medium,+,0.971
29,3:low,2:medium,+,0.999
30,3:low,2:medium,+,0.708
31,3:low,2:medium,+,0.783
32,2:medium,2:medium,,1
33,2:medium,2:medium,,1
34,2:medium,2:medium,,1
35,1:high,2:medium,+,0.999
36,3:low,2:medium,+,0.919
37,3:low,2:medium,+,1
38,3:low,2:medium,+,0.999
39,2:medium,2:medium,,1
40,2:medium,2:medium,,1
41,3:low,2:medium,+,1
42,3:low,2:medium,+,0.998
43,2:medium,2:medium,,0.997
44,3:low,2:medium,+,0.99
45,3:low,2:medium,+,0.993
46,2:medium,2:medium,,0.996
47,3:low,2:medium,+,0.982
48,1:high,1:high,,1

