inst#,actual,predicted,error,prediction
1,3:low,3:low,,0.724
2,3:low,3:low,,0.821
3,2:medium,2:medium,,0.554
4,3:low,3:low,,0.598
5,3:low,2:medium,+,0.567
6,2:medium,2:medium,,0.584
7,3:low,2:medium,+,0.503
8,3:low,2:medium,+,0.482
9,2:medium,2:medium,,0.652
10,2:medium,2:medium,,0.55
11,3:low,2:medium,+,0.533
12,3:low,2:medium,+,0.5
13,3:low,2:medium,+,0.58
14,3:low,2:medium,+,0.532
15,3:low,2:medium,+,0.588
16,3:low,2:medium,+,0.645
17,3:low,2:medium,+,0.518
18,2:medium,2:medium,,0.588
19,2:medium,2:medium,,0.647
20,3:low,2:medium,+,0.592
21,3:low,2:medium,+,0.471
22,2:medium,2:medium,,0.557
23,3:low,2:medium,+,0.538
24,3:low,2:medium,+,0.547
25,3:low,2:medium,+,0.606
26,2:medium,2:medium,,0.712
27,3:low,2:medium,+,0.632
28,3:low,2:medium,+,0.636
29,3:low,2:medium,+,0.61
30,3:low,2:medium,+,0.611
31,3:low,2:medium,+,0.609
32,2:medium,2:medium,,0.68
33,2:medium,2:medium,,0.627
34,2:medium,2:medium,,0.584
35,1:high,2:medium,+,0.637
36,3:low,2:medium,+,0.557
37,3:low,2:medium,+,0.614
38,3:low,2:medium,+,0.485
39,2:medium,2:medium,,0.505
40,2:medium,2:medium,,0.592
41,3:low,2:medium,+,0.539
42,3:low,2:medium,+,0.479
43,2:medium,2:medium,,0.604
44,3:low,2:medium,+,0.512
45,3:low,3:low,,0.445
46,2:medium,2:medium,,0.502
47,3:low,2:medium,+,0.563
48,1:high,1:high,,0.79

