inst#,actual,predicted,error,prediction
1,3:low,3:low,,0.563
2,3:low,3:low,,0.938
3,2:medium,3:low,+,0.688
4,3:low,3:low,,0.688
5,3:low,2:medium,+,0.5
6,2:medium,3:low,+,0.625
7,3:low,3:low,,0.563
8,3:low,3:low,,0.625
9,2:medium,3:low,+,0.563
10,2:medium,2:medium,,0.5
11,3:low,3:low,,0.563
12,3:low,3:low,,0.563
13,3:low,2:medium,+,0.563
14,3:low,3:low,,0.563
15,3:low,3:low,,0.563
16,3:low,2:medium,+,0.438
17,3:low,3:low,,0.563
18,2:medium,2:medium,,0.563
19,2:medium,3:low,+,0.5
20,3:low,3:low,,0.563
21,3:low,3:low,,0.563
22,2:medium,3:low,+,0.625
23,3:low,3:low,,0.5
24,3:low,3:low,,0.563
25,3:low,3:low,,0.563
26,2:medium,3:low,+,0.563
27,3:low,3:low,,0.563
28,3:low,2:medium,+,0.5
29,3:low,2:medium,+,0.625
30,3:low,2:medium,+,0.438
31,3:low,3:low,,0.5
32,2:medium,2:medium,,0.563
33,2:medium,2:medium,,0.625
34,2:medium,2:medium,,0.438
35,1:high,2:medium,+,0.625
36,3:low,2:medium,+,0.5
37,3:low,2:medium,+,0.563
38,3:low,3:low,,0.563
39,2:medium,2:medium,,0.5
40,2:medium,2:medium,,0.5
41,3:low,2:medium,+,0.438
42,3:low,2:medium,+,0.563
43,2:medium,3:low,+,0.563
44,3:low,3:low,,0.5
45,3:low,3:low,,0.563
46,2:medium,2:medium,,0.625
47,3:low,2:medium,+,0.563
48,1:high,1:high,,0.75

