inst#,actual,predicted,error,prediction
1,3:low,2:medium,+,0.992
2,3:low,3:low,,1
3,2:medium,2:medium,,0.994
4,3:low,3:low,,1
5,3:low,3:low,,1
6,2:medium,3:low,+,0.999
7,3:low,3:low,,0.696
8,3:low,3:low,,0.988
9,2:medium,2:medium,,0.999
10,2:medium,2:medium,,1
11,3:low,2:medium,+,0.972
12,3:low,3:low,,1
13,3:low,2:medium,+,0.997
14,3:low,2:medium,+,0.937
15,3:low,2:medium,+,1
16,3:low,2:medium,+,1
17,3:low,2:medium,+,0.998
18,2:medium,2:medium,,1
19,2:medium,2:medium,,1
20,3:low,2:medium,+,1
21,3:low,2:medium,+,1
22,2:medium,3:low,+,1
23,3:low,2:medium,+,0.996
24,3:low,3:low,,1
25,3:low,2:medium,+,1
26,2:medium,2:medium,,1
27,3:low,2:medium,+,0.991
28,3:low,2:medium,+,1
29,3:low,2:medium,+,1
30,3:low,2:medium,+,1
31,3:low,2:medium,+,1
32,2:medium,2:medium,,1
33,2:medium,2:medium,,1
34,2:medium,2:medium,,1
35,1:high,2:medium,+,1
36,3:low,2:medium,+,0.773
37,3:low,3:low,,1
38,3:low,2:medium,+,1
39,2:medium,3:low,+,1
40,2:medium,2:medium,,1
41,3:low,2:medium,+,1
42,3:low,2:medium,+,1
43,2:medium,2:medium,,1
44,3:low,2:medium,+,1
45,3:low,2:medium,+,0.814
46,2:medium,2:medium,,0.805
47,3:low,3:low,,0.852
48,1:high,1:high,,1

