inst#,actual,predicted,error,prediction
1,3:low,3:low,,0.893
2,3:low,3:low,,0.76
3,2:medium,2:medium,,0.466
4,3:low,2:medium,+,0.517
5,3:low,2:medium,+,0.53
6,2:medium,2:medium,,0.58
7,3:low,3:low,,0.542
8,3:low,3:low,,0.527
9,2:medium,2:medium,,0.469
10,2:medium,3:low,+,0.499
11,3:low,2:medium,+,0.502
12,3:low,2:medium,+,0.511
13,3:low,3:low,,0.567
14,3:low,2:medium,+,0.409
15,3:low,2:medium,+,0.508
16,3:low,2:medium,+,0.396
17,3:low,2:medium,+,0.46
18,2:medium,2:medium,,0.505
19,2:medium,2:medium,,0.459
20,3:low,2:medium,+,0.371
21,3:low,2:medium,+,0.438
22,2:medium,2:medium,,0.442
23,3:low,2:medium,+,0.4
24,3:low,2:medium,+,0.413
25,3:low,2:medium,+,0.435
26,2:medium,2:medium,,0.483
27,3:low,2:medium,+,0.435
28,3:low,2:medium,+,0.503
29,3:low,1:high,+,0.683
30,3:low,2:medium,+,0.532
31,3:low,2:medium,+,0.533
32,2:medium,2:medium,,0.575
33,2:medium,2:medium,,0.575
34,2:medium,2:medium,,0.506
35,1:high,2:medium,+,0.703
36,3:low,3:low,,0.39
37,3:low,2:medium,+,0.399
38,3:low,2:medium,+,0.386
39,2:medium,1:high,+,0.343
40,2:medium,2:medium,,0.468
41,3:low,2:medium,+,0.398
42,3:low,3:low,,0.354
43,2:medium,2:medium,,0.508
44,3:low,3:low,,0.39
45,3:low,3:low,,0.336
46,2:medium,3:low,+,0.387
47,3:low,2:medium,+,0.449
48,1:high,1:high,,0.487

