inst#,actual,predicted,error,prediction
1,3:low,2:medium,+,0.503
2,3:low,3:low,,0.778
3,2:medium,3:low,+,0.591
4,3:low,3:low,,0.609
5,3:low,3:low,,0.526
6,2:medium,2:medium,,0.524
7,3:low,2:medium,+,0.518
8,3:low,3:low,,0.526
9,2:medium,2:medium,,0.503
10,2:medium,3:low,+,0.517
11,3:low,3:low,,0.528
12,3:low,3:low,,0.496
13,3:low,3:low,,0.486
14,3:low,3:low,,0.437
15,3:low,2:medium,+,0.55
16,3:low,3:low,,0.482
17,3:low,3:low,,0.53
18,2:medium,3:low,+,0.494
19,2:medium,2:medium,,0.499
20,3:low,2:medium,+,0.488
21,3:low,2:medium,+,0.523
22,2:medium,2:medium,,0.482
23,3:low,3:low,,0.537
24,3:low,3:low,,0.5
25,3:low,2:medium,+,0.496
26,2:medium,2:medium,,0.563
27,3:low,3:low,,0.474
28,3:low,3:low,,0.518
29,3:low,2:medium,+,0.553
30,3:low,2:medium,+,0.513
31,3:low,2:medium,+,0.544
32,2:medium,2:medium,,0.683
33,2:medium,2:medium,,0.647
34,2:medium,2:medium,,0.553
35,1:high,2:medium,+,0.761
36,3:low,3:low,,0.51
37,3:low,3:low,,0.598
38,3:low,3:low,,0.521
39,2:medium,2:medium,,0.514
40,2:medium,2:medium,,0.556
41,3:low,2:medium,+,0.604
42,3:low,3:low,,0.414
43,2:medium,2:medium,,0.515
44,3:low,2:medium,+,0.503
45,3:low,2:medium,+,0.517
46,2:medium,2:medium,,0.639
47,3:low,2:medium,+,0.491
48,1:high,1:high,,0.912

