inst#,actual,predicted,error,prediction
1,3:low,3:low,,0.803
2,3:low,3:low,,0.834
3,2:medium,3:low,+,0.811
4,3:low,3:low,,0.844
5,3:low,3:low,,0.85
6,2:medium,3:low,+,0.823
7,3:low,3:low,,0.818
8,3:low,3:low,,0.88
9,2:medium,3:low,+,0.807
10,2:medium,3:low,+,0.804
11,3:low,3:low,,0.817
12,3:low,3:low,,0.866
13,3:low,3:low,,0.822
14,3:low,3:low,,0.887
15,3:low,3:low,,0.81
16,3:low,3:low,,0.826
17,3:low,3:low,,0.826
18,2:medium,3:low,+,0.78
19,2:medium,3:low,+,0.826
20,3:low,3:low,,0.821
21,3:low,3:low,,0.846
22,2:medium,3:low,+,0.857
23,3:low,3:low,,0.877
24,3:low,3:low,,0.787
25,3:low,3:low,,0.799
26,2:medium,3:low,+,0.713
27,3:low,3:low,,0.82
28,3:low,3:low,,0.807
29,3:low,2:medium,+,0.624
30,3:low,3:low,,0.808
31,3:low,3:low,,0.803
32,2:medium,3:low,+,0.739
33,2:medium,3:low,+,0.709
34,2:medium,3:low,+,0.737
35,1:high,2:medium,+,0.992
36,3:low,3:low,,0.864
37,3:low,3:low,,0.78
38,3:low,3:low,,0.832
39,2:medium,3:low,+,0.827
40,2:medium,3:low,+,0.782
41,3:low,3:low,,0.692
42,3:low,3:low,,0.704
43,2:medium,3:low,+,0.762
44,3:low,3:low,,0.88
45,3:low,3:low,,0.77
46,2:medium,3:low,+,0.837
47,3:low,3:low,,0.803
48,1:high,2:medium,+,0.54

