inst#,actual,predicted,error,prediction
1,3:low,3:low,,0.679
2,3:low,3:low,,0.735
3,2:medium,2:medium,,0.507
4,3:low,3:low,,0.529
5,3:low,2:medium,+,0.612
6,2:medium,2:medium,,0.645
7,3:low,2:medium,+,0.605
8,3:low,2:medium,+,0.607
9,2:medium,2:medium,,0.614
10,2:medium,2:medium,,0.646
11,3:low,2:medium,+,0.61
12,3:low,2:medium,+,0.603
13,3:low,2:medium,+,0.613
14,3:low,2:medium,+,0.638
15,3:low,2:medium,+,0.674
16,3:low,2:medium,+,0.608
17,3:low,2:medium,+,0.7
18,2:medium,2:medium,,0.67
19,2:medium,2:medium,,0.684
20,3:low,2:medium,+,0.64
21,3:low,2:medium,+,0.626
22,2:medium,2:medium,,0.661
23,3:low,2:medium,+,0.682
24,3:low,2:medium,+,0.738
25,3:low,2:medium,+,0.624
26,2:medium,2:medium,,0.672
27,3:low,2:medium,+,0.655
28,3:low,2:medium,+,0.695
29,3:low,1:high,+,0.565
30,3:low,2:medium,+,0.629
31,3:low,2:medium,+,0.696
32,2:medium,2:medium,,0.74
33,2:medium,2:medium,,0.671
34,2:medium,2:medium,,0.691
35,1:high,2:medium,+,0.669
36,3:low,2:medium,+,0.575
37,3:low,2:medium,+,0.635
38,3:low,3:low,,0.464
39,2:medium,2:medium,,0.557
40,2:medium,2:medium,,0.66
41,3:low,2:medium,+,0.586
42,3:low,2:medium,+,0.521
43,2:medium,2:medium,,0.614
44,3:low,2:medium,+,0.599
45,3:low,2:medium,+,0.523
46,2:medium,2:medium,,0.615
47,3:low,2:medium,+,0.574
48,1:high,1:high,,0.749

