inst#,actual,predicted,error,prediction
1,3:low,3:low,,0.644
2,3:low,3:low,,0.856
3,2:medium,3:low,+,0.807
4,3:low,3:low,,0.621
5,3:low,3:low,,0.681
6,2:medium,3:low,+,0.618
7,3:low,3:low,,0.714
8,3:low,3:low,,0.712
9,2:medium,3:low,+,0.635
10,2:medium,3:low,+,0.665
11,3:low,3:low,,0.757
12,3:low,3:low,,0.602
13,3:low,3:low,,0.633
14,3:low,3:low,,0.568
15,3:low,3:low,,0.567
16,3:low,3:low,,0.568
17,3:low,3:low,,0.621
18,2:medium,3:low,+,0.71
19,2:medium,3:low,+,0.576
20,3:low,3:low,,0.576
21,3:low,3:low,,0.568
22,2:medium,3:low,+,0.568
23,3:low,3:low,,0.621
24,3:low,3:low,,0.621
25,3:low,3:low,,0.57
26,2:medium,2:medium,,0.596
27,3:low,3:low,,0.626
28,3:low,3:low,,0.619
29,3:low,3:low,,0.55
30,3:low,3:low,,0.518
31,3:low,3:low,,0.511
32,2:medium,2:medium,,0.567
33,2:medium,2:medium,,0.56
34,2:medium,3:low,+,0.666
35,1:high,2:medium,+,0.696
36,3:low,3:low,,0.561
37,3:low,3:low,,0.611
38,3:low,3:low,,0.682
39,2:medium,3:low,+,0.535
40,2:medium,3:low,+,0.661
41,3:low,3:low,,0.617
42,3:low,3:low,,0.629
43,2:medium,3:low,+,0.706
44,3:low,3:low,,0.572
45,3:low,3:low,,0.609
46,2:medium,3:low,+,0.559
47,3:low,3:low,,0.665
48,1:high,1:high,,0.916

