inst#,actual,predicted,error,prediction
1,3:low,3:low,,0.953
2,3:low,3:low,,0.994
3,2:medium,3:low,+,0.68
4,3:low,3:low,,0.995
5,3:low,3:low,,0.95
6,2:medium,3:low,+,0.798
7,3:low,3:low,,0.953
8,3:low,3:low,,0.911
9,2:medium,3:low,+,0.539
10,2:medium,3:low,+,0.908
11,3:low,3:low,,0.886
12,3:low,3:low,,0.674
13,3:low,3:low,,0.732
14,3:low,3:low,,0.963
15,3:low,3:low,,0.586
16,3:low,3:low,,0.591
17,3:low,3:low,,0.894
18,2:medium,3:low,+,0.801
19,2:medium,3:low,+,0.964
20,3:low,3:low,,0.943
21,3:low,3:low,,0.713
22,2:medium,3:low,+,0.877
23,3:low,3:low,,0.951
24,3:low,3:low,,0.645
25,3:low,3:low,,0.916
26,2:medium,2:medium,,0.797
27,3:low,3:low,,0.966
28,3:low,3:low,,0.837
29,3:low,2:medium,+,0.874
30,3:low,3:low,,0.546
31,3:low,2:medium,+,0.647
32,2:medium,2:medium,,0.855
33,2:medium,3:low,+,0.525
34,2:medium,3:low,+,0.927
35,1:high,2:medium,+,0.904
36,3:low,3:low,,0.604
37,3:low,3:low,,0.876
38,3:low,3:low,,0.865
39,2:medium,3:low,+,0.937
40,2:medium,3:low,+,0.832
41,3:low,3:low,,0.687
42,3:low,3:low,,0.693
43,2:medium,3:low,+,0.973
44,3:low,3:low,,0.92
45,3:low,3:low,,0.777
46,2:medium,3:low,+,0.536
47,3:low,3:low,,0.86
48,1:high,?,,?

