inst#,actual,predicted,error,prediction
1,3:low,3:low,,1
2,3:low,3:low,,1
3,2:medium,3:low,+,1
4,3:low,3:low,,1
5,3:low,3:low,,0.992
6,2:medium,3:low,+,1
7,3:low,3:low,,1
8,3:low,2:medium,+,0.982
9,2:medium,2:medium,,0.975
10,2:medium,3:low,+,0.995
11,3:low,3:low,,1
12,3:low,2:medium,+,1
13,3:low,3:low,,1
14,3:low,3:low,,0.821
15,3:low,2:medium,+,0.992
16,3:low,2:medium,+,0.898
17,3:low,3:low,,0.999
18,2:medium,3:low,+,1
19,2:medium,2:medium,,0.999
20,3:low,3:low,,0.926
21,3:low,2:medium,+,0.551
22,2:medium,3:low,+,1
23,3:low,3:low,,1
24,3:low,3:low,,0.976
25,3:low,3:low,,1
26,2:medium,2:medium,,1
27,3:low,3:low,,0.677
28,3:low,3:low,,0.828
29,3:low,3:low,,1
30,3:low,2:medium,+,1
31,3:low,2:medium,+,1
32,2:medium,2:medium,,1
33,2:medium,2:medium,,1
34,2:medium,3:low,+,0.993
35,1:high,3:low,+,0.994
36,3:low,2:medium,+,1
37,3:low,2:medium,+,0.998
38,3:low,3:low,,1
39,2:medium,3:low,+,0.626
40,2:medium,3:low,+,0.528
41,3:low,2:medium,+,0.993
42,3:low,2:medium,+,0.932
43,2:medium,3:low,+,1
44,3:low,2:medium,+,1
45,3:low,2:medium,+,1
46,2:medium,2:medium,,1
47,3:low,3:low,,1
48,1:high,2:medium,+,1

