inst#,actual,predicted,error,prediction
1,3:low,3:low,,0.981
2,3:low,3:low,,0.855
3,2:medium,3:low,+,0.827
4,3:low,3:low,,0.924
5,3:low,3:low,,0.962
6,2:medium,3:low,+,0.909
7,3:low,3:low,,0.981
8,3:low,3:low,,0.954
9,2:medium,3:low,+,0.771
10,2:medium,3:low,+,0.919
11,3:low,3:low,,0.917
12,3:low,3:low,,0.86
13,3:low,3:low,,0.937
14,3:low,3:low,,0.973
15,3:low,3:low,,0.864
16,3:low,3:low,,0.953
17,3:low,3:low,,0.922
18,2:medium,3:low,+,0.958
19,2:medium,3:low,+,0.898
20,3:low,2:medium,+,0.512
21,3:low,3:low,,0.66
22,2:medium,3:low,+,0.841
23,3:low,3:low,,0.886
24,3:low,3:low,,0.798
25,3:low,3:low,,0.86
26,2:medium,3:low,+,0.726
27,3:low,3:low,,0.776
28,3:low,3:low,,0.793
29,3:low,3:low,,0.813
30,3:low,3:low,,0.796
31,3:low,3:low,,0.801
32,2:medium,3:low,+,0.951
33,2:medium,3:low,+,0.668
34,2:medium,3:low,+,0.748
35,1:high,1:high,,0.333
36,3:low,3:low,,0.731
37,3:low,3:low,,0.664
38,3:low,3:low,,0.698
39,2:medium,3:low,+,0.773
40,2:medium,3:low,+,0.7
41,3:low,3:low,,0.83
42,3:low,3:low,,0.698
43,2:medium,3:low,+,0.806
44,3:low,3:low,,0.848
45,3:low,3:low,,0.774
46,2:medium,3:low,+,0.825
47,3:low,3:low,,0.738
48,1:high,1:high,,0.333

