inst#,actual,predicted,error,prediction
1,3:low,3:low,,0.74
2,3:low,3:low,,0.85
3,2:medium,3:low,+,0.776
4,3:low,3:low,,0.776
5,3:low,3:low,,0.776
6,2:medium,3:low,+,0.85
7,3:low,3:low,,0.85
8,3:low,3:low,,0.85
9,2:medium,3:low,+,0.776
10,2:medium,3:low,+,0.85
11,3:low,3:low,,0.85
12,3:low,3:low,,0.655
13,3:low,3:low,,0.776
14,3:low,3:low,,0.776
15,3:low,3:low,,0.776
16,3:low,3:low,,0.85
17,3:low,3:low,,0.776
18,2:medium,3:low,+,0.85
19,2:medium,3:low,+,0.776
20,3:low,3:low,,0.776
21,3:low,3:low,,0.85
22,2:medium,3:low,+,0.776
23,3:low,3:low,,0.776
24,3:low,3:low,,0.85
25,3:low,3:low,,0.85
26,2:medium,3:low,+,0.56
27,3:low,3:low,,0.85
28,3:low,3:low,,0.776
29,3:low,3:low,,0.829
30,3:low,3:low,,0.85
31,3:low,3:low,,0.583
32,2:medium,3:low,+,0.535
33,2:medium,3:low,+,0.565
34,2:medium,3:low,+,0.776
35,1:high,3:low,+,0.528
36,3:low,3:low,,0.583
37,3:low,3:low,,0.713
38,3:low,3:low,,0.778
39,2:medium,3:low,+,0.583
40,2:medium,3:low,+,0.85
41,3:low,3:low,,0.776
42,3:low,3:low,,0.712
43,2:medium,3:low,+,0.91
44,3:low,3:low,,0.776
45,3:low,3:low,,0.85
46,2:medium,3:low,+,0.776
47,3:low,3:low,,0.85
48,1:high,2:medium,+,0.602

