inst#,actual,predicted,error,prediction
1,3:low,3:low,,0.655
2,3:low,3:low,,0.797
3,2:medium,3:low,+,0.665
4,3:low,3:low,,0.737
5,3:low,3:low,,0.786
6,2:medium,3:low,+,0.554
7,3:low,3:low,,0.667
8,3:low,3:low,,0.703
9,2:medium,2:medium,,0.512
10,2:medium,3:low,+,0.64
11,3:low,3:low,,0.699
12,3:low,3:low,,0.645
13,3:low,3:low,,0.58
14,3:low,3:low,,0.659
15,3:low,2:medium,+,0.523
16,3:low,3:low,,0.626
17,3:low,3:low,,0.698
18,2:medium,3:low,+,0.553
19,2:medium,3:low,+,0.624
20,3:low,3:low,,0.582
21,3:low,3:low,,0.601
22,2:medium,3:low,+,0.584
23,3:low,3:low,,0.618
24,3:low,3:low,,0.526
25,3:low,3:low,,0.596
26,2:medium,2:medium,,0.668
27,3:low,3:low,,0.614
28,3:low,3:low,,0.604
29,3:low,2:medium,+,0.897
30,3:low,3:low,,0.539
31,3:low,2:medium,+,0.555
32,2:medium,2:medium,,0.787
33,2:medium,2:medium,,0.703
34,2:medium,2:medium,,0.524
35,1:high,2:medium,+,0.658
36,3:low,3:low,,0.62
37,3:low,2:medium,+,0.629
38,3:low,3:low,,0.624
39,2:medium,3:low,+,0.66
40,2:medium,3:low,+,0.573
41,3:low,3:low,,0.653
42,3:low,3:low,,0.54
43,2:medium,3:low,+,0.674
44,3:low,3:low,,0.657
45,3:low,3:low,,0.638
46,2:medium,3:low,+,0.622
47,3:low,3:low,,0.574
48,1:high,2:medium,+,0.932

