inst#,actual,predicted,error,prediction
1,3:low,3:low,,0.54
2,3:low,3:low,,0.592
3,2:medium,3:low,+,0.429
4,3:low,3:low,,0.6
5,3:low,3:low,,0.586
6,2:medium,3:low,+,0.589
7,3:low,3:low,,0.526
8,3:low,3:low,,0.587
9,2:medium,3:low,+,0.529
10,2:medium,3:low,+,0.466
11,3:low,3:low,,0.58
12,3:low,3:low,,0.57
13,3:low,3:low,,0.591
14,3:low,3:low,,0.588
15,3:low,3:low,,0.553
16,3:low,3:low,,0.557
17,3:low,3:low,,0.588
18,2:medium,3:low,+,0.499
19,2:medium,3:low,+,0.558
20,3:low,3:low,,0.508
21,3:low,3:low,,0.523
22,2:medium,3:low,+,0.586
23,3:low,3:low,,0.554
24,3:low,3:low,,0.526
25,3:low,3:low,,0.527
26,2:medium,2:medium,,0.558
27,3:low,3:low,,0.534
28,3:low,3:low,,0.584
29,3:low,2:medium,+,0.538
30,3:low,3:low,,0.545
31,3:low,3:low,,0.503
32,2:medium,3:low,+,0.504
33,2:medium,3:low,+,0.462
34,2:medium,2:medium,,0.477
35,1:high,1:high,,0.333
36,3:low,3:low,,0.542
37,3:low,3:low,,0.557
38,3:low,3:low,,0.49
39,2:medium,3:low,+,0.552
40,2:medium,3:low,+,0.445
41,3:low,2:medium,+,0.437
42,3:low,3:low,,0.436
43,2:medium,3:low,+,0.554
44,3:low,3:low,,0.548
45,3:low,3:low,,0.49
46,2:medium,3:low,+,0.553
47,3:low,3:low,,0.505
48,1:high,1:high,,0.333

