inst#,actual,predicted,error,prediction
1,3:low,3:low,,0.733
2,3:low,3:low,,0.803
3,2:medium,3:low,+,0.988
4,3:low,3:low,,0.865
5,3:low,3:low,,0.877
6,2:medium,3:low,+,0.796
7,3:low,3:low,,0.803
8,3:low,3:low,,0.854
9,2:medium,3:low,+,0.629
10,2:medium,3:low,+,0.783
11,3:low,3:low,,0.872
12,3:low,3:low,,0.766
13,3:low,3:low,,0.8
14,3:low,3:low,,0.884
15,3:low,3:low,,0.761
16,3:low,3:low,,0.837
17,3:low,3:low,,0.874
18,2:medium,3:low,+,0.874
19,2:medium,3:low,+,0.831
20,3:low,3:low,,0.581
21,3:low,3:low,,0.833
22,2:medium,3:low,+,0.86
23,3:low,3:low,,0.843
24,3:low,3:low,,0.802
25,3:low,3:low,,0.849
26,2:medium,3:low,+,0.594
27,3:low,3:low,,0.834
28,3:low,3:low,,0.865
29,3:low,3:low,,0.615
30,3:low,3:low,,0.842
31,3:low,3:low,,0.742
32,2:medium,3:low,+,0.673
33,2:medium,2:medium,,0.611
34,2:medium,3:low,+,0.534
35,1:high,3:low,+,0.539
36,3:low,3:low,,0.835
37,3:low,2:medium,+,0.561
38,3:low,3:low,,0.769
39,2:medium,3:low,+,0.745
40,2:medium,3:low,+,0.624
41,3:low,3:low,,0.672
42,3:low,3:low,,0.636
43,2:medium,3:low,+,0.798
44,3:low,3:low,,0.814
45,3:low,3:low,,0.833
46,2:medium,3:low,+,0.642
47,3:low,3:low,,0.627
48,1:high,3:low,+,0.5

