inst#,actual,predicted,error,prediction
1,3:low,3:low,,0.708
2,3:low,3:low,,0.698
3,2:medium,3:low,+,0.647
4,3:low,2:medium,+,0.513
5,3:low,3:low,,0.577
6,2:medium,2:medium,,0.51
7,3:low,2:medium,+,0.51
8,3:low,2:medium,+,0.51
9,2:medium,2:medium,,0.51
10,2:medium,2:medium,,0.51
11,3:low,2:medium,+,0.51
12,3:low,2:medium,+,0.576
13,3:low,2:medium,+,0.51
14,3:low,2:medium,+,0.51
15,3:low,2:medium,+,0.51
16,3:low,2:medium,+,0.51
17,3:low,2:medium,+,0.51
18,2:medium,3:low,+,0.577
19,2:medium,2:medium,,0.51
20,3:low,2:medium,+,0.51
21,3:low,2:medium,+,0.51
22,2:medium,2:medium,,0.51
23,3:low,2:medium,+,0.51
24,3:low,2:medium,+,0.51
25,3:low,2:medium,+,0.51
26,2:medium,2:medium,,0.537
27,3:low,2:medium,+,0.51
28,3:low,2:medium,+,0.558
29,3:low,3:low,,0.545
30,3:low,2:medium,+,0.51
31,3:low,2:medium,+,0.551
32,2:medium,3:low,+,0.511
33,2:medium,2:medium,,0.541
34,2:medium,2:medium,,0.51
35,1:high,2:medium,+,0.566
36,3:low,2:medium,+,0.551
37,3:low,2:medium,+,0.516
38,3:low,2:medium,+,0.51
39,2:medium,2:medium,,0.599
40,2:medium,2:medium,,0.51
41,3:low,2:medium,+,0.558
42,3:low,2:medium,+,0.571
43,2:medium,3:low,+,0.681
44,3:low,2:medium,+,0.51
45,3:low,2:medium,+,0.51
46,2:medium,2:medium,,0.563
47,3:low,2:medium,+,0.51
48,1:high,2:medium,+,0.566

