inst#,actual,predicted,error,prediction
1,3:low,3:low,,1
2,3:low,3:low,,1
3,2:medium,3:low,+,1
4,3:low,3:low,,1
5,3:low,3:low,,1
6,2:medium,3:low,+,1
7,3:low,2:medium,+,0.992
8,3:low,2:medium,+,0.998
9,2:medium,2:medium,,0.99
10,2:medium,3:low,+,0.987
11,3:low,2:medium,+,0.992
12,3:low,2:medium,+,1
13,3:low,3:low,,0.996
14,3:low,3:low,,1
15,3:low,2:medium,+,0.539
16,3:low,2:medium,+,0.989
17,3:low,3:low,,1
18,2:medium,3:low,+,0.993
19,2:medium,2:medium,,0.966
20,3:low,2:medium,+,0.997
21,3:low,2:medium,+,1
22,2:medium,3:low,+,1
23,3:low,3:low,,0.97
24,3:low,2:medium,+,0.995
25,3:low,3:low,,0.999
26,2:medium,2:medium,,1
27,3:low,2:medium,+,0.582
28,3:low,2:medium,+,1
29,3:low,2:medium,+,0.999
30,3:low,2:medium,+,0.993
31,3:low,2:medium,+,0.993
32,2:medium,2:medium,,1
33,2:medium,2:medium,,1
34,2:medium,2:medium,,0.724
35,1:high,2:medium,+,1
36,3:low,2:medium,+,0.998
37,3:low,2:medium,+,0.999
38,3:low,2:medium,+,0.986
39,2:medium,2:medium,,1
40,2:medium,3:low,+,0.6
41,3:low,2:medium,+,1
42,3:low,2:medium,+,0.999
43,2:medium,3:low,+,1
44,3:low,2:medium,+,0.983
45,3:low,2:medium,+,0.994
46,2:medium,2:medium,,1
47,3:low,3:low,,0.961
48,1:high,2:medium,+,1

