inst#,actual,predicted,error,prediction
1,3:low,3:low,,1
2,3:low,3:low,,1
3,2:medium,3:low,+,1
4,3:low,3:low,,1
5,3:low,3:low,,0.998
6,2:medium,2:medium,,0.999
7,3:low,2:medium,+,0.77
8,3:low,2:medium,+,1
9,2:medium,2:medium,,0.998
10,2:medium,2:medium,,0.999
11,3:low,2:medium,+,1
12,3:low,2:medium,+,0.994
13,3:low,3:low,,0.682
14,3:low,2:medium,+,1
15,3:low,2:medium,+,1
16,3:low,2:medium,+,1
17,3:low,2:medium,+,0.999
18,2:medium,3:low,+,0.995
19,2:medium,2:medium,,0.998
20,3:low,2:medium,+,0.999
21,3:low,2:medium,+,1
22,2:medium,2:medium,,1
23,3:low,2:medium,+,1
24,3:low,2:medium,+,0.998
25,3:low,2:medium,+,0.849
26,2:medium,2:medium,,0.997
27,3:low,2:medium,+,0.998
28,3:low,2:medium,+,1
29,3:low,2:medium,+,1
30,3:low,2:medium,+,1
31,3:low,2:medium,+,1
32,2:medium,2:medium,,0.997
33,2:medium,2:medium,,0.999
34,2:medium,3:low,+,0.987
35,1:high,2:medium,+,1
36,3:low,2:medium,+,1
37,3:low,2:medium,+,1
38,3:low,2:medium,+,0.625
39,2:medium,2:medium,,1
40,2:medium,2:medium,,0.672
41,3:low,2:medium,+,1
42,3:low,2:medium,+,1
43,2:medium,3:low,+,1
44,3:low,2:medium,+,0.735
45,3:low,2:medium,+,1
46,2:medium,2:medium,,0.999
47,3:low,2:medium,+,0.999
48,1:high,2:medium,+,1

