inst#,actual,predicted,error,prediction
1,3:low,3:low,,0.573
2,3:low,3:low,,0.798
3,2:medium,3:low,+,0.634
4,3:low,3:low,,0.54
5,3:low,3:low,,0.542
6,2:medium,3:low,+,0.534
7,3:low,2:medium,+,0.523
8,3:low,2:medium,+,0.516
9,2:medium,2:medium,,0.52
10,2:medium,2:medium,,0.503
11,3:low,3:low,,0.515
12,3:low,2:medium,+,0.586
13,3:low,3:low,,0.518
14,3:low,3:low,,0.505
15,3:low,2:medium,+,0.533
16,3:low,2:medium,+,0.546
17,3:low,3:low,,0.525
18,2:medium,3:low,+,0.51
19,2:medium,2:medium,,0.532
20,3:low,2:medium,+,0.533
21,3:low,2:medium,+,0.508
22,2:medium,3:low,+,0.51
23,3:low,2:medium,+,0.515
24,3:low,2:medium,+,0.538
25,3:low,2:medium,+,0.504
26,2:medium,2:medium,,0.614
27,3:low,2:medium,+,0.517
28,3:low,2:medium,+,0.551
29,3:low,2:medium,+,0.614
30,3:low,2:medium,+,0.553
31,3:low,2:medium,+,0.61
32,2:medium,2:medium,,0.642
33,2:medium,2:medium,,0.554
34,2:medium,2:medium,,0.516
35,1:high,2:medium,+,0.681
36,3:low,2:medium,+,0.605
37,3:low,2:medium,+,0.556
38,3:low,3:low,,0.503
39,2:medium,2:medium,,0.578
40,2:medium,2:medium,,0.516
41,3:low,2:medium,+,0.549
42,3:low,2:medium,+,0.563
43,2:medium,3:low,+,0.724
44,3:low,2:medium,+,0.539
45,3:low,2:medium,+,0.563
46,2:medium,2:medium,,0.576
47,3:low,3:low,,0.528
48,1:high,2:medium,+,0.77

