inst#,actual,predicted,error,prediction
1,3:low,3:low,,0.731
2,3:low,3:low,,0.692
3,2:medium,3:low,+,0.731
4,3:low,3:low,,0.692
5,3:low,3:low,,0.615
6,2:medium,2:medium,,0.538
7,3:low,3:low,,0.538
8,3:low,3:low,,0.538
9,2:medium,2:medium,,0.577
10,2:medium,2:medium,,0.577
11,3:low,2:medium,+,0.5
12,3:low,2:medium,+,0.577
13,3:low,2:medium,+,0.538
14,3:low,2:medium,+,0.538
15,3:low,2:medium,+,0.615
16,3:low,2:medium,+,0.5
17,3:low,3:low,,0.538
18,2:medium,2:medium,,0.615
19,2:medium,2:medium,,0.5
20,3:low,2:medium,+,0.577
21,3:low,3:low,,0.538
22,2:medium,2:medium,,0.5
23,3:low,2:medium,+,0.538
24,3:low,2:medium,+,0.615
25,3:low,2:medium,+,0.615
26,2:medium,2:medium,,0.654
27,3:low,2:medium,+,0.577
28,3:low,2:medium,+,0.577
29,3:low,2:medium,+,0.808
30,3:low,2:medium,+,0.654
31,3:low,2:medium,+,0.615
32,2:medium,2:medium,,0.692
33,2:medium,2:medium,,0.654
34,2:medium,2:medium,,0.654
35,1:high,2:medium,+,0.769
36,3:low,2:medium,+,0.538
37,3:low,2:medium,+,0.577
38,3:low,2:medium,+,0.577
39,2:medium,2:medium,,0.615
40,2:medium,2:medium,,0.615
41,3:low,2:medium,+,0.615
42,3:low,2:medium,+,0.654
43,2:medium,2:medium,,0.769
44,3:low,2:medium,+,0.577
45,3:low,2:medium,+,0.577
46,2:medium,2:medium,,0.615
47,3:low,2:medium,+,0.692
48,1:high,2:medium,+,0.846

