inst#,actual,predicted,error,prediction
1,3:low,2:medium,+,0.53
2,3:low,3:low,,0.824
3,2:medium,3:low,+,0.766
4,3:low,3:low,,0.693
5,3:low,3:low,,0.741
6,2:medium,3:low,+,0.643
7,3:low,3:low,,0.73
8,3:low,3:low,,0.686
9,2:medium,3:low,+,0.614
10,2:medium,3:low,+,0.676
11,3:low,3:low,,0.715
12,3:low,3:low,,0.713
13,3:low,3:low,,0.687
14,3:low,3:low,,0.682
15,3:low,3:low,,0.614
16,3:low,3:low,,0.639
17,3:low,3:low,,0.691
18,2:medium,3:low,+,0.621
19,2:medium,3:low,+,0.73
20,3:low,3:low,,0.593
21,3:low,3:low,,0.614
22,2:medium,3:low,+,0.719
23,3:low,3:low,,0.639
24,3:low,3:low,,0.639
25,3:low,3:low,,0.656
26,2:medium,3:low,+,0.597
27,3:low,3:low,,0.639
28,3:low,3:low,,0.616
29,3:low,2:medium,+,0.563
30,3:low,3:low,,0.639
31,3:low,3:low,,0.614
32,2:medium,3:low,+,0.531
33,2:medium,3:low,+,0.515
34,2:medium,3:low,+,0.608
35,1:high,2:medium,+,0.666
36,3:low,3:low,,0.695
37,3:low,3:low,,0.614
38,3:low,3:low,,0.651
39,2:medium,3:low,+,0.628
40,2:medium,3:low,+,0.651
41,3:low,3:low,,0.628
42,3:low,3:low,,0.641
43,2:medium,3:low,+,0.679
44,3:low,3:low,,0.651
45,3:low,3:low,,0.724
46,2:medium,3:low,+,0.628
47,3:low,3:low,,0.651
48,1:high,3:low,+,0.517

