inst#,actual,predicted,error,prediction
1,3:low,3:low,,0.75
2,3:low,3:low,,0.779
3,2:medium,3:low,+,0.808
4,3:low,3:low,,0.84
5,3:low,3:low,,0.79
6,2:medium,3:low,+,0.665
7,3:low,3:low,,0.736
8,3:low,3:low,,0.744
9,2:medium,3:low,+,0.572
10,2:medium,3:low,+,0.605
11,3:low,3:low,,0.761
12,3:low,3:low,,0.577
13,3:low,3:low,,0.635
14,3:low,3:low,,0.744
15,3:low,3:low,,0.609
16,3:low,3:low,,0.721
17,3:low,3:low,,0.694
18,2:medium,3:low,+,0.706
19,2:medium,3:low,+,0.649
20,3:low,3:low,,0.512
21,3:low,3:low,,0.689
22,2:medium,3:low,+,0.711
23,3:low,3:low,,0.652
24,3:low,3:low,,0.64
25,3:low,3:low,,0.697
26,2:medium,3:low,+,0.607
27,3:low,3:low,,0.672
28,3:low,3:low,,0.69
29,3:low,2:medium,+,0.67
30,3:low,3:low,,0.641
31,3:low,3:low,,0.525
32,2:medium,3:low,+,0.527
33,2:medium,2:medium,,0.503
34,2:medium,3:low,+,0.656
35,1:high,3:low,+,0.605
36,3:low,3:low,,0.748
37,3:low,3:low,,0.67
38,3:low,3:low,,0.798
39,2:medium,3:low,+,0.793
40,2:medium,3:low,+,0.751
41,3:low,3:low,,0.798
42,3:low,3:low,,0.731
43,2:medium,3:low,+,0.736
44,3:low,3:low,,0.804
45,3:low,3:low,,0.822
46,2:medium,3:low,+,0.798
47,3:low,3:low,,0.755
48,1:high,2:medium,+,0.67

