inst#,actual,predicted,error,prediction
1,3:low,3:low,,0.63
2,3:low,3:low,,0.815
3,2:medium,3:low,+,0.684
4,3:low,3:low,,0.512
5,3:low,3:low,,0.564
6,2:medium,3:low,+,0.512
7,3:low,3:low,,0.526
8,3:low,2:medium,+,0.514
9,2:medium,2:medium,,0.527
10,2:medium,3:low,+,0.578
11,3:low,3:low,,0.552
12,3:low,2:medium,+,0.593
13,3:low,3:low,,0.578
14,3:low,3:low,,0.565
15,3:low,3:low,,0.526
16,3:low,2:medium,+,0.501
17,3:low,3:low,,0.512
18,2:medium,3:low,+,0.577
19,2:medium,3:low,+,0.539
20,3:low,3:low,,0.526
21,3:low,2:medium,+,0.54
22,2:medium,2:medium,,0.54
23,3:low,2:medium,+,0.54
24,3:low,2:medium,+,0.527
25,3:low,3:low,,0.565
26,2:medium,2:medium,,0.634
27,3:low,3:low,,0.512
28,3:low,2:medium,+,0.501
29,3:low,2:medium,+,0.54
30,3:low,2:medium,+,0.514
31,3:low,2:medium,+,0.618
32,2:medium,2:medium,,0.634
33,2:medium,2:medium,,0.607
34,2:medium,3:low,+,0.539
35,1:high,2:medium,+,0.658
36,3:low,2:medium,+,0.579
37,3:low,2:medium,+,0.553
38,3:low,3:low,,0.552
39,2:medium,2:medium,,0.526
40,2:medium,3:low,+,0.539
41,3:low,3:low,,0.512
42,3:low,2:medium,+,0.54
43,2:medium,3:low,+,0.682
44,3:low,3:low,,0.526
45,3:low,2:medium,+,0.527
46,2:medium,2:medium,,0.514
47,3:low,3:low,,0.578
48,1:high,2:medium,+,0.645

