inst#,actual,predicted,error,prediction
1,3:low,2:medium,+,0.504
2,3:low,3:low,,0.965
3,2:medium,3:low,+,0.677
4,3:low,3:low,,0.687
5,3:low,3:low,,0.608
6,2:medium,3:low,+,0.588
7,3:low,3:low,,0.608
8,3:low,3:low,,0.587
9,2:medium,3:low,+,0.578
10,2:medium,3:low,+,0.587
11,3:low,3:low,,0.568
12,3:low,3:low,,0.558
13,3:low,3:low,,0.627
14,3:low,3:low,,0.568
15,3:low,3:low,,0.558
16,3:low,3:low,,0.508
17,3:low,3:low,,0.587
18,2:medium,3:low,+,0.568
19,2:medium,3:low,+,0.568
20,3:low,3:low,,0.537
21,3:low,3:low,,0.558
22,2:medium,3:low,+,0.568
23,3:low,3:low,,0.508
24,3:low,3:low,,0.567
25,3:low,3:low,,0.587
26,2:medium,2:medium,,0.582
27,3:low,3:low,,0.538
28,3:low,3:low,,0.527
29,3:low,3:low,,0.577
30,3:low,3:low,,0.528
31,3:low,2:medium,+,0.552
32,2:medium,2:medium,,0.572
33,2:medium,2:medium,,0.553
34,2:medium,3:low,+,0.568
35,1:high,2:medium,+,0.602
36,3:low,2:medium,+,0.523
37,3:low,3:low,,0.537
38,3:low,3:low,,0.598
39,2:medium,2:medium,,0.553
40,2:medium,3:low,+,0.548
41,3:low,2:medium,+,0.512
42,3:low,3:low,,0.518
43,2:medium,3:low,+,0.747
44,3:low,3:low,,0.538
45,3:low,3:low,,0.508
46,2:medium,3:low,+,0.538
47,3:low,3:low,,0.567
48,1:high,2:medium,+,0.811

