inst#,actual,predicted,error,prediction
1,3:low,3:low,,0.765
2,3:low,2:medium,+,0.503
3,2:medium,3:low,+,0.504
4,3:low,3:low,,0.53
5,3:low,3:low,,0.511
6,2:medium,2:medium,,0.748
7,3:low,2:medium,+,0.635
8,3:low,2:medium,+,0.607
9,2:medium,2:medium,,0.824
10,2:medium,2:medium,,0.722
11,3:low,2:medium,+,0.665
12,3:low,2:medium,+,0.646
13,3:low,2:medium,+,0.69
14,3:low,2:medium,+,0.641
15,3:low,2:medium,+,0.815
16,3:low,2:medium,+,0.789
17,3:low,2:medium,+,0.554
18,2:medium,2:medium,,0.665
19,2:medium,2:medium,,0.643
20,3:low,2:medium,+,0.667
21,3:low,2:medium,+,0.767
22,2:medium,2:medium,,0.772
23,3:low,2:medium,+,0.838
24,3:low,2:medium,+,0.771
25,3:low,2:medium,+,0.764
26,2:medium,2:medium,,0.792
27,3:low,2:medium,+,0.741
28,3:low,2:medium,+,0.779
29,3:low,2:medium,+,0.854
30,3:low,2:medium,+,0.77
31,3:low,2:medium,+,0.811
32,2:medium,2:medium,,0.702
33,2:medium,2:medium,,0.82
34,2:medium,2:medium,,0.681
35,1:high,2:medium,+,0.785
36,3:low,2:medium,+,0.693
37,3:low,2:medium,+,0.776
38,3:low,2:medium,+,0.631
39,2:medium,2:medium,,0.624
40,2:medium,2:medium,,0.628
41,3:low,2:medium,+,0.695
42,3:low,2:medium,+,0.603
43,2:medium,2:medium,,0.635
44,3:low,2:medium,+,0.631
45,3:low,2:medium,+,0.675
46,2:medium,2:medium,,0.632
47,3:low,2:medium,+,0.63
48,1:high,2:medium,+,0.89

