inst#,actual,predicted,error,prediction
1,3:low,3:low,,0.949
2,3:low,3:low,,0.956
3,2:medium,2:medium,,0.503
4,3:low,3:low,,0.996
5,3:low,3:low,,0.949
6,2:medium,3:low,+,0.973
7,3:low,3:low,,0.781
8,3:low,3:low,,0.905
9,2:medium,3:low,+,0.719
10,2:medium,2:medium,,0.562
11,3:low,3:low,,0.948
12,3:low,3:low,,0.876
13,3:low,3:low,,0.918
14,3:low,3:low,,0.791
15,3:low,3:low,,0.87
16,3:low,3:low,,0.839
17,3:low,3:low,,0.959
18,2:medium,2:medium,,0.512
19,2:medium,3:low,+,0.866
20,3:low,3:low,,0.604
21,3:low,3:low,,0.853
22,2:medium,3:low,+,0.974
23,3:low,3:low,,0.893
24,3:low,3:low,,0.686
25,3:low,3:low,,0.621
26,2:medium,2:medium,,0.802
27,3:low,3:low,,0.767
28,3:low,3:low,,0.909
29,3:low,3:low,,0.502
30,3:low,3:low,,0.686
31,3:low,3:low,,0.653
32,2:medium,2:medium,,0.606
33,2:medium,2:medium,,0.606
34,2:medium,2:medium,,0.567
35,1:high,3:low,+,0.382
36,3:low,3:low,,0.871
37,3:low,3:low,,0.828
38,3:low,3:low,,0.893
39,2:medium,3:low,+,0.839
40,2:medium,3:low,+,0.775
41,3:low,3:low,,0.559
42,3:low,3:low,,0.722
43,2:medium,3:low,+,0.784
44,3:low,3:low,,0.955
45,3:low,3:low,,0.906
46,2:medium,3:low,+,0.721
47,3:low,3:low,,0.858
48,1:high,1:high,,0.333

