inst#,actual,predicted,error,prediction
1,3:low,2:medium,+,0.515
2,3:low,3:low,,0.672
3,2:medium,3:low,+,0.797
4,3:low,3:low,,0.729
5,3:low,3:low,,0.735
6,2:medium,3:low,+,0.922
7,3:low,3:low,,0.922
8,3:low,3:low,,0.797
9,2:medium,3:low,+,0.672
10,2:medium,3:low,+,0.797
11,3:low,3:low,,0.86
12,3:low,3:low,,0.672
13,3:low,3:low,,0.86
14,3:low,3:low,,0.735
15,3:low,3:low,,0.735
16,3:low,3:low,,0.735
17,3:low,3:low,,0.86
18,2:medium,3:low,+,0.735
19,2:medium,3:low,+,0.797
20,3:low,3:low,,0.797
21,3:low,3:low,,0.797
22,2:medium,3:low,+,0.735
23,3:low,3:low,,0.735
24,3:low,3:low,,0.672
25,3:low,3:low,,0.61
26,2:medium,2:medium,,0.515
27,3:low,3:low,,0.735
28,3:low,3:low,,0.672
29,3:low,2:medium,+,0.813
30,3:low,3:low,,0.547
31,3:low,3:low,,0.672
32,2:medium,2:medium,,0.578
33,2:medium,2:medium,,0.703
34,2:medium,3:low,+,0.547
35,1:high,3:low,+,0.625
36,3:low,3:low,,0.86
37,3:low,3:low,,0.735
38,3:low,3:low,,0.797
39,2:medium,3:low,+,0.797
40,2:medium,3:low,+,0.797
41,3:low,3:low,,0.797
42,3:low,3:low,,0.797
43,2:medium,3:low,+,0.86
44,3:low,3:low,,0.797
45,3:low,3:low,,0.797
46,2:medium,3:low,+,0.813
47,3:low,3:low,,0.735
48,1:high,2:medium,+,0.938

