inst#,actual,predicted,error,prediction
1,3:low,3:low,,0.711
2,3:low,3:low,,0.71
3,2:medium,3:low,+,0.531
4,3:low,3:low,,0.578
5,3:low,3:low,,0.606
6,3:low,3:low,,0.813
7,3:low,3:low,,0.87
8,3:low,1:high,+,0.387
9,3:low,3:low,,0.879
10,3:low,3:low,,0.842
11,3:low,3:low,,0.785
12,2:medium,3:low,+,0.533
13,3:low,3:low,,0.665
14,3:low,3:low,,0.606
15,3:low,3:low,,0.748
16,2:medium,2:medium,,0.659
17,3:low,2:medium,+,0.518
18,2:medium,3:low,+,0.691
19,3:low,3:low,,0.804
20,3:low,2:medium,+,0.584
21,1:high,1:high,,0.829
22,3:low,3:low,,0.569
23,3:low,3:low,,0.57
24,3:low,3:low,,0.569
25,3:low,3:low,,0.842
26,3:low,3:low,,0.758
27,3:low,2:medium,+,0.529
28,3:low,3:low,,0.636
29,3:low,3:low,,0.795
30,3:low,3:low,,0.739
31,3:low,3:low,,0.767
32,3:low,3:low,,0.533
33,3:low,2:medium,+,0.686
34,3:low,2:medium,+,0.62
35,3:low,2:medium,+,0.535
36,3:low,2:medium,+,0.593
37,3:low,2:medium,+,0.539
38,3:low,3:low,,0.804
39,3:low,2:medium,+,0.657
40,3:low,2:medium,+,0.622
41,3:low,2:medium,+,0.649
42,3:low,2:medium,+,0.687
43,3:low,2:medium,+,0.547
44,3:low,3:low,,0.513
45,3:low,2:medium,+,0.557
46,3:low,2:medium,+,0.65
47,3:low,2:medium,+,0.667
48,3:low,2:medium,+,0.651

