inst#,actual,predicted,error,prediction
1,3:low,3:low,,0.897
2,3:low,3:low,,0.839
3,2:medium,3:low,+,0.509
4,3:low,3:low,,0.603
5,3:low,3:low,,0.617
6,3:low,3:low,,0.916
7,3:low,3:low,,0.892
8,3:low,2:medium,+,0.556
9,3:low,3:low,,0.696
10,3:low,3:low,,0.748
11,3:low,3:low,,0.833
12,2:medium,3:low,+,0.514
13,3:low,3:low,,0.732
14,3:low,3:low,,0.689
15,3:low,3:low,,0.648
16,2:medium,2:medium,,0.51
17,3:low,3:low,,0.525
18,2:medium,3:low,+,0.754
19,3:low,3:low,,0.782
20,3:low,3:low,,0.53
21,1:high,1:high,,0.524
22,3:low,3:low,,0.702
23,3:low,3:low,,0.83
24,3:low,3:low,,0.697
25,3:low,3:low,,0.682
26,3:low,3:low,,0.536
27,3:low,3:low,,0.801
28,3:low,3:low,,0.771
29,3:low,3:low,,0.839
30,3:low,3:low,,0.864
31,3:low,3:low,,0.657
32,3:low,3:low,,0.735
33,3:low,3:low,,0.517
34,3:low,2:medium,+,0.533
35,3:low,3:low,,0.516
36,3:low,3:low,,0.564
37,3:low,3:low,,0.655
38,3:low,3:low,,0.697
39,3:low,3:low,,0.583
40,3:low,3:low,,0.561
41,3:low,3:low,,0.617
42,3:low,3:low,,0.626
43,3:low,3:low,,0.659
44,3:low,3:low,,0.64
45,3:low,3:low,,0.578
46,3:low,3:low,,0.576
47,3:low,2:medium,+,0.518
48,3:low,3:low,,0.593

