inst#,actual,predicted,error,prediction
1,3:low,3:low,,0.913
2,3:low,3:low,,0.897
3,2:medium,3:low,+,0.522
4,3:low,3:low,,0.598
5,3:low,3:low,,0.731
6,3:low,3:low,,0.971
7,3:low,3:low,,0.928
8,3:low,3:low,,0.581
9,3:low,3:low,,0.714
10,3:low,3:low,,0.715
11,3:low,3:low,,0.787
12,2:medium,3:low,+,0.582
13,3:low,3:low,,0.75
14,3:low,3:low,,0.586
15,3:low,3:low,,0.696
16,2:medium,3:low,+,0.577
17,3:low,3:low,,0.538
18,2:medium,3:low,+,0.809
19,3:low,3:low,,0.779
20,3:low,3:low,,0.586
21,1:high,1:high,,0.882
22,3:low,3:low,,0.715
23,3:low,3:low,,0.864
24,3:low,3:low,,0.747
25,3:low,3:low,,0.761
26,3:low,3:low,,0.642
27,3:low,3:low,,0.836
28,3:low,3:low,,0.772
29,3:low,3:low,,0.826
30,3:low,3:low,,0.895
31,3:low,3:low,,0.801
32,3:low,3:low,,0.737
33,3:low,3:low,,0.539
34,3:low,3:low,,0.507
35,3:low,3:low,,0.594
36,3:low,3:low,,0.637
37,3:low,3:low,,0.714
38,3:low,3:low,,0.737
39,3:low,3:low,,0.659
40,3:low,3:low,,0.637
41,3:low,3:low,,0.6
42,3:low,3:low,,0.586
43,3:low,3:low,,0.68
44,3:low,3:low,,0.668
45,3:low,3:low,,0.586
46,3:low,3:low,,0.53
47,3:low,2:medium,+,0.554
48,3:low,3:low,,0.527

