inst#,actual,predicted,error,prediction
1,3:low,3:low,,0.545
2,3:low,3:low,,0.535
3,2:medium,3:low,+,0.414
4,3:low,3:low,,0.481
5,3:low,3:low,,0.474
6,3:low,3:low,,0.564
7,3:low,3:low,,0.553
8,3:low,3:low,,0.409
9,3:low,3:low,,0.447
10,3:low,3:low,,0.484
11,3:low,3:low,,0.526
12,2:medium,3:low,+,0.425
13,3:low,3:low,,0.501
14,3:low,3:low,,0.455
15,3:low,3:low,,0.462
16,2:medium,3:low,+,0.432
17,3:low,3:low,,0.431
18,2:medium,3:low,+,0.514
19,3:low,3:low,,0.504
20,3:low,3:low,,0.423
21,1:high,1:high,,0.598
22,3:low,3:low,,0.472
23,3:low,3:low,,0.514
24,3:low,3:low,,0.473
25,3:low,3:low,,0.456
26,3:low,3:low,,0.425
27,3:low,3:low,,0.509
28,3:low,3:low,,0.502
29,3:low,3:low,,0.522
30,3:low,3:low,,0.539
31,3:low,3:low,,0.484
32,3:low,3:low,,0.517
33,3:low,3:low,,0.434
34,3:low,3:low,,0.419
35,3:low,3:low,,0.431
36,3:low,3:low,,0.447
37,3:low,3:low,,0.509
38,3:low,3:low,,0.496
39,3:low,3:low,,0.462
40,3:low,3:low,,0.445
41,3:low,3:low,,0.481
42,3:low,3:low,,0.491
43,3:low,3:low,,0.518
44,3:low,3:low,,0.484
45,3:low,3:low,,0.446
46,3:low,3:low,,0.452
47,3:low,3:low,,0.413
48,3:low,3:low,,0.468

