inst#,actual,predicted,error,prediction
1,3:low,3:low,,0.776
2,3:low,3:low,,0.717
3,2:medium,3:low,+,0.525
4,3:low,3:low,,0.644
5,3:low,3:low,,0.584
6,3:low,3:low,,0.666
7,3:low,3:low,,0.633
8,3:low,2:medium,+,0.455
9,3:low,3:low,,0.701
10,3:low,2:medium,+,0.504
11,3:low,2:medium,+,0.595
12,2:medium,2:medium,,0.716
13,3:low,2:medium,+,0.512
14,3:low,3:low,,0.589
15,3:low,2:medium,+,0.539
16,2:medium,2:medium,,0.602
17,3:low,2:medium,+,0.561
18,2:medium,3:low,+,0.802
19,3:low,2:medium,+,0.504
20,3:low,2:medium,+,0.501
21,1:high,1:high,,0.781
22,3:low,3:low,,0.628
23,3:low,3:low,,0.761
24,3:low,3:low,,0.532
25,3:low,3:low,,0.741
26,3:low,3:low,,0.669
27,3:low,3:low,,0.566
28,3:low,3:low,,0.501
29,3:low,3:low,,0.764
30,3:low,3:low,,0.826
31,3:low,3:low,,0.837
32,3:low,2:medium,+,0.504
33,3:low,2:medium,+,0.688
34,3:low,2:medium,+,0.69
35,3:low,3:low,,0.717
36,3:low,3:low,,0.595
37,3:low,3:low,,0.799
38,3:low,3:low,,0.801
39,3:low,2:medium,+,0.544
40,3:low,3:low,,0.675
41,3:low,2:medium,+,0.615
42,3:low,2:medium,+,0.53
43,3:low,3:low,,0.555
44,3:low,3:low,,0.619
45,3:low,3:low,,0.506
46,3:low,2:medium,+,0.636
47,3:low,3:low,,0.511
48,3:low,2:medium,+,0.685

