inst#,actual,predicted,error,prediction
1,3:low,3:low,,0.647
2,3:low,3:low,,0.801
3,2:medium,2:medium,,0.539
4,3:low,2:medium,+,0.589
5,3:low,2:medium,+,0.524
6,3:low,3:low,,0.774
7,3:low,3:low,,0.873
8,3:low,2:medium,+,0.412
9,3:low,3:low,,0.858
10,3:low,3:low,,0.839
11,3:low,3:low,,0.816
12,2:medium,3:low,+,0.612
13,3:low,3:low,,0.762
14,3:low,3:low,,0.78
15,3:low,3:low,,0.74
16,2:medium,3:low,+,0.509
17,3:low,3:low,,0.509
18,2:medium,3:low,+,0.659
19,3:low,3:low,,0.774
20,3:low,3:low,,0.501
21,1:high,2:medium,+,0.855
22,3:low,3:low,,0.61
23,3:low,3:low,,0.648
24,3:low,3:low,,0.637
25,3:low,3:low,,0.817
26,3:low,3:low,,0.696
27,3:low,3:low,,0.71
28,3:low,3:low,,0.664
29,3:low,3:low,,0.754
30,3:low,3:low,,0.758
31,3:low,3:low,,0.675
32,3:low,3:low,,0.803
33,3:low,3:low,,0.59
34,3:low,3:low,,0.595
35,3:low,3:low,,0.7
36,3:low,3:low,,0.774
37,3:low,3:low,,0.707
38,3:low,3:low,,0.785
39,3:low,3:low,,0.716
40,3:low,3:low,,0.755
41,3:low,3:low,,0.658
42,3:low,3:low,,0.693
43,3:low,3:low,,0.758
44,3:low,3:low,,0.721
45,3:low,3:low,,0.718
46,3:low,3:low,,0.677
47,3:low,3:low,,0.566
48,3:low,3:low,,0.647

