inst#,actual,predicted,error,prediction
1,3:low,3:low,,0.842
2,3:low,3:low,,0.841
3,2:medium,2:medium,,0.547
4,3:low,3:low,,0.524
5,3:low,3:low,,0.577
6,3:low,3:low,,0.868
7,3:low,3:low,,0.762
8,3:low,2:medium,+,0.455
9,3:low,3:low,,0.843
10,3:low,3:low,,0.816
11,3:low,3:low,,0.711
12,2:medium,3:low,+,0.498
13,3:low,3:low,,0.525
14,3:low,3:low,,0.683
15,3:low,3:low,,0.737
16,2:medium,2:medium,,0.522
17,3:low,2:medium,+,0.547
18,2:medium,3:low,+,0.737
19,3:low,3:low,,0.683
20,3:low,2:medium,+,0.652
21,1:high,1:high,,0.733
22,3:low,2:medium,+,0.6
23,3:low,3:low,,0.603
24,3:low,2:medium,+,0.52
25,3:low,3:low,,0.842
26,3:low,3:low,,0.842
27,3:low,3:low,,0.603
28,3:low,3:low,,0.603
29,3:low,3:low,,0.894
30,3:low,3:low,,0.735
31,3:low,3:low,,0.736
32,3:low,2:medium,+,0.571
33,3:low,2:medium,+,0.729
34,3:low,2:medium,+,0.781
35,3:low,2:medium,+,0.547
36,3:low,3:low,,0.551
37,3:low,3:low,,0.551
38,3:low,3:low,,0.684
39,3:low,2:medium,+,0.624
40,3:low,2:medium,+,0.546
41,3:low,2:medium,+,0.547
42,3:low,2:medium,+,0.547
43,3:low,3:low,,0.499
44,3:low,3:low,,0.525
45,3:low,2:medium,+,0.546
46,3:low,2:medium,+,0.651
47,3:low,2:medium,+,0.599
48,3:low,2:medium,+,0.651

