inst#,actual,predicted,error,prediction
1,3:low,3:low,,0.813
2,3:low,3:low,,0.875
3,2:medium,3:low,+,0.75
4,3:low,3:low,,0.75
5,3:low,3:low,,0.625
6,3:low,3:low,,0.875
7,3:low,3:low,,0.875
8,3:low,2:medium,+,0.5
9,3:low,3:low,,0.875
10,3:low,3:low,,0.75
11,3:low,3:low,,0.688
12,2:medium,3:low,+,0.75
13,3:low,3:low,,0.813
14,3:low,3:low,,0.75
15,3:low,3:low,,0.75
16,2:medium,3:low,+,0.688
17,3:low,3:low,,0.75
18,2:medium,3:low,+,0.813
19,3:low,3:low,,0.688
20,3:low,3:low,,0.813
21,1:high,1:high,,0.75
22,3:low,3:low,,0.5
23,3:low,3:low,,0.688
24,3:low,3:low,,0.688
25,3:low,3:low,,0.813
26,3:low,3:low,,0.625
27,3:low,3:low,,0.75
28,3:low,2:medium,+,0.563
29,3:low,3:low,,0.625
30,3:low,3:low,,0.563
31,3:low,3:low,,0.688
32,3:low,3:low,,0.625
33,3:low,2:medium,+,0.563
34,3:low,2:medium,+,0.625
35,3:low,2:medium,+,0.5
36,3:low,2:medium,+,0.5
37,3:low,3:low,,0.625
38,3:low,3:low,,0.688
39,3:low,2:medium,+,0.5
40,3:low,3:low,,0.563
41,3:low,3:low,,0.688
42,3:low,2:medium,+,0.5
43,3:low,3:low,,0.688
44,3:low,3:low,,0.688
45,3:low,3:low,,0.563
46,3:low,3:low,,0.625
47,3:low,3:low,,0.625
48,3:low,3:low,,0.563

