inst#,actual,predicted,error,prediction
1,3:low,3:low,,0.691
2,3:low,3:low,,0.765
3,2:medium,3:low,+,0.588
4,3:low,3:low,,0.599
5,3:low,3:low,,0.68
6,3:low,3:low,,0.684
7,3:low,3:low,,0.758
8,3:low,2:medium,+,0.402
9,3:low,3:low,,0.732
10,3:low,3:low,,0.749
11,3:low,3:low,,0.655
12,2:medium,3:low,+,0.512
13,3:low,3:low,,0.68
14,3:low,3:low,,0.712
15,3:low,3:low,,0.64
16,2:medium,3:low,+,0.586
17,3:low,2:medium,+,0.528
18,2:medium,3:low,+,0.717
19,3:low,3:low,,0.558
20,3:low,3:low,,0.509
21,1:high,1:high,,0.739
22,3:low,3:low,,0.615
23,3:low,3:low,,0.603
24,3:low,3:low,,0.527
25,3:low,3:low,,0.741
26,3:low,3:low,,0.724
27,3:low,3:low,,0.747
28,3:low,3:low,,0.686
29,3:low,3:low,,0.694
30,3:low,3:low,,0.762
31,3:low,3:low,,0.761
32,3:low,3:low,,0.654
33,3:low,3:low,,0.495
34,3:low,3:low,,0.568
35,3:low,3:low,,0.533
36,3:low,3:low,,0.486
37,3:low,3:low,,0.555
38,3:low,3:low,,0.592
39,3:low,3:low,,0.589
40,3:low,3:low,,0.595
41,3:low,3:low,,0.537
42,3:low,2:medium,+,0.51
43,3:low,3:low,,0.502
44,3:low,2:medium,+,0.495
45,3:low,3:low,,0.522
46,3:low,2:medium,+,0.557
47,3:low,3:low,,0.538
48,3:low,2:medium,+,0.559

