inst#,actual,predicted,error,prediction
1,3:low,3:low,,0.694
2,3:low,3:low,,0.75
3,2:medium,3:low,+,0.633
4,3:low,3:low,,0.697
5,3:low,3:low,,0.602
6,3:low,3:low,,0.826
7,3:low,3:low,,0.8
8,3:low,3:low,,0.629
9,3:low,3:low,,0.646
10,3:low,3:low,,0.71
11,3:low,3:low,,0.731
12,2:medium,3:low,+,0.588
13,3:low,3:low,,0.635
14,3:low,3:low,,0.704
15,3:low,3:low,,0.695
16,2:medium,3:low,+,0.559
17,3:low,3:low,,0.606
18,2:medium,3:low,+,0.716
19,3:low,3:low,,0.665
20,3:low,3:low,,0.699
21,1:high,1:high,,0.99
22,3:low,3:low,,0.785
23,3:low,3:low,,0.697
24,3:low,3:low,,0.722
25,3:low,3:low,,0.699
26,3:low,3:low,,0.601
27,3:low,3:low,,0.686
28,3:low,3:low,,0.656
29,3:low,3:low,,0.718
30,3:low,3:low,,0.747
31,3:low,3:low,,0.689
32,3:low,3:low,,0.596
33,3:low,3:low,,0.54
34,3:low,3:low,,0.531
35,3:low,3:low,,0.607
36,3:low,3:low,,0.628
37,3:low,3:low,,0.665
38,3:low,3:low,,0.726
39,3:low,3:low,,0.606
40,3:low,3:low,,0.599
41,3:low,3:low,,0.601
42,3:low,3:low,,0.61
43,3:low,3:low,,0.682
44,3:low,3:low,,0.679
45,3:low,3:low,,0.61
46,3:low,3:low,,0.646
47,3:low,3:low,,0.644
48,3:low,3:low,,0.599

