inst#,actual,predicted,error,prediction
1,3:low,3:low,,0.817
2,3:low,3:low,,0.636
3,2:medium,3:low,+,0.627
4,3:low,3:low,,0.674
5,3:low,3:low,,0.565
6,3:low,3:low,,0.753
7,3:low,3:low,,0.734
8,3:low,2:medium,+,0.569
9,3:low,3:low,,0.83
10,3:low,3:low,,0.659
11,3:low,3:low,,0.65
12,2:medium,2:medium,,0.603
13,3:low,3:low,,0.522
14,3:low,3:low,,0.619
15,3:low,3:low,,0.634
16,2:medium,2:medium,,0.638
17,3:low,2:medium,+,0.509
18,2:medium,3:low,+,0.807
19,3:low,3:low,,0.566
20,3:low,3:low,,0.494
21,1:high,1:high,,0.861
22,3:low,3:low,,0.62
23,3:low,3:low,,0.829
24,3:low,3:low,,0.635
25,3:low,3:low,,0.844
26,3:low,3:low,,0.781
27,3:low,3:low,,0.565
28,3:low,3:low,,0.715
29,3:low,3:low,,0.786
30,3:low,3:low,,0.761
31,3:low,3:low,,0.888
32,3:low,3:low,,0.528
33,3:low,2:medium,+,0.688
34,3:low,2:medium,+,0.631
35,3:low,3:low,,0.609
36,3:low,2:medium,+,0.568
37,3:low,3:low,,0.639
38,3:low,3:low,,0.741
39,3:low,2:medium,+,0.628
40,3:low,2:medium,+,0.622
41,3:low,2:medium,+,0.543
42,3:low,2:medium,+,0.512
43,3:low,3:low,,0.492
44,3:low,3:low,,0.549
45,3:low,2:medium,+,0.553
46,3:low,2:medium,+,0.521
47,3:low,2:medium,+,0.628
48,3:low,2:medium,+,0.641

