inst#,actual,predicted,error,prediction
1,3:low,3:low,,0.862
2,3:low,3:low,,0.785
3,2:medium,3:low,+,0.649
4,3:low,3:low,,0.639
5,3:low,3:low,,0.54
6,3:low,3:low,,0.677
7,3:low,3:low,,0.751
8,3:low,2:medium,+,0.589
9,3:low,3:low,,0.832
10,3:low,3:low,,0.688
11,3:low,3:low,,0.634
12,2:medium,2:medium,,0.648
13,3:low,2:medium,+,0.547
14,3:low,3:low,,0.524
15,3:low,3:low,,0.625
16,2:medium,2:medium,,0.643
17,3:low,2:medium,+,0.578
18,2:medium,3:low,+,0.684
19,3:low,3:low,,0.501
20,3:low,2:medium,+,0.553
21,1:high,1:high,,0.762
22,3:low,3:low,,0.643
23,3:low,3:low,,0.798
24,3:low,3:low,,0.565
25,3:low,3:low,,0.877
26,3:low,3:low,,0.74
27,3:low,3:low,,0.646
28,3:low,3:low,,0.607
29,3:low,3:low,,0.866
30,3:low,3:low,,0.835
31,3:low,3:low,,0.895
32,3:low,3:low,,0.499
33,3:low,2:medium,+,0.728
34,3:low,2:medium,+,0.676
35,3:low,3:low,,0.622
36,3:low,2:medium,+,0.56
37,3:low,3:low,,0.562
38,3:low,3:low,,0.642
39,3:low,2:medium,+,0.733
40,3:low,2:medium,+,0.695
41,3:low,2:medium,+,0.669
42,3:low,2:medium,+,0.632
43,3:low,2:medium,+,0.602
44,3:low,3:low,,0.504
45,3:low,2:medium,+,0.611
46,3:low,2:medium,+,0.58
47,3:low,2:medium,+,0.626
48,3:low,2:medium,+,0.749

