inst#,actual,predicted,error,prediction
1,3:low,3:low,,0.706
2,3:low,3:low,,0.881
3,2:medium,3:low,+,0.559
4,3:low,3:low,,0.56
5,3:low,3:low,,0.678
6,3:low,3:low,,0.794
7,3:low,3:low,,0.707
8,3:low,2:medium,+,0.482
9,3:low,3:low,,0.854
10,3:low,3:low,,0.736
11,3:low,3:low,,0.764
12,2:medium,2:medium,,0.51
13,3:low,3:low,,0.706
14,3:low,3:low,,0.678
15,3:low,3:low,,0.65
16,2:medium,2:medium,,0.566
17,3:low,2:medium,+,0.479
18,2:medium,3:low,+,0.765
19,3:low,3:low,,0.763
20,3:low,3:low,,0.557
21,1:high,1:high,,0.759
22,3:low,3:low,,0.796
23,3:low,3:low,,0.851
24,3:low,3:low,,0.737
25,3:low,3:low,,0.913
26,3:low,3:low,,0.738
27,3:low,3:low,,0.707
28,3:low,3:low,,0.649
29,3:low,3:low,,0.853
30,3:low,3:low,,0.854
31,3:low,3:low,,0.796
32,3:low,3:low,,0.648
33,3:low,2:medium,+,0.653
34,3:low,2:medium,+,0.596
35,3:low,3:low,,0.501
36,3:low,3:low,,0.501
37,3:low,3:low,,0.648
38,3:low,3:low,,0.793
39,3:low,3:low,,0.588
40,3:low,3:low,,0.589
41,3:low,2:medium,+,0.566
42,3:low,2:medium,+,0.568
43,3:low,2:medium,+,0.569
44,3:low,3:low,,0.531
45,3:low,2:medium,+,0.511
46,3:low,2:medium,+,0.596
47,3:low,2:medium,+,0.623
48,3:low,2:medium,+,0.596

