inst#,actual,predicted,error,prediction
1,3:low,3:low,,0.797
2,3:low,3:low,,0.873
3,2:medium,3:low,+,0.653
4,3:low,3:low,,0.677
5,3:low,3:low,,0.737
6,3:low,3:low,,0.882
7,3:low,3:low,,0.792
8,3:low,2:medium,+,0.48
9,3:low,3:low,,0.811
10,3:low,3:low,,0.75
11,3:low,2:medium,+,0.562
12,2:medium,2:medium,,0.656
13,3:low,3:low,,0.605
14,3:low,3:low,,0.611
15,3:low,3:low,,0.569
16,2:medium,2:medium,,0.597
17,3:low,2:medium,+,0.682
18,2:medium,3:low,+,0.627
19,3:low,3:low,,0.552
20,3:low,3:low,,0.556
21,1:high,1:high,,0.858
22,3:low,3:low,,0.54
23,3:low,3:low,,0.801
24,3:low,3:low,,0.622
25,3:low,3:low,,0.88
26,3:low,3:low,,0.529
27,3:low,3:low,,0.666
28,3:low,3:low,,0.615
29,3:low,3:low,,0.752
30,3:low,3:low,,0.814
31,3:low,3:low,,0.764
32,3:low,3:low,,0.627
33,3:low,2:medium,+,0.84
34,3:low,2:medium,+,0.755
35,3:low,3:low,,0.799
36,3:low,3:low,,0.606
37,3:low,3:low,,0.524
38,3:low,3:low,,0.553
39,3:low,2:medium,+,0.506
40,3:low,2:medium,+,0.482
41,3:low,3:low,,0.495
42,3:low,2:medium,+,0.515
43,3:low,3:low,,0.552
44,3:low,3:low,,0.61
45,3:low,2:medium,+,0.454
46,3:low,2:medium,+,0.525
47,3:low,2:medium,+,0.466
48,3:low,2:medium,+,0.573

