inst#,actual,predicted,error,prediction
1,3:low,3:low,,0.885
2,3:low,3:low,,0.769
3,2:medium,3:low,+,0.769
4,3:low,3:low,,0.692
5,3:low,3:low,,0.808
6,3:low,3:low,,0.692
7,3:low,3:low,,0.654
8,3:low,2:medium,+,0.538
9,3:low,3:low,,0.846
10,3:low,3:low,,0.769
11,3:low,3:low,,0.769
12,2:medium,3:low,+,0.654
13,3:low,3:low,,0.808
14,3:low,3:low,,0.769
15,3:low,3:low,,0.769
16,2:medium,3:low,+,0.769
17,3:low,3:low,,0.654
18,2:medium,3:low,+,0.769
19,3:low,3:low,,0.769
20,3:low,3:low,,0.731
21,1:high,1:high,,0.731
22,3:low,3:low,,0.615
23,3:low,3:low,,0.885
24,3:low,3:low,,0.808
25,3:low,3:low,,0.885
26,3:low,3:low,,0.731
27,3:low,3:low,,0.808
28,3:low,3:low,,0.692
29,3:low,3:low,,0.923
30,3:low,3:low,,0.885
31,3:low,3:low,,0.846
32,3:low,3:low,,0.654
33,3:low,3:low,,0.5
34,3:low,3:low,,0.538
35,3:low,3:low,,0.654
36,3:low,3:low,,0.577
37,3:low,3:low,,0.769
38,3:low,3:low,,0.808
39,3:low,3:low,,0.615
40,3:low,3:low,,0.808
41,3:low,3:low,,0.654
42,3:low,3:low,,0.692
43,3:low,3:low,,0.654
44,3:low,3:low,,0.654
45,3:low,3:low,,0.692
46,3:low,3:low,,0.654
47,3:low,2:medium,+,0.615
48,3:low,2:medium,+,0.577

