inst#,actual,predicted,error,prediction
1,3:low,3:low,,0.935
2,3:low,3:low,,0.712
3,2:medium,2:medium,,0.519
4,3:low,2:medium,+,0.559
5,3:low,3:low,,0.498
6,3:low,3:low,,0.732
7,3:low,3:low,,0.686
8,3:low,1:high,+,0.463
9,3:low,3:low,,0.689
10,3:low,3:low,,0.761
11,3:low,3:low,,0.664
12,2:medium,2:medium,,0.574
13,3:low,3:low,,0.549
14,3:low,3:low,,0.53
15,3:low,2:medium,+,0.622
16,2:medium,2:medium,,0.523
17,3:low,2:medium,+,0.526
18,2:medium,3:low,+,0.728
19,3:low,3:low,,0.492
20,3:low,2:medium,+,0.528
21,1:high,1:high,,0.876
22,3:low,3:low,,0.513
23,3:low,3:low,,0.734
24,3:low,2:medium,+,0.517
25,3:low,3:low,,0.839
26,3:low,3:low,,0.789
27,3:low,3:low,,0.711
28,3:low,3:low,,0.617
29,3:low,3:low,,0.797
30,3:low,3:low,,0.839
31,3:low,3:low,,0.704
32,3:low,3:low,,0.629
33,3:low,2:medium,+,0.554
34,3:low,2:medium,+,0.644
35,3:low,2:medium,+,0.488
36,3:low,2:medium,+,0.491
37,3:low,3:low,,0.746
38,3:low,3:low,,0.519
39,3:low,2:medium,+,0.61
40,3:low,2:medium,+,0.552
41,3:low,2:medium,+,0.534
42,3:low,2:medium,+,0.51
43,3:low,2:medium,+,0.52
44,3:low,2:medium,+,0.561
45,3:low,2:medium,+,0.609
46,3:low,2:medium,+,0.574
47,3:low,2:medium,+,0.644
48,3:low,2:medium,+,0.658

