inst#,actual,predicted,error,prediction
1,3:low,3:low,,0.687
2,3:low,3:low,,0.85
3,2:medium,3:low,+,0.585
4,3:low,2:medium,+,0.582
5,3:low,3:low,,0.586
6,3:low,3:low,,0.829
7,3:low,3:low,,0.878
8,3:low,1:high,+,0.45
9,3:low,3:low,,0.875
10,3:low,3:low,,0.878
11,3:low,3:low,,0.832
12,2:medium,3:low,+,0.566
13,3:low,3:low,,0.617
14,3:low,3:low,,0.839
15,3:low,3:low,,0.737
16,2:medium,2:medium,,0.508
17,3:low,3:low,,0.552
18,2:medium,3:low,+,0.587
19,3:low,3:low,,0.79
20,3:low,2:medium,+,0.519
21,1:high,2:medium,+,0.672
22,3:low,3:low,,0.599
23,3:low,3:low,,0.727
24,3:low,3:low,,0.699
25,3:low,3:low,,0.871
26,3:low,3:low,,0.723
27,3:low,3:low,,0.778
28,3:low,3:low,,0.729
29,3:low,3:low,,0.803
30,3:low,3:low,,0.767
31,3:low,3:low,,0.62
32,3:low,3:low,,0.768
33,3:low,3:low,,0.623
34,3:low,3:low,,0.559
35,3:low,3:low,,0.533
36,3:low,3:low,,0.614
37,3:low,3:low,,0.571
38,3:low,3:low,,0.661
39,3:low,3:low,,0.522
40,3:low,3:low,,0.542
41,3:low,2:medium,+,0.491
42,3:low,3:low,,0.533
43,3:low,3:low,,0.589
44,3:low,3:low,,0.595
45,3:low,3:low,,0.576
46,3:low,3:low,,0.598
47,3:low,2:medium,+,0.58
48,3:low,2:medium,+,0.485

