inst#,actual,predicted,error,prediction
1,3:low,3:low,,0.67
2,3:low,3:low,,0.742
3,2:medium,3:low,+,0.59
4,3:low,3:low,,0.855
5,3:low,3:low,,0.75
6,3:low,3:low,,0.968
7,3:low,3:low,,0.772
8,3:low,2:medium,+,0.515
9,3:low,3:low,,0.878
10,3:low,2:medium,+,0.811
11,3:low,3:low,,0.918
12,2:medium,2:medium,,0.99
13,3:low,2:medium,+,0.787
14,3:low,2:medium,+,0.873
15,3:low,3:low,,0.741
16,2:medium,2:medium,,0.982
17,3:low,3:low,,0.664
18,2:medium,3:low,+,0.654
19,3:low,2:medium,+,0.546
20,3:low,2:medium,+,0.691
21,1:high,1:high,,0.844
22,3:low,2:medium,+,0.881
23,3:low,3:low,,0.955
24,3:low,3:low,,0.742
25,3:low,3:low,,0.723
26,3:low,2:medium,+,0.651
27,3:low,2:medium,+,0.948
28,3:low,3:low,,0.63
29,3:low,2:medium,+,0.899
30,3:low,3:low,,0.952
31,3:low,3:low,,0.88
32,3:low,2:medium,+,0.895
33,3:low,2:medium,+,0.96
34,3:low,3:low,,0.571
35,3:low,3:low,,0.618
36,3:low,2:medium,+,0.704
37,3:low,2:medium,+,0.704
38,3:low,2:medium,+,0.704
39,3:low,2:medium,+,0.573
40,3:low,2:medium,+,0.793
41,3:low,2:medium,+,0.734
42,3:low,2:medium,+,0.991
43,3:low,3:low,,0.566
44,3:low,3:low,,0.63
45,3:low,2:medium,+,0.938
46,3:low,2:medium,+,0.991
47,3:low,2:medium,+,0.573
48,3:low,2:medium,+,0.991

