inst#,actual,predicted,error,prediction
1,3:low,3:low,,0.771
2,3:low,3:low,,0.704
3,2:medium,3:low,+,0.677
4,3:low,3:low,,0.744
5,3:low,3:low,,0.687
6,3:low,3:low,,0.754
7,3:low,3:low,,0.681
8,3:low,2:medium,+,0.537
9,3:low,3:low,,0.741
10,3:low,3:low,,0.764
11,3:low,3:low,,0.81
12,2:medium,3:low,+,0.738
13,3:low,3:low,,0.609
14,3:low,3:low,,0.784
15,3:low,3:low,,0.72
16,2:medium,3:low,+,0.516
17,3:low,3:low,,0.643
18,2:medium,3:low,+,0.55
19,3:low,3:low,,0.643
20,3:low,3:low,,0.662
21,1:high,1:high,,0.517
22,3:low,3:low,,0.695
23,3:low,3:low,,0.562
24,3:low,3:low,,0.615
25,3:low,3:low,,0.738
26,3:low,3:low,,0.737
27,3:low,3:low,,0.692
28,3:low,3:low,,0.693
29,3:low,3:low,,0.714
30,3:low,3:low,,0.657
31,3:low,3:low,,0.717
32,3:low,3:low,,0.574
33,3:low,3:low,,0.537
34,3:low,3:low,,0.606
35,3:low,3:low,,0.609
36,3:low,3:low,,0.57
37,3:low,3:low,,0.697
38,3:low,3:low,,0.691
39,3:low,3:low,,0.591
40,3:low,3:low,,0.655
41,3:low,2:medium,+,0.526
42,3:low,3:low,,0.527
43,3:low,3:low,,0.65
44,3:low,3:low,,0.661
45,3:low,3:low,,0.653
46,3:low,3:low,,0.507
47,3:low,3:low,,0.534
48,3:low,3:low,,0.693

