inst#,actual,predicted,error,prediction
1,3:low,3:low,,0.766
2,3:low,3:low,,0.802
3,2:medium,3:low,+,0.529
4,3:low,3:low,,0.65
5,3:low,3:low,,0.735
6,3:low,3:low,,0.884
7,3:low,3:low,,0.839
8,3:low,3:low,,0.47
9,3:low,3:low,,0.731
10,3:low,3:low,,0.746
11,3:low,3:low,,0.822
12,2:medium,3:low,+,0.703
13,3:low,3:low,,0.804
14,3:low,3:low,,0.76
15,3:low,3:low,,0.795
16,2:medium,3:low,+,0.595
17,3:low,3:low,,0.77
18,2:medium,3:low,+,0.808
19,3:low,3:low,,0.826
20,3:low,3:low,,0.629
21,1:high,2:medium,+,0.518
22,3:low,3:low,,0.657
23,3:low,3:low,,0.747
24,3:low,3:low,,0.703
25,3:low,3:low,,0.739
26,3:low,3:low,,0.739
27,3:low,3:low,,0.751
28,3:low,3:low,,0.731
29,3:low,3:low,,0.749
30,3:low,3:low,,0.817
31,3:low,3:low,,0.708
32,3:low,3:low,,0.787
33,3:low,3:low,,0.608
34,3:low,3:low,,0.638
35,3:low,3:low,,0.673
36,3:low,3:low,,0.704
37,3:low,3:low,,0.761
38,3:low,3:low,,0.758
39,3:low,3:low,,0.699
40,3:low,3:low,,0.683
41,3:low,3:low,,0.719
42,3:low,3:low,,0.744
43,3:low,3:low,,0.747
44,3:low,3:low,,0.727
45,3:low,3:low,,0.698
46,3:low,3:low,,0.698
47,3:low,3:low,,0.705
48,3:low,3:low,,0.719

