inst#,actual,predicted,error,prediction
1,3:low,3:low,,0.814
2,3:low,3:low,,0.783
3,2:medium,3:low,+,0.572
4,3:low,3:low,,0.616
5,3:low,3:low,,0.716
6,3:low,3:low,,0.761
7,3:low,3:low,,0.806
8,3:low,2:medium,+,0.521
9,3:low,3:low,,0.758
10,3:low,3:low,,0.757
11,3:low,3:low,,0.756
12,2:medium,3:low,+,0.618
13,3:low,3:low,,0.658
14,3:low,3:low,,0.733
15,3:low,3:low,,0.71
16,2:medium,3:low,+,0.632
17,3:low,3:low,,0.593
18,2:medium,3:low,+,0.742
19,3:low,3:low,,0.691
20,3:low,3:low,,0.64
21,1:high,1:high,,0.686
22,3:low,3:low,,0.55
23,3:low,3:low,,0.582
24,3:low,3:low,,0.604
25,3:low,3:low,,0.715
26,3:low,3:low,,0.819
27,3:low,3:low,,0.751
28,3:low,3:low,,0.757
29,3:low,3:low,,0.843
30,3:low,3:low,,0.766
31,3:low,3:low,,0.817
32,3:low,3:low,,0.749
33,3:low,3:low,,0.583
34,3:low,3:low,,0.55
35,3:low,3:low,,0.588
36,3:low,3:low,,0.621
37,3:low,3:low,,0.607
38,3:low,3:low,,0.604
39,3:low,3:low,,0.58
40,3:low,3:low,,0.587
41,3:low,3:low,,0.544
42,3:low,2:medium,+,0.578
43,3:low,3:low,,0.51
44,3:low,3:low,,0.532
45,3:low,3:low,,0.525
46,3:low,3:low,,0.508
47,3:low,2:medium,+,0.542
48,3:low,2:medium,+,0.581

