inst#,actual,predicted,error,prediction
1,1:low,1:low,,0.976
2,1:low,1:low,,0.976
3,1:low,1:low,,0.976
4,1:low,1:low,,0.976
5,1:low,1:low,,0.976
6,1:low,1:low,,0.976
7,1:low,1:low,,0.976
8,1:low,1:low,,0.976
9,1:low,1:low,,0.976
10,1:low,1:low,,0.976
11,1:low,1:low,,0.976
12,1:low,1:low,,0.976
13,1:low,1:low,,0.976
14,1:low,1:low,,0.976
15,1:low,1:low,,0.976
16,1:low,1:low,,0.976
17,1:low,1:low,,0.976
18,1:low,1:low,,0.976
19,1:low,1:low,,0.976
20,1:low,1:low,,0.976
21,1:low,1:low,,0.976
22,1:low,1:low,,0.976
23,1:low,1:low,,0.976
24,1:low,1:low,,0.976
25,1:low,1:low,,0.976
26,1:low,1:low,,0.976
27,1:low,1:low,,0.976
28,1:low,1:low,,0.976
29,1:low,1:low,,0.976
30,1:low,1:low,,0.976
31,1:low,1:low,,0.976
32,1:low,1:low,,0.976
33,1:low,1:low,,0.976
34,1:low,1:low,,0.976
35,1:low,1:low,,0.976
36,1:low,1:low,,0.976
37,1:low,1:low,,0.976
38,1:low,1:low,,0.976
39,1:low,1:low,,0.976
40,1:low,1:low,,0.976
41,1:low,1:low,,0.976
42,1:low,1:low,,0.976
43,1:low,1:low,,0.976
44,1:low,1:low,,0.976
45,1:low,1:low,,0.976
46,1:low,1:low,,0.976
47,1:low,1:low,,0.976
48,1:low,1:low,,0.976
49,1:low,1:low,,0.976
50,1:low,1:low,,0.976
51,1:low,1:low,,0.976
52,1:low,1:low,,0.976
53,1:low,1:low,,0.976
54,1:low,1:low,,0.976
55,1:low,1:low,,0.976
56,1:low,2:medium,+,0.944
57,1:low,2:medium,+,0.944
58,1:low,2:medium,+,0.999
59,1:low,2:medium,+,0.999
60,1:low,2:medium,+,0.998
61,1:low,2:medium,+,0.998
62,1:low,2:medium,+,0.998
63,1:low,2:medium,+,0.998
64,1:low,2:medium,+,0.998
65,1:low,2:medium,+,0.998
66,1:low,2:medium,+,0.944
67,1:low,2:medium,+,0.964
68,1:low,2:medium,+,0.964
69,1:low,2:medium,+,0.875
70,1:low,2:medium,+,0.98
71,1:low,2:medium,+,0.999
72,1:low,2:medium,+,0.999
73,1:low,2:medium,+,0.81
74,1:low,2:medium,+,0.81
75,1:low,2:medium,+,0.81
76,1:low,2:medium,+,0.997
77,1:low,2:medium,+,0.999
78,1:low,2:medium,+,0.994
79,1:low,2:medium,+,0.952
80,1:low,1:low,,0.576
81,1:low,1:low,,0.914
82,1:low,1:low,,0.976
83,1:low,1:low,,0.976
84,1:low,1:low,,0.976
85,1:low,1:low,,0.976
86,1:low,1:low,,0.976
87,1:low,1:low,,0.976
88,1:low,1:low,,0.976
89,1:low,1:low,,0.976
90,1:low,1:low,,0.976
91,1:low,1:low,,0.976
92,1:low,1:low,,0.976
93,1:low,1:low,,0.976
94,1:low,1:low,,0.976
95,1:low,1:low,,0.976
96,1:low,1:low,,0.976
97,1:low,1:low,,0.976
98,1:low,1:low,,0.976
99,1:low,1:low,,0.976
100,1:low,1:low,,0.976
101,1:low,1:low,,0.976
102,1:low,1:low,,0.976
103,1:low,1:low,,0.976
104,1:low,1:low,,0.976
105,1:low,1:low,,0.976
106,1:low,1:low,,0.976
107,1:low,1:low,,0.976
108,1:low,1:low,,0.976
109,1:low,1:low,,0.976
110,1:low,1:low,,0.976
111,1:low,1:low,,0.976
112,1:low,1:low,,0.976
113,1:low,1:low,,0.976
114,1:low,1:low,,0.976
115,1:low,2:medium,+,0.999
116,1:low,2:medium,+,0.964
117,1:low,2:medium,+,0.875
118,1:low,2:medium,+,0.999
119,1:low,2:medium,+,0.952
120,1:low,2:medium,+,0.944
121,1:low,2:medium,+,0.816
122,1:low,2:medium,+,0.816
123,1:low,1:low,,0.713
124,1:low,1:low,,0.976
125,1:low,1:low,,0.976
126,1:low,1:low,,0.976
127,1:low,1:low,,0.976
128,1:low,1:low,,0.976
129,1:low,1:low,,0.976
130,1:low,1:low,,0.976
131,1:low,2:medium,+,0.866
132,1:low,2:medium,+,1
133,1:low,2:medium,+,0.998
134,1:low,2:medium,+,0.998
135,1:low,2:medium,+,0.944
136,1:low,2:medium,+,0.944
137,1:low,2:medium,+,0.944
138,1:low,2:medium,+,0.944
139,1:low,2:medium,+,0.944
140,1:low,2:medium,+,0.816
141,1:low,2:medium,+,0.944
142,1:low,2:medium,+,0.816
143,1:low,2:medium,+,0.816
144,1:low,2:medium,+,0.944
145,1:low,2:medium,+,0.944
146,1:low,1:low,,0.976
147,1:low,1:low,,0.976
148,1:low,1:low,,0.976
149,1:low,2:medium,+,0.999
150,1:low,2:medium,+,0.999
151,1:low,2:medium,+,0.999
152,1:low,2:medium,+,0.999
153,1:low,2:medium,+,0.999
154,1:low,2:medium,+,0.999
155,1:low,2:medium,+,0.999
156,1:low,2:medium,+,0.816
157,1:low,1:low,,0.976
158,1:low,1:low,,0.976
159,1:low,1:low,,0.976
160,1:low,1:low,,0.976
161,1:low,2:medium,+,0.629
162,1:low,2:medium,+,1
163,1:low,2:medium,+,1
164,1:low,2:medium,+,1
165,1:low,2:medium,+,0.999
166,1:low,2:medium,+,0.999
167,1:low,2:medium,+,0.999
168,1:low,2:medium,+,0.999
169,1:low,2:medium,+,0.999
170,1:low,2:medium,+,0.999
171,1:low,2:medium,+,0.999
172,1:low,2:medium,+,0.999
173,1:low,2:medium,+,0.999
174,1:low,2:medium,+,0.999
175,1:low,2:medium,+,0.999
176,1:low,2:medium,+,0.999

