inst#,actual,predicted,error,prediction
1,1:low,1:low,,0.983
2,1:low,1:low,,0.983
3,1:low,1:low,,0.896
4,1:low,1:low,,0.913
5,1:low,1:low,,0.913
6,1:low,1:low,,0.834
7,1:low,1:low,,0.813
8,1:low,1:low,,0.9
9,1:low,1:low,,0.767
10,1:low,1:low,,0.817
11,1:low,1:low,,0.78
12,1:low,1:low,,0.85
13,1:low,1:low,,0.933
14,1:low,1:low,,0.884
15,1:low,1:low,,0.896
16,1:low,1:low,,0.884
17,1:low,1:low,,0.68
18,1:low,1:low,,0.696
19,1:low,1:low,,0.667
20,1:low,1:low,,0.763
21,1:low,1:low,,0.646
22,1:low,1:low,,0.713
23,1:low,1:low,,0.829
24,1:low,1:low,,0.63
25,1:low,1:low,,0.796
26,1:low,1:low,,0.68
27,1:low,1:low,,0.68
28,1:low,1:low,,0.663
29,1:low,1:low,,0.617
30,1:low,1:low,,0.501
31,1:low,1:low,,0.68
32,1:low,1:low,,0.63
33,1:low,2:medium,+,0.509
34,1:low,1:low,,0.73
35,1:low,1:low,,0.501
36,1:low,1:low,,0.68
37,1:low,1:low,,0.846
38,1:low,1:low,,0.68
39,1:low,1:low,,0.65
40,1:low,1:low,,0.8
41,1:low,1:low,,0.8
42,1:low,1:low,,0.767
43,1:low,1:low,,0.933
44,1:low,1:low,,0.95
45,1:low,1:low,,0.867
46,1:low,2:medium,+,0.562
47,1:low,1:low,,0.917
48,1:low,1:low,,0.95
49,1:low,1:low,,0.933
50,1:low,1:low,,0.784
51,1:low,1:low,,0.8
52,1:low,1:low,,0.817
53,1:low,1:low,,0.717
54,1:low,1:low,,0.883
55,1:low,1:low,,0.717
56,1:low,2:medium,+,0.71
57,1:low,2:medium,+,0.726
58,1:low,2:medium,+,0.968
59,1:low,2:medium,+,0.968
60,1:low,2:medium,+,0.968
61,1:low,2:medium,+,0.968
62,1:low,2:medium,+,0.968
63,1:low,2:medium,+,0.968
64,1:low,2:medium,+,0.968
65,1:low,2:medium,+,0.804
66,1:low,2:medium,+,0.82
67,1:low,2:medium,+,0.853
68,1:low,2:medium,+,0.853
69,1:low,2:medium,+,0.87
70,1:low,2:medium,+,0.902
71,1:low,2:medium,+,0.886
72,1:low,2:medium,+,0.968
73,1:low,2:medium,+,0.952
74,1:low,2:medium,+,0.952
75,1:low,2:medium,+,0.952
76,1:low,2:medium,+,0.952
77,1:low,2:medium,+,0.952
78,1:low,2:medium,+,0.918
79,1:low,2:medium,+,0.902
80,1:low,2:medium,+,0.886
81,1:low,2:medium,+,0.771
82,1:low,2:medium,+,0.672
83,1:low,1:low,,0.68
84,1:low,1:low,,0.563
85,1:low,1:low,,0.717
86,1:low,1:low,,0.567
87,1:low,1:low,,0.767
88,1:low,1:low,,0.567
89,1:low,1:low,,0.634
90,1:low,1:low,,0.8
91,1:low,1:low,,0.58
92,1:low,1:low,,0.617
93,1:low,1:low,,0.55
94,1:low,1:low,,0.55
95,1:low,1:low,,0.717
96,1:low,1:low,,0.684
97,1:low,1:low,,0.7
98,1:low,1:low,,0.634
99,1:low,1:low,,0.75
100,1:low,1:low,,0.734
101,1:low,1:low,,0.784
102,1:low,2:medium,+,0.497
103,1:low,1:low,,0.546
104,1:low,2:medium,+,0.579
105,1:low,1:low,,0.75
106,1:low,1:low,,0.696
107,1:low,1:low,,0.6
108,1:low,1:low,,0.6
109,1:low,1:low,,0.617
110,1:low,1:low,,0.551
111,1:low,1:low,,0.517
112,1:low,1:low,,0.551
113,1:low,1:low,,0.646
114,1:low,1:low,,0.784
115,1:low,2:medium,+,0.804
116,1:low,2:medium,+,0.837
117,1:low,2:medium,+,0.869
118,1:low,2:medium,+,0.952
119,1:low,2:medium,+,0.935
120,1:low,2:medium,+,0.689
121,1:low,2:medium,+,0.71
122,1:low,2:medium,+,0.738
123,1:low,2:medium,+,0.595
124,1:low,1:low,,0.9
125,1:low,1:low,,0.8
126,1:low,1:low,,0.917
127,1:low,1:low,,0.9
128,1:low,1:low,,0.983
129,1:low,1:low,,1
130,1:low,2:medium,+,0.591
131,1:low,2:medium,+,0.869
132,1:low,2:medium,+,0.984
133,1:low,2:medium,+,0.968
134,1:low,2:medium,+,0.771
135,1:low,2:medium,+,0.821
136,1:low,2:medium,+,0.821
137,1:low,2:medium,+,0.771
138,1:low,2:medium,+,0.804
139,1:low,2:medium,+,0.771
140,1:low,2:medium,+,0.661
141,1:low,2:medium,+,0.722
142,1:low,2:medium,+,0.71
143,1:low,2:medium,+,0.771
144,1:low,2:medium,+,0.771
145,1:low,2:medium,+,0.771
146,1:low,1:low,,0.546
147,1:low,2:medium,+,0.546
148,1:low,2:medium,+,0.563
149,1:low,2:medium,+,0.935
150,1:low,2:medium,+,0.984
151,1:low,2:medium,+,0.984
152,1:low,2:medium,+,0.984
153,1:low,2:medium,+,0.968
154,1:low,2:medium,+,0.968
155,1:low,2:medium,+,0.902
156,1:low,2:medium,+,0.755
157,1:low,1:low,,0.513
158,1:low,1:low,,0.913
159,1:low,2:medium,+,0.705
160,1:low,2:medium,+,0.64
161,1:low,2:medium,+,0.771
162,1:low,2:medium,+,0.952
163,1:low,2:medium,+,0.968
164,1:low,2:medium,+,0.984
165,1:low,2:medium,+,0.984
166,1:low,2:medium,+,0.984
167,1:low,2:medium,+,0.886
168,1:low,2:medium,+,0.968
169,1:low,2:medium,+,0.968
170,1:low,2:medium,+,0.968
171,1:low,2:medium,+,0.968
172,1:low,2:medium,+,0.984
173,1:low,2:medium,+,0.968
174,1:low,2:medium,+,0.968
175,1:low,2:medium,+,0.968
176,1:low,2:medium,+,0.968

