inst#,actual,predicted,error,distribution,,
1,2:medium,2:medium,,0,*1,0
2,2:medium,2:medium,,0,*1,0
3,2:medium,2:medium,,0,*1,0
4,2:medium,2:medium,,0,*1,0
5,2:medium,2:medium,,0,*1,0
6,2:medium,2:medium,,0,*1,0
7,2:medium,2:medium,,0,*1,0
8,2:medium,2:medium,,0,*1,0
9,2:medium,2:medium,,0,*1,0
10,2:medium,2:medium,,0,*1,0
11,2:medium,2:medium,,0,*1,0
12,2:medium,2:medium,,0,*1,0
13,2:medium,2:medium,,0.001,*0.999,0
14,2:medium,2:medium,,0,*1,0
15,2:medium,2:medium,,0,*1,0
16,2:medium,2:medium,,0.016,*0.984,0
17,2:medium,2:medium,,0,*1,0
18,2:medium,2:medium,,0.302,*0.698,0
19,2:medium,2:medium,,0,*1,0
20,2:medium,2:medium,,0,*1,0
21,2:medium,2:medium,,0,*1,0
22,2:medium,2:medium,,0,*1,0
23,2:medium,2:medium,,0,*1,0
24,2:medium,2:medium,,0,*1,0
25,2:medium,2:medium,,0,*1,0
26,2:medium,2:medium,,0.001,*0.999,0
27,2:medium,1:low,+,*0.992,0.008,0
28,2:medium,1:low,+,*0.993,0.007,0
29,2:medium,1:low,+,*1,0,0
30,2:medium,1:low,+,*0.99,0.01,0
31,2:medium,1:low,+,*0.998,0.002,0
32,2:medium,1:low,+,*0.999,0.001,0
33,2:medium,1:low,+,*0.999,0.001,0
34,2:medium,1:low,+,*1,0,0
35,2:medium,1:low,+,*0.999,0.001,0
36,2:medium,1:low,+,*1,0,0
37,2:medium,1:low,+,*1,0,0
38,2:medium,1:low,+,*1,0,0
39,2:medium,1:low,+,*0.991,0.009,0
40,2:medium,1:low,+,*0.995,0.005,0
41,2:medium,1:low,+,*0.996,0.004,0
42,2:medium,1:low,+,*0.995,0.005,0
43,2:medium,1:low,+,*1,0,0
44,2:medium,1:low,+,*0.799,0.201,0
45,2:medium,1:low,+,*0.989,0.011,0
46,2:medium,1:low,+,*0.991,0.009,0
47,2:medium,1:low,+,*0.985,0.015,0
48,2:medium,1:low,+,*0.967,0.033,0
49,2:medium,1:low,+,*0.995,0.005,0
50,2:medium,1:low,+,*0.978,0.022,0
51,2:medium,2:medium,,0.241,*0.759,0
52,2:medium,2:medium,,0.045,*0.955,0
53,2:medium,2:medium,,0.115,*0.885,0
54,2:medium,2:medium,,0.069,*0.931,0
55,2:medium,2:medium,,0.069,*0.931,0
56,2:medium,2:medium,,0.474,*0.526,0
57,2:medium,2:medium,,0.304,*0.696,0
58,2:medium,2:medium,,0.304,*0.696,0
59,2:medium,2:medium,,0.069,*0.931,0
60,2:medium,2:medium,,0.069,*0.931,0
61,2:medium,2:medium,,0.285,*0.715,0
62,2:medium,2:medium,,0.482,*0.518,0
63,2:medium,1:low,+,*1,0,0
64,2:medium,1:low,+,*0.876,0.124,0
65,2:medium,1:low,+,*0.619,0.381,0
66,2:medium,2:medium,,0.325,*0.675,0
67,2:medium,2:medium,,0.264,*0.736,0
68,2:medium,2:medium,,0.002,*0.998,0
69,2:medium,2:medium,,0.002,*0.998,0
70,2:medium,2:medium,,0.002,*0.998,0
71,2:medium,2:medium,,0,*1,0
72,2:medium,2:medium,,0,*1,0
73,2:medium,2:medium,,0,*1,0
74,2:medium,1:low,+,*0.995,0.005,0
75,2:medium,1:low,+,*0.977,0.023,0
76,2:medium,1:low,+,*1,0,0
77,2:medium,1:low,+,*0.988,0.012,0
78,2:medium,1:low,+,*0.991,0.009,0
79,2:medium,1:low,+,*0.991,0.009,0
80,2:medium,1:low,+,*0.915,0.085,0
81,2:medium,1:low,+,*1,0,0
82,2:medium,1:low,+,*1,0,0
83,2:medium,1:low,+,*0.999,0.001,0
84,2:medium,1:low,+,*0.94,0.06,0
85,2:medium,1:low,+,*0.995,0.005,0
86,2:medium,1:low,+,*1,0,0
87,2:medium,1:low,+,*0.993,0.007,0
88,2:medium,1:low,+,*1,0,0
89,2:medium,1:low,+,*1,0,0
90,2:medium,1:low,+,*1,0,0
91,2:medium,1:low,+,*0.998,0.002,0
92,2:medium,1:low,+,*1,0,0
93,2:medium,1:low,+,*1,0,0
94,2:medium,1:low,+,*0.998,0.002,0
95,2:medium,1:low,+,*0.991,0.009,0
96,2:medium,1:low,+,*0.999,0.001,0
97,2:medium,2:medium,,0.117,*0.883,0
98,2:medium,1:low,+,*0.965,0.035,0
99,2:medium,1:low,+,*0.995,0.005,0
100,2:medium,1:low,+,*0.995,0.005,0
101,2:medium,1:low,+,*1,0,0
102,2:medium,1:low,+,*1,0,0
103,2:medium,1:low,+,*0.997,0.003,0
104,2:medium,1:low,+,*1,0,0
105,2:medium,1:low,+,*0.999,0.001,0
106,2:medium,1:low,+,*1,0,0
107,2:medium,1:low,+,*1,0,0
108,2:medium,1:low,+,*1,0,0
109,2:medium,1:low,+,*1,0,0
110,2:medium,1:low,+,*1,0,0
111,2:medium,1:low,+,*1,0,0
112,2:medium,1:low,+,*1,0,0
113,2:medium,1:low,+,*1,0,0
114,2:medium,1:low,+,*1,0,0
115,2:medium,1:low,+,*1,0,0
116,2:medium,1:low,+,*1,0,0
117,2:medium,1:low,+,*1,0,0
118,2:medium,1:low,+,*0.999,0.001,0
119,2:medium,2:medium,,0.259,*0.741,0
120,2:medium,1:low,+,*0.982,0.018,0
121,2:medium,2:medium,,0.126,*0.874,0
122,2:medium,2:medium,,0.17,*0.83,0
123,2:medium,1:low,+,*0.935,0.065,0
124,2:medium,1:low,+,*0.914,0.086,0
125,2:medium,2:medium,,0.236,*0.764,0
126,2:medium,1:low,+,*0.627,0.373,0
127,2:medium,2:medium,,0.416,*0.584,0
128,2:medium,1:low,+,*1,0,0
129,2:medium,1:low,+,*0.999,0.001,0
130,2:medium,1:low,+,*1,0,0
131,2:medium,1:low,+,*1,0,0
132,2:medium,1:low,+,*1,0,0
133,2:medium,1:low,+,*1,0,0
134,2:medium,1:low,+,*1,0,0
135,2:medium,1:low,+,*1,0,0
136,2:medium,1:low,+,*1,0,0
137,2:medium,1:low,+,*1,0,0
138,2:medium,1:low,+,*1,0,0
139,2:medium,1:low,+,*1,0,0
140,2:medium,1:low,+,*1,0,0
141,2:medium,1:low,+,*1,0,0
142,2:medium,1:low,+,*1,0,0
143,2:medium,1:low,+,*1,0,0
144,2:medium,1:low,+,*1,0,0
145,2:medium,1:low,+,*1,0,0
146,2:medium,1:low,+,*1,0,0
147,2:medium,1:low,+,*1,0,0
148,2:medium,1:low,+,*1,0,0
149,2:medium,1:low,+,*1,0,0
150,2:medium,1:low,+,*1,0,0
151,2:medium,1:low,+,*1,0,0
152,2:medium,1:low,+,*1,0,0
153,2:medium,1:low,+,*1,0,0
154,2:medium,1:low,+,*1,0,0
155,2:medium,1:low,+,*1,0,0
156,2:medium,1:low,+,*1,0,0
157,2:medium,1:low,+,*1,0,0
158,2:medium,1:low,+,*1,0,0
159,2:medium,1:low,+,*1,0,0
160,2:medium,1:low,+,*1,0,0
161,2:medium,1:low,+,*1,0,0
162,2:medium,3:high,+,0,0,*1
163,2:medium,3:high,+,0,0,*1
164,2:medium,3:high,+,0,0,*1
165,2:medium,3:high,+,0,0,*1
166,2:medium,3:high,+,0,0,*1
167,2:medium,3:high,+,0,0,*1
168,2:medium,3:high,+,0,0.001,*0.999
169,2:medium,3:high,+,0,0,*1
170,2:medium,3:high,+,0,0,*1
171,2:medium,3:high,+,0,0,*1
172,2:medium,3:high,+,0,0,*1
173,2:medium,3:high,+,0,0,*1
174,2:medium,3:high,+,0,0,*1
175,2:medium,3:high,+,0,0,*1
176,2:medium,3:high,+,0,0,*1
