inst#,actual,predicted,error,distribution,,
1,2:medium,2:medium,,0,*1,0
2,2:medium,2:medium,,0,*1,0
3,2:medium,2:medium,,0,*1,0
4,2:medium,2:medium,,0,*1,0
5,2:medium,2:medium,,0,*1,0
6,2:medium,2:medium,,0,*1,0
7,2:medium,2:medium,,0,*1,0
8,2:medium,2:medium,,0,*1,0
9,2:medium,2:medium,,0,*1,0
10,2:medium,2:medium,,0,*1,0
11,2:medium,2:medium,,0,*1,0
12,2:medium,2:medium,,0,*1,0
13,2:medium,2:medium,,0,*1,0
14,2:medium,2:medium,,0,*1,0
15,2:medium,2:medium,,0,*1,0
16,2:medium,2:medium,,0,*1,0
17,2:medium,2:medium,,0,*1,0
18,2:medium,2:medium,,0,*1,0
19,2:medium,2:medium,,0,*1,0
20,2:medium,2:medium,,0,*1,0
21,2:medium,2:medium,,0,*1,0
22,2:medium,2:medium,,0,*1,0
23,2:medium,2:medium,,0,*1,0
24,2:medium,2:medium,,0,*1,0
25,2:medium,2:medium,,0,*1,0
26,2:medium,2:medium,,0,*1,0
27,2:medium,1:low,+,*0.981,0.019,0
28,2:medium,1:low,+,*0.999,0.001,0
29,2:medium,1:low,+,*1,0,0
30,2:medium,1:low,+,*1,0,0
31,2:medium,1:low,+,*1,0,0
32,2:medium,1:low,+,*1,0,0
33,2:medium,1:low,+,*1,0,0
34,2:medium,1:low,+,*1,0,0
35,2:medium,1:low,+,*1,0,0
36,2:medium,1:low,+,*1,0,0
37,2:medium,1:low,+,*1,0,0
38,2:medium,1:low,+,*1,0,0
39,2:medium,1:low,+,*1,0,0
40,2:medium,1:low,+,*0.99,0.01,0
41,2:medium,1:low,+,*1,0,0
42,2:medium,1:low,+,*1,0,0
43,2:medium,1:low,+,*0.865,0.135,0
44,2:medium,2:medium,,0,*1,0
45,2:medium,2:medium,,0,*1,0
46,2:medium,1:low,+,*1,0,0
47,2:medium,1:low,+,*0.987,0.013,0
48,2:medium,1:low,+,*1,0,0
49,2:medium,1:low,+,*0.753,0.247,0
50,2:medium,2:medium,,0.322,*0.678,0
51,2:medium,1:low,+,*1,0,0
52,2:medium,2:medium,,0.194,*0.806,0
53,2:medium,1:low,+,*0.951,0.049,0
54,2:medium,1:low,+,*0.975,0.025,0
55,2:medium,1:low,+,*1,0,0
56,2:medium,2:medium,,0.332,*0.668,0
57,2:medium,1:low,+,*1,0,0
58,2:medium,1:low,+,*1,0,0
59,2:medium,1:low,+,*0.975,0.025,0
60,2:medium,1:low,+,*0.958,0.042,0
61,2:medium,1:low,+,*1,0,0
62,2:medium,1:low,+,*1,0,0
63,2:medium,1:low,+,*1,0,0
64,2:medium,1:low,+,*0.999,0.001,0
65,2:medium,2:medium,,0.001,*0.999,0
66,2:medium,2:medium,,0.389,*0.611,0
67,2:medium,1:low,+,*0.999,0.001,0
68,2:medium,2:medium,,0,*1,0
69,2:medium,2:medium,,0,*1,0
70,2:medium,2:medium,,0,*1,0
71,2:medium,2:medium,,0,*1,0
72,2:medium,2:medium,,0,*1,0
73,2:medium,2:medium,,0,*1,0
74,2:medium,2:medium,,0,*1,0
75,2:medium,1:low,+,*1,0,0
76,2:medium,1:low,+,*1,0,0
77,2:medium,1:low,+,*1,0,0
78,2:medium,2:medium,,0.152,*0.848,0
79,2:medium,2:medium,,0,*1,0
80,2:medium,1:low,+,*0.981,0.019,0
81,2:medium,1:low,+,*1,0,0
82,2:medium,1:low,+,*1,0,0
83,2:medium,1:low,+,*1,0,0
84,2:medium,2:medium,,0.009,*0.991,0
85,2:medium,1:low,+,*1,0,0
86,2:medium,2:medium,,0.003,*0.997,0
87,2:medium,1:low,+,*0.96,0.04,0
88,2:medium,1:low,+,*1,0,0
89,2:medium,1:low,+,*1,0,0
90,2:medium,1:low,+,*1,0,0
91,2:medium,1:low,+,*0.968,0.032,0
92,2:medium,2:medium,,0,*1,0
93,2:medium,1:low,+,*0.685,0.315,0
94,2:medium,1:low,+,*1,0,0
95,2:medium,2:medium,,0.003,*0.997,0
96,2:medium,1:low,+,*1,0,0
97,2:medium,1:low,+,*1,0,0
98,2:medium,1:low,+,*1,0,0
99,2:medium,1:low,+,*0.642,0.358,0
100,2:medium,2:medium,,0,*1,0
101,2:medium,2:medium,,0,*1,0
102,2:medium,1:low,+,*1,0,0
103,2:medium,1:low,+,*1,0,0
104,2:medium,1:low,+,*1,0,0
105,2:medium,1:low,+,*0.969,0.031,0
106,2:medium,1:low,+,*1,0,0
107,2:medium,1:low,+,*1,0,0
108,2:medium,1:low,+,*1,0,0
109,2:medium,1:low,+,*1,0,0
110,2:medium,1:low,+,*1,0,0
111,2:medium,1:low,+,*1,0,0
112,2:medium,1:low,+,*1,0,0
113,2:medium,1:low,+,*1,0,0
114,2:medium,1:low,+,*1,0,0
115,2:medium,1:low,+,*1,0,0
116,2:medium,1:low,+,*1,0,0
117,2:medium,1:low,+,*1,0,0
118,2:medium,1:low,+,*1,0,0
119,2:medium,1:low,+,*1,0,0
120,2:medium,2:medium,,0,*1,0
121,2:medium,2:medium,,0,*1,0
122,2:medium,2:medium,,0,*1,0
123,2:medium,2:medium,,0.013,*0.987,0
124,2:medium,2:medium,,0.007,*0.993,0
125,2:medium,1:low,+,*0.989,0.011,0
126,2:medium,1:low,+,*0.945,0.055,0
127,2:medium,2:medium,,0,*1,0
128,2:medium,1:low,+,*0.999,0.001,0
129,2:medium,1:low,+,*1,0,0
130,2:medium,1:low,+,*1,0,0
131,2:medium,1:low,+,*1,0,0
132,2:medium,1:low,+,*1,0,0
133,2:medium,1:low,+,*1,0,0
134,2:medium,1:low,+,*1,0,0
135,2:medium,1:low,+,*1,0,0
136,2:medium,1:low,+,*1,0,0
137,2:medium,1:low,+,*1,0,0
138,2:medium,1:low,+,*1,0,0
139,2:medium,1:low,+,*1,0,0
140,2:medium,1:low,+,*1,0,0
141,2:medium,1:low,+,*1,0,0
142,2:medium,2:medium,,0.009,*0.991,0
143,2:medium,1:low,+,*1,0,0
144,2:medium,1:low,+,*1,0,0
145,2:medium,1:low,+,*1,0,0
146,2:medium,1:low,+,*1,0,0
147,2:medium,1:low,+,*1,0,0
148,2:medium,1:low,+,*1,0,0
149,2:medium,1:low,+,*1,0,0
150,2:medium,1:low,+,*1,0,0
151,2:medium,1:low,+,*1,0,0
152,2:medium,1:low,+,*1,0,0
153,2:medium,1:low,+,*1,0,0
154,2:medium,1:low,+,*1,0,0
155,2:medium,1:low,+,*1,0,0
156,2:medium,1:low,+,*1,0,0
157,2:medium,1:low,+,*1,0,0
158,2:medium,1:low,+,*1,0,0
159,2:medium,1:low,+,*1,0,0
160,2:medium,1:low,+,*1,0,0
161,2:medium,1:low,+,*1,0,0
162,2:medium,2:medium,,0,*1,0
163,2:medium,2:medium,,0,*0.871,0.129
164,2:medium,3:high,+,0,0.188,*0.812
165,2:medium,3:high,+,0,0.188,*0.812
166,2:medium,2:medium,,0,*1,0
167,2:medium,2:medium,,0,*1,0
168,2:medium,2:medium,,0,*1,0
169,2:medium,2:medium,,0,*0.999,0.001
170,2:medium,2:medium,,0,*1,0
171,2:medium,2:medium,,0,*1,0
172,2:medium,2:medium,,0,*1,0
173,2:medium,2:medium,,0,*1,0
174,2:medium,2:medium,,0,*1,0
175,2:medium,2:medium,,0,*1,0
176,2:medium,2:medium,,0,*1,0
