inst#,actual,predicted,error,prediction
1,1:high,1:high,,1
2,1:high,1:high,,1
3,1:high,1:high,,1
4,1:high,1:high,,1
5,1:high,1:high,,0.962
6,1:high,1:high,,1
7,1:high,1:high,,1
8,1:high,1:high,,0.577
9,1:high,1:high,,1
10,1:high,1:high,,1
11,1:high,1:high,,1
12,1:high,1:high,,1
13,1:high,1:high,,1
14,1:high,1:high,,1
15,1:high,1:high,,1
16,1:high,1:high,,0.962
17,1:high,1:high,,0.692
18,1:high,1:high,,0.769
19,1:high,1:high,,1
20,1:high,1:high,,0.962
21,1:high,1:high,,1
22,3:low,2:medium,+,0.577
23,2:medium,2:medium,,0.577
24,3:low,2:medium,+,0.538
25,3:low,2:medium,+,0.577
26,3:low,2:medium,+,0.538
27,3:low,2:medium,+,0.5
28,2:medium,2:medium,,0.615
29,2:medium,2:medium,,0.538
30,3:low,2:medium,+,0.577
31,3:low,2:medium,+,0.577
32,3:low,2:medium,+,0.538
33,3:low,2:medium,+,0.577
34,3:low,2:medium,+,0.538
35,3:low,2:medium,+,0.538
36,3:low,2:medium,+,0.462
37,2:medium,2:medium,,0.462
38,2:medium,2:medium,,0.423
39,2:medium,2:medium,,0.462
40,2:medium,2:medium,,0.5
41,2:medium,2:medium,,0.538
42,2:medium,2:medium,,0.462
43,2:medium,2:medium,,0.423
44,3:low,2:medium,+,0.5
45,3:low,2:medium,+,0.5
46,2:medium,1:high,+,0.346
47,1:high,2:medium,+,0.462
48,3:low,2:medium,+,0.462

