inst#,actual,predicted,error,prediction
1,1:high,1:high,,1
2,1:high,1:high,,1
3,1:high,1:high,,0.969
4,1:high,1:high,,1
5,1:high,1:high,,0.99
6,1:high,1:high,,0.99
7,1:high,1:high,,1
8,1:high,1:high,,0.67
9,1:high,1:high,,1
10,1:high,1:high,,0.907
11,1:high,1:high,,0.99
12,1:high,1:high,,1
13,1:high,1:high,,0.959
14,1:high,1:high,,0.959
15,1:high,1:high,,0.99
16,1:high,1:high,,1
17,1:high,1:high,,0.67
18,1:high,1:high,,1
19,1:high,1:high,,0.99
20,1:high,1:high,,0.959
21,1:high,1:high,,0.99
22,3:low,3:low,,0.575
23,2:medium,3:low,+,0.622
24,3:low,3:low,,0.629
25,3:low,3:low,,0.566
26,3:low,3:low,,0.636
27,3:low,3:low,,0.692
28,2:medium,3:low,+,0.565
29,2:medium,3:low,+,0.577
30,3:low,3:low,,0.5
31,3:low,3:low,,0.53
32,3:low,3:low,,0.701
33,3:low,3:low,,0.68
34,3:low,3:low,,0.614
35,3:low,3:low,,0.695
36,3:low,3:low,,0.673
37,2:medium,3:low,+,0.557
38,2:medium,3:low,+,0.57
39,2:medium,3:low,+,0.579
40,2:medium,3:low,+,0.558
41,2:medium,3:low,+,0.571
42,2:medium,3:low,+,0.587
43,2:medium,3:low,+,0.641
44,3:low,3:low,,0.685
45,3:low,3:low,,0.645
46,2:medium,3:low,+,0.459
47,1:high,2:medium,+,0.512
48,3:low,3:low,,0.636

