inst#,actual,predicted,error,prediction
1,1:high,1:high,,0.979
2,1:high,1:high,,0.991
3,1:high,1:high,,0.998
4,1:high,1:high,,0.991
5,1:high,1:high,,0.995
6,1:high,1:high,,0.997
7,1:high,1:high,,0.961
8,1:high,1:high,,0.894
9,1:high,1:high,,0.964
10,1:high,1:high,,0.997
11,1:high,1:high,,0.995
12,1:high,1:high,,0.994
13,1:high,1:high,,0.999
14,1:high,1:high,,0.637
15,1:high,1:high,,0.992
16,1:high,1:high,,0.82
17,1:high,1:high,,0.333
18,1:high,1:high,,0.893
19,1:high,1:high,,0.946
20,1:high,1:high,,0.927
21,1:high,1:high,,0.993
22,3:low,3:low,,0.629
23,2:medium,3:low,+,0.71
24,3:low,3:low,,0.681
25,3:low,3:low,,0.733
26,3:low,3:low,,0.692
27,3:low,3:low,,0.698
28,2:medium,3:low,+,0.632
29,2:medium,3:low,+,0.724
30,3:low,3:low,,0.67
31,3:low,3:low,,0.634
32,3:low,3:low,,0.68
33,3:low,3:low,,0.679
34,3:low,3:low,,0.713
35,3:low,3:low,,0.665
36,3:low,3:low,,0.649
37,2:medium,3:low,+,0.701
38,2:medium,3:low,+,0.696
39,2:medium,3:low,+,0.724
40,2:medium,3:low,+,0.72
41,2:medium,3:low,+,0.741
42,2:medium,3:low,+,0.754
43,2:medium,3:low,+,0.735
44,3:low,3:low,,0.693
45,3:low,3:low,,0.626
46,2:medium,3:low,+,0.554
47,1:high,3:low,+,0.691
48,3:low,3:low,,0.731

