inst#,actual,predicted,error,prediction
1,1:high,1:high,,0.996
2,1:high,1:high,,0.919
3,1:high,1:high,,0.996
4,1:high,1:high,,0.996
5,1:high,1:high,,0.996
6,1:high,1:high,,0.996
7,1:high,1:high,,0.923
8,1:high,1:high,,0.615
9,1:high,1:high,,0.996
10,1:high,1:high,,0.996
11,1:high,1:high,,0.996
12,1:high,1:high,,0.996
13,1:high,1:high,,0.996
14,1:high,1:high,,0.996
15,1:high,1:high,,0.996
16,1:high,1:high,,0.996
17,1:high,1:high,,0.615
18,1:high,1:high,,0.846
19,1:high,1:high,,0.919
20,1:high,1:high,,0.919
21,1:high,1:high,,0.846
22,3:low,2:medium,+,0.535
23,2:medium,2:medium,,0.652
24,3:low,2:medium,+,0.476
25,3:low,2:medium,+,0.604
26,3:low,2:medium,+,0.604
27,3:low,3:low,,0.522
28,2:medium,2:medium,,0.535
29,2:medium,3:low,+,0.583
30,3:low,2:medium,+,0.745
31,3:low,2:medium,+,0.591
32,3:low,2:medium,+,0.535
33,3:low,3:low,,0.526
34,3:low,3:low,,0.522
35,3:low,3:low,,0.526
36,3:low,2:medium,+,0.583
37,2:medium,2:medium,,0.535
38,2:medium,3:low,+,0.583
39,2:medium,2:medium,,0.467
40,2:medium,2:medium,,0.535
41,2:medium,3:low,+,0.526
42,2:medium,2:medium,,0.535
43,2:medium,2:medium,,0.583
44,3:low,2:medium,+,0.535
45,3:low,2:medium,+,0.583
46,2:medium,3:low,+,0.445
47,1:high,2:medium,+,0.619
48,3:low,3:low,,0.583

