inst#,actual,predicted,error,prediction
1,1:high,1:high,,1
2,1:high,1:high,,1
3,1:high,1:high,,1
4,1:high,1:high,,1
5,1:high,1:high,,1
6,1:high,1:high,,1
7,1:high,1:high,,1
8,1:high,1:high,,0.622
9,1:high,1:high,,1
10,1:high,1:high,,1
11,1:high,1:high,,0.978
12,1:high,1:high,,1
13,1:high,1:high,,1
14,1:high,1:high,,1
15,1:high,1:high,,1
16,1:high,1:high,,1
17,1:high,1:high,,0.711
18,1:high,1:high,,0.822
19,1:high,1:high,,1
20,1:high,1:high,,0.978
21,1:high,1:high,,1
22,3:low,3:low,,0.766
23,2:medium,3:low,+,0.744
24,3:low,3:low,,0.703
25,3:low,3:low,,0.723
26,3:low,3:low,,0.727
27,3:low,3:low,,0.744
28,2:medium,3:low,+,0.721
29,2:medium,3:low,+,0.721
30,3:low,3:low,,0.748
31,3:low,3:low,,0.725
32,3:low,3:low,,0.766
33,3:low,3:low,,0.721
34,3:low,3:low,,0.744
35,3:low,3:low,,0.77
36,3:low,3:low,,0.725
37,2:medium,3:low,+,0.703
38,2:medium,3:low,+,0.592
39,2:medium,3:low,+,0.637
40,2:medium,3:low,+,0.616
41,2:medium,3:low,+,0.705
42,2:medium,3:low,+,0.661
43,2:medium,3:low,+,0.683
44,3:low,3:low,,0.727
45,3:low,3:low,,0.705
46,2:medium,1:high,+,0.578
47,1:high,3:low,+,0.659
48,3:low,3:low,,0.681

