inst#,actual,predicted,error,prediction
1,1:high,1:high,,1
2,1:high,1:high,,1
3,1:high,1:high,,1
4,1:high,1:high,,1
5,1:high,1:high,,1
6,1:high,1:high,,1
7,1:high,1:high,,1
8,1:high,2:medium,+,0.499
9,1:high,1:high,,1
10,1:high,1:high,,0.971
11,1:high,1:high,,0.971
12,1:high,1:high,,0.971
13,1:high,1:high,,0.971
14,1:high,1:high,,1
15,1:high,1:high,,1
16,1:high,1:high,,0.971
17,1:high,1:high,,0.771
18,1:high,1:high,,0.914
19,1:high,1:high,,1
20,1:high,1:high,,1
21,1:high,1:high,,1
22,3:low,3:low,,0.569
23,2:medium,3:low,+,0.602
24,3:low,3:low,,0.62
25,3:low,2:medium,+,0.525
26,3:low,3:low,,0.624
27,3:low,3:low,,0.595
28,2:medium,2:medium,,0.605
29,2:medium,2:medium,,0.605
30,3:low,3:low,,0.652
31,3:low,3:low,,0.569
32,3:low,3:low,,0.623
33,3:low,3:low,,0.677
34,3:low,3:low,,0.566
35,3:low,3:low,,0.651
36,3:low,3:low,,0.581
37,2:medium,2:medium,,0.529
38,2:medium,2:medium,,0.627
39,2:medium,2:medium,,0.625
40,2:medium,2:medium,,0.654
41,2:medium,3:low,+,0.52
42,2:medium,2:medium,,0.6
43,2:medium,3:low,+,0.486
44,3:low,3:low,,0.62
45,3:low,3:low,,0.602
46,2:medium,1:high,+,0.486
47,1:high,2:medium,+,0.534
48,3:low,2:medium,+,0.478

