inst#,actual,predicted,error,prediction
1,1:high,1:high,,0.999
2,1:high,1:high,,0.999
3,1:high,1:high,,0.999
4,1:high,1:high,,0.999
5,1:high,1:high,,0.999
6,1:high,1:high,,0.999
7,1:high,1:high,,0.999
8,1:high,2:medium,+,0.742
9,1:high,1:high,,0.999
10,1:high,1:high,,0.999
11,1:high,1:high,,0.999
12,1:high,1:high,,0.999
13,1:high,1:high,,0.999
14,1:high,1:high,,0.997
15,1:high,1:high,,0.999
16,1:high,1:high,,0.999
17,1:high,2:medium,+,0.878
18,1:high,1:high,,0.885
19,1:high,1:high,,0.999
20,1:high,1:high,,0.993
21,1:high,1:high,,1
22,3:low,3:low,,0.897
23,2:medium,3:low,+,0.886
24,3:low,3:low,,0.955
25,3:low,3:low,,0.858
26,3:low,3:low,,0.913
27,3:low,3:low,,0.921
28,2:medium,3:low,+,0.847
29,2:medium,3:low,+,0.823
30,3:low,3:low,,0.91
31,3:low,3:low,,0.891
32,3:low,3:low,,0.934
33,3:low,3:low,,0.929
34,3:low,3:low,,0.861
35,3:low,3:low,,0.945
36,3:low,3:low,,0.966
37,2:medium,3:low,+,0.85
38,2:medium,3:low,+,0.753
39,2:medium,3:low,+,0.84
40,2:medium,3:low,+,0.817
41,2:medium,3:low,+,0.848
42,2:medium,3:low,+,0.827
43,2:medium,3:low,+,0.972
44,3:low,3:low,,0.954
45,3:low,3:low,,0.939
46,2:medium,3:low,+,0.894
47,1:high,3:low,+,0.724
48,3:low,3:low,,0.866

