inst#,actual,predicted,error,prediction
1,1:high,1:high,,1
2,1:high,1:high,,1
3,1:high,1:high,,1
4,1:high,1:high,,1
5,1:high,1:high,,1
6,1:high,1:high,,1
7,1:high,1:high,,1
8,1:high,1:high,,0.803
9,1:high,1:high,,1
10,1:high,1:high,,1
11,1:high,1:high,,1
12,1:high,1:high,,1
13,1:high,1:high,,1
14,1:high,1:high,,1
15,1:high,1:high,,1
16,1:high,1:high,,1
17,1:high,1:high,,0.803
18,1:high,1:high,,1
19,1:high,1:high,,1
20,1:high,1:high,,1
21,1:high,1:high,,1
22,3:low,3:low,,0.503
23,2:medium,3:low,+,0.503
24,3:low,3:low,,0.567
25,3:low,2:medium,+,0.55
26,3:low,3:low,,0.556
27,3:low,3:low,,0.595
28,2:medium,3:low,+,0.516
29,2:medium,3:low,+,0.503
30,3:low,2:medium,+,0.55
31,3:low,2:medium,+,0.51
32,3:low,3:low,,0.646
33,3:low,3:low,,0.62
34,3:low,3:low,,0.581
35,3:low,3:low,,0.659
36,3:low,3:low,,0.699
37,2:medium,3:low,+,0.542
38,2:medium,3:low,+,0.542
39,2:medium,3:low,+,0.516
40,2:medium,3:low,+,0.542
41,2:medium,3:low,+,0.569
42,2:medium,3:low,+,0.569
43,2:medium,3:low,+,0.712
44,3:low,3:low,,0.778
45,3:low,3:low,,0.648
46,2:medium,3:low,+,0.477
47,1:high,3:low,+,0.608
48,3:low,3:low,,0.648

