inst#,actual,predicted,error,prediction
1,1:high,1:high,,1
2,1:high,1:high,,1
3,1:high,1:high,,1
4,1:high,1:high,,1
5,1:high,1:high,,1
6,1:high,1:high,,1
7,1:high,1:high,,1
8,1:high,1:high,,0.698
9,1:high,1:high,,1
10,1:high,1:high,,1
11,1:high,1:high,,1
12,1:high,1:high,,1
13,1:high,1:high,,1
14,1:high,1:high,,1
15,1:high,1:high,,1
16,1:high,1:high,,1
17,1:high,1:high,,0.936
18,1:high,1:high,,1
19,1:high,1:high,,1
20,1:high,1:high,,1
21,1:high,1:high,,1
22,3:low,2:medium,+,0.59
23,2:medium,3:low,+,0.635
24,3:low,2:medium,+,0.527
25,3:low,3:low,,0.541
26,3:low,3:low,,0.541
27,3:low,3:low,,0.735
28,2:medium,2:medium,,0.862
29,2:medium,2:medium,,0.591
30,3:low,3:low,,0.773
31,3:low,2:medium,+,0.586
32,3:low,3:low,,0.835
33,3:low,3:low,,0.842
34,3:low,3:low,,0.873
35,3:low,3:low,,0.748
36,3:low,2:medium,+,0.642
37,2:medium,2:medium,,0.574
38,2:medium,3:low,+,0.771
39,2:medium,2:medium,,0.717
40,2:medium,2:medium,,0.822
41,2:medium,3:low,+,0.551
42,2:medium,2:medium,,0.837
43,2:medium,2:medium,,0.804
44,3:low,3:low,,0.57
45,3:low,2:medium,+,0.614
46,2:medium,3:low,+,0.646
47,1:high,2:medium,+,0.729
48,3:low,2:medium,+,0.688

