inst#,actual,predicted,error,prediction
1,1:high,1:high,,1
2,1:high,1:high,,1
3,1:high,1:high,,1
4,1:high,1:high,,1
5,1:high,1:high,,1
6,1:high,1:high,,1
7,1:high,1:high,,1
8,1:high,2:medium,+,0.873
9,1:high,1:high,,1
10,1:high,1:high,,1
11,1:high,1:high,,1
12,1:high,1:high,,1
13,1:high,1:high,,1
14,1:high,1:high,,1
15,1:high,1:high,,1
16,1:high,1:high,,1
17,1:high,1:high,,0.387
18,1:high,1:high,,0.982
19,1:high,1:high,,1
20,1:high,1:high,,1
21,1:high,1:high,,1
22,3:low,2:medium,+,0.675
23,2:medium,2:medium,,0.629
24,3:low,2:medium,+,0.687
25,3:low,2:medium,+,0.501
26,3:low,3:low,,0.649
27,3:low,3:low,,0.592
28,2:medium,2:medium,,0.858
29,2:medium,2:medium,,0.743
30,3:low,3:low,,0.599
31,3:low,2:medium,+,0.647
32,3:low,3:low,,0.708
33,3:low,3:low,,0.651
34,3:low,3:low,,0.599
35,3:low,3:low,,0.706
36,3:low,3:low,,0.756
37,2:medium,3:low,+,0.668
38,2:medium,2:medium,,0.601
39,2:medium,2:medium,,0.79
40,2:medium,2:medium,,0.745
41,2:medium,2:medium,,0.519
42,2:medium,2:medium,,0.737
43,2:medium,3:low,+,0.582
44,3:low,3:low,,0.691
45,3:low,2:medium,+,0.621
46,2:medium,3:low,+,0.517
47,1:high,2:medium,+,0.905
48,3:low,2:medium,+,0.763

