inst#,actual,predicted,error,prediction
1,1:high,1:high,,1
2,1:high,1:high,,1
3,1:high,1:high,,1
4,1:high,1:high,,1
5,1:high,1:high,,1
6,1:high,1:high,,1
7,1:high,1:high,,1
8,1:high,1:high,,1
9,1:high,1:high,,1
10,1:high,1:high,,1
11,1:high,1:high,,1
12,1:high,1:high,,1
13,1:high,1:high,,1
14,1:high,1:high,,1
15,1:high,1:high,,1
16,1:high,1:high,,1
17,1:high,1:high,,1
18,1:high,1:high,,1
19,1:high,1:high,,1
20,1:high,1:high,,1
21,1:high,1:high,,1
22,3:low,3:low,,1
23,2:medium,3:low,+,1
24,3:low,3:low,,1
25,3:low,3:low,,0.999
26,3:low,3:low,,1
27,3:low,3:low,,1
28,2:medium,2:medium,,0.958
29,2:medium,2:medium,,1
30,3:low,3:low,,1
31,3:low,3:low,,1
32,3:low,3:low,,1
33,3:low,3:low,,1
34,3:low,3:low,,1
35,3:low,3:low,,1
36,3:low,3:low,,1
37,2:medium,2:medium,,0.999
38,2:medium,3:low,+,0.523
39,2:medium,2:medium,,1
40,2:medium,2:medium,,0.989
41,2:medium,3:low,+,0.689
42,2:medium,3:low,+,0.884
43,2:medium,3:low,+,1
44,3:low,3:low,,1
45,3:low,3:low,,1
46,2:medium,1:high,+,1
47,1:high,2:medium,+,1
48,3:low,3:low,,0.929

