inst#,actual,predicted,error,prediction
1,1:high,1:high,,0.6
2,1:high,1:high,,0.6
3,1:high,1:high,,0.6
4,1:high,1:high,,0.6
5,1:high,1:high,,0.6
6,1:high,1:high,,0.6
7,1:high,1:high,,0.6
8,1:high,2:medium,+,0.569
9,1:high,1:high,,0.6
10,1:high,1:high,,0.6
11,1:high,1:high,,0.6
12,1:high,1:high,,0.6
13,1:high,1:high,,0.6
14,1:high,1:high,,0.6
15,1:high,1:high,,0.6
16,1:high,1:high,,0.6
17,1:high,1:high,,0.333
18,1:high,1:high,,0.599
19,1:high,1:high,,0.6
20,1:high,1:high,,0.6
21,1:high,1:high,,0.6
22,3:low,2:medium,+,0.429
23,2:medium,3:low,+,0.535
24,3:low,3:low,,0.462
25,3:low,3:low,,0.516
26,3:low,3:low,,0.549
27,3:low,3:low,,0.565
28,2:medium,2:medium,,0.52
29,2:medium,2:medium,,0.446
30,3:low,3:low,,0.581
31,3:low,3:low,,0.48
32,3:low,3:low,,0.564
33,3:low,3:low,,0.569
34,3:low,3:low,,0.556
35,3:low,3:low,,0.563
36,3:low,3:low,,0.508
37,2:medium,3:low,+,0.488
38,2:medium,3:low,+,0.475
39,2:medium,2:medium,,0.438
40,2:medium,2:medium,,0.462
41,2:medium,3:low,+,0.485
42,2:medium,2:medium,,0.403
43,2:medium,3:low,+,0.461
44,3:low,3:low,,0.536
45,3:low,3:low,,0.467
46,2:medium,2:medium,,0.433
47,1:high,2:medium,+,0.535
48,3:low,2:medium,+,0.472

