inst#,actual,predicted,error,prediction
1,1:high,1:high,,1
2,1:high,1:high,,1
3,1:high,1:high,,1
4,1:high,1:high,,1
5,1:high,1:high,,1
6,1:high,1:high,,1
7,1:high,1:high,,1
8,1:high,1:high,,0.989
9,1:high,1:high,,1
10,1:high,1:high,,1
11,1:high,1:high,,1
12,1:high,1:high,,1
13,1:high,1:high,,1
14,1:high,1:high,,1
15,1:high,1:high,,1
16,1:high,1:high,,0.989
17,1:high,1:high,,0.929
18,1:high,1:high,,1
19,1:high,1:high,,0.989
20,1:high,1:high,,1
21,1:high,1:high,,1
22,3:low,2:medium,+,0.667
23,2:medium,2:medium,,0.757
24,3:low,2:medium,+,0.648
25,3:low,2:medium,+,0.727
26,3:low,2:medium,+,0.717
27,3:low,2:medium,+,0.638
28,2:medium,2:medium,,0.697
29,2:medium,2:medium,,0.618
30,3:low,2:medium,+,0.777
31,3:low,2:medium,+,0.727
32,3:low,2:medium,+,0.628
33,3:low,2:medium,+,0.707
34,3:low,2:medium,+,0.687
35,3:low,2:medium,+,0.609
36,3:low,2:medium,+,0.717
37,2:medium,2:medium,,0.628
38,2:medium,2:medium,,0.618
39,2:medium,2:medium,,0.638
40,2:medium,2:medium,,0.727
41,2:medium,2:medium,,0.608
42,2:medium,2:medium,,0.628
43,2:medium,2:medium,,0.777
44,3:low,2:medium,+,0.588
45,3:low,2:medium,+,0.737
46,2:medium,1:high,+,0.737
47,1:high,2:medium,+,0.547
48,3:low,2:medium,+,0.529

