inst#,actual,predicted,error,prediction
1,1:high,1:high,,1
2,1:high,1:high,,1
3,1:high,1:high,,1
4,1:high,1:high,,1
5,1:high,1:high,,1
6,1:high,1:high,,1
7,1:high,1:high,,1
8,1:high,1:high,,0.571
9,1:high,1:high,,1
10,1:high,1:high,,1
11,1:high,1:high,,1
12,1:high,1:high,,1
13,1:high,1:high,,1
14,1:high,1:high,,1
15,1:high,1:high,,1
16,1:high,1:high,,1
17,1:high,1:high,,0.5
18,1:high,1:high,,1
19,1:high,1:high,,1
20,1:high,1:high,,1
21,1:high,1:high,,1
22,3:low,3:low,,0.479
23,2:medium,3:low,+,0.479
24,3:low,3:low,,0.479
25,3:low,3:low,,0.455
26,3:low,3:low,,0.499
27,3:low,3:low,,0.479
28,2:medium,3:low,+,0.431
29,2:medium,3:low,+,0.455
30,3:low,3:low,,0.525
31,3:low,3:low,,0.525
32,3:low,3:low,,0.499
33,3:low,3:low,,0.525
34,3:low,3:low,,0.475
35,3:low,3:low,,0.523
36,3:low,3:low,,0.431
37,2:medium,3:low,+,0.407
38,2:medium,3:low,+,0.407
39,2:medium,3:low,+,0.386
40,2:medium,3:low,+,0.386
41,2:medium,3:low,+,0.455
42,2:medium,3:low,+,0.431
43,2:medium,3:low,+,0.386
44,3:low,3:low,,0.523
45,3:low,3:low,,0.479
46,2:medium,1:high,+,1
47,1:high,3:low,+,0.409
48,3:low,3:low,,0.479

