inst#,actual,predicted,error,prediction
1,1:high,1:high,,1
2,1:high,1:high,,1
3,1:high,1:high,,1
4,1:high,1:high,,1
5,1:high,1:high,,1
6,1:high,1:high,,1
7,1:high,1:high,,1
8,1:high,1:high,,0.563
9,1:high,1:high,,0.938
10,1:high,1:high,,0.938
11,1:high,1:high,,0.938
12,1:high,1:high,,0.938
13,1:high,1:high,,0.938
14,1:high,1:high,,0.938
15,1:high,1:high,,0.938
16,1:high,1:high,,0.938
17,1:high,1:high,,0.563
18,1:high,1:high,,0.75
19,1:high,1:high,,0.875
20,1:high,1:high,,0.875
21,1:high,1:high,,0.938
22,3:low,3:low,,0.625
23,2:medium,3:low,+,0.688
24,3:low,3:low,,0.625
25,3:low,3:low,,0.563
26,3:low,3:low,,0.625
27,3:low,3:low,,0.688
28,2:medium,2:medium,,0.5
29,2:medium,2:medium,,0.563
30,3:low,3:low,,0.563
31,3:low,3:low,,0.625
32,3:low,3:low,,0.625
33,3:low,3:low,,0.563
34,3:low,3:low,,0.5
35,3:low,3:low,,0.625
36,3:low,3:low,,0.625
37,2:medium,3:low,+,0.5
38,2:medium,2:medium,,0.563
39,2:medium,2:medium,,0.5
40,2:medium,2:medium,,0.625
41,2:medium,2:medium,,0.5
42,2:medium,2:medium,,0.5
43,2:medium,3:low,+,0.625
44,3:low,3:low,,0.625
45,3:low,3:low,,0.563
46,2:medium,1:high,+,0.438
47,1:high,2:medium,+,0.625
48,3:low,3:low,,0.5

