inst#,actual,predicted,error,prediction
1,1:high,1:high,,1
2,1:high,1:high,,1
3,1:high,1:high,,1
4,1:high,1:high,,1
5,1:high,1:high,,1
6,1:high,1:high,,1
7,1:high,1:high,,1
8,1:high,1:high,,0.529
9,1:high,1:high,,1
10,1:high,1:high,,1
11,1:high,1:high,,1
12,1:high,1:high,,1
13,1:high,1:high,,1
14,1:high,1:high,,1
15,1:high,1:high,,1
16,1:high,1:high,,1
17,1:high,1:high,,0.529
18,1:high,1:high,,0.735
19,1:high,1:high,,1
20,1:high,1:high,,0.882
21,1:high,1:high,,0.882
22,3:low,3:low,,0.485
23,2:medium,3:low,+,0.461
24,3:low,3:low,,0.467
25,3:low,3:low,,0.413
26,3:low,3:low,,0.483
27,3:low,3:low,,0.519
28,2:medium,3:low,+,0.382
29,2:medium,3:low,+,0.436
30,3:low,3:low,,0.461
31,3:low,3:low,,0.432
32,3:low,3:low,,0.485
33,3:low,3:low,,0.432
34,3:low,3:low,,0.497
35,3:low,3:low,,0.485
36,3:low,3:low,,0.456
37,2:medium,3:low,+,0.456
38,2:medium,3:low,+,0.409
39,2:medium,3:low,+,0.409
40,2:medium,3:low,+,0.385
41,2:medium,3:low,+,0.507
42,2:medium,3:low,+,0.461
43,2:medium,3:low,+,0.434
44,3:low,3:low,,0.461
45,3:low,3:low,,0.461
46,2:medium,1:high,+,0.676
47,1:high,3:low,+,0.511
48,3:low,3:low,,0.485

