inst#,actual,predicted,error,prediction
1,1:high,1:high,,1
2,1:high,1:high,,1
3,1:high,1:high,,1
4,1:high,1:high,,1
5,1:high,1:high,,1
6,1:high,1:high,,1
7,1:high,1:high,,1
8,1:high,1:high,,0.579
9,1:high,1:high,,1
10,1:high,1:high,,1
11,1:high,1:high,,1
12,1:high,1:high,,1
13,1:high,1:high,,1
14,1:high,1:high,,1
15,1:high,1:high,,1
16,1:high,1:high,,1
17,1:high,1:high,,0.632
18,1:high,1:high,,1
19,1:high,1:high,,1
20,1:high,1:high,,1
21,1:high,1:high,,1
22,3:low,2:medium,+,0.516
23,2:medium,2:medium,,0.513
24,3:low,3:low,,0.586
25,3:low,2:medium,+,0.569
26,3:low,2:medium,+,0.516
27,3:low,3:low,,0.583
28,2:medium,2:medium,,0.519
29,2:medium,3:low,+,0.53
30,3:low,2:medium,+,0.513
31,3:low,3:low,,0.536
32,3:low,3:low,,0.531
33,3:low,3:low,,0.633
34,3:low,2:medium,+,0.519
35,3:low,3:low,,0.58
36,3:low,3:low,,0.528
37,2:medium,2:medium,,0.522
38,2:medium,3:low,+,0.53
39,2:medium,3:low,+,0.53
40,2:medium,3:low,+,0.53
41,2:medium,3:low,+,0.53
42,2:medium,3:low,+,0.53
43,2:medium,3:low,+,0.583
44,3:low,3:low,,0.58
45,3:low,2:medium,+,0.519
46,2:medium,2:medium,,0.523
47,1:high,2:medium,+,0.519
48,3:low,3:low,,0.53

