inst#,actual,predicted,error,prediction
1,2:medium,2:medium,,1
2,2:medium,2:medium,,1
3,2:medium,2:medium,,1
4,2:medium,2:medium,,1
5,2:medium,2:medium,,1
6,2:medium,2:medium,,1
7,2:medium,2:medium,,1
8,2:medium,2:medium,,1
9,2:medium,2:medium,,1
10,2:medium,2:medium,,1
11,2:medium,2:medium,,1
12,2:medium,2:medium,,1
13,2:medium,2:medium,,1
14,2:medium,2:medium,,1
15,2:medium,2:medium,,1
16,2:medium,2:medium,,1
17,2:medium,2:medium,,1
18,2:medium,2:medium,,1
19,2:medium,2:medium,,1
20,2:medium,2:medium,,1
21,2:medium,2:medium,,1
22,2:medium,2:medium,,1
23,2:medium,2:medium,,1
24,2:medium,2:medium,,1
25,2:medium,2:medium,,1
26,2:medium,1:low,+,0.626
27,2:medium,1:low,+,1
28,2:medium,1:low,+,1
29,2:medium,1:low,+,1
30,2:medium,1:low,+,1
31,2:medium,1:low,+,1
32,2:medium,1:low,+,1
33,2:medium,1:low,+,1
34,2:medium,1:low,+,1
35,2:medium,1:low,+,1
36,2:medium,1:low,+,1
37,2:medium,1:low,+,1
38,2:medium,1:low,+,1
39,2:medium,1:low,+,1
40,2:medium,1:low,+,1
41,2:medium,1:low,+,1
42,2:medium,1:low,+,1
43,2:medium,1:low,+,1
44,2:medium,1:low,+,1
45,2:medium,1:low,+,1
46,2:medium,1:low,+,1
47,2:medium,1:low,+,1
48,2:medium,1:low,+,1
49,2:medium,1:low,+,1
50,2:medium,1:low,+,1
51,2:medium,1:low,+,1
52,2:medium,2:medium,,1
53,2:medium,2:medium,,1
54,2:medium,2:medium,,1
55,2:medium,2:medium,,1
56,2:medium,1:low,+,0.591
57,2:medium,2:medium,,0.855
58,2:medium,2:medium,,1
59,2:medium,2:medium,,1
60,2:medium,2:medium,,1
61,2:medium,2:medium,,0.855
62,2:medium,2:medium,,1
63,2:medium,2:medium,,0.855
64,2:medium,2:medium,,1
65,2:medium,2:medium,,0.971
66,2:medium,2:medium,,1
67,2:medium,1:low,+,0.983
68,2:medium,2:medium,,0.971
69,2:medium,1:low,+,1
70,2:medium,1:low,+,1
71,2:medium,2:medium,,1
72,2:medium,2:medium,,1
73,2:medium,2:medium,,0.999
74,2:medium,1:low,+,1
75,2:medium,1:low,+,1
76,2:medium,1:low,+,1
77,2:medium,1:low,+,1
78,2:medium,1:low,+,1
79,2:medium,1:low,+,1
80,2:medium,1:low,+,1
81,2:medium,1:low,+,1
82,2:medium,1:low,+,1
83,2:medium,1:low,+,1
84,2:medium,1:low,+,1
85,2:medium,1:low,+,1
86,2:medium,1:low,+,1
87,2:medium,1:low,+,1
88,2:medium,1:low,+,1
89,2:medium,1:low,+,1
90,2:medium,1:low,+,1
91,2:medium,1:low,+,1
92,2:medium,1:low,+,1
93,2:medium,1:low,+,1
94,2:medium,1:low,+,1
95,2:medium,1:low,+,1
96,2:medium,1:low,+,1
97,2:medium,2:medium,,1
98,2:medium,1:low,+,0.506
99,2:medium,1:low,+,1
100,2:medium,2:medium,,0.998
101,2:medium,2:medium,,1
102,2:medium,1:low,+,1
103,2:medium,1:low,+,1
104,2:medium,1:low,+,1
105,2:medium,1:low,+,1
106,2:medium,1:low,+,1
107,2:medium,2:medium,,0.999
108,2:medium,1:low,+,1
109,2:medium,1:low,+,1
110,2:medium,1:low,+,1
111,2:medium,2:medium,,0.982
112,2:medium,1:low,+,1
113,2:medium,1:low,+,0.649
114,2:medium,2:medium,,1
115,2:medium,1:low,+,1
116,2:medium,1:low,+,1
117,2:medium,2:medium,,0.569
118,2:medium,1:low,+,1
119,2:medium,1:low,+,0.649
120,2:medium,2:medium,,0.569
121,2:medium,2:medium,,1
122,2:medium,2:medium,,1
123,2:medium,2:medium,,1
124,2:medium,2:medium,,1
125,2:medium,2:medium,,1
126,2:medium,2:medium,,1
127,2:medium,2:medium,,1
128,2:medium,2:medium,,0.999
129,2:medium,1:low,+,0.649
130,2:medium,1:low,+,1
131,2:medium,1:low,+,1
132,2:medium,1:low,+,1
133,2:medium,1:low,+,1
134,2:medium,1:low,+,1
135,2:medium,1:low,+,1
136,2:medium,1:low,+,1
137,2:medium,1:low,+,1
138,2:medium,1:low,+,1
139,2:medium,1:low,+,1
140,2:medium,1:low,+,1
141,2:medium,1:low,+,1
142,2:medium,2:medium,,0.997
143,2:medium,1:low,+,1
144,2:medium,2:medium,,0.569
145,2:medium,1:low,+,1
146,2:medium,2:medium,,0.569
147,2:medium,2:medium,,0.569
148,2:medium,2:medium,,0.569
149,2:medium,2:medium,,0.569
150,2:medium,2:medium,,0.569
151,2:medium,2:medium,,0.569
152,2:medium,2:medium,,0.569
153,2:medium,2:medium,,0.569
154,2:medium,2:medium,,0.569
155,2:medium,2:medium,,0.569
156,2:medium,2:medium,,0.569
157,2:medium,2:medium,,0.569
158,2:medium,2:medium,,0.569
159,2:medium,2:medium,,0.569
160,2:medium,2:medium,,0.569
161,2:medium,2:medium,,0.569
162,2:medium,1:low,+,0.923
163,2:medium,1:low,+,0.923
164,2:medium,1:low,+,0.923
165,2:medium,1:low,+,0.923
166,2:medium,1:low,+,0.923
167,2:medium,1:low,+,0.923
168,2:medium,1:low,+,1
169,2:medium,1:low,+,0.923
170,2:medium,1:low,+,0.923
171,2:medium,1:low,+,0.923
172,2:medium,1:low,+,0.923
173,2:medium,1:low,+,0.923
174,2:medium,1:low,+,0.923
175,2:medium,1:low,+,0.923
176,2:medium,2:medium,,0.966

