inst#,actual,predicted,error,prediction
1,2:medium,2:medium,,0.997
2,2:medium,2:medium,,0.999
3,2:medium,2:medium,,0.996
4,2:medium,2:medium,,0.999
5,2:medium,2:medium,,0.994
6,2:medium,2:medium,,0.998
7,2:medium,2:medium,,0.994
8,2:medium,2:medium,,0.997
9,2:medium,2:medium,,0.998
10,2:medium,2:medium,,0.99
11,2:medium,2:medium,,0.962
12,2:medium,2:medium,,0.973
13,2:medium,2:medium,,0.91
14,2:medium,2:medium,,0.92
15,2:medium,2:medium,,0.898
16,2:medium,2:medium,,0.928
17,2:medium,2:medium,,0.883
18,2:medium,2:medium,,0.858
19,2:medium,2:medium,,0.871
20,2:medium,2:medium,,0.908
21,2:medium,2:medium,,0.96
22,2:medium,2:medium,,0.99
23,2:medium,2:medium,,0.97
24,2:medium,2:medium,,0.968
25,2:medium,2:medium,,0.971
26,2:medium,2:medium,,0.836
27,2:medium,1:low,+,0.735
28,2:medium,1:low,+,0.996
29,2:medium,1:low,+,0.999
30,2:medium,1:low,+,0.999
31,2:medium,1:low,+,0.998
32,2:medium,1:low,+,0.999
33,2:medium,1:low,+,0.998
34,2:medium,1:low,+,0.999
35,2:medium,1:low,+,0.999
36,2:medium,1:low,+,0.999
37,2:medium,1:low,+,0.999
38,2:medium,1:low,+,0.628
39,2:medium,1:low,+,0.996
40,2:medium,1:low,+,0.646
41,2:medium,1:low,+,0.998
42,2:medium,1:low,+,0.996
43,2:medium,1:low,+,0.7
44,2:medium,1:low,+,0.715
45,2:medium,1:low,+,0.654
46,2:medium,1:low,+,0.995
47,2:medium,1:low,+,0.993
48,2:medium,1:low,+,0.997
49,2:medium,1:low,+,0.988
50,2:medium,1:low,+,0.993
51,2:medium,1:low,+,0.987
52,2:medium,1:low,+,0.778
53,2:medium,1:low,+,0.778
54,2:medium,1:low,+,0.591
55,2:medium,1:low,+,0.623
56,2:medium,1:low,+,0.574
57,2:medium,1:low,+,0.578
58,2:medium,1:low,+,0.576
59,2:medium,1:low,+,0.63
60,2:medium,1:low,+,0.753
61,2:medium,1:low,+,0.676
62,2:medium,1:low,+,0.77
63,2:medium,1:low,+,0.787
64,2:medium,1:low,+,0.784
65,2:medium,1:low,+,0.976
66,2:medium,1:low,+,0.98
67,2:medium,1:low,+,0.963
68,2:medium,1:low,+,0.972
69,2:medium,1:low,+,0.983
70,2:medium,1:low,+,0.987
71,2:medium,2:medium,,0.982
72,2:medium,2:medium,,0.933
73,2:medium,2:medium,,0.905
74,2:medium,1:low,+,0.688
75,2:medium,1:low,+,0.621
76,2:medium,1:low,+,0.711
77,2:medium,1:low,+,0.609
78,2:medium,1:low,+,0.996
79,2:medium,1:low,+,0.599
80,2:medium,1:low,+,0.998
81,2:medium,1:low,+,0.999
82,2:medium,1:low,+,0.998
83,2:medium,1:low,+,0.999
84,2:medium,1:low,+,0.762
85,2:medium,1:low,+,0.842
86,2:medium,1:low,+,0.692
87,2:medium,1:low,+,0.663
88,2:medium,1:low,+,0.835
89,2:medium,1:low,+,0.766
90,2:medium,1:low,+,0.651
91,2:medium,1:low,+,0.606
92,2:medium,1:low,+,0.878
93,2:medium,1:low,+,0.768
94,2:medium,1:low,+,0.802
95,2:medium,1:low,+,0.678
96,2:medium,1:low,+,0.805
97,2:medium,2:medium,,0.828
98,2:medium,2:medium,,0.842
99,2:medium,2:medium,,0.857
100,2:medium,2:medium,,0.879
101,2:medium,2:medium,,0.838
102,2:medium,1:low,+,0.988
103,2:medium,1:low,+,0.787
104,2:medium,1:low,+,0.99
105,2:medium,1:low,+,0.759
106,2:medium,1:low,+,0.944
107,2:medium,2:medium,,0.813
108,2:medium,1:low,+,0.978
109,2:medium,2:medium,,0.816
110,2:medium,1:low,+,0.984
111,2:medium,1:low,+,0.986
112,2:medium,2:medium,,0.817
113,2:medium,2:medium,,0.818
114,2:medium,2:medium,,0.819
115,2:medium,2:medium,,0.815
116,2:medium,1:low,+,0.959
117,2:medium,2:medium,,0.826
118,2:medium,1:low,+,0.93
119,2:medium,2:medium,,0.848
120,2:medium,2:medium,,0.897
121,2:medium,2:medium,,0.876
122,2:medium,2:medium,,0.526
123,2:medium,2:medium,,0.553
124,2:medium,2:medium,,0.566
125,2:medium,2:medium,,0.899
126,2:medium,1:low,+,0.506
127,2:medium,2:medium,,0.9
128,2:medium,2:medium,,0.86
129,2:medium,2:medium,,0.833
130,2:medium,1:low,+,0.975
131,2:medium,1:low,+,0.984
132,2:medium,1:low,+,0.889
133,2:medium,1:low,+,0.903
134,2:medium,1:low,+,0.922
135,2:medium,1:low,+,0.987
136,2:medium,1:low,+,0.983
137,2:medium,1:low,+,0.977
138,2:medium,1:low,+,0.989
139,2:medium,1:low,+,0.992
140,2:medium,1:low,+,0.985
141,2:medium,1:low,+,0.984
142,2:medium,2:medium,,0.914
143,2:medium,2:medium,,0.9
144,2:medium,2:medium,,0.856
145,2:medium,2:medium,,0.89
146,2:medium,2:medium,,0.837
147,2:medium,2:medium,,0.837
148,2:medium,2:medium,,0.837
149,2:medium,2:medium,,0.837
150,2:medium,2:medium,,0.837
151,2:medium,2:medium,,0.837
152,2:medium,2:medium,,0.837
153,2:medium,2:medium,,0.837
154,2:medium,2:medium,,0.837
155,2:medium,2:medium,,0.837
156,2:medium,2:medium,,0.837
157,2:medium,2:medium,,0.837
158,2:medium,2:medium,,0.837
159,2:medium,2:medium,,0.837
160,2:medium,2:medium,,0.837
161,2:medium,2:medium,,0.837
162,2:medium,1:low,+,0.8
163,2:medium,1:low,+,0.8
164,2:medium,1:low,+,0.8
165,2:medium,1:low,+,0.8
166,2:medium,1:low,+,0.8
167,2:medium,1:low,+,0.8
168,2:medium,1:low,+,0.8
169,2:medium,1:low,+,0.8
170,2:medium,1:low,+,0.8
171,2:medium,1:low,+,0.8
172,2:medium,1:low,+,0.8
173,2:medium,1:low,+,0.8
174,2:medium,1:low,+,0.8
175,2:medium,1:low,+,0.8
176,2:medium,1:low,+,0.8

