inst#,actual,predicted,error,prediction
1,2:medium,2:medium,,0.956
2,2:medium,2:medium,,0.947
3,2:medium,2:medium,,0.925
4,2:medium,2:medium,,0.971
5,2:medium,2:medium,,0.821
6,2:medium,2:medium,,0.869
7,2:medium,2:medium,,0.768
8,2:medium,2:medium,,0.864
9,2:medium,2:medium,,0.803
10,2:medium,2:medium,,0.72
11,2:medium,1:low,+,0.523
12,2:medium,1:low,+,0.595
13,2:medium,1:low,+,0.676
14,2:medium,1:low,+,0.696
15,2:medium,1:low,+,0.783
16,2:medium,1:low,+,0.625
17,2:medium,1:low,+,0.712
18,2:medium,1:low,+,0.814
19,2:medium,1:low,+,0.63
20,2:medium,1:low,+,0.531
21,2:medium,2:medium,,0.855
22,2:medium,2:medium,,0.939
23,2:medium,2:medium,,0.897
24,2:medium,2:medium,,0.885
25,2:medium,2:medium,,0.967
26,2:medium,1:low,+,0.728
27,2:medium,1:low,+,0.771
28,2:medium,1:low,+,1
29,2:medium,1:low,+,1
30,2:medium,1:low,+,0.998
31,2:medium,1:low,+,0.922
32,2:medium,1:low,+,0.917
33,2:medium,1:low,+,0.921
34,2:medium,1:low,+,0.914
35,2:medium,1:low,+,0.918
36,2:medium,1:low,+,0.917
37,2:medium,1:low,+,0.916
38,2:medium,1:low,+,0.935
39,2:medium,1:low,+,0.792
40,2:medium,1:low,+,0.858
41,2:medium,1:low,+,0.951
42,2:medium,1:low,+,0.817
43,2:medium,1:low,+,0.866
44,2:medium,1:low,+,0.987
45,2:medium,1:low,+,0.736
46,2:medium,1:low,+,0.802
47,2:medium,1:low,+,0.796
48,2:medium,1:low,+,0.837
49,2:medium,1:low,+,0.834
50,2:medium,1:low,+,0.785
51,2:medium,1:low,+,0.965
52,2:medium,1:low,+,0.979
53,2:medium,1:low,+,0.904
54,2:medium,1:low,+,0.77
55,2:medium,1:low,+,0.843
56,2:medium,1:low,+,0.849
57,2:medium,1:low,+,0.853
58,2:medium,1:low,+,0.856
59,2:medium,1:low,+,0.923
60,2:medium,1:low,+,0.925
61,2:medium,1:low,+,0.925
62,2:medium,1:low,+,0.927
63,2:medium,1:low,+,0.975
64,2:medium,1:low,+,0.999
65,2:medium,1:low,+,0.995
66,2:medium,1:low,+,0.995
67,2:medium,1:low,+,0.978
68,2:medium,1:low,+,0.903
69,2:medium,1:low,+,0.955
70,2:medium,1:low,+,0.969
71,2:medium,2:medium,,0.923
72,2:medium,2:medium,,0.715
73,2:medium,2:medium,,0.73
74,2:medium,1:low,+,0.802
75,2:medium,1:low,+,0.845
76,2:medium,1:low,+,0.929
77,2:medium,1:low,+,0.888
78,2:medium,1:low,+,0.756
79,2:medium,1:low,+,0.805
80,2:medium,1:low,+,0.729
81,2:medium,1:low,+,0.781
82,2:medium,1:low,+,0.787
83,2:medium,1:low,+,0.766
84,2:medium,1:low,+,0.76
85,2:medium,1:low,+,0.869
86,2:medium,1:low,+,0.749
87,2:medium,1:low,+,0.889
88,2:medium,1:low,+,0.819
89,2:medium,1:low,+,0.824
90,2:medium,1:low,+,0.797
91,2:medium,1:low,+,0.86
92,2:medium,1:low,+,0.784
93,2:medium,1:low,+,0.752
94,2:medium,1:low,+,0.768
95,2:medium,1:low,+,0.747
96,2:medium,1:low,+,0.831
97,2:medium,1:low,+,0.908
98,2:medium,1:low,+,0.904
99,2:medium,1:low,+,0.89
100,2:medium,1:low,+,0.87
101,2:medium,1:low,+,0.906
102,2:medium,1:low,+,0.93
103,2:medium,1:low,+,1
104,2:medium,1:low,+,0.929
105,2:medium,1:low,+,0.795
106,2:medium,1:low,+,0.928
107,2:medium,1:low,+,0.927
108,2:medium,1:low,+,0.925
109,2:medium,1:low,+,0.925
110,2:medium,1:low,+,0.926
111,2:medium,1:low,+,0.926
112,2:medium,1:low,+,0.927
113,2:medium,1:low,+,0.926
114,2:medium,1:low,+,0.924
115,2:medium,1:low,+,0.927
116,2:medium,1:low,+,0.919
117,2:medium,1:low,+,0.925
118,2:medium,1:low,+,0.912
119,2:medium,1:low,+,0.92
120,2:medium,1:low,+,0.902
121,2:medium,1:low,+,0.909
122,2:medium,1:low,+,0.89
123,2:medium,1:low,+,0.887
124,2:medium,1:low,+,0.874
125,2:medium,1:low,+,0.909
126,2:medium,1:low,+,0.912
127,2:medium,1:low,+,0.901
128,2:medium,1:low,+,0.916
129,2:medium,1:low,+,0.923
130,2:medium,1:low,+,0.928
131,2:medium,1:low,+,0.93
132,2:medium,1:low,+,0.929
133,2:medium,1:low,+,0.929
134,2:medium,1:low,+,0.93
135,2:medium,1:low,+,0.928
136,2:medium,1:low,+,0.929
137,2:medium,1:low,+,0.927
138,2:medium,1:low,+,0.929
139,2:medium,1:low,+,0.929
140,2:medium,1:low,+,0.928
141,2:medium,1:low,+,0.928
142,2:medium,1:low,+,0.887
143,2:medium,1:low,+,0.902
144,2:medium,1:low,+,0.912
145,2:medium,1:low,+,0.893
146,2:medium,1:low,+,0.92
147,2:medium,1:low,+,0.92
148,2:medium,1:low,+,0.92
149,2:medium,1:low,+,0.92
150,2:medium,1:low,+,0.92
151,2:medium,1:low,+,0.92
152,2:medium,1:low,+,0.92
153,2:medium,1:low,+,0.92
154,2:medium,1:low,+,0.92
155,2:medium,1:low,+,0.92
156,2:medium,1:low,+,0.92
157,2:medium,1:low,+,0.92
158,2:medium,1:low,+,0.92
159,2:medium,1:low,+,0.92
160,2:medium,1:low,+,0.92
161,2:medium,1:low,+,0.92
162,2:medium,2:medium,,1
163,2:medium,2:medium,,1
164,2:medium,2:medium,,1
165,2:medium,2:medium,,1
166,2:medium,2:medium,,1
167,2:medium,2:medium,,1
168,2:medium,2:medium,,1
169,2:medium,2:medium,,1
170,2:medium,2:medium,,1
171,2:medium,2:medium,,1
172,2:medium,2:medium,,1
173,2:medium,2:medium,,1
174,2:medium,2:medium,,1
175,2:medium,2:medium,,1
176,2:medium,2:medium,,1

