inst#,actual,predicted,error,prediction
1,2:medium,2:medium,,0.984
2,2:medium,2:medium,,0.979
3,2:medium,2:medium,,0.972
4,2:medium,2:medium,,0.988
5,2:medium,2:medium,,0.884
6,2:medium,2:medium,,0.936
7,2:medium,2:medium,,0.842
8,2:medium,2:medium,,0.921
9,2:medium,2:medium,,0.87
10,2:medium,2:medium,,0.816
11,2:medium,2:medium,,0.588
12,2:medium,2:medium,,0.582
13,2:medium,2:medium,,0.511
14,2:medium,2:medium,,0.506
15,2:medium,1:low,+,0.538
16,2:medium,2:medium,,0.553
17,2:medium,1:low,+,0.521
18,2:medium,1:low,+,0.737
19,2:medium,1:low,+,0.622
20,2:medium,1:low,+,0.51
21,2:medium,2:medium,,0.954
22,2:medium,2:medium,,0.981
23,2:medium,2:medium,,0.951
24,2:medium,2:medium,,0.949
25,2:medium,2:medium,,0.984
26,2:medium,1:low,+,0.885
27,2:medium,1:low,+,0.871
28,2:medium,1:low,+,0.999
29,2:medium,1:low,+,0.999
30,2:medium,1:low,+,0.986
31,2:medium,1:low,+,0.943
32,2:medium,1:low,+,0.964
33,2:medium,1:low,+,0.966
34,2:medium,1:low,+,0.964
35,2:medium,1:low,+,0.936
36,2:medium,1:low,+,0.944
37,2:medium,1:low,+,0.957
38,2:medium,1:low,+,0.972
39,2:medium,1:low,+,0.883
40,2:medium,1:low,+,0.916
41,2:medium,1:low,+,0.979
42,2:medium,1:low,+,0.916
43,2:medium,1:low,+,0.941
44,2:medium,1:low,+,0.994
45,2:medium,1:low,+,0.814
46,2:medium,1:low,+,0.875
47,2:medium,1:low,+,0.883
48,2:medium,1:low,+,0.858
49,2:medium,1:low,+,0.887
50,2:medium,1:low,+,0.874
51,2:medium,1:low,+,0.978
52,2:medium,1:low,+,0.99
53,2:medium,1:low,+,0.798
54,2:medium,1:low,+,0.584
55,2:medium,1:low,+,0.757
56,2:medium,1:low,+,0.764
57,2:medium,1:low,+,0.775
58,2:medium,1:low,+,0.78
59,2:medium,1:low,+,0.776
60,2:medium,1:low,+,0.776
61,2:medium,1:low,+,0.804
62,2:medium,1:low,+,0.854
63,2:medium,1:low,+,0.989
64,2:medium,1:low,+,0.933
65,2:medium,1:low,+,0.927
66,2:medium,1:low,+,0.914
67,2:medium,1:low,+,0.944
68,2:medium,1:low,+,0.876
69,2:medium,1:low,+,0.981
70,2:medium,1:low,+,0.984
71,2:medium,2:medium,,0.973
72,2:medium,2:medium,,0.879
73,2:medium,2:medium,,0.676
74,2:medium,1:low,+,0.868
75,2:medium,1:low,+,0.904
76,2:medium,1:low,+,0.94
77,2:medium,1:low,+,0.951
78,2:medium,1:low,+,0.827
79,2:medium,1:low,+,0.829
80,2:medium,1:low,+,0.767
81,2:medium,1:low,+,0.761
82,2:medium,1:low,+,0.773
83,2:medium,1:low,+,0.747
84,2:medium,1:low,+,0.887
85,2:medium,1:low,+,0.943
86,2:medium,1:low,+,0.809
87,2:medium,1:low,+,0.89
88,2:medium,1:low,+,0.855
89,2:medium,1:low,+,0.855
90,2:medium,1:low,+,0.883
91,2:medium,1:low,+,0.91
92,2:medium,1:low,+,0.883
93,2:medium,1:low,+,0.602
94,2:medium,1:low,+,0.884
95,2:medium,1:low,+,0.82
96,2:medium,1:low,+,0.92
97,2:medium,1:low,+,0.691
98,2:medium,1:low,+,0.705
99,2:medium,1:low,+,0.616
100,2:medium,1:low,+,0.574
101,2:medium,1:low,+,0.649
102,2:medium,1:low,+,0.912
103,2:medium,1:low,+,1
104,2:medium,1:low,+,0.938
105,2:medium,1:low,+,0.85
106,2:medium,1:low,+,0.887
107,2:medium,1:low,+,0.857
108,2:medium,1:low,+,0.783
109,2:medium,1:low,+,0.852
110,2:medium,1:low,+,0.792
111,2:medium,1:low,+,0.779
112,2:medium,1:low,+,0.862
113,2:medium,1:low,+,0.747
114,2:medium,1:low,+,0.807
115,2:medium,1:low,+,0.863
116,2:medium,1:low,+,0.743
117,2:medium,1:low,+,0.832
118,2:medium,1:low,+,0.713
119,2:medium,1:low,+,0.802
120,2:medium,1:low,+,0.677
121,2:medium,1:low,+,0.775
122,2:medium,1:low,+,0.683
123,2:medium,1:low,+,0.652
124,2:medium,1:low,+,0.619
125,2:medium,1:low,+,0.74
126,2:medium,1:low,+,0.723
127,2:medium,1:low,+,0.693
128,2:medium,1:low,+,0.712
129,2:medium,1:low,+,0.726
130,2:medium,1:low,+,0.919
131,2:medium,1:low,+,0.92
132,2:medium,1:low,+,0.94
133,2:medium,1:low,+,0.937
134,2:medium,1:low,+,0.905
135,2:medium,1:low,+,0.892
136,2:medium,1:low,+,0.917
137,2:medium,1:low,+,0.89
138,2:medium,1:low,+,0.884
139,2:medium,1:low,+,0.882
140,2:medium,1:low,+,0.896
141,2:medium,1:low,+,0.906
142,2:medium,1:low,+,0.646
143,2:medium,1:low,+,0.694
144,2:medium,1:low,+,0.688
145,2:medium,1:low,+,0.668
146,2:medium,1:low,+,0.718
147,2:medium,1:low,+,0.718
148,2:medium,1:low,+,0.718
149,2:medium,1:low,+,0.718
150,2:medium,1:low,+,0.718
151,2:medium,1:low,+,0.718
152,2:medium,1:low,+,0.718
153,2:medium,1:low,+,0.718
154,2:medium,1:low,+,0.718
155,2:medium,1:low,+,0.718
156,2:medium,1:low,+,0.718
157,2:medium,1:low,+,0.718
158,2:medium,1:low,+,0.718
159,2:medium,1:low,+,0.718
160,2:medium,1:low,+,0.718
161,2:medium,1:low,+,0.718
162,2:medium,2:medium,,0.97
163,2:medium,2:medium,,0.97
164,2:medium,2:medium,,0.97
165,2:medium,2:medium,,0.97
166,2:medium,2:medium,,0.97
167,2:medium,2:medium,,0.97
168,2:medium,2:medium,,0.97
169,2:medium,2:medium,,0.97
170,2:medium,2:medium,,0.97
171,2:medium,2:medium,,0.97
172,2:medium,2:medium,,1
173,2:medium,2:medium,,1
174,2:medium,2:medium,,1
175,2:medium,2:medium,,1
176,2:medium,2:medium,,1

