inst#,actual,predicted,error,prediction
1,2:medium,2:medium,,0.945
2,2:medium,2:medium,,0.946
3,2:medium,2:medium,,0.901
4,2:medium,2:medium,,0.931
5,2:medium,2:medium,,0.867
6,2:medium,2:medium,,0.92
7,2:medium,2:medium,,0.835
8,2:medium,2:medium,,0.911
9,2:medium,2:medium,,0.904
10,2:medium,2:medium,,0.785
11,2:medium,2:medium,,0.533
12,2:medium,2:medium,,0.61
13,2:medium,1:low,+,0.768
14,2:medium,1:low,+,0.824
15,2:medium,1:low,+,0.826
16,2:medium,1:low,+,0.703
17,2:medium,1:low,+,0.869
18,2:medium,1:low,+,0.938
19,2:medium,1:low,+,0.912
20,2:medium,1:low,+,0.814
21,2:medium,2:medium,,0.662
22,2:medium,2:medium,,0.888
23,2:medium,2:medium,,0.718
24,2:medium,2:medium,,0.772
25,2:medium,2:medium,,0.794
26,2:medium,1:low,+,0.814
27,2:medium,1:low,+,0.625
28,2:medium,1:low,+,0.881
29,2:medium,1:low,+,0.925
30,2:medium,1:low,+,0.904
31,2:medium,1:low,+,0.903
32,2:medium,1:low,+,0.9
33,2:medium,1:low,+,0.885
34,2:medium,1:low,+,0.875
35,2:medium,1:low,+,0.918
36,2:medium,1:low,+,0.94
37,2:medium,1:low,+,0.956
38,2:medium,1:low,+,0.809
39,2:medium,1:low,+,0.804
40,2:medium,1:low,+,0.746
41,2:medium,1:low,+,0.934
42,2:medium,1:low,+,0.804
43,2:medium,1:low,+,0.791
44,2:medium,1:low,+,0.769
45,2:medium,1:low,+,0.676
46,2:medium,1:low,+,0.725
47,2:medium,1:low,+,0.753
48,2:medium,1:low,+,0.719
49,2:medium,1:low,+,0.816
50,2:medium,1:low,+,0.941
51,2:medium,1:low,+,0.977
52,2:medium,1:low,+,0.772
53,2:medium,1:low,+,0.68
54,2:medium,1:low,+,0.549
55,2:medium,1:low,+,0.529
56,2:medium,1:low,+,0.564
57,2:medium,2:medium,,0.501
58,2:medium,1:low,+,0.535
59,2:medium,1:low,+,0.551
60,2:medium,1:low,+,0.562
61,2:medium,1:low,+,0.655
62,2:medium,1:low,+,0.668
63,2:medium,1:low,+,0.854
64,2:medium,1:low,+,0.828
65,2:medium,1:low,+,0.819
66,2:medium,1:low,+,0.858
67,2:medium,1:low,+,0.816
68,2:medium,1:low,+,0.86
69,2:medium,1:low,+,0.905
70,2:medium,1:low,+,0.902
71,2:medium,2:medium,,0.872
72,2:medium,2:medium,,0.666
73,2:medium,1:low,+,0.658
74,2:medium,1:low,+,0.756
75,2:medium,1:low,+,0.888
76,2:medium,1:low,+,0.977
77,2:medium,1:low,+,0.786
78,2:medium,1:low,+,0.785
79,2:medium,1:low,+,0.76
80,2:medium,1:low,+,0.67
81,2:medium,1:low,+,0.78
82,2:medium,1:low,+,0.796
83,2:medium,1:low,+,0.706
84,2:medium,1:low,+,0.827
85,2:medium,1:low,+,0.864
86,2:medium,1:low,+,0.696
87,2:medium,1:low,+,0.894
88,2:medium,1:low,+,0.924
89,2:medium,1:low,+,0.928
90,2:medium,1:low,+,0.881
91,2:medium,1:low,+,0.804
92,2:medium,1:low,+,0.748
93,2:medium,1:low,+,0.754
94,2:medium,1:low,+,0.778
95,2:medium,1:low,+,0.792
96,2:medium,1:low,+,0.834
97,2:medium,1:low,+,0.866
98,2:medium,1:low,+,0.84
99,2:medium,1:low,+,0.793
100,2:medium,1:low,+,0.703
101,2:medium,1:low,+,0.729
102,2:medium,1:low,+,0.906
103,2:medium,1:low,+,0.946
104,2:medium,1:low,+,0.894
105,2:medium,1:low,+,0.851
106,2:medium,1:low,+,0.885
107,2:medium,1:low,+,0.859
108,2:medium,1:low,+,0.845
109,2:medium,1:low,+,0.873
110,2:medium,1:low,+,0.858
111,2:medium,1:low,+,0.863
112,2:medium,1:low,+,0.861
113,2:medium,1:low,+,0.869
114,2:medium,1:low,+,0.852
115,2:medium,1:low,+,0.864
116,2:medium,1:low,+,0.826
117,2:medium,1:low,+,0.829
118,2:medium,1:low,+,0.787
119,2:medium,1:low,+,0.724
120,2:medium,2:medium,,0.534
121,2:medium,2:medium,,0.51
122,2:medium,2:medium,,0.587
123,2:medium,2:medium,,0.605
124,2:medium,2:medium,,0.656
125,2:medium,2:medium,,0.549
126,2:medium,2:medium,,0.573
127,2:medium,2:medium,,0.562
128,2:medium,1:low,+,0.563
129,2:medium,1:low,+,0.809
130,2:medium,1:low,+,0.886
131,2:medium,1:low,+,0.927
132,2:medium,1:low,+,0.888
133,2:medium,1:low,+,0.936
134,2:medium,1:low,+,0.929
135,2:medium,1:low,+,0.91
136,2:medium,1:low,+,0.906
137,2:medium,1:low,+,0.887
138,2:medium,1:low,+,0.915
139,2:medium,1:low,+,0.915
140,2:medium,1:low,+,0.914
141,2:medium,1:low,+,0.896
142,2:medium,1:low,+,0.513
143,2:medium,1:low,+,0.586
144,2:medium,1:low,+,0.791
145,2:medium,1:low,+,0.746
146,2:medium,1:low,+,0.816
147,2:medium,1:low,+,0.816
148,2:medium,1:low,+,0.816
149,2:medium,1:low,+,0.816
150,2:medium,1:low,+,0.816
151,2:medium,1:low,+,0.816
152,2:medium,1:low,+,0.816
153,2:medium,1:low,+,0.816
154,2:medium,1:low,+,0.816
155,2:medium,1:low,+,0.816
156,2:medium,1:low,+,0.816
157,2:medium,1:low,+,0.816
158,2:medium,1:low,+,0.816
159,2:medium,1:low,+,0.816
160,2:medium,1:low,+,0.816
161,2:medium,1:low,+,0.816
162,2:medium,2:medium,,0.949
163,2:medium,2:medium,,0.949
164,2:medium,2:medium,,0.949
165,2:medium,2:medium,,0.949
166,2:medium,2:medium,,0.949
167,2:medium,2:medium,,0.949
168,2:medium,2:medium,,0.949
169,2:medium,2:medium,,0.949
170,2:medium,2:medium,,0.949
171,2:medium,2:medium,,0.949
172,2:medium,2:medium,,0.949
173,2:medium,2:medium,,0.949
174,2:medium,2:medium,,0.949
175,2:medium,2:medium,,0.949
176,2:medium,2:medium,,0.949

