inst#,actual,predicted,error,prediction
1,2:medium,2:medium,,0.988
2,2:medium,2:medium,,0.988
3,2:medium,2:medium,,0.988
4,2:medium,2:medium,,0.988
5,2:medium,2:medium,,0.973
6,2:medium,2:medium,,0.973
7,2:medium,2:medium,,0.973
8,2:medium,2:medium,,0.988
9,2:medium,2:medium,,0.988
10,2:medium,2:medium,,0.988
11,2:medium,2:medium,,0.973
12,2:medium,2:medium,,0.973
13,2:medium,2:medium,,0.55
14,2:medium,2:medium,,0.55
15,2:medium,2:medium,,0.55
16,2:medium,2:medium,,0.761
17,2:medium,2:medium,,0.55
18,2:medium,2:medium,,0.55
19,2:medium,2:medium,,0.55
20,2:medium,2:medium,,0.55
21,2:medium,2:medium,,0.55
22,2:medium,2:medium,,0.973
23,2:medium,2:medium,,0.55
24,2:medium,2:medium,,0.55
25,2:medium,2:medium,,0.973
26,2:medium,2:medium,,0.55
27,2:medium,2:medium,,0.811
28,2:medium,1:low,+,0.835
29,2:medium,1:low,+,0.871
30,2:medium,1:low,+,0.835
31,2:medium,1:low,+,0.871
32,2:medium,1:low,+,0.871
33,2:medium,1:low,+,0.871
34,2:medium,1:low,+,0.871
35,2:medium,1:low,+,0.871
36,2:medium,1:low,+,0.871
37,2:medium,1:low,+,0.871
38,2:medium,1:low,+,0.871
39,2:medium,2:medium,,0.507
40,2:medium,1:low,+,0.871
41,2:medium,1:low,+,0.871
42,2:medium,2:medium,,0.507
43,2:medium,2:medium,,0.507
44,2:medium,1:low,+,0.691
45,2:medium,1:low,+,0.691
46,2:medium,1:low,+,0.691
47,2:medium,2:medium,,0.761
48,2:medium,1:low,+,0.871
49,2:medium,2:medium,,0.761
50,2:medium,2:medium,,0.507
51,2:medium,2:medium,,0.507
52,2:medium,2:medium,,0.507
53,2:medium,1:low,+,0.69
54,2:medium,1:low,+,0.69
55,2:medium,1:low,+,0.69
56,2:medium,1:low,+,0.69
57,2:medium,1:low,+,0.69
58,2:medium,1:low,+,0.69
59,2:medium,1:low,+,0.69
60,2:medium,1:low,+,0.69
61,2:medium,1:low,+,0.69
62,2:medium,1:low,+,0.69
63,2:medium,2:medium,,0.507
64,2:medium,1:low,+,0.69
65,2:medium,2:medium,,0.507
66,2:medium,1:low,+,0.69
67,2:medium,2:medium,,0.507
68,2:medium,2:medium,,0.507
69,2:medium,2:medium,,0.507
70,2:medium,2:medium,,0.507
71,2:medium,2:medium,,0.973
72,2:medium,2:medium,,0.973
73,2:medium,2:medium,,0.761
74,2:medium,2:medium,,0.761
75,2:medium,2:medium,,0.853
76,2:medium,1:low,+,0.835
77,2:medium,2:medium,,0.812
78,2:medium,2:medium,,0.507
79,2:medium,2:medium,,0.968
80,2:medium,2:medium,,0.812
81,2:medium,2:medium,,0.812
82,2:medium,2:medium,,0.812
83,2:medium,2:medium,,0.812
84,2:medium,2:medium,,0.507
85,2:medium,2:medium,,0.507
86,2:medium,2:medium,,0.812
87,2:medium,2:medium,,0.853
88,2:medium,1:low,+,0.55
89,2:medium,1:low,+,0.55
90,2:medium,2:medium,,0.853
91,2:medium,2:medium,,0.853
92,2:medium,2:medium,,0.812
93,2:medium,2:medium,,0.812
94,2:medium,2:medium,,0.812
95,2:medium,2:medium,,0.968
96,2:medium,2:medium,,0.507
97,2:medium,2:medium,,0.55
98,2:medium,1:low,+,0.69
99,2:medium,2:medium,,0.928
100,2:medium,2:medium,,0.973
101,2:medium,2:medium,,0.927
102,2:medium,1:low,+,0.624
103,2:medium,1:low,+,0.979
104,2:medium,1:low,+,0.811
105,2:medium,1:low,+,0.624
106,2:medium,2:medium,,0.928
107,2:medium,1:low,+,0.69
108,2:medium,2:medium,,0.928
109,2:medium,2:medium,,0.928
110,2:medium,2:medium,,0.928
111,2:medium,1:low,+,0.69
112,2:medium,1:low,+,0.69
113,2:medium,1:low,+,0.69
114,2:medium,2:medium,,0.928
115,2:medium,1:low,+,0.69
116,2:medium,2:medium,,0.928
117,2:medium,1:low,+,0.69
118,2:medium,2:medium,,0.928
119,2:medium,2:medium,,0.928
120,2:medium,2:medium,,0.928
121,2:medium,2:medium,,0.928
122,2:medium,2:medium,,0.928
123,2:medium,2:medium,,0.928
124,2:medium,2:medium,,0.928
125,2:medium,2:medium,,0.928
126,2:medium,2:medium,,0.928
127,2:medium,2:medium,,0.928
128,2:medium,2:medium,,0.928
129,2:medium,2:medium,,0.928
130,2:medium,2:medium,,0.81
131,2:medium,1:low,+,0.873
132,2:medium,1:low,+,0.873
133,2:medium,2:medium,,0.968
134,2:medium,1:low,+,0.873
135,2:medium,1:low,+,0.944
136,2:medium,2:medium,,0.507
137,2:medium,2:medium,,0.968
138,2:medium,1:low,+,0.944
139,2:medium,1:low,+,0.69
140,2:medium,1:low,+,0.873
141,2:medium,2:medium,,0.507
142,2:medium,2:medium,,0.928
143,2:medium,2:medium,,0.928
144,2:medium,2:medium,,0.928
145,2:medium,2:medium,,0.928
146,2:medium,2:medium,,0.928
147,2:medium,2:medium,,0.928
148,2:medium,2:medium,,0.928
149,2:medium,2:medium,,0.928
150,2:medium,2:medium,,0.928
151,2:medium,2:medium,,0.928
152,2:medium,2:medium,,0.928
153,2:medium,2:medium,,0.928
154,2:medium,2:medium,,0.928
155,2:medium,2:medium,,0.928
156,2:medium,2:medium,,0.928
157,2:medium,2:medium,,0.928
158,2:medium,2:medium,,0.928
159,2:medium,2:medium,,0.928
160,2:medium,2:medium,,0.928
161,2:medium,2:medium,,0.928
162,2:medium,2:medium,,0.944
163,2:medium,2:medium,,0.944
164,2:medium,2:medium,,0.944
165,2:medium,2:medium,,0.944
166,2:medium,2:medium,,0.944
167,2:medium,2:medium,,0.944
168,2:medium,2:medium,,0.944
169,2:medium,2:medium,,0.944
170,2:medium,2:medium,,0.944
171,2:medium,2:medium,,0.944
172,2:medium,2:medium,,0.944
173,2:medium,2:medium,,0.944
174,2:medium,2:medium,,0.944
175,2:medium,2:medium,,0.944
176,2:medium,2:medium,,0.944

