inst#,actual,predicted,error,prediction
1,2:medium,2:medium,,0.968
2,2:medium,2:medium,,0.967
3,2:medium,2:medium,,0.869
4,2:medium,2:medium,,0.902
5,2:medium,2:medium,,0.837
6,2:medium,2:medium,,0.869
7,2:medium,2:medium,,0.804
8,2:medium,2:medium,,0.886
9,2:medium,2:medium,,0.886
10,2:medium,2:medium,,0.821
11,2:medium,2:medium,,0.773
12,2:medium,2:medium,,0.855
13,2:medium,1:low,+,0.516
14,2:medium,1:low,+,0.515
15,2:medium,1:low,+,0.595
16,2:medium,2:medium,,0.518
17,2:medium,1:low,+,0.658
18,2:medium,1:low,+,0.785
19,2:medium,1:low,+,0.753
20,2:medium,1:low,+,0.707
21,2:medium,2:medium,,0.725
22,2:medium,2:medium,,0.852
23,2:medium,2:medium,,0.789
24,2:medium,2:medium,,0.789
25,2:medium,2:medium,,0.805
26,2:medium,1:low,+,0.944
27,2:medium,1:low,+,0.918
28,2:medium,1:low,+,0.96
29,2:medium,1:low,+,0.96
30,2:medium,1:low,+,0.935
31,2:medium,1:low,+,0.918
32,2:medium,1:low,+,0.96
33,2:medium,1:low,+,0.943
34,2:medium,1:low,+,0.96
35,2:medium,1:low,+,0.927
36,2:medium,1:low,+,0.944
37,2:medium,1:low,+,0.944
38,2:medium,1:low,+,0.928
39,2:medium,1:low,+,0.895
40,2:medium,1:low,+,0.928
41,2:medium,1:low,+,0.918
42,2:medium,1:low,+,0.895
43,2:medium,1:low,+,0.895
44,2:medium,1:low,+,0.944
45,2:medium,1:low,+,0.88
46,2:medium,1:low,+,0.928
47,2:medium,1:low,+,0.896
48,2:medium,1:low,+,0.928
49,2:medium,1:low,+,0.896
50,2:medium,1:low,+,0.928
51,2:medium,1:low,+,0.897
52,2:medium,1:low,+,0.768
53,2:medium,1:low,+,0.591
54,2:medium,1:low,+,0.529
55,2:medium,1:low,+,0.545
56,2:medium,2:medium,,0.503
57,2:medium,1:low,+,0.561
58,2:medium,1:low,+,0.545
59,2:medium,1:low,+,0.545
60,2:medium,1:low,+,0.576
61,2:medium,1:low,+,0.64
62,2:medium,1:low,+,0.64
63,2:medium,1:low,+,0.801
64,2:medium,1:low,+,0.687
65,2:medium,1:low,+,0.767
66,2:medium,1:low,+,0.751
67,2:medium,1:low,+,0.784
68,2:medium,1:low,+,0.799
69,2:medium,1:low,+,0.848
70,2:medium,1:low,+,0.815
71,2:medium,2:medium,,0.82
72,2:medium,2:medium,,0.646
73,2:medium,1:low,+,0.769
74,2:medium,1:low,+,0.927
75,2:medium,1:low,+,0.944
76,2:medium,1:low,+,0.944
77,2:medium,1:low,+,0.911
78,2:medium,1:low,+,0.895
79,2:medium,1:low,+,0.895
80,2:medium,1:low,+,0.879
81,2:medium,1:low,+,0.912
82,2:medium,1:low,+,0.896
83,2:medium,1:low,+,0.912
84,2:medium,1:low,+,0.944
85,2:medium,1:low,+,0.944
86,2:medium,1:low,+,0.912
87,2:medium,1:low,+,0.918
88,2:medium,1:low,+,0.902
89,2:medium,1:low,+,0.902
90,2:medium,1:low,+,0.902
91,2:medium,1:low,+,0.879
92,2:medium,1:low,+,0.928
93,2:medium,1:low,+,0.928
94,2:medium,1:low,+,0.928
95,2:medium,1:low,+,0.911
96,2:medium,1:low,+,0.944
97,2:medium,1:low,+,0.769
98,2:medium,1:low,+,0.785
99,2:medium,1:low,+,0.578
100,2:medium,2:medium,,0.551
101,2:medium,1:low,+,0.721
102,2:medium,1:low,+,0.88
103,2:medium,1:low,+,0.96
104,2:medium,1:low,+,0.912
105,2:medium,1:low,+,0.88
106,2:medium,1:low,+,0.928
107,2:medium,1:low,+,0.833
108,2:medium,1:low,+,0.816
109,2:medium,1:low,+,0.848
110,2:medium,1:low,+,0.832
111,2:medium,1:low,+,0.832
112,2:medium,1:low,+,0.817
113,2:medium,1:low,+,0.817
114,2:medium,1:low,+,0.753
115,2:medium,1:low,+,0.849
116,2:medium,1:low,+,0.736
117,2:medium,1:low,+,0.786
118,2:medium,1:low,+,0.738
119,2:medium,1:low,+,0.706
120,2:medium,2:medium,,0.568
121,2:medium,1:low,+,0.513
122,2:medium,2:medium,,0.599
123,2:medium,2:medium,,0.647
124,2:medium,2:medium,,0.695
125,2:medium,2:medium,,0.551
126,2:medium,2:medium,,0.551
127,2:medium,2:medium,,0.567
128,2:medium,1:low,+,0.625
129,2:medium,1:low,+,0.706
130,2:medium,1:low,+,0.896
131,2:medium,1:low,+,0.944
132,2:medium,1:low,+,0.944
133,2:medium,1:low,+,0.928
134,2:medium,1:low,+,0.944
135,2:medium,1:low,+,0.912
136,2:medium,1:low,+,0.944
137,2:medium,1:low,+,0.88
138,2:medium,1:low,+,0.928
139,2:medium,1:low,+,0.897
140,2:medium,1:low,+,0.912
141,2:medium,1:low,+,0.928
142,2:medium,2:medium,,0.615
143,2:medium,1:low,+,0.547
144,2:medium,1:low,+,0.611
145,2:medium,1:low,+,0.531
146,2:medium,1:low,+,0.612
147,2:medium,1:low,+,0.612
148,2:medium,1:low,+,0.612
149,2:medium,1:low,+,0.612
150,2:medium,1:low,+,0.612
151,2:medium,1:low,+,0.612
152,2:medium,1:low,+,0.612
153,2:medium,1:low,+,0.612
154,2:medium,1:low,+,0.612
155,2:medium,1:low,+,0.612
156,2:medium,1:low,+,0.612
157,2:medium,1:low,+,0.612
158,2:medium,1:low,+,0.612
159,2:medium,1:low,+,0.612
160,2:medium,1:low,+,0.612
161,2:medium,1:low,+,0.612
162,2:medium,1:low,+,0.611
163,2:medium,1:low,+,0.611
164,2:medium,1:low,+,0.595
165,2:medium,1:low,+,0.595
166,2:medium,1:low,+,0.595
167,2:medium,1:low,+,0.595
168,2:medium,1:low,+,0.611
169,2:medium,1:low,+,0.595
170,2:medium,1:low,+,0.595
171,2:medium,1:low,+,0.595
172,2:medium,1:low,+,0.642
173,2:medium,1:low,+,0.642
174,2:medium,1:low,+,0.642
175,2:medium,1:low,+,0.642
176,2:medium,1:low,+,0.642

