inst#,actual,predicted,error,distribution,,
1,1:high,1:high,,*1,0,0
2,1:high,1:high,,*1,0,0
3,1:high,1:high,,*1,0,0
4,1:high,1:high,,*1,0,0
5,1:high,1:high,,*1,0,0
6,1:high,1:high,,*1,0,0
7,1:high,1:high,,*1,0,0
8,1:high,1:high,,*1,0,0
9,1:high,1:high,,*1,0,0
10,1:high,1:high,,*1,0,0
11,1:high,1:high,,*1,0,0
12,1:high,1:high,,*1,0,0
13,1:high,1:high,,*1,0,0
14,1:high,1:high,,*1,0,0
15,1:high,1:high,,*1,0,0
16,1:high,1:high,,*1,0,0
17,1:high,1:high,,*1,0,0
18,1:high,1:high,,*1,0,0
19,1:high,1:high,,*1,0,0
20,1:high,1:high,,*1,0,0
21,1:high,1:high,,*1,0,0
22,3:low,2:medium,+,0,*0.828,0.172
23,2:medium,2:medium,,0,*0.829,0.171
24,3:low,2:medium,+,0,*0.826,0.174
25,3:low,2:medium,+,0,*0.829,0.171
26,3:low,2:medium,+,0,*0.835,0.165
27,3:low,2:medium,+,0,*0.831,0.169
28,2:medium,2:medium,,0,*0.832,0.168
29,2:medium,2:medium,,0,*0.83,0.17
30,3:low,2:medium,+,0,*0.834,0.166
31,3:low,2:medium,+,0,*0.835,0.165
32,3:low,2:medium,+,0,*0.84,0.16
33,3:low,2:medium,+,0,*0.834,0.166
34,3:low,2:medium,+,0,*0.835,0.165
35,3:low,2:medium,+,0,*0.84,0.16
36,3:low,2:medium,+,0,*0.808,0.192
37,2:medium,2:medium,,0,*0.808,0.192
38,2:medium,2:medium,,0,*0.802,0.198
39,2:medium,2:medium,,0,*0.797,0.203
40,2:medium,2:medium,,0,*0.799,0.201
41,2:medium,2:medium,,0,*0.819,0.181
42,2:medium,2:medium,,0,*0.813,0.187
43,2:medium,2:medium,,0,*0.812,0.188
44,3:low,2:medium,+,0,*0.84,0.16
45,3:low,2:medium,+,0,*0.836,0.164
46,2:medium,1:high,+,*1,0,0
47,1:high,2:medium,+,0,*0.808,0.192
48,3:low,2:medium,+,0,*0.827,0.173
