inst#,actual,predicted,error,distribution,,
1,1:high,1:high,,*1,0,0
2,1:high,1:high,,*1,0,0
3,1:high,1:high,,*1,0,0
4,1:high,1:high,,*1,0,0
5,1:high,1:high,,*1,0,0
6,1:high,1:high,,*1,0,0
7,1:high,1:high,,*1,0,0
8,1:high,1:high,,*1,0,0
9,1:high,1:high,,*1,0,0
10,1:high,1:high,,*1,0,0
11,1:high,1:high,,*1,0,0
12,1:high,1:high,,*1,0,0
13,1:high,1:high,,*1,0,0
14,1:high,1:high,,*1,0,0
15,1:high,1:high,,*1,0,0
16,1:high,1:high,,*1,0,0
17,1:high,1:high,,*1,0,0
18,1:high,1:high,,*1,0,0
19,1:high,1:high,,*1,0,0
20,1:high,1:high,,*1,0,0
21,1:high,1:high,,*1,0,0
22,3:low,3:low,,0.001,0.308,*0.69
23,2:medium,2:medium,,0,*0.998,0.002
24,3:low,2:medium,+,0,*0.998,0.002
25,3:low,2:medium,+,0,*1,0
26,3:low,2:medium,+,0,*0.998,0.002
27,3:low,3:low,,0.001,0.446,*0.553
28,2:medium,2:medium,,0,*0.96,0.039
29,2:medium,2:medium,,0,*1,0
30,3:low,2:medium,+,0,*1,0
31,3:low,2:medium,+,0,*0.999,0.001
32,3:low,2:medium,+,0.001,*0.933,0.066
33,3:low,2:medium,+,0,*1,0
34,3:low,3:low,,0.001,0.308,*0.69
35,3:low,2:medium,+,0.001,*0.933,0.066
36,3:low,2:medium,+,0,*0.976,0.024
37,2:medium,2:medium,,0,*1,0
38,2:medium,3:low,+,0.001,0.104,*0.895
39,2:medium,2:medium,,0,*0.996,0.004
40,2:medium,2:medium,,0,*0.996,0.004
41,2:medium,2:medium,,0,*0.996,0.004
42,2:medium,2:medium,,0,*0.996,0.004
43,2:medium,2:medium,,0,*1,0
44,3:low,2:medium,+,0,*1,0
45,3:low,2:medium,+,0,*1,0
46,2:medium,1:high,+,*0.947,0.053,0
47,1:high,2:medium,+,0,*1,0
48,3:low,3:low,,0.001,0.216,*0.783
