inst#,actual,predicted,error,distribution,,
1,1:high,1:high,,*1,0,0
2,1:high,1:high,,*1,0,0
3,1:high,1:high,,*1,0,0
4,1:high,1:high,,*1,0,0
5,1:high,1:high,,*1,0,0
6,1:high,1:high,,*1,0,0
7,1:high,1:high,,*1,0,0
8,1:high,3:low,+,0.002,0.045,*0.953
9,1:high,1:high,,*1,0,0
10,1:high,1:high,,*1,0,0
11,1:high,1:high,,*1,0,0
12,1:high,1:high,,*1,0,0
13,1:high,1:high,,*1,0,0
14,1:high,1:high,,*1,0,0
15,1:high,1:high,,*1,0,0
16,1:high,1:high,,*1,0,0
17,1:high,2:medium,+,0,*0.691,0.309
18,1:high,1:high,,*1,0,0
19,1:high,1:high,,*1,0,0
20,1:high,1:high,,*1,0,0
21,1:high,1:high,,*1,0,0
22,3:low,3:low,,0,0.014,*0.986
23,2:medium,3:low,+,0,0.014,*0.986
24,3:low,3:low,,0,0.014,*0.986
25,3:low,2:medium,+,0,*0.955,0.045
26,3:low,2:medium,+,0,*0.527,0.473
27,3:low,2:medium,+,0,*0.527,0.473
28,2:medium,2:medium,,0,*0.955,0.045
29,2:medium,2:medium,,0,*0.955,0.045
30,3:low,2:medium,+,0,*0.527,0.473
31,3:low,2:medium,+,0,*0.527,0.473
32,3:low,2:medium,+,0,*0.527,0.473
33,3:low,2:medium,+,0,*0.527,0.473
34,3:low,2:medium,+,0,*0.527,0.473
35,3:low,2:medium,+,0,*0.981,0.019
36,3:low,2:medium,+,0,*0.955,0.045
37,2:medium,2:medium,,0,*0.955,0.045
38,2:medium,2:medium,,0,*0.656,0.344
39,2:medium,2:medium,,0.001,*0.918,0.081
40,2:medium,2:medium,,0.001,*0.918,0.081
41,2:medium,2:medium,,0,*0.527,0.473
42,2:medium,2:medium,,0,*0.955,0.045
43,2:medium,2:medium,,0,*0.78,0.22
44,3:low,2:medium,+,0,*0.527,0.473
45,3:low,2:medium,+,0,*0.527,0.473
46,2:medium,1:high,+,*1,0,0
47,1:high,3:low,+,0,0.014,*0.986
48,3:low,3:low,,0,0.014,*0.986
