inst#,actual,predicted,error,distribution,,
1,1:high,1:high,,*1,0,0
2,1:high,1:high,,*1,0,0
3,1:high,1:high,,*1,0,0
4,1:high,1:high,,*1,0,0
5,1:high,1:high,,*1,0,0
6,1:high,1:high,,*1,0,0
7,1:high,1:high,,*1,0,0
8,1:high,3:low,+,0.139,0.315,*0.546
9,1:high,1:high,,*1,0,0
10,1:high,1:high,,*1,0,0
11,1:high,1:high,,*1,0,0
12,1:high,1:high,,*1,0,0
13,1:high,1:high,,*1,0,0
14,1:high,1:high,,*1,0,0
15,1:high,1:high,,*1,0,0
16,1:high,1:high,,*1,0,0
17,1:high,1:high,,*0.939,0.06,0.001
18,1:high,1:high,,*1,0,0
19,1:high,1:high,,*1,0,0
20,1:high,1:high,,*1,0,0
21,1:high,1:high,,*1,0,0
22,3:low,2:medium,+,0.001,*0.905,0.094
23,2:medium,3:low,+,0.001,0.033,*0.966
24,3:low,2:medium,+,0.002,*0.665,0.333
25,3:low,3:low,,0.001,0.033,*0.966
26,3:low,2:medium,+,0,*0.998,0.002
27,3:low,2:medium,+,0,*0.998,0.002
28,2:medium,2:medium,,0,*0.998,0.002
29,2:medium,2:medium,,0,*0.998,0.002
30,3:low,2:medium,+,0,*0.998,0.002
31,3:low,2:medium,+,0,*0.998,0.002
32,3:low,2:medium,+,0,*0.998,0.002
33,3:low,2:medium,+,0,*1,0
34,3:low,2:medium,+,0,*0.998,0.002
35,3:low,2:medium,+,0,*0.998,0.002
36,3:low,2:medium,+,0,*0.998,0.002
37,2:medium,2:medium,,0.002,*0.665,0.333
38,2:medium,2:medium,,0,*1,0
39,2:medium,2:medium,,0,*1,0
40,2:medium,2:medium,,0,*1,0
41,2:medium,2:medium,,0,*0.998,0.002
42,2:medium,2:medium,,0,*0.998,0.002
43,2:medium,2:medium,,0.002,*0.717,0.28
44,3:low,3:low,,0,0.001,*0.999
45,3:low,2:medium,+,0.001,*0.905,0.094
46,2:medium,1:high,+,*0.598,0.033,0.369
47,1:high,2:medium,+,0,*0.998,0.001
48,3:low,2:medium,+,0.002,*0.665,0.333
