inst#,actual,predicted,error,distribution,,
1,1:high,1:high,,*1,0,0
2,1:high,1:high,,*1,0,0
3,1:high,1:high,,*1,0,0
4,1:high,1:high,,*1,0,0
5,1:high,1:high,,*1,0,0
6,1:high,1:high,,*1,0,0
7,1:high,1:high,,*1,0,0
8,1:high,2:medium,+,0,*1,0
9,1:high,1:high,,*1,0,0
10,1:high,1:high,,*1,0,0
11,1:high,1:high,,*1,0,0
12,1:high,1:high,,*1,0,0
13,1:high,1:high,,*1,0,0
14,1:high,1:high,,*1,0,0
15,1:high,1:high,,*1,0,0
16,1:high,1:high,,*1,0,0
17,1:high,2:medium,+,0,*1,0
18,1:high,1:high,,*1,0,0
19,1:high,1:high,,*1,0,0
20,1:high,1:high,,*1,0,0
21,1:high,1:high,,*1,0,0
22,3:low,2:medium,+,0,*1,0
23,2:medium,2:medium,,0,*0.871,0.129
24,3:low,2:medium,+,0,*1,0
25,3:low,2:medium,+,0,*1,0
26,3:low,3:low,,0,0.001,*0.999
27,3:low,3:low,,0,0,*1
28,2:medium,2:medium,,0,*1,0
29,2:medium,2:medium,,0,*1,0
30,3:low,3:low,,0,0,*1
31,3:low,2:medium,+,0,*0.998,0.002
32,3:low,3:low,,0,0,*1
33,3:low,2:medium,+,0,*0.72,0.28
34,3:low,3:low,,0,0.017,*0.983
35,3:low,3:low,,0,0,*1
36,3:low,2:medium,+,0,*1,0
37,2:medium,2:medium,,0,*1,0
38,2:medium,2:medium,,0,*1,0
39,2:medium,2:medium,,0,*1,0
40,2:medium,2:medium,,0,*1,0
41,2:medium,3:low,+,0,0,*1
42,2:medium,3:low,+,0,0.189,*0.811
43,2:medium,2:medium,,0,*1,0
44,3:low,3:low,,0,0,*1
45,3:low,3:low,,0,0.008,*0.992
46,2:medium,2:medium,,0,*1,0
47,1:high,2:medium,+,0,*0.988,0.012
48,3:low,3:low,,0,0,*1
