inst#,actual,predicted,error,distribution,,
1,1:high,1:high,,*1,0,0
2,1:high,1:high,,*1,0,0
3,1:high,1:high,,*1,0,0
4,1:high,1:high,,*1,0,0
5,1:high,1:high,,*1,0,0
6,1:high,1:high,,*1,0,0
7,1:high,1:high,,*1,0,0
8,1:high,2:medium,+,0.307,*0.674,0.019
9,1:high,1:high,,*1,0,0
10,1:high,1:high,,*1,0,0
11,1:high,1:high,,*1,0,0
12,1:high,1:high,,*1,0,0
13,1:high,1:high,,*1,0,0
14,1:high,1:high,,*1,0,0
15,1:high,1:high,,*1,0,0
16,1:high,1:high,,*1,0,0
17,1:high,2:medium,+,0.307,*0.674,0.019
18,1:high,1:high,,*0.997,0.001,0.002
19,1:high,1:high,,*1,0,0
20,1:high,1:high,,*1,0,0
21,1:high,1:high,,*1,0,0
22,3:low,2:medium,+,0,*0.663,0.337
23,2:medium,2:medium,,0,*0.663,0.337
24,3:low,2:medium,+,0,*0.655,0.345
25,3:low,2:medium,+,0,*0.663,0.337
26,3:low,2:medium,+,0,*0.655,0.345
27,3:low,2:medium,+,0,*0.663,0.337
28,2:medium,2:medium,,0,*0.954,0.046
29,2:medium,2:medium,,0,*0.772,0.228
30,3:low,2:medium,+,0,*0.655,0.345
31,3:low,3:low,,0,0.304,*0.696
32,3:low,2:medium,+,0,*0.655,0.345
33,3:low,2:medium,+,0,*0.663,0.337
34,3:low,2:medium,+,0,*0.655,0.345
35,3:low,3:low,,0,0.304,*0.696
36,3:low,2:medium,+,0,*0.655,0.345
37,2:medium,2:medium,,0,*0.952,0.048
38,2:medium,2:medium,,0,*0.952,0.048
39,2:medium,2:medium,,0,*0.954,0.046
40,2:medium,2:medium,,0,*0.952,0.048
41,2:medium,2:medium,,0,*0.822,0.178
42,2:medium,2:medium,,0,*0.952,0.048
43,2:medium,2:medium,,0,*0.54,0.46
44,3:low,2:medium,+,0,*0.655,0.345
45,3:low,2:medium,+,0,*0.655,0.345
46,2:medium,2:medium,,0.04,*0.891,0.069
47,1:high,2:medium,+,0,*0.952,0.048
48,3:low,3:low,,0,0.304,*0.696
