inst#,actual,predicted,error,prediction
1,1:high,1:high,,0.645
2,2:medium,1:high,+,0.829
3,3:low,1:high,+,0.474
4,3:low,3:low,,0.565
5,2:medium,3:low,+,0.578
6,2:medium,3:low,+,0.46
7,2:medium,1:high,+,0.632
8,2:medium,1:high,+,0.618
9,2:medium,1:high,+,0.645
10,2:medium,1:high,+,0.684
11,3:low,1:high,+,0.947
12,3:low,1:high,+,0.684
13,2:medium,1:high,+,0.461
14,1:high,3:low,+,0.461
15,3:low,1:high,+,0.526
16,3:low,3:low,,0.513
17,3:low,1:high,+,0.566
18,3:low,3:low,,0.513
19,3:low,3:low,,0.629
20,2:medium,2:medium,,0.529
21,3:low,3:low,,0.721
22,3:low,3:low,,0.696
23,3:low,3:low,,0.655
24,2:medium,3:low,+,0.63
25,2:medium,2:medium,,0.58
26,3:low,3:low,,0.721
27,2:medium,3:low,+,0.523
28,3:low,3:low,,0.67
29,3:low,3:low,,0.656
30,2:medium,2:medium,,0.513
31,3:low,3:low,,0.708
32,3:low,3:low,,0.655
33,2:medium,3:low,+,0.645
34,3:low,3:low,,0.603
35,3:low,3:low,,0.551
36,3:low,3:low,,0.695
37,3:low,3:low,,0.721
38,3:low,2:medium,+,0.54
39,2:medium,3:low,+,0.589
40,2:medium,3:low,+,0.709
41,2:medium,3:low,+,0.59
42,2:medium,3:low,+,0.642
43,3:low,3:low,,0.682
44,2:medium,2:medium,,0.567
45,2:medium,3:low,+,0.564
46,3:low,2:medium,+,0.529
47,3:low,3:low,,0.59
48,3:low,3:low,,0.629

