inst#,actual,predicted,error,prediction
1,1:high,1:high,,1
2,2:medium,3:low,+,0.921
3,3:low,3:low,,0.683
4,3:low,3:low,,0.932
5,2:medium,3:low,+,0.956
6,2:medium,3:low,+,0.839
7,2:medium,3:low,+,0.99
8,2:medium,3:low,+,0.979
9,2:medium,3:low,+,0.622
10,2:medium,3:low,+,0.549
11,3:low,3:low,,0.557
12,3:low,3:low,,0.654
13,2:medium,2:medium,,0.601
14,1:high,2:medium,+,0.824
15,3:low,3:low,,0.577
16,3:low,2:medium,+,0.753
17,3:low,3:low,,0.833
18,3:low,2:medium,+,0.511
19,3:low,3:low,,0.715
20,2:medium,2:medium,,0.624
21,3:low,2:medium,+,0.55
22,3:low,3:low,,0.796
23,3:low,3:low,,0.744
24,2:medium,2:medium,,0.711
25,2:medium,2:medium,,0.516
26,3:low,3:low,,0.546
27,2:medium,3:low,+,0.576
28,3:low,3:low,,0.504
29,3:low,2:medium,+,0.867
30,2:medium,2:medium,,0.532
31,3:low,2:medium,+,0.835
32,3:low,3:low,,0.745
33,2:medium,3:low,+,0.545
34,3:low,3:low,,0.86
35,3:low,3:low,,0.79
36,3:low,3:low,,0.834
37,3:low,3:low,,0.856
38,3:low,3:low,,0.739
39,2:medium,3:low,+,0.666
40,2:medium,2:medium,,0.73
41,2:medium,2:medium,,0.851
42,2:medium,3:low,+,0.717
43,3:low,2:medium,+,0.624
44,2:medium,3:low,+,0.706
45,2:medium,2:medium,,0.93
46,3:low,2:medium,+,0.561
47,3:low,3:low,,0.605
48,3:low,3:low,,0.857

