inst#,actual,predicted,error,prediction
1,1:high,3:low,+,0.606
2,2:medium,3:low,+,0.451
3,3:low,3:low,,0.885
4,3:low,3:low,,0.84
5,2:medium,3:low,+,0.838
6,2:medium,3:low,+,0.961
7,2:medium,3:low,+,0.547
8,2:medium,3:low,+,0.609
9,2:medium,3:low,+,0.622
10,2:medium,3:low,+,0.652
11,3:low,3:low,,0.634
12,3:low,3:low,,0.652
13,2:medium,3:low,+,0.692
14,1:high,3:low,+,0.514
15,3:low,3:low,,0.681
16,3:low,3:low,,0.669
17,3:low,3:low,,0.537
18,3:low,3:low,,0.787
19,3:low,3:low,,0.979
20,2:medium,3:low,+,0.922
21,3:low,3:low,,0.941
22,3:low,3:low,,0.945
23,3:low,3:low,,0.978
24,2:medium,3:low,+,0.931
25,2:medium,3:low,+,0.922
26,3:low,3:low,,0.915
27,2:medium,3:low,+,0.902
28,3:low,3:low,,0.92
29,3:low,3:low,,0.983
30,2:medium,3:low,+,0.862
31,3:low,3:low,,0.948
32,3:low,3:low,,0.96
33,2:medium,3:low,+,0.909
34,3:low,3:low,,0.96
35,3:low,3:low,,0.969
36,3:low,3:low,,0.963
37,3:low,3:low,,0.944
38,3:low,3:low,,0.915
39,2:medium,3:low,+,0.888
40,2:medium,3:low,+,0.948
41,2:medium,3:low,+,0.87
42,2:medium,3:low,+,0.925
43,3:low,3:low,,0.949
44,2:medium,3:low,+,0.837
45,2:medium,3:low,+,0.935
46,3:low,3:low,,0.888
47,3:low,3:low,,0.826
48,3:low,3:low,,0.97

