inst#,actual,predicted,error,prediction
1,1:high,3:low,+,0.408
2,2:medium,3:low,+,0.545
3,3:low,3:low,,0.531
4,3:low,3:low,,0.53
5,2:medium,3:low,+,0.484
6,2:medium,3:low,+,0.577
7,2:medium,3:low,+,0.385
8,2:medium,3:low,+,0.385
9,2:medium,3:low,+,0.4
10,2:medium,3:low,+,0.4
11,3:low,3:low,,0.4
12,3:low,3:low,,0.4
13,2:medium,3:low,+,0.4
14,1:high,3:low,+,0.545
15,3:low,3:low,,0.53
16,3:low,3:low,,0.671
17,3:low,3:low,,0.49
18,3:low,3:low,,0.598
19,3:low,3:low,,0.613
20,2:medium,3:low,+,0.727
21,3:low,3:low,,0.807
22,3:low,3:low,,0.619
23,3:low,3:low,,0.743
24,2:medium,3:low,+,0.825
25,2:medium,3:low,+,0.549
26,3:low,3:low,,0.81
27,2:medium,3:low,+,0.757
28,3:low,3:low,,0.778
29,3:low,3:low,,0.84
30,2:medium,3:low,+,0.726
31,3:low,3:low,,0.84
32,3:low,3:low,,0.755
33,2:medium,3:low,+,0.726
34,3:low,3:low,,0.703
35,3:low,3:low,,0.57
36,3:low,3:low,,0.808
37,3:low,3:low,,0.808
38,3:low,3:low,,0.56
39,2:medium,3:low,+,0.755
40,2:medium,3:low,+,0.665
41,2:medium,3:low,+,0.711
42,2:medium,3:low,+,0.755
43,3:low,3:low,,0.755
44,2:medium,2:medium,,0.47
45,2:medium,3:low,+,0.596
46,3:low,3:low,,0.467
47,3:low,3:low,,0.675
48,3:low,3:low,,0.733

