inst#,actual,predicted,error,prediction
1,1:high,1:high,,1
2,2:medium,2:medium,,1
3,3:low,3:low,,1
4,3:low,3:low,,1
5,2:medium,3:low,+,1
6,2:medium,3:low,+,1
7,2:medium,1:high,+,1
8,2:medium,1:high,+,1
9,2:medium,1:high,+,1
10,2:medium,1:high,+,1
11,3:low,1:high,+,1
12,3:low,1:high,+,1
13,2:medium,3:low,+,1
14,1:high,3:low,+,1
15,3:low,3:low,,0.998
16,3:low,3:low,,1
17,3:low,1:high,+,1
18,3:low,3:low,,1
19,3:low,3:low,,1
20,2:medium,2:medium,,1
21,3:low,2:medium,+,1
22,3:low,3:low,,1
23,3:low,3:low,,1
24,2:medium,2:medium,,0.502
25,2:medium,3:low,+,1
26,3:low,3:low,,1
27,2:medium,3:low,+,0.766
28,3:low,3:low,,1
29,3:low,3:low,,1
30,2:medium,2:medium,,1
31,3:low,3:low,,1
32,3:low,3:low,,1
33,2:medium,2:medium,,1
34,3:low,3:low,,1
35,3:low,3:low,,1
36,3:low,3:low,,1
37,3:low,3:low,,1
38,3:low,3:low,,1
39,2:medium,3:low,+,1
40,2:medium,3:low,+,1
41,2:medium,3:low,+,0.994
42,2:medium,3:low,+,1
43,3:low,3:low,,1
44,2:medium,3:low,+,1
45,2:medium,3:low,+,1
46,3:low,3:low,,1
47,3:low,3:low,,1
48,3:low,3:low,,1

