inst#,actual,predicted,error,prediction
1,1:high,2:medium,+,0.359
2,2:medium,3:low,+,0.571
3,3:low,3:low,,0.763
4,3:low,3:low,,0.76
5,2:medium,3:low,+,0.746
6,2:medium,3:low,+,0.572
7,2:medium,2:medium,,0.475
8,2:medium,2:medium,,0.458
9,2:medium,2:medium,,0.444
10,2:medium,2:medium,,0.446
11,3:low,2:medium,+,0.436
12,3:low,2:medium,+,0.449
13,2:medium,3:low,+,0.609
14,1:high,2:medium,+,0.58
15,3:low,3:low,,0.651
16,3:low,3:low,,0.64
17,3:low,3:low,,0.788
18,3:low,3:low,,0.745
19,3:low,3:low,,0.824
20,2:medium,3:low,+,0.715
21,3:low,3:low,,0.797
22,3:low,3:low,,0.724
23,3:low,3:low,,0.869
24,2:medium,3:low,+,0.895
25,2:medium,3:low,+,0.778
26,3:low,3:low,,0.849
27,2:medium,3:low,+,0.866
28,3:low,3:low,,0.863
29,3:low,3:low,,0.852
30,2:medium,3:low,+,0.822
31,3:low,3:low,,0.863
32,3:low,3:low,,0.861
33,2:medium,3:low,+,0.799
34,3:low,3:low,,0.824
35,3:low,3:low,,0.835
36,3:low,3:low,,0.824
37,3:low,3:low,,0.823
38,3:low,3:low,,0.82
39,2:medium,3:low,+,0.837
40,2:medium,3:low,+,0.83
41,2:medium,3:low,+,0.847
42,2:medium,3:low,+,0.857
43,3:low,3:low,,0.837
44,2:medium,3:low,+,0.858
45,2:medium,3:low,+,0.819
46,3:low,3:low,,0.872
47,3:low,3:low,,0.861
48,3:low,3:low,,0.901

