inst#,actual,predicted,error,prediction
1,1:high,3:low,+,0.91
2,2:medium,2:medium,,0.37
3,3:low,3:low,,0.691
4,3:low,3:low,,0.99
5,2:medium,3:low,+,0.996
6,2:medium,3:low,+,0.982
7,2:medium,3:low,+,0.744
8,2:medium,3:low,+,0.924
9,2:medium,3:low,+,0.824
10,2:medium,1:high,+,0.845
11,3:low,1:high,+,0.845
12,3:low,3:low,,0.824
13,2:medium,3:low,+,0.535
14,1:high,3:low,+,0.535
15,3:low,2:medium,+,0.96
16,3:low,3:low,,0.996
17,3:low,3:low,,0.717
18,3:low,3:low,,0.996
19,3:low,3:low,,0.658
20,2:medium,3:low,+,0.938
21,3:low,3:low,,0.622
22,3:low,3:low,,0.991
23,3:low,3:low,,0.991
24,2:medium,3:low,+,0.997
25,2:medium,3:low,+,0.999
26,3:low,3:low,,0.998
27,2:medium,3:low,+,0.909
28,3:low,3:low,,0.993
29,3:low,3:low,,0.991
30,2:medium,3:low,+,0.572
31,3:low,3:low,,0.975
32,3:low,3:low,,0.989
33,2:medium,3:low,+,0.993
34,3:low,3:low,,0.833
35,3:low,3:low,,0.956
36,3:low,3:low,,0.993
37,3:low,3:low,,0.993
38,3:low,3:low,,0.969
39,2:medium,3:low,+,0.997
40,2:medium,3:low,+,1
41,2:medium,3:low,+,0.993
42,2:medium,3:low,+,0.989
43,3:low,3:low,,0.989
44,2:medium,3:low,+,0.96
45,2:medium,3:low,+,0.999
46,3:low,3:low,,0.987
47,3:low,3:low,,0.991
48,3:low,3:low,,0.989

