inst#,actual,predicted,error,prediction
1,1:high,1:high,,0.625
2,2:medium,3:low,+,0.5
3,3:low,2:medium,+,0.563
4,3:low,2:medium,+,0.5
5,2:medium,3:low,+,0.5
6,2:medium,2:medium,,0.5
7,2:medium,1:high,+,0.75
8,2:medium,1:high,+,0.75
9,2:medium,1:high,+,0.688
10,2:medium,1:high,+,0.625
11,3:low,1:high,+,0.625
12,3:low,1:high,+,0.625
13,2:medium,3:low,+,0.438
14,1:high,3:low,+,0.438
15,3:low,3:low,,0.688
16,3:low,3:low,,0.625
17,3:low,3:low,,0.563
18,3:low,2:medium,+,0.625
19,3:low,3:low,,0.813
20,2:medium,2:medium,,0.5
21,3:low,3:low,,0.75
22,3:low,3:low,,0.563
23,3:low,2:medium,+,0.5
24,2:medium,3:low,+,0.563
25,2:medium,2:medium,,0.563
26,3:low,3:low,,0.625
27,2:medium,2:medium,,0.563
28,3:low,3:low,,0.563
29,3:low,2:medium,+,0.563
30,2:medium,2:medium,,0.5
31,3:low,3:low,,0.563
32,3:low,3:low,,0.688
33,2:medium,3:low,+,0.625
34,3:low,3:low,,0.75
35,3:low,3:low,,0.688
36,3:low,3:low,,0.75
37,3:low,3:low,,0.688
38,3:low,3:low,,0.625
39,2:medium,3:low,+,0.625
40,2:medium,3:low,+,0.75
41,2:medium,2:medium,,0.5
42,2:medium,3:low,+,0.625
43,3:low,2:medium,+,0.5
44,2:medium,3:low,+,0.625
45,2:medium,3:low,+,0.688
46,3:low,3:low,,0.875
47,3:low,3:low,,0.813
48,3:low,3:low,,0.563

