inst#,actual,predicted,error,prediction
1,1:high,3:low,+,0.455
2,2:medium,1:high,+,0.565
3,3:low,3:low,,0.448
4,3:low,3:low,,0.543
5,2:medium,3:low,+,0.461
6,2:medium,3:low,+,0.417
7,2:medium,1:high,+,0.451
8,2:medium,3:low,+,0.44
9,2:medium,3:low,+,0.458
10,2:medium,3:low,+,0.458
11,3:low,1:high,+,0.594
12,3:low,3:low,,0.458
13,2:medium,3:low,+,0.486
14,1:high,1:high,,0.427
15,3:low,1:high,+,0.444
16,3:low,3:low,,0.446
17,3:low,1:high,+,0.473
18,3:low,3:low,,0.532
19,3:low,3:low,,0.583
20,2:medium,3:low,+,0.657
21,3:low,3:low,,0.777
22,3:low,3:low,,0.692
23,3:low,3:low,,0.687
24,2:medium,3:low,+,0.591
25,2:medium,3:low,+,0.538
26,3:low,3:low,,0.721
27,2:medium,3:low,+,0.648
28,3:low,3:low,,0.694
29,3:low,3:low,,0.716
30,2:medium,3:low,+,0.597
31,3:low,3:low,,0.74
32,3:low,3:low,,0.71
33,2:medium,3:low,+,0.709
34,3:low,3:low,,0.638
35,3:low,3:low,,0.648
36,3:low,3:low,,0.718
37,3:low,3:low,,0.768
38,3:low,3:low,,0.597
39,2:medium,3:low,+,0.606
40,2:medium,3:low,+,0.681
41,2:medium,3:low,+,0.607
42,2:medium,3:low,+,0.684
43,3:low,3:low,,0.708
44,2:medium,2:medium,,0.521
45,2:medium,3:low,+,0.629
46,3:low,3:low,,0.531
47,3:low,3:low,,0.535
48,3:low,3:low,,0.659

