inst#,actual,predicted,error,prediction
1,1:high,1:high,,0.615
2,2:medium,2:medium,,0.5
3,3:low,2:medium,+,0.538
4,3:low,2:medium,+,0.5
5,2:medium,3:low,+,0.577
6,2:medium,3:low,+,0.615
7,2:medium,1:high,+,0.846
8,2:medium,1:high,+,0.654
9,2:medium,1:high,+,0.808
10,2:medium,1:high,+,0.577
11,3:low,1:high,+,0.577
12,3:low,1:high,+,0.577
13,2:medium,1:high,+,0.462
14,1:high,1:high,,0.423
15,3:low,3:low,,0.5
16,3:low,3:low,,0.769
17,3:low,1:high,+,0.462
18,3:low,2:medium,+,0.654
19,3:low,3:low,,0.731
20,2:medium,2:medium,,0.731
21,3:low,3:low,,0.577
22,3:low,2:medium,+,0.731
23,3:low,2:medium,+,0.538
24,2:medium,2:medium,,0.808
25,2:medium,2:medium,,0.731
26,3:low,2:medium,+,0.769
27,2:medium,2:medium,,0.5
28,3:low,2:medium,+,0.769
29,3:low,2:medium,+,0.731
30,2:medium,2:medium,,0.808
31,3:low,2:medium,+,0.654
32,3:low,3:low,,0.577
33,2:medium,2:medium,,0.692
34,3:low,2:medium,+,0.692
35,3:low,2:medium,+,0.5
36,3:low,3:low,,0.615
37,3:low,3:low,,0.577
38,3:low,2:medium,+,0.654
39,2:medium,2:medium,,0.538
40,2:medium,2:medium,,0.615
41,2:medium,2:medium,,0.577
42,2:medium,2:medium,,0.654
43,3:low,2:medium,+,0.654
44,2:medium,2:medium,,0.692
45,2:medium,2:medium,,0.577
46,3:low,3:low,,0.577
47,3:low,3:low,,0.577
48,3:low,3:low,,0.654

