inst#,actual,predicted,error,prediction
1,1:high,1:high,,0.644
2,2:medium,2:medium,,0.54
3,3:low,2:medium,+,0.806
4,3:low,3:low,,0.447
5,2:medium,3:low,+,0.476
6,2:medium,2:medium,,0.621
7,2:medium,1:high,+,0.689
8,2:medium,1:high,+,0.689
9,2:medium,1:high,+,0.667
10,2:medium,1:high,+,0.622
11,3:low,1:high,+,0.622
12,3:low,1:high,+,0.622
13,2:medium,2:medium,,0.423
14,1:high,2:medium,+,0.486
15,3:low,2:medium,+,0.527
16,3:low,3:low,,0.473
17,3:low,1:high,+,0.4
18,3:low,2:medium,+,0.568
19,3:low,3:low,,0.519
20,2:medium,2:medium,,0.649
21,3:low,3:low,,0.5
22,3:low,2:medium,+,0.514
23,3:low,3:low,,0.501
24,2:medium,3:low,+,0.505
25,2:medium,2:medium,,0.53
26,3:low,2:medium,+,0.587
27,2:medium,2:medium,,0.566
28,3:low,2:medium,+,0.563
29,3:low,2:medium,+,0.624
30,2:medium,2:medium,,0.604
31,3:low,2:medium,+,0.564
32,3:low,3:low,,0.516
33,2:medium,2:medium,,0.516
34,3:low,3:low,,0.517
35,3:low,3:low,,0.532
36,3:low,3:low,,0.515
37,3:low,3:low,,0.517
38,3:low,2:medium,+,0.542
39,2:medium,2:medium,,0.569
40,2:medium,2:medium,,0.508
41,2:medium,2:medium,,0.512
42,2:medium,2:medium,,0.509
43,3:low,3:low,,0.513
44,2:medium,2:medium,,0.503
45,2:medium,2:medium,,0.575
46,3:low,2:medium,+,0.584
47,3:low,2:medium,+,0.593
48,3:low,2:medium,+,0.538

