inst#,actual,predicted,error,prediction
1,1:high,1:high,,0.817
2,2:medium,3:low,+,0.592
3,3:low,2:medium,+,0.737
4,3:low,2:medium,+,0.56
5,2:medium,2:medium,,0.612
6,2:medium,3:low,+,0.667
7,2:medium,3:low,+,0.576
8,2:medium,1:high,+,0.805
9,2:medium,1:high,+,0.601
10,2:medium,1:high,+,0.814
11,3:low,1:high,+,0.817
12,3:low,1:high,+,0.818
13,2:medium,3:low,+,0.565
14,1:high,3:low,+,0.605
15,3:low,2:medium,+,0.575
16,3:low,3:low,,0.566
17,3:low,3:low,,0.754
18,3:low,3:low,,0.684
19,3:low,3:low,,0.583
20,2:medium,2:medium,,0.531
21,3:low,3:low,,0.666
22,3:low,3:low,,0.786
23,3:low,3:low,,0.847
24,2:medium,3:low,+,0.672
25,2:medium,3:low,+,0.691
26,3:low,3:low,,0.553
27,2:medium,3:low,+,0.702
28,3:low,3:low,,0.717
29,3:low,3:low,,0.776
30,2:medium,2:medium,,0.793
31,3:low,3:low,,0.613
32,3:low,3:low,,0.787
33,2:medium,2:medium,,0.735
34,3:low,3:low,,0.816
35,3:low,3:low,,0.953
36,3:low,3:low,,0.722
37,3:low,3:low,,0.835
38,3:low,3:low,,0.711
39,2:medium,3:low,+,0.72
40,2:medium,2:medium,,0.761
41,2:medium,2:medium,,0.839
42,2:medium,2:medium,,0.72
43,3:low,2:medium,+,0.715
44,2:medium,2:medium,,0.536
45,2:medium,2:medium,,0.586
46,3:low,3:low,,0.508
47,3:low,3:low,,0.813
48,3:low,3:low,,0.913

