inst#,actual,predicted,error,prediction
1,1:high,1:high,,0.6
2,2:medium,3:low,+,0.462
3,3:low,3:low,,0.574
4,3:low,3:low,,0.58
5,2:medium,3:low,+,0.612
6,2:medium,3:low,+,0.641
7,2:medium,1:high,+,0.714
8,2:medium,1:high,+,0.629
9,2:medium,1:high,+,0.629
10,2:medium,1:high,+,0.543
11,3:low,1:high,+,0.629
12,3:low,1:high,+,0.543
13,2:medium,1:high,+,0.429
14,1:high,3:low,+,0.478
15,3:low,3:low,,0.59
16,3:low,3:low,,0.693
17,3:low,3:low,,0.393
18,3:low,3:low,,0.687
19,3:low,3:low,,0.672
20,2:medium,3:low,+,0.566
21,3:low,3:low,,0.748
22,3:low,3:low,,0.646
23,3:low,3:low,,0.57
24,2:medium,3:low,+,0.556
25,2:medium,2:medium,,0.522
26,3:low,3:low,,0.57
27,2:medium,3:low,+,0.576
28,3:low,3:low,,0.572
29,3:low,3:low,,0.551
30,2:medium,3:low,+,0.506
31,3:low,3:low,,0.586
32,3:low,3:low,,0.601
33,2:medium,3:low,+,0.678
34,3:low,3:low,,0.629
35,3:low,3:low,,0.618
36,3:low,3:low,,0.597
37,3:low,3:low,,0.597
38,3:low,3:low,,0.623
39,2:medium,3:low,+,0.507
40,2:medium,3:low,+,0.547
41,2:medium,3:low,+,0.549
42,2:medium,3:low,+,0.619
43,3:low,3:low,,0.66
44,2:medium,3:low,+,0.497
45,2:medium,3:low,+,0.53
46,3:low,3:low,,0.643
47,3:low,3:low,,0.616
48,3:low,3:low,,0.71

