inst#,actual,predicted,error,prediction
1,1:high,1:high,,1
2,2:medium,2:medium,,1
3,3:low,2:medium,+,1
4,3:low,2:medium,+,1
5,2:medium,2:medium,,1
6,2:medium,2:medium,,0.635
7,2:medium,1:high,+,1
8,2:medium,1:high,+,0.966
9,2:medium,1:high,+,1
10,2:medium,1:high,+,1
11,3:low,1:high,+,1
12,3:low,1:high,+,1
13,2:medium,3:low,+,0.997
14,1:high,3:low,+,0.858
15,3:low,2:medium,+,0.667
16,3:low,2:medium,+,1
17,3:low,3:low,,0.724
18,3:low,3:low,,1
19,3:low,3:low,,1
20,2:medium,2:medium,,1
21,3:low,3:low,,1
22,3:low,3:low,,1
23,3:low,3:low,,0.997
24,2:medium,3:low,+,1
25,2:medium,3:low,+,0.684
26,3:low,3:low,,0.999
27,2:medium,2:medium,,1
28,3:low,3:low,,0.524
29,3:low,3:low,,0.999
30,2:medium,2:medium,,1
31,3:low,3:low,,0.879
32,3:low,3:low,,1
33,2:medium,3:low,+,0.599
34,3:low,2:medium,+,1
35,3:low,3:low,,1
36,3:low,3:low,,0.999
37,3:low,3:low,,0.977
38,3:low,2:medium,+,1
39,2:medium,3:low,+,1
40,2:medium,3:low,+,1
41,2:medium,3:low,+,0.999
42,2:medium,3:low,+,1
43,3:low,3:low,,1
44,2:medium,2:medium,,1
45,2:medium,2:medium,,0.762
46,3:low,2:medium,+,0.996
47,3:low,3:low,,0.925
48,3:low,3:low,,1

