inst#,actual,predicted,error,prediction
1,1:high,1:high,,0.739
2,2:medium,3:low,+,0.562
3,3:low,3:low,,0.762
4,3:low,3:low,,0.75
5,2:medium,3:low,+,0.74
6,2:medium,3:low,+,0.759
7,2:medium,1:high,+,0.667
8,2:medium,1:high,+,0.739
9,2:medium,2:medium,,0.43
10,2:medium,2:medium,,0.458
11,3:low,2:medium,+,0.45
12,3:low,2:medium,+,0.45
13,2:medium,2:medium,,0.517
14,1:high,2:medium,+,0.492
15,3:low,3:low,,0.684
16,3:low,3:low,,0.698
17,3:low,3:low,,0.567
18,3:low,3:low,,0.734
19,3:low,3:low,,0.783
20,2:medium,3:low,+,0.516
21,3:low,3:low,,0.617
22,3:low,3:low,,0.655
23,3:low,3:low,,0.68
24,2:medium,3:low,+,0.545
25,2:medium,3:low,+,0.521
26,3:low,3:low,,0.634
27,2:medium,3:low,+,0.568
28,3:low,3:low,,0.522
29,3:low,3:low,,0.593
30,2:medium,3:low,+,0.524
31,3:low,3:low,,0.616
32,3:low,3:low,,0.648
33,2:medium,3:low,+,0.583
34,3:low,3:low,,0.646
35,3:low,3:low,,0.646
36,3:low,3:low,,0.612
37,3:low,3:low,,0.612
38,3:low,3:low,,0.607
39,2:medium,3:low,+,0.646
40,2:medium,3:low,+,0.612
41,2:medium,3:low,+,0.606
42,2:medium,3:low,+,0.653
43,3:low,3:low,,0.678
44,2:medium,3:low,+,0.607
45,2:medium,3:low,+,0.616
46,3:low,3:low,,0.603
47,3:low,3:low,,0.644
48,3:low,3:low,,0.66

