inst#,actual,predicted,error,prediction
1,1:high,3:low,+,0.547
2,2:medium,3:low,+,0.6
3,3:low,3:low,,0.471
4,3:low,3:low,,0.452
5,2:medium,3:low,+,0.394
6,2:medium,2:medium,,0.362
7,2:medium,3:low,+,0.507
8,2:medium,3:low,+,0.49
9,2:medium,3:low,+,0.49
10,2:medium,3:low,+,0.49
11,3:low,3:low,,0.49
12,3:low,3:low,,0.49
13,2:medium,3:low,+,0.49
14,1:high,3:low,+,0.432
15,3:low,3:low,,0.432
16,3:low,3:low,,0.567
17,3:low,3:low,,0.498
18,3:low,3:low,,0.507
19,3:low,3:low,,0.773
20,2:medium,3:low,+,0.691
21,3:low,3:low,,0.803
22,3:low,3:low,,0.803
23,3:low,3:low,,0.699
24,2:medium,3:low,+,0.733
25,2:medium,2:medium,,0.461
26,3:low,3:low,,0.733
27,2:medium,3:low,+,0.682
28,3:low,3:low,,0.737
29,3:low,3:low,,0.674
30,2:medium,3:low,+,0.707
31,3:low,3:low,,0.712
32,3:low,3:low,,0.609
33,2:medium,3:low,+,0.707
34,3:low,3:low,,0.617
35,3:low,3:low,,0.62
36,3:low,3:low,,0.732
37,3:low,3:low,,0.732
38,3:low,2:medium,+,0.518
39,2:medium,3:low,+,0.706
40,2:medium,3:low,+,0.584
41,2:medium,3:low,+,0.454
42,2:medium,3:low,+,0.644
43,3:low,3:low,,0.644
44,2:medium,2:medium,,0.523
45,2:medium,3:low,+,0.489
46,3:low,2:medium,+,0.478
47,3:low,3:low,,0.595
48,3:low,3:low,,0.706

