inst#,actual,predicted,error,prediction
1,1:high,3:low,+,0.406
2,2:medium,3:low,+,0.425
3,3:low,2:medium,+,0.473
4,3:low,3:low,,0.444
5,2:medium,3:low,+,0.49
6,2:medium,3:low,+,0.503
7,2:medium,1:high,+,0.43
8,2:medium,3:low,+,0.406
9,2:medium,1:high,+,0.409
10,2:medium,3:low,+,0.411
11,3:low,3:low,,0.411
12,3:low,3:low,,0.411
13,2:medium,2:medium,,0.356
14,1:high,3:low,+,0.391
15,3:low,2:medium,+,0.427
16,3:low,3:low,,0.585
17,3:low,3:low,,0.441
18,3:low,2:medium,+,0.558
19,3:low,2:medium,+,0.5
20,2:medium,2:medium,,0.703
21,3:low,2:medium,+,0.53
22,3:low,2:medium,+,0.625
23,3:low,3:low,,0.471
24,2:medium,2:medium,,0.638
25,2:medium,2:medium,,0.668
26,3:low,2:medium,+,0.671
27,2:medium,2:medium,,0.459
28,3:low,2:medium,+,0.645
29,3:low,2:medium,+,0.548
30,2:medium,2:medium,,0.586
31,3:low,2:medium,+,0.593
32,3:low,2:medium,+,0.54
33,2:medium,2:medium,,0.544
34,3:low,2:medium,+,0.611
35,3:low,3:low,,0.613
36,3:low,3:low,,0.591
37,3:low,2:medium,+,0.506
38,3:low,2:medium,+,0.57
39,2:medium,2:medium,,0.7
40,2:medium,2:medium,,0.56
41,2:medium,2:medium,,0.687
42,2:medium,2:medium,,0.622
43,3:low,2:medium,+,0.594
44,2:medium,2:medium,,0.549
45,2:medium,2:medium,,0.566
46,3:low,2:medium,+,0.526
47,3:low,2:medium,+,0.479
48,3:low,3:low,,0.508

