inst#,actual,predicted,error,prediction
1,1:high,1:high,,0.6
2,2:medium,2:medium,,0.419
3,3:low,2:medium,+,0.568
4,3:low,2:medium,+,0.408
5,2:medium,2:medium,,0.503
6,2:medium,3:low,+,0.451
7,2:medium,1:high,+,0.6
8,2:medium,1:high,+,0.598
9,2:medium,1:high,+,0.548
10,2:medium,1:high,+,0.6
11,3:low,1:high,+,0.6
12,3:low,1:high,+,0.6
13,2:medium,3:low,+,0.426
14,1:high,3:low,+,0.417
15,3:low,2:medium,+,0.524
16,3:low,2:medium,+,0.443
17,3:low,3:low,,0.479
18,3:low,3:low,,0.417
19,3:low,3:low,,0.499
20,2:medium,3:low,+,0.441
21,3:low,3:low,,0.43
22,3:low,3:low,,0.438
23,3:low,3:low,,0.465
24,2:medium,2:medium,,0.528
25,2:medium,2:medium,,0.505
26,3:low,2:medium,+,0.546
27,2:medium,3:low,+,0.48
28,3:low,2:medium,+,0.51
29,3:low,2:medium,+,0.504
30,2:medium,2:medium,,0.511
31,3:low,2:medium,+,0.563
32,3:low,2:medium,+,0.545
33,2:medium,2:medium,,0.557
34,3:low,2:medium,+,0.522
35,3:low,3:low,,0.449
36,3:low,2:medium,+,0.567
37,3:low,3:low,,0.433
38,3:low,2:medium,+,0.528
39,2:medium,2:medium,,0.461
40,2:medium,2:medium,,0.598
41,2:medium,2:medium,,0.596
42,2:medium,2:medium,,0.596
43,3:low,2:medium,+,0.598
44,2:medium,2:medium,,0.596
45,2:medium,2:medium,,0.595
46,3:low,2:medium,+,0.582
47,3:low,2:medium,+,0.526
48,3:low,3:low,,0.589

