inst#,actual,predicted,error,prediction
1,1:high,3:low,+,1
2,2:medium,1:high,+,1
3,3:low,2:medium,+,0.532
4,3:low,3:low,,1
5,2:medium,3:low,+,1
6,2:medium,3:low,+,0.999
7,2:medium,3:low,+,1
8,2:medium,3:low,+,1
9,2:medium,1:high,+,1
10,2:medium,1:high,+,1
11,3:low,1:high,+,1
12,3:low,1:high,+,0.999
13,2:medium,3:low,+,1
14,1:high,3:low,+,0.844
15,3:low,2:medium,+,0.971
16,3:low,3:low,,1
17,3:low,3:low,,1
18,3:low,3:low,,1
19,3:low,2:medium,+,0.999
20,2:medium,3:low,+,1
21,3:low,3:low,,1
22,3:low,3:low,,1
23,3:low,3:low,,0.996
24,2:medium,3:low,+,0.994
25,2:medium,3:low,+,1
26,3:low,3:low,,1
27,2:medium,3:low,+,0.995
28,3:low,3:low,,1
29,3:low,3:low,,0.999
30,2:medium,2:medium,,1
31,3:low,3:low,,1
32,3:low,3:low,,1
33,2:medium,3:low,+,0.988
34,3:low,3:low,,1
35,3:low,3:low,,1
36,3:low,3:low,,1
37,3:low,3:low,,1
38,3:low,2:medium,+,0.967
39,2:medium,3:low,+,0.999
40,2:medium,3:low,+,1
41,2:medium,2:medium,,1
42,2:medium,3:low,+,1
43,3:low,3:low,,1
44,2:medium,2:medium,,0.995
45,2:medium,3:low,+,1
46,3:low,2:medium,+,1
47,3:low,2:medium,+,0.871
48,3:low,3:low,,1

