inst#,actual,predicted,error,prediction
1,1:high,3:low,+,0.603
2,2:medium,1:high,+,0.68
3,3:low,3:low,,0.652
4,3:low,3:low,,0.811
5,2:medium,3:low,+,0.782
6,2:medium,2:medium,,0.524
7,2:medium,3:low,+,0.603
8,2:medium,3:low,+,0.573
9,2:medium,3:low,+,0.554
10,2:medium,3:low,+,0.633
11,3:low,1:high,+,0.679
12,3:low,3:low,,0.643
13,2:medium,3:low,+,0.643
14,1:high,2:medium,+,0.524
15,3:low,2:medium,+,0.526
16,3:low,2:medium,+,0.543
17,3:low,2:medium,+,0.391
18,3:low,3:low,,0.801
19,3:low,3:low,,0.642
20,2:medium,3:low,+,0.554
21,3:low,3:low,,0.644
22,3:low,3:low,,0.661
23,3:low,3:low,,0.555
24,2:medium,3:low,+,0.762
25,2:medium,2:medium,,0.633
26,3:low,3:low,,0.851
27,2:medium,3:low,+,0.704
28,3:low,3:low,,0.702
29,3:low,3:low,,0.791
30,2:medium,3:low,+,0.761
31,3:low,3:low,,0.811
32,3:low,3:low,,0.741
33,2:medium,3:low,+,0.812
34,3:low,3:low,,0.622
35,3:low,3:low,,0.622
36,3:low,3:low,,0.704
37,3:low,3:low,,0.821
38,3:low,2:medium,+,0.515
39,2:medium,3:low,+,0.643
40,2:medium,3:low,+,0.791
41,2:medium,3:low,+,0.605
42,2:medium,3:low,+,0.731
43,3:low,3:low,,0.801
44,2:medium,2:medium,,0.673
45,2:medium,3:low,+,0.594
46,3:low,2:medium,+,0.625
47,3:low,2:medium,+,0.563
48,3:low,3:low,,0.672

