inst#,actual,predicted,error,prediction
1,2:medium,2:medium,,0.828
2,2:medium,2:medium,,0.766
3,2:medium,2:medium,,0.734
4,2:medium,2:medium,,0.672
5,2:medium,2:medium,,0.719
6,2:medium,2:medium,,0.703
7,2:medium,2:medium,,0.547
8,2:medium,1:low,+,0.516
9,2:medium,2:medium,,0.5
10,2:medium,2:medium,,0.594
11,2:medium,2:medium,,0.656
12,2:medium,2:medium,,0.531
13,2:medium,1:low,+,0.547
14,2:medium,1:low,+,0.797
15,2:medium,1:low,+,0.844
16,2:medium,1:low,+,0.844
17,2:medium,1:low,+,0.859
18,2:medium,1:low,+,0.844
19,2:medium,1:low,+,0.875
20,2:medium,1:low,+,0.859
21,2:medium,1:low,+,0.859
22,2:medium,1:low,+,0.875
23,2:medium,1:low,+,0.859
24,2:medium,1:low,+,0.875
25,2:medium,1:low,+,0.891
26,2:medium,1:low,+,0.875
27,2:medium,1:low,+,0.859
28,2:medium,1:low,+,0.797
29,2:medium,1:low,+,0.813
30,2:medium,1:low,+,0.828
31,2:medium,1:low,+,0.828
32,2:medium,1:low,+,0.672
33,2:medium,1:low,+,0.734
34,2:medium,1:low,+,0.766
35,2:medium,1:low,+,0.719
36,2:medium,1:low,+,0.688
37,2:medium,1:low,+,0.688
38,2:medium,2:medium,,0.547
39,2:medium,2:medium,,0.531
40,2:medium,2:medium,,0.547
41,2:medium,2:medium,,0.531
42,2:medium,2:medium,,0.516
43,2:medium,3:high,+,0.547
44,2:medium,2:medium,,0.453
45,2:medium,2:medium,,0.563
46,2:medium,2:medium,,0.469
47,2:medium,2:medium,,0.563
48,2:medium,2:medium,,0.531
49,2:medium,2:medium,,0.719
50,2:medium,2:medium,,0.641
51,2:medium,2:medium,,0.5
52,2:medium,3:high,+,0.484
53,2:medium,2:medium,,0.734
54,2:medium,3:high,+,0.594
55,2:medium,2:medium,,0.453
56,2:medium,2:medium,,0.453
57,2:medium,3:high,+,0.438
58,2:medium,3:high,+,0.734
59,2:medium,3:high,+,0.797
60,2:medium,3:high,+,0.781
61,2:medium,3:high,+,0.547
62,2:medium,3:high,+,0.656
63,2:medium,3:high,+,0.5
64,2:medium,2:medium,,0.406
65,2:medium,3:high,+,0.625
66,2:medium,3:high,+,0.578
67,2:medium,3:high,+,0.453
68,2:medium,2:medium,,0.406
69,2:medium,1:low,+,0.406
70,2:medium,2:medium,,0.547
71,2:medium,2:medium,,0.547
72,2:medium,1:low,+,0.516

