inst#,actual,predicted,error,prediction
1,1:low,1:low,,0.999
2,1:low,1:low,,0.999
3,1:low,1:low,,0.999
4,1:low,1:low,,0.982
5,1:low,1:low,,0.999
6,1:low,1:low,,0.999
7,1:low,1:low,,0.998
8,1:low,1:low,,0.968
9,1:low,1:low,,0.896
10,1:low,1:low,,0.982
11,1:low,1:low,,0.931
12,1:low,1:low,,0.948
13,1:low,1:low,,0.998
14,1:low,1:low,,0.866
15,1:low,1:low,,0.999
16,1:low,1:low,,0.965
17,1:low,1:low,,0.966
18,1:low,1:low,,0.983
19,1:low,1:low,,0.993
20,1:low,1:low,,1
21,1:low,1:low,,1
22,1:low,1:low,,0.966
23,1:low,1:low,,0.997
24,1:low,1:low,,0.966
25,1:low,1:low,,0.984
26,1:low,1:low,,0.966
27,1:low,1:low,,0.985
28,1:low,1:low,,0.966
29,1:low,1:low,,0.966
30,1:low,1:low,,0.932
31,1:low,1:low,,0.966
32,1:low,1:low,,0.983
33,1:low,1:low,,0.965
34,1:low,1:low,,0.983
35,1:low,1:low,,0.949
36,1:low,1:low,,0.983
37,1:low,1:low,,1
38,1:low,1:low,,0.983
39,1:low,1:low,,0.779
40,1:low,1:low,,0.798
41,1:low,1:low,,0.832
42,1:low,1:low,,0.966
43,1:low,1:low,,0.968
44,1:low,1:low,,0.985
45,1:low,1:low,,0.968
46,1:low,1:low,,0.645
47,1:low,1:low,,0.951
48,1:low,1:low,,0.968
49,1:low,1:low,,0.967
50,1:low,1:low,,0.96
51,1:low,1:low,,0.962
52,1:low,1:low,,0.967
53,1:low,1:low,,0.815
54,1:low,1:low,,0.883
55,1:low,1:low,,0.815
56,1:low,2:medium,+,0.513
57,1:low,2:medium,+,0.554
58,1:low,2:medium,+,0.923
59,1:low,2:medium,+,0.97
60,1:low,2:medium,+,0.955
61,1:low,2:medium,+,0.956
62,1:low,2:medium,+,0.954
63,1:low,2:medium,+,0.947
64,1:low,2:medium,+,0.927
65,1:low,2:medium,+,0.768
66,1:low,2:medium,+,0.605
67,1:low,2:medium,+,0.552
68,1:low,1:low,,0.514
69,1:low,2:medium,+,0.733
70,1:low,2:medium,+,0.877
71,1:low,2:medium,+,0.888
72,1:low,2:medium,+,0.983
73,1:low,2:medium,+,0.966
74,1:low,2:medium,+,0.966
75,1:low,2:medium,+,0.983
76,1:low,2:medium,+,0.983
77,1:low,2:medium,+,0.966
78,1:low,2:medium,+,0.934
79,1:low,2:medium,+,0.826
80,1:low,2:medium,+,0.569
81,1:low,1:low,,0.776
82,1:low,1:low,,0.882
83,1:low,1:low,,0.982
84,1:low,1:low,,0.73
85,1:low,1:low,,0.821
86,1:low,1:low,,0.747
87,1:low,1:low,,0.933
88,1:low,1:low,,0.679
89,1:low,1:low,,0.815
90,1:low,1:low,,0.963
91,1:low,1:low,,0.797
92,1:low,1:low,,0.78
93,1:low,1:low,,0.713
94,1:low,1:low,,0.713
95,1:low,1:low,,0.867
96,1:low,1:low,,0.764
97,1:low,1:low,,0.748
98,1:low,1:low,,0.798
99,1:low,1:low,,0.932
100,1:low,1:low,,0.916
101,1:low,1:low,,0.849
102,1:low,1:low,,0.663
103,1:low,1:low,,0.677
104,1:low,1:low,,0.611
105,1:low,1:low,,0.934
106,1:low,1:low,,1
107,1:low,1:low,,0.915
108,1:low,1:low,,0.932
109,1:low,1:low,,0.932
110,1:low,1:low,,0.9
111,1:low,1:low,,0.898
112,1:low,1:low,,0.915
113,1:low,1:low,,0.966
114,1:low,1:low,,0.961
115,1:low,2:medium,+,0.652
116,1:low,2:medium,+,0.571
117,1:low,2:medium,+,0.763
118,1:low,2:medium,+,0.983
119,1:low,2:medium,+,0.847
120,1:low,1:low,,0.646
121,1:low,1:low,,0.543
122,1:low,1:low,,0.523
123,1:low,1:low,,0.606
124,1:low,1:low,,0.968
125,1:low,1:low,,0.814
126,1:low,1:low,,0.996
127,1:low,1:low,,0.96
128,1:low,1:low,,0.955
129,1:low,1:low,,0.997
130,1:low,2:medium,+,0.521
131,1:low,2:medium,+,0.741
132,1:low,2:medium,+,0.999
133,1:low,2:medium,+,0.992
134,1:low,2:medium,+,0.62
135,1:low,2:medium,+,0.533
136,1:low,2:medium,+,0.523
137,1:low,2:medium,+,0.512
138,1:low,2:medium,+,0.575
139,1:low,1:low,,0.501
140,1:low,1:low,,0.608
141,1:low,1:low,,0.574
142,1:low,1:low,,0.595
143,1:low,2:medium,+,0.506
144,1:low,2:medium,+,0.51
145,1:low,1:low,,0.523
146,1:low,1:low,,0.716
147,1:low,1:low,,0.65
148,1:low,1:low,,0.66
149,1:low,2:medium,+,0.973
150,1:low,2:medium,+,0.999
151,1:low,2:medium,+,1
152,1:low,2:medium,+,1
153,1:low,2:medium,+,0.959
154,1:low,2:medium,+,0.962
155,1:low,2:medium,+,0.925
156,1:low,1:low,,0.521
157,1:low,1:low,,0.728
158,1:low,1:low,,0.982
159,1:low,1:low,,0.501
160,1:low,2:medium,+,0.575
161,1:low,2:medium,+,0.675
162,1:low,2:medium,+,0.994
163,1:low,2:medium,+,0.981
164,1:low,2:medium,+,1
165,1:low,2:medium,+,1
166,1:low,2:medium,+,0.983
167,1:low,2:medium,+,0.781
168,1:low,2:medium,+,1
169,1:low,2:medium,+,1
170,1:low,2:medium,+,0.982
171,1:low,2:medium,+,0.98
172,1:low,2:medium,+,0.98
173,1:low,2:medium,+,1
174,1:low,2:medium,+,1
175,1:low,2:medium,+,1
176,1:low,2:medium,+,1

