inst#,actual,predicted,error,prediction
1,1:low,1:low,,0.982
2,1:low,1:low,,0.975
3,1:low,1:low,,0.983
4,1:low,1:low,,0.981
5,1:low,1:low,,0.978
6,1:low,1:low,,0.969
7,1:low,1:low,,0.929
8,1:low,1:low,,0.972
9,1:low,1:low,,0.927
10,1:low,1:low,,0.952
11,1:low,1:low,,0.959
12,1:low,1:low,,0.958
13,1:low,1:low,,0.969
14,1:low,1:low,,0.984
15,1:low,1:low,,0.976
16,1:low,1:low,,0.979
17,1:low,1:low,,0.992
18,1:low,1:low,,0.985
19,1:low,1:low,,0.966
20,1:low,1:low,,0.986
21,1:low,1:low,,0.994
22,1:low,1:low,,0.99
23,1:low,1:low,,0.995
24,1:low,1:low,,0.992
25,1:low,1:low,,0.992
26,1:low,1:low,,0.993
27,1:low,1:low,,0.949
28,1:low,1:low,,0.984
29,1:low,1:low,,0.993
30,1:low,1:low,,0.952
31,1:low,1:low,,0.981
32,1:low,1:low,,0.963
33,1:low,1:low,,0.887
34,1:low,1:low,,0.996
35,1:low,1:low,,0.956
36,1:low,1:low,,0.943
37,1:low,1:low,,0.988
38,1:low,1:low,,0.976
39,1:low,1:low,,0.974
40,1:low,1:low,,0.964
41,1:low,1:low,,0.984
42,1:low,1:low,,0.985
43,1:low,1:low,,0.993
44,1:low,1:low,,0.994
45,1:low,1:low,,0.982
46,1:low,1:low,,0.969
47,1:low,1:low,,0.991
48,1:low,1:low,,0.988
49,1:low,1:low,,0.983
50,1:low,1:low,,0.984
51,1:low,1:low,,0.984
52,1:low,1:low,,0.972
53,1:low,1:low,,0.983
54,1:low,1:low,,0.981
55,1:low,1:low,,0.987
56,1:low,2:medium,+,0.663
57,1:low,2:medium,+,0.67
58,1:low,2:medium,+,0.892
59,1:low,2:medium,+,0.89
60,1:low,2:medium,+,0.868
61,1:low,2:medium,+,0.838
62,1:low,2:medium,+,0.841
63,1:low,2:medium,+,0.802
64,1:low,2:medium,+,0.785
65,1:low,2:medium,+,0.748
66,1:low,2:medium,+,0.675
67,1:low,2:medium,+,0.771
68,1:low,1:low,,0.532
69,1:low,2:medium,+,0.797
70,1:low,2:medium,+,0.796
71,1:low,2:medium,+,0.888
72,1:low,2:medium,+,0.991
73,1:low,2:medium,+,0.984
74,1:low,2:medium,+,0.969
75,1:low,2:medium,+,0.976
76,1:low,2:medium,+,0.983
77,1:low,2:medium,+,0.997
78,1:low,2:medium,+,0.88
79,1:low,2:medium,+,0.772
80,1:low,2:medium,+,0.536
81,1:low,1:low,,0.668
82,1:low,1:low,,0.767
83,1:low,1:low,,0.954
84,1:low,1:low,,0.961
85,1:low,1:low,,0.982
86,1:low,1:low,,0.981
87,1:low,1:low,,0.972
88,1:low,1:low,,0.962
89,1:low,1:low,,0.98
90,1:low,1:low,,0.982
91,1:low,1:low,,0.985
92,1:low,1:low,,0.972
93,1:low,1:low,,0.983
94,1:low,1:low,,0.982
95,1:low,1:low,,0.976
96,1:low,1:low,,0.973
97,1:low,1:low,,0.972
98,1:low,1:low,,0.986
99,1:low,1:low,,0.981
100,1:low,1:low,,0.953
101,1:low,1:low,,0.971
102,1:low,1:low,,0.949
103,1:low,1:low,,0.941
104,1:low,1:low,,0.848
105,1:low,1:low,,0.976
106,1:low,1:low,,0.951
107,1:low,1:low,,0.977
108,1:low,1:low,,0.992
109,1:low,1:low,,0.994
110,1:low,1:low,,0.996
111,1:low,1:low,,0.996
112,1:low,1:low,,0.997
113,1:low,1:low,,0.997
114,1:low,1:low,,0.991
115,1:low,2:medium,+,0.742
116,1:low,2:medium,+,0.716
117,1:low,2:medium,+,0.797
118,1:low,2:medium,+,0.993
119,1:low,2:medium,+,0.675
120,1:low,1:low,,0.885
121,1:low,2:medium,+,0.614
122,1:low,2:medium,+,0.5
123,1:low,1:low,,0.874
124,1:low,1:low,,0.973
125,1:low,1:low,,0.976
126,1:low,1:low,,0.978
127,1:low,1:low,,0.951
128,1:low,1:low,,0.919
129,1:low,1:low,,0.949
130,1:low,1:low,,0.545
131,1:low,2:medium,+,0.868
132,1:low,2:medium,+,0.973
133,1:low,2:medium,+,0.911
134,1:low,2:medium,+,0.704
135,1:low,2:medium,+,0.714
136,1:low,2:medium,+,0.64
137,1:low,2:medium,+,0.673
138,1:low,2:medium,+,0.636
139,1:low,1:low,,0.58
140,1:low,1:low,,0.702
141,1:low,1:low,,0.566
142,1:low,1:low,,0.739
143,1:low,2:medium,+,0.528
144,1:low,1:low,,0.527
145,1:low,2:medium,+,0.53
146,1:low,1:low,,0.986
147,1:low,1:low,,0.981
148,1:low,1:low,,0.943
149,1:low,2:medium,+,0.912
150,1:low,2:medium,+,0.944
151,1:low,2:medium,+,0.998
152,1:low,2:medium,+,0.996
153,1:low,2:medium,+,0.915
154,1:low,2:medium,+,0.896
155,1:low,2:medium,+,0.913
156,1:low,2:medium,+,0.546
157,1:low,1:low,,0.977
158,1:low,1:low,,0.996
159,1:low,1:low,,0.552
160,1:low,2:medium,+,0.545
161,1:low,2:medium,+,0.836
162,1:low,2:medium,+,0.995
163,1:low,2:medium,+,0.994
164,1:low,2:medium,+,0.997
165,1:low,2:medium,+,0.986
166,1:low,2:medium,+,0.964
167,1:low,2:medium,+,0.864
168,1:low,2:medium,+,0.974
169,1:low,2:medium,+,0.99
170,1:low,2:medium,+,0.947
171,1:low,2:medium,+,0.915
172,1:low,2:medium,+,0.927
173,1:low,2:medium,+,0.982
174,1:low,2:medium,+,0.988
175,1:low,2:medium,+,0.993
176,1:low,2:medium,+,0.975

