inst#,actual,predicted,error,prediction
1,1:high,1:high,,1
2,2:medium,1:high,+,0.538
3,3:low,2:medium,+,0.538
4,3:low,2:medium,+,0.538
5,2:medium,2:medium,,0.615
6,2:medium,2:medium,,0.692
7,2:medium,1:high,+,0.692
8,2:medium,1:high,+,0.846
9,2:medium,1:high,+,0.731
10,2:medium,1:high,+,0.885
11,3:low,1:high,+,0.962
12,3:low,1:high,+,0.962
13,2:medium,1:high,+,0.654
14,1:high,1:high,,0.577
15,3:low,2:medium,+,0.577
16,3:low,2:medium,+,0.538
17,3:low,1:high,+,0.5
18,3:low,2:medium,+,0.692
19,3:low,3:low,,0.654
20,2:medium,2:medium,,0.5
21,3:low,2:medium,+,0.5
22,3:low,3:low,,0.692
23,3:low,3:low,,0.538
24,2:medium,3:low,+,0.538
25,2:medium,3:low,+,0.538
26,3:low,2:medium,+,0.538
27,2:medium,3:low,+,0.615
28,3:low,2:medium,+,0.654
29,3:low,2:medium,+,0.577
30,2:medium,2:medium,,0.615
31,3:low,2:medium,+,0.654
32,3:low,3:low,,0.654
33,2:medium,2:medium,,0.5
34,3:low,3:low,,0.615
35,3:low,3:low,,0.615
36,3:low,3:low,,0.654
37,3:low,2:medium,+,0.5
38,3:low,2:medium,+,0.692
39,2:medium,3:low,+,0.5
40,2:medium,2:medium,,0.769
41,2:medium,2:medium,,0.808
42,2:medium,2:medium,,0.846
43,3:low,2:medium,+,0.885
44,2:medium,2:medium,,0.846
45,2:medium,2:medium,,0.808
46,3:low,2:medium,+,0.885
47,3:low,2:medium,+,0.769
48,3:low,3:low,,0.615

