inst#,actual,predicted,error,prediction
1,1:high,1:high,,0.749
2,2:medium,1:high,+,0.555
3,3:low,2:medium,+,0.755
4,3:low,1:high,+,0.453
5,2:medium,2:medium,,0.734
6,2:medium,2:medium,,0.385
7,2:medium,1:high,+,0.799
8,2:medium,1:high,+,0.726
9,2:medium,1:high,+,0.68
10,2:medium,1:high,+,0.722
11,3:low,1:high,+,0.699
12,3:low,1:high,+,0.68
13,2:medium,1:high,+,0.676
14,1:high,1:high,,0.689
15,3:low,2:medium,+,0.528
16,3:low,2:medium,+,0.597
17,3:low,1:high,+,0.712
18,3:low,2:medium,+,0.497
19,3:low,2:medium,+,0.472
20,2:medium,2:medium,,0.658
21,3:low,2:medium,+,0.586
22,3:low,2:medium,+,0.574
23,3:low,2:medium,+,0.602
24,2:medium,2:medium,,0.63
25,2:medium,2:medium,,0.515
26,3:low,2:medium,+,0.595
27,2:medium,2:medium,,0.497
28,3:low,2:medium,+,0.592
29,3:low,2:medium,+,0.503
30,2:medium,2:medium,,0.536
31,3:low,2:medium,+,0.475
32,3:low,2:medium,+,0.534
33,2:medium,2:medium,,0.547
34,3:low,2:medium,+,0.539
35,3:low,2:medium,+,0.559
36,3:low,2:medium,+,0.577
37,3:low,2:medium,+,0.551
38,3:low,2:medium,+,0.547
39,2:medium,2:medium,,0.513
40,2:medium,2:medium,,0.568
41,2:medium,2:medium,,0.607
42,2:medium,2:medium,,0.581
43,3:low,2:medium,+,0.6
44,2:medium,2:medium,,0.548
45,2:medium,2:medium,,0.645
46,3:low,2:medium,+,0.583
47,3:low,2:medium,+,0.64
48,3:low,2:medium,+,0.463

