inst#,actual,predicted,error,prediction
1,1:high,1:high,,1
2,2:medium,2:medium,,1
3,3:low,2:medium,+,0.544
4,3:low,2:medium,+,1
5,2:medium,2:medium,,1
6,2:medium,3:low,+,1
7,2:medium,1:high,+,1
8,2:medium,1:high,+,1
9,2:medium,1:high,+,1
10,2:medium,1:high,+,1
11,3:low,1:high,+,1
12,3:low,1:high,+,1
13,2:medium,1:high,+,1
14,1:high,1:high,,1
15,3:low,2:medium,+,1
16,3:low,2:medium,+,1
17,3:low,1:high,+,1
18,3:low,2:medium,+,1
19,3:low,2:medium,+,1
20,2:medium,2:medium,,1
21,3:low,2:medium,+,1
22,3:low,2:medium,+,1
23,3:low,2:medium,+,1
24,2:medium,2:medium,,1
25,2:medium,2:medium,,1
26,3:low,2:medium,+,1
27,2:medium,2:medium,,1
28,3:low,2:medium,+,1
29,3:low,2:medium,+,1
30,2:medium,2:medium,,1
31,3:low,2:medium,+,0.999
32,3:low,2:medium,+,1
33,2:medium,2:medium,,1
34,3:low,2:medium,+,1
35,3:low,2:medium,+,1
36,3:low,2:medium,+,1
37,3:low,2:medium,+,0.925
38,3:low,2:medium,+,1
39,2:medium,2:medium,,0.999
40,2:medium,2:medium,,1
41,2:medium,2:medium,,1
42,2:medium,2:medium,,1
43,3:low,2:medium,+,0.998
44,2:medium,2:medium,,1
45,2:medium,2:medium,,1
46,3:low,2:medium,+,1
47,3:low,2:medium,+,1
48,3:low,3:low,,1

