inst#,actual,predicted,error,prediction
1,1:high,1:high,,0.998
2,2:medium,1:high,+,0.733
3,3:low,3:low,,0.479
4,3:low,3:low,,0.591
5,2:medium,3:low,+,0.629
6,2:medium,3:low,+,0.929
7,2:medium,1:high,+,0.936
8,2:medium,1:high,+,0.87
9,2:medium,1:high,+,0.856
10,2:medium,1:high,+,0.802
11,3:low,1:high,+,0.846
12,3:low,1:high,+,0.862
13,2:medium,1:high,+,0.698
14,1:high,3:low,+,0.604
15,3:low,3:low,,0.511
16,3:low,1:high,+,0.38
17,3:low,1:high,+,0.515
18,3:low,2:medium,+,0.497
19,3:low,3:low,,0.67
20,2:medium,3:low,+,0.481
21,3:low,3:low,,0.778
22,3:low,3:low,,0.535
23,3:low,2:medium,+,0.504
24,2:medium,2:medium,,0.51
25,2:medium,3:low,+,0.481
26,3:low,2:medium,+,0.539
27,2:medium,3:low,+,0.55
28,3:low,2:medium,+,0.549
29,3:low,2:medium,+,0.484
30,2:medium,2:medium,,0.532
31,3:low,2:medium,+,0.506
32,3:low,3:low,,0.532
33,2:medium,2:medium,,0.635
34,3:low,3:low,,0.486
35,3:low,3:low,,0.599
36,3:low,2:medium,+,0.507
37,3:low,2:medium,+,0.54
38,3:low,2:medium,+,0.614
39,2:medium,2:medium,,0.542
40,2:medium,2:medium,,0.633
41,2:medium,2:medium,,0.684
42,2:medium,2:medium,,0.712
43,3:low,2:medium,+,0.724
44,2:medium,2:medium,,0.622
45,2:medium,2:medium,,0.668
46,3:low,2:medium,+,0.692
47,3:low,2:medium,+,0.701
48,3:low,3:low,,0.658

