inst#,actual,predicted,error,prediction
1,1:high,1:high,,0.989
2,2:medium,1:high,+,0.735
3,3:low,3:low,,0.822
4,3:low,3:low,,0.594
5,2:medium,3:low,+,0.691
6,2:medium,3:low,+,0.963
7,2:medium,1:high,+,0.899
8,2:medium,1:high,+,0.694
9,2:medium,1:high,+,0.651
10,2:medium,1:high,+,0.568
11,3:low,1:high,+,0.644
12,3:low,1:high,+,0.662
13,2:medium,1:high,+,0.682
14,1:high,3:low,+,0.723
15,3:low,3:low,,0.495
16,3:low,3:low,,0.651
17,3:low,3:low,,0.515
18,3:low,2:medium,+,0.501
19,3:low,3:low,,0.72
20,2:medium,3:low,+,0.616
21,3:low,3:low,,0.823
22,3:low,3:low,,0.613
23,3:low,3:low,,0.56
24,2:medium,3:low,+,0.54
25,2:medium,3:low,+,0.535
26,3:low,2:medium,+,0.492
27,2:medium,3:low,+,0.68
28,3:low,2:medium,+,0.484
29,3:low,3:low,,0.53
30,2:medium,2:medium,,0.496
31,3:low,3:low,,0.506
32,3:low,3:low,,0.594
33,2:medium,2:medium,,0.485
34,3:low,3:low,,0.548
35,3:low,3:low,,0.675
36,3:low,3:low,,0.579
37,3:low,2:medium,+,0.473
38,3:low,2:medium,+,0.555
39,2:medium,2:medium,,0.483
40,2:medium,2:medium,,0.572
41,2:medium,2:medium,,0.644
42,2:medium,2:medium,,0.651
43,3:low,2:medium,+,0.679
44,2:medium,2:medium,,0.613
45,2:medium,2:medium,,0.642
46,3:low,2:medium,+,0.672
47,3:low,2:medium,+,0.669
48,3:low,3:low,,0.731

