inst#,actual,predicted,error,prediction
1,1:high,1:high,,0.781
2,2:medium,2:medium,,0.562
3,3:low,2:medium,+,0.734
4,3:low,2:medium,+,0.7
5,2:medium,2:medium,,0.59
6,2:medium,2:medium,,0.664
7,2:medium,1:high,+,0.859
8,2:medium,1:high,+,0.84
9,2:medium,1:high,+,0.756
10,2:medium,1:high,+,0.754
11,3:low,1:high,+,0.754
12,3:low,1:high,+,0.756
13,2:medium,1:high,+,0.573
14,1:high,1:high,,0.511
15,3:low,2:medium,+,0.635
16,3:low,2:medium,+,0.62
17,3:low,1:high,+,0.773
18,3:low,2:medium,+,0.697
19,3:low,3:low,,0.71
20,2:medium,2:medium,,0.486
21,3:low,3:low,,0.622
22,3:low,3:low,,0.6
23,3:low,3:low,,0.55
24,2:medium,3:low,+,0.53
25,2:medium,2:medium,,0.504
26,3:low,3:low,,0.527
27,2:medium,3:low,+,0.575
28,3:low,2:medium,+,0.544
29,3:low,3:low,,0.496
30,2:medium,2:medium,,0.65
31,3:low,2:medium,+,0.633
32,3:low,3:low,,0.641
33,2:medium,2:medium,,0.648
34,3:low,3:low,,0.612
35,3:low,3:low,,0.577
36,3:low,3:low,,0.611
37,3:low,3:low,,0.592
38,3:low,2:medium,+,0.682
39,2:medium,2:medium,,0.505
40,2:medium,2:medium,,0.602
41,2:medium,2:medium,,0.559
42,2:medium,2:medium,,0.56
43,3:low,2:medium,+,0.607
44,2:medium,2:medium,,0.61
45,2:medium,2:medium,,0.581
46,3:low,2:medium,+,0.578
47,3:low,2:medium,+,0.558
48,3:low,3:low,,0.586

