inst#,actual,predicted,error,prediction
1,1:high,1:high,,0.958
2,2:medium,2:medium,,0.488
3,3:low,2:medium,+,0.685
4,3:low,2:medium,+,0.867
5,2:medium,2:medium,,0.609
6,2:medium,3:low,+,0.655
7,2:medium,1:high,+,0.958
8,2:medium,1:high,+,0.972
9,2:medium,1:high,+,0.972
10,2:medium,1:high,+,0.998
11,3:low,1:high,+,0.998
12,3:low,1:high,+,0.998
13,2:medium,1:high,+,0.696
14,1:high,1:high,,0.722
15,3:low,2:medium,+,0.644
16,3:low,3:low,,0.41
17,3:low,1:high,+,0.866
18,3:low,2:medium,+,0.69
19,3:low,3:low,,0.617
20,2:medium,3:low,+,0.504
21,3:low,3:low,,0.651
22,3:low,3:low,,0.698
23,3:low,3:low,,0.572
24,2:medium,3:low,+,0.694
25,2:medium,3:low,+,0.519
26,3:low,3:low,,0.735
27,2:medium,3:low,+,0.578
28,3:low,2:medium,+,0.853
29,3:low,3:low,,0.655
30,2:medium,2:medium,,0.89
31,3:low,2:medium,+,0.851
32,3:low,3:low,,0.738
33,2:medium,2:medium,,0.86
34,3:low,3:low,,0.688
35,3:low,3:low,,0.617
36,3:low,3:low,,0.652
37,3:low,3:low,,0.672
38,3:low,2:medium,+,0.797
39,2:medium,2:medium,,0.794
40,2:medium,2:medium,,0.907
41,2:medium,2:medium,,0.835
42,2:medium,2:medium,,0.869
43,3:low,2:medium,+,0.907
44,2:medium,2:medium,,0.808
45,2:medium,2:medium,,0.848
46,3:low,2:medium,+,0.857
47,3:low,2:medium,+,0.829
48,3:low,3:low,,0.615

