inst#,actual,predicted,error,prediction
1,1:high,1:high,,0.938
2,2:medium,2:medium,,0.393
3,3:low,2:medium,+,0.59
4,3:low,2:medium,+,0.658
5,2:medium,2:medium,,0.637
6,2:medium,3:low,+,0.504
7,2:medium,1:high,+,0.842
8,2:medium,1:high,+,0.877
9,2:medium,1:high,+,0.868
10,2:medium,1:high,+,0.88
11,3:low,1:high,+,0.88
12,3:low,1:high,+,0.88
13,2:medium,1:high,+,0.831
14,1:high,1:high,,0.685
15,3:low,2:medium,+,0.61
16,3:low,2:medium,+,0.557
17,3:low,1:high,+,0.799
18,3:low,2:medium,+,0.742
19,3:low,3:low,,0.718
20,2:medium,3:low,+,0.694
21,3:low,3:low,,0.622
22,3:low,3:low,,0.812
23,3:low,3:low,,0.839
24,2:medium,3:low,+,0.827
25,2:medium,3:low,+,0.743
26,3:low,3:low,,0.782
27,2:medium,3:low,+,0.691
28,3:low,2:medium,+,0.599
29,3:low,3:low,,0.723
30,2:medium,2:medium,,0.481
31,3:low,2:medium,+,0.554
32,3:low,3:low,,0.728
33,2:medium,2:medium,,0.595
34,3:low,3:low,,0.828
35,3:low,3:low,,0.913
36,3:low,3:low,,0.626
37,3:low,3:low,,0.6
38,3:low,2:medium,+,0.65
39,2:medium,3:low,+,0.481
40,2:medium,2:medium,,0.555
41,2:medium,2:medium,,0.778
42,2:medium,2:medium,,0.837
43,3:low,2:medium,+,0.799
44,2:medium,2:medium,,0.818
45,2:medium,2:medium,,0.689
46,3:low,2:medium,+,0.817
47,3:low,2:medium,+,0.808
48,3:low,3:low,,0.7

