inst#,actual,predicted,error,prediction
1,1:high,1:high,,1
2,2:medium,2:medium,,0.861
3,3:low,2:medium,+,0.673
4,3:low,2:medium,+,0.864
5,2:medium,2:medium,,0.744
6,2:medium,2:medium,,0.737
7,2:medium,1:high,+,1
8,2:medium,1:high,+,1
9,2:medium,1:high,+,1
10,2:medium,1:high,+,1
11,3:low,1:high,+,1
12,3:low,1:high,+,1
13,2:medium,2:medium,,0.717
14,1:high,2:medium,+,0.738
15,3:low,2:medium,+,0.718
16,3:low,2:medium,+,0.555
17,3:low,3:low,,0.992
18,3:low,2:medium,+,0.722
19,3:low,3:low,,0.661
20,2:medium,3:low,+,0.536
21,3:low,3:low,,0.666
22,3:low,3:low,,0.639
23,3:low,3:low,,0.725
24,2:medium,3:low,+,0.599
25,2:medium,3:low,+,0.589
26,3:low,3:low,,0.685
27,2:medium,3:low,+,0.708
28,3:low,3:low,,0.506
29,3:low,3:low,,0.637
30,2:medium,3:low,+,0.554
31,3:low,3:low,,0.571
32,3:low,3:low,,0.706
33,2:medium,3:low,+,0.6
34,3:low,3:low,,0.619
35,3:low,3:low,,0.673
36,3:low,3:low,,0.71
37,3:low,3:low,,0.682
38,3:low,3:low,,0.565
39,2:medium,3:low,+,0.631
40,2:medium,3:low,+,0.54
41,2:medium,3:low,+,0.654
42,2:medium,3:low,+,0.644
43,3:low,3:low,,0.662
44,2:medium,3:low,+,0.627
45,2:medium,3:low,+,0.551
46,3:low,3:low,,0.6
47,3:low,3:low,,0.681
48,3:low,3:low,,0.71

