inst#,actual,predicted,error,prediction
1,1:high,1:high,,0.934
2,2:medium,2:medium,,0.52
3,3:low,2:medium,+,0.588
4,3:low,2:medium,+,0.719
5,2:medium,2:medium,,0.662
6,2:medium,2:medium,,0.544
7,2:medium,1:high,+,0.934
8,2:medium,1:high,+,0.934
9,2:medium,1:high,+,0.863
10,2:medium,1:high,+,0.934
11,3:low,1:high,+,0.934
12,3:low,1:high,+,0.934
13,2:medium,1:high,+,0.638
14,1:high,1:high,,0.774
15,3:low,2:medium,+,0.746
16,3:low,3:low,,0.532
17,3:low,1:high,+,0.983
18,3:low,2:medium,+,0.713
19,3:low,3:low,,0.616
20,2:medium,3:low,+,0.684
21,3:low,3:low,,0.685
22,3:low,3:low,,0.835
23,3:low,3:low,,0.515
24,2:medium,3:low,+,0.65
25,2:medium,3:low,+,0.646
26,3:low,3:low,,0.65
27,2:medium,3:low,+,0.539
28,3:low,2:medium,+,0.579
29,3:low,3:low,,0.561
30,2:medium,2:medium,,0.572
31,3:low,2:medium,+,0.509
32,3:low,3:low,,0.654
33,2:medium,2:medium,,0.585
34,3:low,3:low,,0.662
35,3:low,2:medium,+,0.499
36,3:low,3:low,,0.729
37,3:low,3:low,,0.72
38,3:low,2:medium,+,0.504
39,2:medium,2:medium,,0.635
40,2:medium,2:medium,,0.748
41,2:medium,2:medium,,0.717
42,2:medium,2:medium,,0.734
43,3:low,2:medium,+,0.743
44,2:medium,2:medium,,0.642
45,2:medium,2:medium,,0.65
46,3:low,2:medium,+,0.707
47,3:low,2:medium,+,0.82
48,3:low,3:low,,0.469

