inst#,actual,predicted,error,prediction
1,1:high,1:high,,0.979
2,2:medium,2:medium,,0.433
3,3:low,2:medium,+,0.577
4,3:low,2:medium,+,0.822
5,2:medium,2:medium,,0.66
6,2:medium,3:low,+,0.567
7,2:medium,1:high,+,0.949
8,2:medium,1:high,+,0.959
9,2:medium,1:high,+,0.941
10,2:medium,1:high,+,0.96
11,3:low,1:high,+,0.96
12,3:low,1:high,+,0.96
13,2:medium,1:high,+,0.727
14,1:high,1:high,,0.659
15,3:low,2:medium,+,0.554
16,3:low,3:low,,0.422
17,3:low,1:high,+,0.884
18,3:low,2:medium,+,0.736
19,3:low,3:low,,0.567
20,2:medium,3:low,+,0.516
21,3:low,3:low,,0.631
22,3:low,3:low,,0.702
23,3:low,3:low,,0.55
24,2:medium,3:low,+,0.679
25,2:medium,3:low,+,0.481
26,3:low,3:low,,0.677
27,2:medium,3:low,+,0.574
28,3:low,2:medium,+,0.724
29,3:low,3:low,,0.606
30,2:medium,2:medium,,0.701
31,3:low,2:medium,+,0.65
32,3:low,3:low,,0.572
33,2:medium,2:medium,,0.608
34,3:low,3:low,,0.54
35,3:low,3:low,,0.524
36,3:low,3:low,,0.507
37,3:low,3:low,,0.574
38,3:low,2:medium,+,0.739
39,2:medium,2:medium,,0.652
40,2:medium,2:medium,,0.724
41,2:medium,2:medium,,0.772
42,2:medium,2:medium,,0.69
43,3:low,2:medium,+,0.683
44,2:medium,2:medium,,0.789
45,2:medium,2:medium,,0.759
46,3:low,2:medium,+,0.831
47,3:low,2:medium,+,0.685
48,3:low,3:low,,0.555

