inst#,actual,predicted,error,prediction
1,1:high,1:high,,1
2,2:medium,2:medium,,0.437
3,3:low,3:low,,0.619
4,3:low,2:medium,+,0.526
5,2:medium,3:low,+,0.578
6,2:medium,3:low,+,0.481
7,2:medium,1:high,+,1
8,2:medium,1:high,+,1
9,2:medium,1:high,+,0.994
10,2:medium,1:high,+,0.996
11,3:low,1:high,+,0.982
12,3:low,1:high,+,0.993
13,2:medium,2:medium,,0.623
14,1:high,2:medium,+,0.534
15,3:low,2:medium,+,0.606
16,3:low,2:medium,+,0.525
17,3:low,1:high,+,0.748
18,3:low,3:low,,0.589
19,3:low,3:low,,0.683
20,2:medium,3:low,+,0.548
21,3:low,3:low,,0.623
22,3:low,3:low,,0.683
23,3:low,3:low,,0.682
24,2:medium,3:low,+,0.655
25,2:medium,3:low,+,0.656
26,3:low,3:low,,0.655
27,2:medium,3:low,+,0.713
28,3:low,3:low,,0.635
29,3:low,3:low,,0.638
30,2:medium,3:low,+,0.635
31,3:low,3:low,,0.638
32,3:low,3:low,,0.699
33,2:medium,3:low,+,0.66
34,3:low,3:low,,0.693
35,3:low,3:low,,0.722
36,3:low,3:low,,0.713
37,3:low,3:low,,0.66
38,3:low,3:low,,0.564
39,2:medium,3:low,+,0.653
40,2:medium,2:medium,,0.502
41,2:medium,2:medium,,0.55
42,2:medium,2:medium,,0.554
43,3:low,2:medium,+,0.583
44,2:medium,2:medium,,0.605
45,2:medium,2:medium,,0.601
46,3:low,2:medium,+,0.531
47,3:low,3:low,,0.523
48,3:low,3:low,,0.749

