inst#,actual,predicted,error,prediction
1,1:high,1:high,,1
2,2:medium,2:medium,,0.993
3,3:low,2:medium,+,0.993
4,3:low,2:medium,+,1
5,2:medium,2:medium,,1
6,2:medium,2:medium,,1
7,2:medium,1:high,+,1
8,2:medium,1:high,+,1
9,2:medium,1:high,+,1
10,2:medium,1:high,+,1
11,3:low,1:high,+,1
12,3:low,1:high,+,1
13,2:medium,1:high,+,1
14,1:high,1:high,,1
15,3:low,2:medium,+,1
16,3:low,2:medium,+,1
17,3:low,1:high,+,0.922
18,3:low,2:medium,+,1
19,3:low,2:medium,+,0.889
20,2:medium,3:low,+,0.908
21,3:low,2:medium,+,0.54
22,3:low,3:low,,0.874
23,3:low,3:low,,0.973
24,2:medium,3:low,+,0.82
25,2:medium,3:low,+,0.782
26,3:low,3:low,,0.858
27,2:medium,2:medium,,0.996
28,3:low,2:medium,+,0.993
29,3:low,3:low,,0.722
30,2:medium,2:medium,,1
31,3:low,2:medium,+,0.651
32,3:low,3:low,,0.993
33,2:medium,2:medium,,1
34,3:low,3:low,,0.984
35,3:low,3:low,,0.836
36,3:low,3:low,,0.595
37,3:low,3:low,,0.656
38,3:low,2:medium,+,1
39,2:medium,2:medium,,0.97
40,2:medium,2:medium,,1
41,2:medium,2:medium,,1
42,2:medium,2:medium,,1
43,3:low,2:medium,+,1
44,2:medium,2:medium,,1
45,2:medium,2:medium,,1
46,3:low,2:medium,+,1
47,3:low,2:medium,+,1
48,3:low,3:low,,0.99

