inst#,actual,predicted,error,prediction
1,1:high,1:high,,1
2,2:medium,2:medium,,0.702
3,3:low,2:medium,+,0.592
4,3:low,2:medium,+,0.818
5,2:medium,2:medium,,0.825
6,2:medium,3:low,+,0.606
7,2:medium,1:high,+,1
8,2:medium,1:high,+,1
9,2:medium,1:high,+,0.998
10,2:medium,1:high,+,1
11,3:low,1:high,+,1
12,3:low,1:high,+,1
13,2:medium,1:high,+,0.772
14,1:high,2:medium,+,0.729
15,3:low,2:medium,+,0.656
16,3:low,3:low,,0.703
17,3:low,3:low,,0.727
18,3:low,2:medium,+,0.793
19,3:low,3:low,,0.707
20,2:medium,3:low,+,0.517
21,3:low,3:low,,0.693
22,3:low,3:low,,0.726
23,3:low,3:low,,0.738
24,2:medium,3:low,+,0.609
25,2:medium,3:low,+,0.605
26,3:low,3:low,,0.643
27,2:medium,3:low,+,0.779
28,3:low,3:low,,0.564
29,3:low,3:low,,0.63
30,2:medium,3:low,+,0.578
31,3:low,3:low,,0.556
32,3:low,3:low,,0.723
33,2:medium,3:low,+,0.604
34,3:low,3:low,,0.718
35,3:low,3:low,,0.793
36,3:low,3:low,,0.784
37,3:low,3:low,,0.663
38,3:low,2:medium,+,0.532
39,2:medium,3:low,+,0.63
40,2:medium,2:medium,,0.623
41,2:medium,2:medium,,0.71
42,2:medium,2:medium,,0.692
43,3:low,2:medium,+,0.786
44,2:medium,2:medium,,0.829
45,2:medium,2:medium,,0.684
46,3:low,2:medium,+,0.726
47,3:low,2:medium,+,0.615
48,3:low,3:low,,0.772

