inst#,actual,predicted,error,prediction
1,1:high,1:high,,1
2,2:medium,2:medium,,0.545
3,3:low,2:medium,+,0.565
4,3:low,2:medium,+,0.811
5,2:medium,2:medium,,0.555
6,2:medium,2:medium,,0.723
7,2:medium,1:high,+,1
8,2:medium,1:high,+,1
9,2:medium,1:high,+,0.99
10,2:medium,1:high,+,1
11,3:low,1:high,+,1
12,3:low,1:high,+,1
13,2:medium,1:high,+,0.96
14,1:high,1:high,,0.92
15,3:low,2:medium,+,0.792
16,3:low,2:medium,+,0.564
17,3:low,1:high,+,0.529
18,3:low,2:medium,+,0.735
19,3:low,3:low,,0.505
20,2:medium,3:low,+,0.497
21,3:low,2:medium,+,0.516
22,3:low,3:low,,0.562
23,3:low,3:low,,0.619
24,2:medium,3:low,+,0.541
25,2:medium,3:low,+,0.496
26,3:low,3:low,,0.54
27,2:medium,3:low,+,0.58
28,3:low,2:medium,+,0.601
29,3:low,3:low,,0.515
30,2:medium,2:medium,,0.48
31,3:low,2:medium,+,0.528
32,3:low,3:low,,0.667
33,2:medium,2:medium,,0.518
34,3:low,2:medium,+,0.509
35,3:low,3:low,,0.6
36,3:low,3:low,,0.504
37,3:low,2:medium,+,0.566
38,3:low,2:medium,+,0.688
39,2:medium,2:medium,,0.602
40,2:medium,2:medium,,0.753
41,2:medium,2:medium,,0.696
42,2:medium,2:medium,,0.592
43,3:low,2:medium,+,0.592
44,2:medium,2:medium,,0.744
45,2:medium,2:medium,,0.724
46,3:low,2:medium,+,0.715
47,3:low,2:medium,+,0.62
48,3:low,3:low,,0.579

