inst#,actual,predicted,error,prediction
1,1:high,1:high,,0.801
2,2:medium,1:high,+,0.483
3,3:low,2:medium,+,0.579
4,3:low,2:medium,+,0.711
5,2:medium,2:medium,,0.71
6,2:medium,2:medium,,0.66
7,2:medium,1:high,+,0.822
8,2:medium,1:high,+,0.797
9,2:medium,1:high,+,0.709
10,2:medium,1:high,+,0.687
11,3:low,1:high,+,0.665
12,3:low,1:high,+,0.71
13,2:medium,1:high,+,0.7
14,1:high,1:high,,0.543
15,3:low,2:medium,+,0.63
16,3:low,2:medium,+,0.6
17,3:low,1:high,+,0.783
18,3:low,2:medium,+,0.673
19,3:low,3:low,,0.648
20,2:medium,2:medium,,0.495
21,3:low,2:medium,+,0.525
22,3:low,3:low,,0.592
23,3:low,3:low,,0.548
24,2:medium,3:low,+,0.552
25,2:medium,3:low,+,0.557
26,3:low,3:low,,0.543
27,2:medium,3:low,+,0.539
28,3:low,2:medium,+,0.594
29,3:low,2:medium,+,0.471
30,2:medium,2:medium,,0.67
31,3:low,2:medium,+,0.546
32,3:low,3:low,,0.615
33,2:medium,2:medium,,0.638
34,3:low,3:low,,0.599
35,3:low,3:low,,0.6
36,3:low,3:low,,0.637
37,3:low,3:low,,0.456
38,3:low,2:medium,+,0.642
39,2:medium,2:medium,,0.496
40,2:medium,2:medium,,0.635
41,2:medium,2:medium,,0.706
42,2:medium,2:medium,,0.671
43,3:low,2:medium,+,0.682
44,2:medium,2:medium,,0.696
45,2:medium,2:medium,,0.69
46,3:low,2:medium,+,0.669
47,3:low,2:medium,+,0.685
48,3:low,3:low,,0.693

