inst#,actual,predicted,error,prediction
1,1:high,1:high,,0.6
2,2:medium,1:high,+,0.387
3,3:low,2:medium,+,0.418
4,3:low,2:medium,+,0.541
5,2:medium,2:medium,,0.51
6,2:medium,3:low,+,0.423
7,2:medium,1:high,+,0.6
8,2:medium,1:high,+,0.6
9,2:medium,1:high,+,0.6
10,2:medium,1:high,+,0.6
11,3:low,1:high,+,0.6
12,3:low,1:high,+,0.6
13,2:medium,1:high,+,0.597
14,1:high,2:medium,+,0.454
15,3:low,2:medium,+,0.435
16,3:low,3:low,,0.483
17,3:low,3:low,,0.566
18,3:low,2:medium,+,0.468
19,3:low,3:low,,0.453
20,2:medium,2:medium,,0.404
21,3:low,3:low,,0.433
22,3:low,3:low,,0.467
23,3:low,3:low,,0.495
24,2:medium,3:low,+,0.436
25,2:medium,3:low,+,0.449
26,3:low,3:low,,0.432
27,2:medium,3:low,+,0.497
28,3:low,3:low,,0.423
29,3:low,3:low,,0.401
30,2:medium,3:low,+,0.44
31,3:low,3:low,,0.44
32,3:low,3:low,,0.492
33,2:medium,3:low,+,0.441
34,3:low,3:low,,0.482
35,3:low,3:low,,0.518
36,3:low,3:low,,0.505
37,3:low,3:low,,0.455
38,3:low,2:medium,+,0.403
39,2:medium,3:low,+,0.451
40,2:medium,2:medium,,0.472
41,2:medium,2:medium,,0.497
42,2:medium,2:medium,,0.496
43,3:low,2:medium,+,0.514
44,2:medium,2:medium,,0.532
45,2:medium,2:medium,,0.519
46,3:low,2:medium,+,0.498
47,3:low,2:medium,+,0.465
48,3:low,3:low,,0.512

