inst#,actual,predicted,error,prediction
1,1:high,1:high,,0.813
2,2:medium,2:medium,,0.625
3,3:low,2:medium,+,0.563
4,3:low,2:medium,+,0.5
5,2:medium,2:medium,,0.625
6,2:medium,2:medium,,0.625
7,2:medium,1:high,+,0.813
8,2:medium,1:high,+,0.875
9,2:medium,1:high,+,0.813
10,2:medium,1:high,+,0.875
11,3:low,1:high,+,0.875
12,3:low,1:high,+,0.875
13,2:medium,2:medium,,0.5
14,1:high,1:high,,0.5
15,3:low,2:medium,+,0.563
16,3:low,2:medium,+,0.688
17,3:low,1:high,+,0.75
18,3:low,2:medium,+,0.625
19,3:low,2:medium,+,0.438
20,2:medium,3:low,+,0.625
21,3:low,3:low,,0.438
22,3:low,2:medium,+,0.5
23,3:low,2:medium,+,0.625
24,2:medium,2:medium,,0.75
25,2:medium,2:medium,,0.5
26,3:low,2:medium,+,0.625
27,2:medium,2:medium,,0.5
28,3:low,2:medium,+,0.625
29,3:low,2:medium,+,0.688
30,2:medium,2:medium,,0.688
31,3:low,2:medium,+,0.625
32,3:low,2:medium,+,0.625
33,2:medium,2:medium,,0.688
34,3:low,2:medium,+,0.563
35,3:low,2:medium,+,0.5
36,3:low,2:medium,+,0.5
37,3:low,2:medium,+,0.5
38,3:low,2:medium,+,0.688
39,2:medium,2:medium,,0.563
40,2:medium,2:medium,,0.625
41,2:medium,2:medium,,0.688
42,2:medium,2:medium,,0.625
43,3:low,2:medium,+,0.688
44,2:medium,2:medium,,0.563
45,2:medium,2:medium,,0.688
46,3:low,2:medium,+,0.563
47,3:low,2:medium,+,0.688
48,3:low,2:medium,+,0.5

