inst#,actual,predicted,error,prediction
1,1:high,1:high,,0.861
2,2:medium,2:medium,,0.611
3,3:low,2:medium,+,0.548
4,3:low,2:medium,+,0.727
5,2:medium,2:medium,,0.718
6,2:medium,3:low,+,0.65
7,2:medium,1:high,+,0.803
8,2:medium,1:high,+,0.801
9,2:medium,1:high,+,0.791
10,2:medium,1:high,+,0.747
11,3:low,1:high,+,0.745
12,3:low,1:high,+,0.761
13,2:medium,1:high,+,0.526
14,1:high,2:medium,+,0.676
15,3:low,2:medium,+,0.562
16,3:low,3:low,,0.544
17,3:low,1:high,+,0.542
18,3:low,2:medium,+,0.643
19,3:low,3:low,,0.679
20,2:medium,2:medium,,0.556
21,3:low,3:low,,0.663
22,3:low,3:low,,0.612
23,3:low,3:low,,0.688
24,2:medium,3:low,+,0.544
25,2:medium,3:low,+,0.576
26,3:low,3:low,,0.548
27,2:medium,3:low,+,0.686
28,3:low,2:medium,+,0.5
29,3:low,3:low,,0.529
30,2:medium,3:low,+,0.585
31,3:low,3:low,,0.572
32,3:low,3:low,,0.695
33,2:medium,3:low,+,0.564
34,3:low,3:low,,0.674
35,3:low,3:low,,0.771
36,3:low,3:low,,0.731
37,3:low,3:low,,0.593
38,3:low,2:medium,+,0.531
39,2:medium,3:low,+,0.58
40,2:medium,2:medium,,0.593
41,2:medium,2:medium,,0.717
42,2:medium,2:medium,,0.72
43,3:low,2:medium,+,0.756
44,2:medium,2:medium,,0.822
45,2:medium,2:medium,,0.69
46,3:low,2:medium,+,0.728
47,3:low,2:medium,+,0.634
48,3:low,3:low,,0.754

