inst#,actual,predicted,error,prediction
1,1:high,1:high,,0.921
2,2:medium,2:medium,,0.457
3,3:low,2:medium,+,0.67
4,3:low,2:medium,+,0.742
5,2:medium,2:medium,,0.61
6,2:medium,3:low,+,0.673
7,2:medium,1:high,+,0.869
8,2:medium,1:high,+,0.919
9,2:medium,1:high,+,0.915
10,2:medium,1:high,+,0.871
11,3:low,1:high,+,0.871
12,3:low,1:high,+,0.871
13,2:medium,1:high,+,0.738
14,1:high,1:high,,0.739
15,3:low,2:medium,+,0.533
16,3:low,3:low,,0.467
17,3:low,1:high,+,0.986
18,3:low,2:medium,+,0.826
19,3:low,3:low,,0.544
20,2:medium,3:low,+,0.467
21,3:low,3:low,,0.481
22,3:low,3:low,,0.56
23,3:low,3:low,,0.634
24,2:medium,3:low,+,0.656
25,2:medium,3:low,+,0.603
26,3:low,3:low,,0.614
27,2:medium,3:low,+,0.537
28,3:low,2:medium,+,0.72
29,3:low,3:low,,0.497
30,2:medium,2:medium,,0.689
31,3:low,3:low,,0.503
32,3:low,3:low,,0.677
33,2:medium,2:medium,,0.653
34,3:low,3:low,,0.572
35,3:low,3:low,,0.628
36,3:low,3:low,,0.598
37,3:low,3:low,,0.634
38,3:low,2:medium,+,0.736
39,2:medium,3:low,+,0.454
40,2:medium,2:medium,,0.621
41,2:medium,2:medium,,0.681
42,2:medium,2:medium,,0.616
43,3:low,2:medium,+,0.68
44,2:medium,2:medium,,0.725
45,2:medium,2:medium,,0.551
46,3:low,2:medium,+,0.71
47,3:low,2:medium,+,0.673
48,3:low,3:low,,0.798

