inst#,actual,predicted,error,prediction
1,1:high,1:high,,0.865
2,2:medium,2:medium,,0.56
3,3:low,2:medium,+,0.494
4,3:low,2:medium,+,0.833
5,2:medium,2:medium,,0.6
6,2:medium,2:medium,,0.73
7,2:medium,1:high,+,0.893
8,2:medium,1:high,+,0.946
9,2:medium,1:high,+,0.893
10,2:medium,1:high,+,0.919
11,3:low,1:high,+,0.919
12,3:low,1:high,+,0.919
13,2:medium,1:high,+,0.745
14,1:high,1:high,,0.787
15,3:low,2:medium,+,0.652
16,3:low,2:medium,+,0.469
17,3:low,1:high,+,0.705
18,3:low,2:medium,+,0.756
19,3:low,2:medium,+,0.651
20,2:medium,3:low,+,0.47
21,3:low,3:low,,0.576
22,3:low,3:low,,0.576
23,3:low,3:low,,0.629
24,2:medium,2:medium,,0.496
25,2:medium,2:medium,,0.522
26,3:low,3:low,,0.497
27,2:medium,3:low,+,0.682
28,3:low,2:medium,+,0.652
29,3:low,2:medium,+,0.522
30,2:medium,2:medium,,0.625
31,3:low,2:medium,+,0.574
32,3:low,3:low,,0.736
33,2:medium,2:medium,,0.522
34,3:low,2:medium,+,0.521
35,3:low,3:low,,0.55
36,3:low,2:medium,+,0.575
37,3:low,2:medium,+,0.575
38,3:low,2:medium,+,0.809
39,2:medium,2:medium,,0.704
40,2:medium,2:medium,,0.652
41,2:medium,2:medium,,0.757
42,2:medium,2:medium,,0.652
43,3:low,2:medium,+,0.574
44,2:medium,2:medium,,0.757
45,2:medium,2:medium,,0.783
46,3:low,2:medium,+,0.809
47,3:low,2:medium,+,0.548
48,3:low,2:medium,+,0.547

