inst#,actual,predicted,error,prediction
1,1:high,1:high,,0.868
2,2:medium,2:medium,,0.561
3,3:low,3:low,,0.553
4,3:low,2:medium,+,0.712
5,2:medium,2:medium,,0.512
6,2:medium,3:low,+,0.647
7,2:medium,1:high,+,0.653
8,2:medium,1:high,+,0.788
9,2:medium,1:high,+,0.726
10,2:medium,1:high,+,0.725
11,3:low,1:high,+,0.725
12,3:low,1:high,+,0.725
13,2:medium,1:high,+,0.634
14,1:high,2:medium,+,0.516
15,3:low,2:medium,+,0.756
16,3:low,2:medium,+,0.5
17,3:low,1:high,+,0.54
18,3:low,2:medium,+,0.768
19,3:low,3:low,,0.557
20,2:medium,2:medium,,0.684
21,3:low,3:low,,0.56
22,3:low,2:medium,+,0.512
23,3:low,3:low,,0.735
24,2:medium,3:low,+,0.555
25,2:medium,3:low,+,0.63
26,3:low,3:low,,0.586
27,2:medium,3:low,+,0.674
28,3:low,2:medium,+,0.685
29,3:low,3:low,,0.648
30,2:medium,2:medium,,0.499
31,3:low,2:medium,+,0.583
32,3:low,3:low,,0.513
33,2:medium,2:medium,,0.583
34,3:low,2:medium,+,0.496
35,3:low,3:low,,0.702
36,3:low,2:medium,+,0.526
37,3:low,2:medium,+,0.684
38,3:low,2:medium,+,0.769
39,2:medium,2:medium,,0.769
40,2:medium,2:medium,,0.712
41,2:medium,2:medium,,0.77
42,2:medium,2:medium,,0.741
43,3:low,2:medium,+,0.762
44,2:medium,2:medium,,0.883
45,2:medium,2:medium,,0.741
46,3:low,2:medium,+,0.791
47,3:low,2:medium,+,0.713
48,3:low,3:low,,0.483

