inst#,actual,predicted,error,distribution,,
1,2:medium,2:medium,,0,*1,0
2,2:medium,2:medium,,0,*1,0
3,2:medium,2:medium,,0.062,*0.937,0.001
4,2:medium,3:high,+,0,0.003,*0.997
5,2:medium,2:medium,,0.004,*0.53,0.466
6,2:medium,2:medium,,0,*1,0
7,2:medium,1:low,+,*0.895,0.105,0
8,2:medium,2:medium,,0,*1,0
9,2:medium,3:high,+,0,0.166,*0.834
10,2:medium,3:high,+,0,0.157,*0.843
11,3:high,3:high,,0,0,*1
12,3:high,3:high,,0,0.139,*0.861
13,3:high,3:high,,0,0,*1
14,3:high,3:high,,0,0.001,*0.999
15,3:high,3:high,,0,0,*1
16,3:high,3:high,,0,0,*1
17,3:high,3:high,,0,0.001,*0.999
18,2:medium,3:high,+,0,0,*1
19,2:medium,3:high,+,0,0.086,*0.913
20,2:medium,3:high,+,0,0,*1
21,2:medium,3:high,+,0,0,*1
22,2:medium,3:high,+,0,0,*1
23,2:medium,3:high,+,0,0,*1
24,2:medium,3:high,+,0,0,*1
25,2:medium,3:high,+,0,0.024,*0.976
26,2:medium,3:high,+,0,0,*1
27,2:medium,3:high,+,0,0.005,*0.995
28,2:medium,3:high,+,0,0,*1
29,2:medium,2:medium,,0,*0.985,0.015
30,2:medium,1:low,+,*0.552,0.448,0
31,1:low,2:medium,+,0.005,*0.995,0
32,1:low,2:medium,+,0,*1,0
33,1:low,2:medium,+,0,*1,0
34,1:low,2:medium,+,0,*1,0
35,1:low,2:medium,+,0,*1,0
36,1:low,1:low,,*1,0,0
37,1:low,2:medium,+,0.022,*0.978,0
38,1:low,2:medium,+,0,*1,0
39,1:low,2:medium,+,0,*0.999,0.001
40,1:low,3:high,+,0,0.005,*0.995
41,1:low,2:medium,+,0,*0.592,0.408
42,1:low,2:medium,+,0,*1,0
43,1:low,2:medium,+,0,*1,0
44,1:low,2:medium,+,0,*1,0
45,1:low,2:medium,+,0,*1,0
46,1:low,2:medium,+,0,*1,0
47,1:low,2:medium,+,0,*1,0
48,1:low,2:medium,+,0,*1,0
49,1:low,1:low,,*0.995,0.005,0
50,1:low,2:medium,+,0.001,*0.999,0
51,1:low,2:medium,+,0,*1,0
52,1:low,1:low,,*1,0,0
53,1:low,1:low,,*0.995,0.005,0
54,1:low,1:low,,*0.98,0.02,0
55,1:low,1:low,,*1,0,0
56,1:low,1:low,,*0.63,0.37,0
57,1:low,1:low,,*0.63,0.37,0
58,1:low,1:low,,*1,0,0
59,1:low,1:low,,*0.977,0.023,0
60,1:low,1:low,,*1,0,0
61,1:low,1:low,,*1,0,0
62,2:medium,1:low,+,*1,0,0
63,2:medium,1:low,+,*1,0,0
64,2:medium,1:low,+,*1,0,0
65,2:medium,1:low,+,*0.997,0.003,0
66,2:medium,1:low,+,*1,0,0
67,2:medium,1:low,+,*1,0,0
68,2:medium,2:medium,,0.064,*0.936,0
69,3:high,3:high,,0,0.067,*0.933
70,3:high,2:medium,+,0,*0.999,0.001
71,3:high,2:medium,+,0,*0.898,0.102
72,3:high,2:medium,+,0,*1,0
