inst#,actual,predicted,error,distribution,,
1,2:medium,2:medium,,0,*1,0
2,2:medium,2:medium,,0,*1,0
3,2:medium,2:medium,,0,*1,0
4,2:medium,2:medium,,0,*1,0
5,2:medium,2:medium,,0,*1,0
6,2:medium,2:medium,,0,*1,0
7,2:medium,2:medium,,0,*1,0
8,2:medium,2:medium,,0,*1,0
9,2:medium,2:medium,,0,*1,0
10,2:medium,2:medium,,0,*1,0
11,3:high,3:high,,0,0,*1
12,3:high,2:medium,+,0,*1,0
13,3:high,3:high,,0,0,*1
14,3:high,3:high,,0,0,*1
15,3:high,3:high,,0,0.002,*0.998
16,3:high,3:high,,0,0,*1
17,3:high,3:high,,0,0.001,*0.999
18,2:medium,2:medium,,0,*1,0
19,2:medium,3:high,+,0,0,*1
20,2:medium,3:high,+,0,0,*1
21,2:medium,3:high,+,0,0,*1
22,2:medium,3:high,+,0,0,*1
23,2:medium,3:high,+,0,0,*1
24,2:medium,3:high,+,0,0.001,*0.999
25,2:medium,3:high,+,0,0,*1
26,2:medium,3:high,+,0,0,*1
27,2:medium,3:high,+,0,0,*1
28,2:medium,3:high,+,0,0,*1
29,2:medium,2:medium,,0,*1,0
30,2:medium,1:low,+,*1,0,0
31,1:low,2:medium,+,0,*1,0
32,1:low,2:medium,+,0,*1,0
33,1:low,2:medium,+,0,*1,0
34,1:low,2:medium,+,0,*1,0
35,1:low,2:medium,+,0,*1,0
36,1:low,2:medium,+,0,*1,0
37,1:low,2:medium,+,0,*1,0
38,1:low,2:medium,+,0,*1,0
39,1:low,3:high,+,0,0,*1
40,1:low,3:high,+,0,0,*1
41,1:low,2:medium,+,0,*1,0
42,1:low,2:medium,+,0,*1,0
43,1:low,2:medium,+,0,*1,0
44,1:low,2:medium,+,0,*1,0
45,1:low,2:medium,+,0,*1,0
46,1:low,2:medium,+,0,*1,0
47,1:low,2:medium,+,0,*1,0
48,1:low,2:medium,+,0,*1,0
49,1:low,2:medium,+,0,*1,0
50,1:low,2:medium,+,0,*1,0
51,1:low,2:medium,+,0,*1,0
52,1:low,2:medium,+,0,*1,0
53,1:low,2:medium,+,0,*1,0
54,1:low,2:medium,+,0,*1,0
55,1:low,1:low,,*1,0,0
56,1:low,1:low,,*0.998,0.002,0
57,1:low,2:medium,+,0.012,*0.988,0
58,1:low,1:low,,*1,0,0
59,1:low,2:medium,+,0,*1,0
60,1:low,2:medium,+,0,*1,0
61,1:low,2:medium,+,0,*1,0
62,2:medium,2:medium,,0,*1,0
63,2:medium,2:medium,,0,*1,0
64,2:medium,2:medium,,0,*1,0
65,2:medium,2:medium,,0,*1,0
66,2:medium,2:medium,,0,*1,0
67,2:medium,2:medium,,0,*1,0
68,2:medium,2:medium,,0,*1,0
69,3:high,3:high,,0,0,*1
70,3:high,3:high,,0,0,*1
71,3:high,3:high,,0,0,*1
72,3:high,3:high,,0,0,*1
