inst#,actual,predicted,error,distribution,,
1,2:medium,2:medium,,0,*1,0
2,2:medium,2:medium,,0,*1,0
3,2:medium,2:medium,,0,*0.822,0.178
4,2:medium,2:medium,,0,*1,0
5,2:medium,3:high,+,0.108,0.331,*0.561
6,2:medium,2:medium,,0,*0.934,0.066
7,2:medium,2:medium,,0,*1,0
8,2:medium,2:medium,,0,*1,0
9,2:medium,2:medium,,0,*1,0
10,2:medium,2:medium,,0,*1,0
11,3:high,2:medium,+,0,*1,0
12,3:high,2:medium,+,0,*1,0
13,3:high,3:high,,0,0,*1
14,3:high,2:medium,+,0,*0.998,0.002
15,3:high,2:medium,+,0,*1,0
16,3:high,3:high,,0,0.023,*0.977
17,3:high,2:medium,+,0,*0.997,0.003
18,2:medium,3:high,+,0,0.043,*0.957
19,2:medium,3:high,+,0,0.126,*0.874
20,2:medium,3:high,+,0,0,*1
21,2:medium,3:high,+,0,0,*1
22,2:medium,3:high,+,0,0,*1
23,2:medium,3:high,+,0,0,*1
24,2:medium,3:high,+,0,0,*1
25,2:medium,3:high,+,0,0,*1
26,2:medium,3:high,+,0,0,*1
27,2:medium,3:high,+,0,0,*1
28,2:medium,3:high,+,0,0,*1
29,2:medium,2:medium,,0,*1,0
30,2:medium,1:low,+,*0.817,0.015,0.168
31,1:low,2:medium,+,0,*1,0
32,1:low,2:medium,+,0,*1,0
33,1:low,2:medium,+,0,*1,0
34,1:low,2:medium,+,0,*1,0
35,1:low,2:medium,+,0,*1,0
36,1:low,2:medium,+,0,*1,0
37,1:low,2:medium,+,0,*1,0
38,1:low,2:medium,+,0,*1,0
39,1:low,2:medium,+,0,*0.999,0.001
40,1:low,3:high,+,0,0,*1
41,1:low,3:high,+,0,0,*1
42,1:low,2:medium,+,0,*0.952,0.048
43,1:low,2:medium,+,0,*1,0
44,1:low,2:medium,+,0,*1,0
45,1:low,2:medium,+,0,*1,0
46,1:low,2:medium,+,0,*1,0
47,1:low,2:medium,+,0,*1,0
48,1:low,2:medium,+,0,*0.999,0.001
49,1:low,2:medium,+,0.001,*0.999,0
50,1:low,2:medium,+,0,*1,0
51,1:low,2:medium,+,0,*1,0
52,1:low,1:low,,*0.944,0.056,0
53,1:low,1:low,,*1,0,0
54,1:low,2:medium,+,0.419,*0.581,0
55,1:low,2:medium,+,0,*1,0
56,1:low,1:low,,*0.8,0.2,0
57,1:low,2:medium,+,0,*1,0
58,1:low,2:medium,+,0.094,*0.906,0
59,1:low,2:medium,+,0,*1,0
60,1:low,2:medium,+,0,*1,0
61,1:low,2:medium,+,0,*1,0
62,2:medium,2:medium,,0,*1,0
63,2:medium,2:medium,,0.001,*0.999,0
64,2:medium,2:medium,,0,*1,0
65,2:medium,2:medium,,0,*1,0
66,2:medium,2:medium,,0,*1,0
67,2:medium,2:medium,,0,*1,0
68,2:medium,2:medium,,0,*1,0
69,3:high,3:high,,0,0.125,*0.875
70,3:high,3:high,,0,0,*1
71,3:high,3:high,,0,0.37,*0.63
72,3:high,3:high,,0,0,*1
