inst#,actual,predicted,error,distribution,,
1,2:medium,2:medium,,0,*0.91,0.09
2,2:medium,2:medium,,0,*0.799,0.201
3,2:medium,2:medium,,0,*0.799,0.201
4,3:low,2:medium,+,0,*0.799,0.201
5,2:medium,2:medium,,0,*0.91,0.09
6,2:medium,2:medium,,0,*0.91,0.09
7,2:medium,2:medium,,0,*0.91,0.09
8,3:low,2:medium,+,0,*0.91,0.09
9,2:medium,2:medium,,0,*0.91,0.09
10,2:medium,2:medium,,0,*0.91,0.09
11,2:medium,2:medium,,0,*0.91,0.09
12,2:medium,2:medium,,0,*0.91,0.09
13,2:medium,2:medium,,0,*0.91,0.09
14,2:medium,2:medium,,0,*0.799,0.201
15,2:medium,2:medium,,0,*0.91,0.09
16,2:medium,2:medium,,0,*0.836,0.164
17,2:medium,2:medium,,0,*0.799,0.201
18,2:medium,2:medium,,0,*0.799,0.201
19,3:low,2:medium,+,0,*0.597,0.403
20,2:medium,2:medium,,0,*0.556,0.444
21,3:low,2:medium,+,0,*0.583,0.417
22,3:low,2:medium,+,0,*0.62,0.38
23,3:low,2:medium,+,0,*0.62,0.38
24,3:low,2:medium,+,0,*0.889,0.111
25,3:low,2:medium,+,0,*0.873,0.127
26,2:medium,2:medium,,0,*0.873,0.127
27,2:medium,2:medium,,0,*0.873,0.127
28,3:low,2:medium,+,0,*0.873,0.127
29,3:low,2:medium,+,0,*0.873,0.127
30,2:medium,2:medium,,0,*0.873,0.127
31,2:medium,2:medium,,0,*0.929,0.071
32,2:medium,2:medium,,0,*0.873,0.127
33,1:high,2:medium,+,0,*0.804,0.196
34,1:high,2:medium,+,0,*0.915,0.085
35,1:high,2:medium,+,0,*0.804,0.196
36,1:high,2:medium,+,0,*0.804,0.196
37,1:high,2:medium,+,0,*0.667,0.333
38,1:high,2:medium,+,0,*0.694,0.306
39,1:high,2:medium,+,0,*0.62,0.38
40,1:high,2:medium,+,0,*0.639,0.361
41,1:high,2:medium,+,0,*0.62,0.38
42,1:high,2:medium,+,0,*0.708,0.292
43,1:high,2:medium,+,0,*0.708,0.292
44,1:high,2:medium,+,0,*0.708,0.292
45,1:high,2:medium,+,0,*0.63,0.37
46,1:high,2:medium,+,0,*0.708,0.292
47,1:high,2:medium,+,0,*0.708,0.292
48,1:high,2:medium,+,0,*0.602,0.398
