inst#,actual,predicted,error,distribution,,
1,2:medium,2:medium,,0,*0.6,0.4
2,2:medium,2:medium,,0,*0.667,0.333
3,2:medium,2:medium,,0,*0.667,0.333
4,3:low,2:medium,+,0,*0.667,0.333
5,2:medium,2:medium,,0,*0.6,0.4
6,2:medium,2:medium,,0,*0.667,0.333
7,2:medium,2:medium,,0,*0.667,0.333
8,3:low,2:medium,+,0,*0.667,0.333
9,2:medium,2:medium,,0,*0.667,0.333
10,2:medium,2:medium,,0,*0.667,0.333
11,2:medium,2:medium,,0,*0.667,0.333
12,2:medium,2:medium,,0,*0.667,0.333
13,2:medium,2:medium,,0,*0.6,0.4
14,2:medium,2:medium,,0,*0.6,0.4
15,2:medium,2:medium,,0,*0.6,0.4
16,2:medium,2:medium,,0,*0.6,0.4
17,2:medium,2:medium,,0,*0.6,0.4
18,2:medium,2:medium,,0,*0.6,0.4
19,3:low,2:medium,+,0,*0.667,0.333
20,2:medium,2:medium,,0,*0.667,0.333
21,3:low,2:medium,+,0,*0.667,0.333
22,3:low,2:medium,+,0,*0.667,0.333
23,3:low,2:medium,+,0,*0.667,0.333
24,3:low,2:medium,+,0,*0.667,0.333
25,3:low,2:medium,+,0,*0.667,0.333
26,2:medium,2:medium,,0,*0.667,0.333
27,2:medium,2:medium,,0,*0.667,0.333
28,3:low,2:medium,+,0,*0.667,0.333
29,3:low,2:medium,+,0,*0.667,0.333
30,2:medium,2:medium,,0,*0.667,0.333
31,2:medium,2:medium,,0,*0.667,0.333
32,2:medium,2:medium,,0,*0.667,0.333
33,1:high,2:medium,+,0,*0.667,0.333
34,1:high,2:medium,+,0,*0.667,0.333
35,1:high,2:medium,+,0,*0.667,0.333
36,1:high,2:medium,+,0,*0.667,0.333
37,1:high,2:medium,+,0,*0.667,0.333
38,1:high,2:medium,+,0,*0.667,0.333
39,1:high,2:medium,+,0,*0.667,0.333
40,1:high,2:medium,+,0,*0.667,0.333
41,1:high,2:medium,+,0,*0.667,0.333
42,1:high,2:medium,+,0,*0.667,0.333
43,1:high,2:medium,+,0,*0.667,0.333
44,1:high,2:medium,+,0,*0.667,0.333
45,1:high,2:medium,+,0,*0.667,0.333
46,1:high,2:medium,+,0,*0.667,0.333
47,1:high,2:medium,+,0,*0.667,0.333
48,1:high,2:medium,+,0,*0.6,0.4
