inst#,actual,predicted,error,distribution,,
1,2:medium,2:medium,,0.2,*0.6,0.2
2,2:medium,2:medium,,0.2,*0.6,0.2
3,2:medium,2:medium,,0.333,*0.333,0.333
4,3:low,2:medium,+,0.2,*0.6,0.2
5,2:medium,2:medium,,0.2,*0.6,0.2
6,2:medium,2:medium,,0.2,*0.6,0.2
7,2:medium,2:medium,,0.2,*0.6,0.2
8,3:low,2:medium,+,0.2,*0.6,0.2
9,2:medium,2:medium,,0.2,*0.6,0.2
10,2:medium,2:medium,,0.2,*0.6,0.2
11,2:medium,2:medium,,0.2,*0.6,0.2
12,2:medium,2:medium,,0.2,*0.6,0.2
13,2:medium,2:medium,,0.2,*0.6,0.2
14,2:medium,2:medium,,0.21,*0.581,0.21
15,2:medium,2:medium,,0.2,*0.6,0.2
16,2:medium,2:medium,,0.204,*0.592,0.204
17,2:medium,2:medium,,0.201,*0.596,0.203
18,2:medium,2:medium,,0.2,*0.6,0.2
19,3:low,2:medium,+,0.205,*0.587,0.208
20,2:medium,2:medium,,0.2,*0.599,0.201
21,3:low,2:medium,+,0.196,*0.596,0.208
22,3:low,2:medium,+,0.203,*0.593,0.203
23,3:low,2:medium,+,0.2,*0.6,0.2
24,3:low,2:medium,+,0.214,*0.572,0.214
25,3:low,2:medium,+,0.2,*0.6,0.2
26,2:medium,2:medium,,0.2,*0.6,0.2
27,2:medium,2:medium,,0.2,*0.6,0.2
28,3:low,2:medium,+,0.2,*0.6,0.2
29,3:low,2:medium,+,0.2,*0.6,0.2
30,2:medium,2:medium,,0.2,*0.6,0.2
31,2:medium,2:medium,,0.181,*0.591,0.228
32,2:medium,3:low,+,0.333,0.334,*0.334
33,1:high,2:medium,+,0.196,*0.598,0.205
34,1:high,2:medium,+,0.2,*0.6,0.2
35,1:high,3:low,+,0,0.5,*0.5
36,1:high,2:medium,+,0.202,*0.596,0.202
37,1:high,2:medium,+,0.196,*0.598,0.205
38,1:high,2:medium,+,0.189,*0.594,0.217
39,1:high,2:medium,+,0.196,*0.598,0.206
40,1:high,2:medium,+,0.2,*0.6,0.2
41,1:high,2:medium,+,0.2,*0.6,0.2
42,1:high,2:medium,+,0.2,*0.6,0.2
43,1:high,2:medium,+,0.2,*0.6,0.2
44,1:high,2:medium,+,0.2,*0.6,0.2
45,1:high,2:medium,+,0.2,*0.6,0.2
46,1:high,2:medium,+,0.199,*0.6,0.201
47,1:high,2:medium,+,0.2,*0.6,0.2
48,1:high,2:medium,+,0.2,*0.6,0.2
