inst#,actual,predicted,error,distribution,,
1,2:medium,2:medium,,0,*0.5,0.5
2,2:medium,2:medium,,0,*1,0
3,2:medium,2:medium,,0,*0.5,0.5
4,3:low,2:medium,+,0,*1,0
5,2:medium,2:medium,,0,*1,0
6,2:medium,2:medium,,0,*1,0
7,2:medium,2:medium,,0,*1,0
8,3:low,2:medium,+,0,*0.5,0.5
9,2:medium,2:medium,,0,*0.5,0.5
10,2:medium,2:medium,,0,*0.5,0.5
11,2:medium,2:medium,,0,*0.5,0.5
12,2:medium,2:medium,,0,*0.5,0.5
13,2:medium,2:medium,,0,*0.5,0.5
14,2:medium,2:medium,,0,*0.5,0.5
15,2:medium,2:medium,,0,*0.5,0.5
16,2:medium,2:medium,,0,*0.5,0.5
17,2:medium,2:medium,,0,*0.5,0.5
18,2:medium,2:medium,,0,*0.5,0.5
19,3:low,2:medium,+,0.429,*0.571,0
20,2:medium,2:medium,,0.429,*0.571,0
21,3:low,2:medium,+,0.429,*0.571,0
22,3:low,2:medium,+,0,*1,0
23,3:low,2:medium,+,0,*1,0
24,3:low,2:medium,+,0,*1,0
25,3:low,2:medium,+,0,*1,0
26,2:medium,2:medium,,0,*1,0
27,2:medium,2:medium,,0,*1,0
28,3:low,2:medium,+,0,*1,0
29,3:low,2:medium,+,0,*1,0
30,2:medium,2:medium,,0,*1,0
31,2:medium,2:medium,,0,*1,0
32,2:medium,2:medium,,0,*1,0
33,1:high,2:medium,+,0,*1,0
34,1:high,2:medium,+,0,*1,0
35,1:high,2:medium,+,0,*1,0
36,1:high,2:medium,+,0,*1,0
37,1:high,2:medium,+,0,*1,0
38,1:high,2:medium,+,0,*1,0
39,1:high,2:medium,+,0,*1,0
40,1:high,2:medium,+,0,*1,0
41,1:high,2:medium,+,0,*1,0
42,1:high,2:medium,+,0,*1,0
43,1:high,2:medium,+,0,*1,0
44,1:high,2:medium,+,0,*1,0
45,1:high,2:medium,+,0,*1,0
46,1:high,2:medium,+,0,*1,0
47,1:high,2:medium,+,0,*1,0
48,1:high,2:medium,+,0,*1,0
