inst#,actual,predicted,error,prediction
1,2:medium,2:medium,,0.999
2,2:medium,2:medium,,1
3,2:medium,2:medium,,1
4,2:medium,2:medium,,0.612
5,2:medium,2:medium,,0.64
6,2:medium,2:medium,,0.711
7,2:medium,2:medium,,0.742
8,2:medium,2:medium,,0.667
9,2:medium,2:medium,,0.694
10,2:medium,2:medium,,0.791
11,2:medium,2:medium,,0.781
12,2:medium,2:medium,,0.77
13,2:medium,2:medium,,0.793
14,2:medium,2:medium,,0.777
15,2:medium,2:medium,,0.795
16,2:medium,2:medium,,0.769
17,2:medium,2:medium,,0.77
18,2:medium,2:medium,,0.716
19,2:medium,2:medium,,0.796
20,2:medium,2:medium,,0.785
21,2:medium,2:medium,,0.794
22,2:medium,2:medium,,0.762
23,2:medium,2:medium,,0.788
24,2:medium,2:medium,,0.77
25,2:medium,2:medium,,0.799
26,2:medium,2:medium,,0.79
27,2:medium,2:medium,,0.795
28,2:medium,2:medium,,0.794
29,2:medium,2:medium,,0.795
30,2:medium,2:medium,,0.798
31,2:medium,2:medium,,0.8
32,2:medium,2:medium,,0.795
33,2:medium,2:medium,,0.8
34,2:medium,2:medium,,0.793
35,2:medium,2:medium,,0.8
36,2:medium,2:medium,,0.798
37,2:medium,2:medium,,0.8
38,2:medium,2:medium,,0.799
39,1:low,2:medium,+,1
40,2:medium,1:low,+,0.827
41,1:low,1:low,,0.971
42,1:low,1:low,,0.597
43,1:low,1:low,,0.988
44,1:low,1:low,,0.655
45,1:low,2:medium,+,0.586
46,1:low,2:medium,+,0.599
47,1:low,2:medium,+,0.903
48,1:low,1:low,,0.646
49,1:low,2:medium,+,0.531
50,1:low,1:low,,0.547
51,1:low,1:low,,0.887
52,1:low,1:low,,0.681
53,1:low,1:low,,0.615
54,1:low,1:low,,0.565
55,1:low,2:medium,+,0.404
56,1:low,1:low,,0.651
57,1:low,2:medium,+,0.721
58,1:low,2:medium,+,0.545
59,1:low,1:low,,0.609
60,1:low,1:low,,0.514
61,1:low,1:low,,0.585
62,1:low,2:medium,+,0.597
63,1:low,1:low,,0.564
64,1:low,1:low,,0.757
65,1:low,2:medium,+,0.551
66,1:low,2:medium,+,0.516
67,1:low,1:low,,0.524
68,1:low,1:low,,0.577
69,1:low,1:low,,0.705
70,1:low,1:low,,0.962
71,1:low,2:medium,+,0.787
72,1:low,1:low,,0.784
73,1:low,1:low,,1
74,1:low,1:low,,0.985
75,1:low,1:low,,0.82
76,1:low,1:low,,0.729
77,1:low,1:low,,0.651
78,1:low,1:low,,0.561
79,1:low,1:low,,0.652
80,1:low,1:low,,0.51
81,1:low,2:medium,+,0.522
82,1:low,1:low,,0.534
83,1:low,2:medium,+,0.661
84,1:low,1:low,,0.703
85,1:low,2:medium,+,0.776
86,1:low,2:medium,+,0.434
87,1:low,2:medium,+,0.783
88,1:low,2:medium,+,0.8
89,1:low,2:medium,+,0.566
90,1:low,2:medium,+,0.999
91,1:low,2:medium,+,0.84
92,1:low,2:medium,+,0.983
93,1:low,2:medium,+,0.516
94,1:low,1:low,,0.526
95,1:low,1:low,,0.663
96,1:low,2:medium,+,0.612
97,1:low,2:medium,+,0.59
98,1:low,1:low,,0.732
99,1:low,1:low,,0.597
100,1:low,1:low,,0.79
101,1:low,2:medium,+,0.635
102,1:low,1:low,,0.507
103,1:low,2:medium,+,0.582
104,1:low,2:medium,+,0.76
105,1:low,1:low,,0.773
106,1:low,1:low,,0.9
107,1:low,1:low,,0.905
108,1:low,1:low,,0.782
109,1:low,1:low,,0.775
110,1:low,1:low,,0.778
111,1:low,1:low,,0.759
112,1:low,1:low,,0.781
113,1:low,1:low,,0.781
114,1:low,1:low,,0.983
115,1:low,1:low,,0.976
116,1:low,1:low,,0.97
117,1:low,1:low,,0.965
118,1:low,1:low,,0.97
119,1:low,1:low,,0.972
120,1:low,1:low,,0.758
121,1:low,1:low,,0.535
122,1:low,1:low,,0.8
123,1:low,2:medium,+,0.623
124,1:low,2:medium,+,0.688
125,1:low,2:medium,+,0.638
126,1:low,1:low,,0.546
127,1:low,2:medium,+,0.703
128,1:low,1:low,,0.643
129,1:low,1:low,,0.801
130,1:low,2:medium,+,0.63
131,1:low,2:medium,+,0.687
132,1:low,2:medium,+,0.747
133,1:low,2:medium,+,0.668
134,1:low,2:medium,+,0.755
135,1:low,2:medium,+,0.75
136,1:low,2:medium,+,0.907
137,1:low,2:medium,+,0.851
138,1:low,2:medium,+,0.858
139,1:low,2:medium,+,0.649
140,1:low,2:medium,+,0.603
141,1:low,1:low,,0.601
142,1:low,1:low,,0.894
143,1:low,1:low,,0.773
144,1:low,1:low,,0.787
145,1:low,1:low,,0.697
146,1:low,2:medium,+,0.707
147,1:low,2:medium,+,0.681
148,1:low,2:medium,+,0.928
149,1:low,2:medium,+,0.831
150,1:low,2:medium,+,0.559
151,1:low,1:low,,0.759
152,1:low,2:medium,+,0.595
153,1:low,1:low,,0.686
154,1:low,1:low,,0.722
155,1:low,1:low,,0.659
156,1:low,2:medium,+,0.679
157,2:medium,2:medium,,0.596
158,1:low,2:medium,+,0.605
159,2:medium,1:low,+,0.658
160,2:medium,1:low,+,0.525
161,1:low,1:low,,0.627
162,1:low,1:low,,0.777
163,1:low,2:medium,+,0.576
164,2:medium,2:medium,,0.622
165,1:low,2:medium,+,0.657
166,2:medium,1:low,+,0.663
167,1:low,1:low,,0.666
168,1:low,1:low,,0.642
169,2:medium,1:low,+,0.551
170,2:medium,1:low,+,0.66
171,1:low,2:medium,+,0.589
172,1:low,1:low,,0.75
173,2:medium,1:low,+,0.674
174,1:low,1:low,,0.666
175,2:medium,2:medium,,0.55
176,2:medium,2:medium,,0.863

