inst#,actual,predicted,error,prediction
1,2:medium,3:high,+,0.991
2,2:medium,3:high,+,0.991
3,2:medium,3:high,+,0.985
4,2:medium,3:high,+,0.892
5,2:medium,3:high,+,0.892
6,2:medium,3:high,+,0.892
7,2:medium,3:high,+,0.943
8,2:medium,3:high,+,0.943
9,2:medium,3:high,+,0.943
10,2:medium,3:high,+,0.943
11,2:medium,3:high,+,0.943
12,2:medium,3:high,+,0.949
13,2:medium,3:high,+,0.943
14,2:medium,3:high,+,0.949
15,2:medium,3:high,+,0.943
16,2:medium,3:high,+,0.943
17,2:medium,3:high,+,0.949
18,2:medium,2:medium,,0.64
19,2:medium,3:high,+,0.949
20,2:medium,3:high,+,0.949
21,2:medium,3:high,+,0.949
22,2:medium,3:high,+,0.488
23,2:medium,3:high,+,0.949
24,2:medium,3:high,+,0.943
25,2:medium,3:high,+,0.943
26,2:medium,3:high,+,0.943
27,2:medium,3:high,+,0.852
28,2:medium,3:high,+,0.852
29,2:medium,3:high,+,0.852
30,2:medium,3:high,+,0.852
31,2:medium,3:high,+,0.943
32,2:medium,3:high,+,0.852
33,2:medium,3:high,+,0.943
34,2:medium,2:medium,,0.932
35,2:medium,2:medium,,0.875
36,2:medium,2:medium,,0.932
37,2:medium,2:medium,,0.875
38,2:medium,2:medium,,0.832
39,1:low,1:low,,0.663
40,2:medium,1:low,+,0.969
41,1:low,1:low,,0.988
42,1:low,1:low,,0.995
43,1:low,1:low,,0.994
44,1:low,1:low,,0.819
45,1:low,2:medium,+,0.662
46,1:low,2:medium,+,0.844
47,1:low,2:medium,+,0.957
48,1:low,1:low,,0.999
49,1:low,1:low,,0.999
50,1:low,1:low,,0.999
51,1:low,1:low,,0.999
52,1:low,1:low,,0.999
53,1:low,1:low,,0.999
54,1:low,1:low,,0.989
55,1:low,1:low,,0.86
56,1:low,1:low,,0.86
57,1:low,2:medium,+,0.927
58,1:low,2:medium,+,0.844
59,1:low,2:medium,+,0.844
60,1:low,2:medium,+,0.844
61,1:low,2:medium,+,0.844
62,1:low,1:low,,0.907
63,1:low,3:high,+,0.623
64,1:low,1:low,,0.916
65,1:low,2:medium,+,0.962
66,1:low,2:medium,+,0.962
67,1:low,2:medium,+,0.896
68,1:low,2:medium,+,0.94
69,1:low,1:low,,0.969
70,1:low,1:low,,0.999
71,1:low,2:medium,+,0.628
72,1:low,1:low,,0.981
73,1:low,1:low,,0.998
74,1:low,1:low,,0.989
75,1:low,1:low,,0.989
76,1:low,1:low,,0.998
77,1:low,1:low,,0.998
78,1:low,1:low,,0.998
79,1:low,1:low,,0.998
80,1:low,1:low,,0.96
81,1:low,1:low,,0.89
82,1:low,1:low,,0.79
83,1:low,2:medium,+,0.865
84,1:low,1:low,,0.89
85,1:low,1:low,,0.998
86,1:low,3:high,+,0.497
87,1:low,2:medium,+,0.73
88,1:low,1:low,,0.867
89,1:low,2:medium,+,0.73
90,1:low,2:medium,+,0.998
91,1:low,2:medium,+,0.998
92,1:low,2:medium,+,0.998
93,1:low,2:medium,+,0.679
94,1:low,1:low,,0.819
95,1:low,2:medium,+,0.981
96,1:low,1:low,,0.853
97,1:low,1:low,,0.853
98,1:low,1:low,,0.883
99,1:low,1:low,,0.883
100,1:low,1:low,,0.981
101,1:low,2:medium,+,0.967
102,1:low,2:medium,+,0.902
103,1:low,2:medium,+,0.873
104,1:low,2:medium,+,0.967
105,1:low,2:medium,+,0.936
106,1:low,1:low,,0.616
107,1:low,2:medium,+,0.506
108,1:low,1:low,,0.897
109,1:low,1:low,,0.897
110,1:low,1:low,,0.994
111,1:low,1:low,,0.897
112,1:low,1:low,,0.991
113,1:low,1:low,,0.999
114,1:low,1:low,,0.991
115,1:low,1:low,,0.991
116,1:low,1:low,,0.991
117,1:low,1:low,,0.946
118,1:low,1:low,,0.991
119,1:low,1:low,,0.946
120,1:low,1:low,,0.897
121,1:low,2:medium,+,0.994
122,1:low,2:medium,+,0.998
123,1:low,2:medium,+,0.999
124,1:low,2:medium,+,0.999
125,1:low,2:medium,+,0.989
126,1:low,2:medium,+,0.987
127,1:low,2:medium,+,0.999
128,1:low,2:medium,+,0.873
129,1:low,2:medium,+,0.873
130,1:low,2:medium,+,0.999
131,1:low,2:medium,+,0.989
132,1:low,2:medium,+,0.989
133,1:low,2:medium,+,0.999
134,1:low,2:medium,+,0.998
135,1:low,2:medium,+,0.998
136,1:low,2:medium,+,0.989
137,1:low,2:medium,+,0.998
138,1:low,2:medium,+,0.998
139,1:low,2:medium,+,0.989
140,1:low,2:medium,+,0.989
141,1:low,2:medium,+,0.999
142,1:low,2:medium,+,0.506
143,1:low,1:low,,0.897
144,1:low,2:medium,+,0.506
145,1:low,2:medium,+,0.961
146,1:low,2:medium,+,0.998
147,1:low,2:medium,+,0.989
148,1:low,2:medium,+,0.998
149,1:low,2:medium,+,0.996
150,1:low,2:medium,+,0.996
151,1:low,2:medium,+,0.675
152,1:low,2:medium,+,0.818
153,1:low,2:medium,+,0.883
154,1:low,2:medium,+,0.778
155,1:low,2:medium,+,0.883
156,1:low,2:medium,+,0.883
157,2:medium,2:medium,,0.986
158,1:low,2:medium,+,0.883
159,2:medium,2:medium,,0.986
160,2:medium,2:medium,,0.778
161,1:low,2:medium,+,0.675
162,1:low,2:medium,+,0.921
163,1:low,2:medium,+,0.818
164,2:medium,2:medium,,0.675
165,1:low,2:medium,+,0.986
166,2:medium,2:medium,,0.675
167,1:low,2:medium,+,0.778
168,1:low,2:medium,+,0.972
169,2:medium,2:medium,,0.998
170,2:medium,2:medium,,0.998
171,1:low,2:medium,+,0.998
172,1:low,2:medium,+,0.675
173,2:medium,2:medium,,0.998
174,1:low,2:medium,+,0.967
175,2:medium,2:medium,,0.967
176,2:medium,2:medium,,0.996

