inst#,actual,predicted,error,prediction
1,2:medium,2:medium,,0.929
2,2:medium,2:medium,,0.857
3,2:medium,2:medium,,0.857
4,2:medium,2:medium,,0.857
5,2:medium,2:medium,,0.856
6,2:medium,2:medium,,0.854
7,2:medium,2:medium,,0.856
8,2:medium,2:medium,,0.857
9,2:medium,2:medium,,0.857
10,2:medium,2:medium,,0.916
11,2:medium,2:medium,,0.861
12,2:medium,2:medium,,0.928
13,2:medium,2:medium,,0.926
14,2:medium,2:medium,,0.928
15,2:medium,2:medium,,0.928
16,2:medium,2:medium,,0.925
17,2:medium,2:medium,,0.897
18,2:medium,2:medium,,0.928
19,2:medium,2:medium,,0.928
20,2:medium,2:medium,,0.928
21,2:medium,2:medium,,0.928
22,2:medium,2:medium,,0.929
23,2:medium,2:medium,,0.928
24,2:medium,2:medium,,0.927
25,2:medium,2:medium,,0.999
26,2:medium,2:medium,,1
27,2:medium,2:medium,,1
28,2:medium,2:medium,,1
29,2:medium,2:medium,,1
30,2:medium,2:medium,,1
31,2:medium,2:medium,,1
32,2:medium,2:medium,,1
33,2:medium,2:medium,,1
34,2:medium,2:medium,,0.888
35,2:medium,2:medium,,0.928
36,2:medium,2:medium,,0.928
37,2:medium,2:medium,,0.927
38,2:medium,2:medium,,0.849
39,1:low,2:medium,+,0.648
40,2:medium,1:low,+,0.811
41,1:low,1:low,,0.652
42,1:low,1:low,,0.566
43,1:low,2:medium,+,0.546
44,1:low,1:low,,0.564
45,1:low,1:low,,0.611
46,1:low,1:low,,0.592
47,1:low,1:low,,0.591
48,1:low,1:low,,0.6
49,1:low,1:low,,0.829
50,1:low,1:low,,0.622
51,1:low,1:low,,0.785
52,1:low,1:low,,0.713
53,1:low,1:low,,0.892
54,1:low,1:low,,0.904
55,1:low,1:low,,0.849
56,1:low,1:low,,0.837
57,1:low,1:low,,0.65
58,1:low,1:low,,0.702
59,1:low,1:low,,0.541
60,1:low,2:medium,+,0.541
61,1:low,1:low,,0.536
62,1:low,1:low,,0.578
63,1:low,3:high,+,0.717
64,1:low,1:low,,0.797
65,1:low,2:medium,+,0.796
66,1:low,2:medium,+,0.705
67,1:low,1:low,,0.519
68,1:low,2:medium,+,0.519
69,1:low,1:low,,0.966
70,1:low,1:low,,0.862
71,1:low,1:low,,0.502
72,1:low,1:low,,0.771
73,1:low,1:low,,0.995
74,1:low,1:low,,0.927
75,1:low,1:low,,0.642
76,1:low,1:low,,0.642
77,1:low,1:low,,0.642
78,1:low,1:low,,0.641
79,1:low,1:low,,0.642
80,1:low,2:medium,+,0.582
81,1:low,2:medium,+,0.543
82,1:low,1:low,,0.888
83,1:low,2:medium,+,0.616
84,1:low,1:low,,0.633
85,1:low,1:low,,0.637
86,1:low,3:high,+,0.476
87,1:low,2:medium,+,0.778
88,1:low,2:medium,+,0.728
89,1:low,2:medium,+,0.562
90,1:low,2:medium,+,0.928
91,1:low,2:medium,+,0.929
92,1:low,2:medium,+,0.759
93,1:low,1:low,,0.506
94,1:low,1:low,,0.671
95,1:low,1:low,,0.582
96,1:low,1:low,,0.508
97,1:low,1:low,,0.609
98,1:low,1:low,,0.787
99,1:low,1:low,,0.78
100,1:low,2:medium,+,0.772
101,1:low,2:medium,+,0.681
102,1:low,2:medium,+,0.685
103,1:low,2:medium,+,0.728
104,1:low,2:medium,+,0.768
105,1:low,2:medium,+,0.89
106,1:low,2:medium,+,0.691
107,1:low,2:medium,+,0.625
108,1:low,1:low,,0.678
109,1:low,2:medium,+,0.568
110,1:low,1:low,,0.709
111,1:low,1:low,,0.575
112,1:low,1:low,,0.975
113,1:low,1:low,,0.911
114,1:low,1:low,,0.991
115,1:low,1:low,,0.905
116,1:low,1:low,,0.914
117,1:low,1:low,,0.913
118,1:low,1:low,,0.925
119,1:low,1:low,,0.914
120,1:low,2:medium,+,0.631
121,1:low,2:medium,+,0.588
122,1:low,2:medium,+,0.845
123,1:low,2:medium,+,0.928
124,1:low,2:medium,+,0.929
125,1:low,2:medium,+,0.929
126,1:low,2:medium,+,0.861
127,1:low,2:medium,+,1
128,1:low,2:medium,+,0.87
129,1:low,2:medium,+,0.675
130,1:low,2:medium,+,1
131,1:low,2:medium,+,1
132,1:low,2:medium,+,0.954
133,1:low,2:medium,+,0.998
134,1:low,2:medium,+,0.913
135,1:low,2:medium,+,0.996
136,1:low,2:medium,+,0.872
137,1:low,2:medium,+,0.989
138,1:low,2:medium,+,0.997
139,1:low,2:medium,+,0.998
140,1:low,2:medium,+,1
141,1:low,2:medium,+,0.819
142,1:low,2:medium,+,0.748
143,1:low,2:medium,+,0.725
144,1:low,2:medium,+,0.66
145,1:low,2:medium,+,0.961
146,1:low,2:medium,+,0.786
147,1:low,2:medium,+,0.893
148,1:low,2:medium,+,0.967
149,1:low,2:medium,+,0.926
150,1:low,2:medium,+,0.698
151,1:low,2:medium,+,0.562
152,1:low,2:medium,+,0.508
153,1:low,2:medium,+,0.636
154,1:low,2:medium,+,0.687
155,1:low,2:medium,+,0.63
156,1:low,2:medium,+,0.629
157,2:medium,2:medium,,0.64
158,1:low,2:medium,+,0.637
159,2:medium,2:medium,,0.638
160,2:medium,2:medium,,0.609
161,1:low,2:medium,+,0.681
162,1:low,1:low,,0.574
163,1:low,2:medium,+,0.654
164,2:medium,2:medium,,0.583
165,1:low,2:medium,+,0.621
166,2:medium,2:medium,,0.578
167,1:low,2:medium,+,0.817
168,1:low,2:medium,+,0.821
169,2:medium,2:medium,,0.74
170,2:medium,2:medium,,0.793
171,1:low,2:medium,+,0.817
172,1:low,2:medium,+,0.763
173,2:medium,2:medium,,0.672
174,1:low,2:medium,+,0.746
175,2:medium,2:medium,,0.767
176,2:medium,2:medium,,0.898

