inst#,actual,predicted,error,prediction
1,2:medium,2:medium,,0.949
2,2:medium,2:medium,,0.898
3,2:medium,2:medium,,0.881
4,2:medium,2:medium,,0.652
5,2:medium,2:medium,,0.679
6,2:medium,2:medium,,0.681
7,2:medium,2:medium,,0.688
8,2:medium,2:medium,,0.684
9,2:medium,2:medium,,0.647
10,2:medium,2:medium,,0.636
11,2:medium,2:medium,,0.657
12,2:medium,2:medium,,0.635
13,2:medium,2:medium,,0.626
14,2:medium,2:medium,,0.654
15,2:medium,2:medium,,0.666
16,2:medium,2:medium,,0.628
17,2:medium,2:medium,,0.637
18,2:medium,2:medium,,0.667
19,2:medium,2:medium,,0.681
20,2:medium,2:medium,,0.647
21,2:medium,2:medium,,0.681
22,2:medium,2:medium,,0.661
23,2:medium,2:medium,,0.678
24,2:medium,2:medium,,0.687
25,2:medium,2:medium,,0.738
26,2:medium,2:medium,,0.821
27,2:medium,2:medium,,0.843
28,2:medium,2:medium,,0.842
29,2:medium,2:medium,,0.766
30,2:medium,2:medium,,0.833
31,2:medium,2:medium,,0.876
32,2:medium,2:medium,,0.85
33,2:medium,2:medium,,0.821
34,2:medium,2:medium,,0.709
35,2:medium,2:medium,,0.731
36,2:medium,2:medium,,0.713
37,2:medium,2:medium,,0.723
38,2:medium,2:medium,,0.723
39,1:low,2:medium,+,0.786
40,2:medium,1:low,+,0.821
41,1:low,2:medium,+,0.558
42,1:low,1:low,,0.493
43,1:low,2:medium,+,0.563
44,1:low,2:medium,+,0.588
45,1:low,2:medium,+,0.612
46,1:low,2:medium,+,0.516
47,1:low,1:low,,0.541
48,1:low,1:low,,0.689
49,1:low,1:low,,0.767
50,1:low,1:low,,0.713
51,1:low,1:low,,0.809
52,1:low,1:low,,0.764
53,1:low,1:low,,0.763
54,1:low,1:low,,0.731
55,1:low,1:low,,0.772
56,1:low,1:low,,0.819
57,1:low,1:low,,0.652
58,1:low,1:low,,0.577
59,1:low,1:low,,0.5
60,1:low,1:low,,0.518
61,1:low,1:low,,0.534
62,1:low,2:medium,+,0.608
63,1:low,3:high,+,0.673
64,1:low,1:low,,0.715
65,1:low,2:medium,+,0.515
66,1:low,1:low,,0.555
67,1:low,1:low,,0.617
68,1:low,1:low,,0.745
69,1:low,1:low,,0.955
70,1:low,1:low,,0.979
71,1:low,1:low,,0.505
72,1:low,1:low,,0.579
73,1:low,1:low,,0.658
74,1:low,1:low,,0.977
75,1:low,1:low,,0.768
76,1:low,1:low,,0.706
77,1:low,1:low,,0.713
78,1:low,1:low,,0.677
79,1:low,1:low,,0.726
80,1:low,1:low,,0.548
81,1:low,1:low,,0.631
82,1:low,1:low,,0.787
83,1:low,1:low,,0.607
84,1:low,1:low,,0.828
85,1:low,1:low,,0.59
86,1:low,3:high,+,0.651
87,1:low,1:low,,0.562
88,1:low,1:low,,0.62
89,1:low,1:low,,0.613
90,1:low,2:medium,+,0.734
91,1:low,2:medium,+,0.764
92,1:low,2:medium,+,0.691
93,1:low,1:low,,0.535
94,1:low,1:low,,0.7
95,1:low,1:low,,0.524
96,1:low,1:low,,0.747
97,1:low,1:low,,0.74
98,1:low,1:low,,0.773
99,1:low,1:low,,0.757
100,1:low,1:low,,0.776
101,1:low,2:medium,+,0.72
102,1:low,2:medium,+,0.722
103,1:low,2:medium,+,0.796
104,1:low,2:medium,+,0.686
105,1:low,1:low,,0.548
106,1:low,1:low,,0.502
107,1:low,1:low,,0.539
108,1:low,1:low,,0.786
109,1:low,1:low,,0.747
110,1:low,1:low,,0.76
111,1:low,1:low,,0.697
112,1:low,1:low,,0.8
113,1:low,1:low,,0.748
114,1:low,1:low,,0.849
115,1:low,1:low,,0.826
116,1:low,1:low,,0.804
117,1:low,1:low,,0.793
118,1:low,1:low,,0.74
119,1:low,1:low,,0.816
120,1:low,1:low,,0.688
121,1:low,2:medium,+,0.733
122,1:low,2:medium,+,0.866
123,1:low,2:medium,+,0.914
124,1:low,2:medium,+,0.898
125,1:low,2:medium,+,0.865
126,1:low,2:medium,+,0.807
127,1:low,2:medium,+,0.956
128,1:low,2:medium,+,0.711
129,1:low,2:medium,+,0.654
130,1:low,2:medium,+,0.958
131,1:low,2:medium,+,0.943
132,1:low,2:medium,+,0.976
133,1:low,2:medium,+,0.973
134,1:low,2:medium,+,0.856
135,1:low,2:medium,+,0.867
136,1:low,2:medium,+,0.84
137,1:low,2:medium,+,0.854
138,1:low,2:medium,+,0.873
139,1:low,2:medium,+,0.872
140,1:low,2:medium,+,0.899
141,1:low,2:medium,+,0.824
142,1:low,2:medium,+,0.598
143,1:low,1:low,,0.577
144,1:low,1:low,,0.602
145,1:low,2:medium,+,0.819
146,1:low,2:medium,+,0.842
147,1:low,2:medium,+,0.793
148,1:low,2:medium,+,0.929
149,1:low,2:medium,+,0.884
150,1:low,2:medium,+,0.755
151,1:low,1:low,,0.581
152,1:low,1:low,,0.604
153,1:low,1:low,,0.576
154,1:low,2:medium,+,0.584
155,1:low,1:low,,0.522
156,1:low,1:low,,0.524
157,2:medium,1:low,+,0.576
158,1:low,2:medium,+,0.512
159,2:medium,2:medium,,0.603
160,2:medium,2:medium,,0.535
161,1:low,1:low,,0.582
162,1:low,1:low,,0.546
163,1:low,2:medium,+,0.578
164,2:medium,1:low,+,0.516
165,1:low,2:medium,+,0.551
166,2:medium,2:medium,,0.544
167,1:low,2:medium,+,0.501
168,1:low,2:medium,+,0.585
169,2:medium,2:medium,,0.714
170,2:medium,2:medium,,0.689
171,1:low,2:medium,+,0.731
172,1:low,2:medium,+,0.602
173,2:medium,2:medium,,0.691
174,1:low,2:medium,+,0.645
175,2:medium,2:medium,,0.699
176,2:medium,2:medium,,0.826

