inst#,actual,predicted,error,prediction
1,2:medium,2:medium,,0.97
2,2:medium,2:medium,,0.83
3,2:medium,2:medium,,0.788
4,2:medium,2:medium,,0.939
5,2:medium,2:medium,,0.939
6,2:medium,2:medium,,0.938
7,2:medium,2:medium,,0.939
8,2:medium,2:medium,,0.939
9,2:medium,2:medium,,0.939
10,2:medium,2:medium,,0.964
11,2:medium,2:medium,,0.941
12,2:medium,2:medium,,0.97
13,2:medium,2:medium,,0.968
14,2:medium,2:medium,,0.97
15,2:medium,2:medium,,0.969
16,2:medium,2:medium,,0.968
17,2:medium,2:medium,,0.956
18,2:medium,2:medium,,0.97
19,2:medium,2:medium,,0.969
20,2:medium,2:medium,,0.97
21,2:medium,2:medium,,0.97
22,2:medium,2:medium,,0.97
23,2:medium,2:medium,,0.97
24,2:medium,2:medium,,0.969
25,2:medium,2:medium,,1
26,2:medium,2:medium,,1
27,2:medium,2:medium,,1
28,2:medium,2:medium,,1
29,2:medium,2:medium,,1
30,2:medium,2:medium,,1
31,2:medium,2:medium,,1
32,2:medium,2:medium,,1
33,2:medium,2:medium,,1
34,2:medium,2:medium,,0.952
35,2:medium,2:medium,,0.97
36,2:medium,2:medium,,0.969
37,2:medium,2:medium,,0.969
38,2:medium,2:medium,,0.935
39,1:low,2:medium,+,0.487
40,2:medium,1:low,+,0.738
41,1:low,1:low,,0.549
42,1:low,2:medium,+,0.517
43,1:low,2:medium,+,0.565
44,1:low,2:medium,+,0.485
45,1:low,1:low,,0.533
46,1:low,1:low,,0.559
47,1:low,1:low,,0.645
48,1:low,1:low,,0.681
49,1:low,1:low,,0.872
50,1:low,1:low,,0.653
51,1:low,1:low,,0.813
52,1:low,1:low,,0.778
53,1:low,1:low,,0.897
54,1:low,1:low,,0.907
55,1:low,1:low,,0.875
56,1:low,1:low,,0.778
57,1:low,1:low,,0.651
58,1:low,1:low,,0.692
59,1:low,1:low,,0.547
60,1:low,2:medium,+,0.502
61,1:low,1:low,,0.561
62,1:low,1:low,,0.528
63,1:low,3:high,+,0.825
64,1:low,1:low,,0.802
65,1:low,2:medium,+,0.822
66,1:low,2:medium,+,0.784
67,1:low,1:low,,0.56
68,1:low,1:low,,0.636
69,1:low,1:low,,0.984
70,1:low,1:low,,0.914
71,1:low,1:low,,0.576
72,1:low,1:low,,0.811
73,1:low,1:low,,0.916
74,1:low,1:low,,0.969
75,1:low,1:low,,0.666
76,1:low,1:low,,0.656
77,1:low,1:low,,0.66
78,1:low,1:low,,0.663
79,1:low,1:low,,0.664
80,1:low,2:medium,+,0.552
81,1:low,2:medium,+,0.539
82,1:low,1:low,,0.934
83,1:low,2:medium,+,0.622
84,1:low,1:low,,0.767
85,1:low,1:low,,0.581
86,1:low,3:high,+,0.555
87,1:low,2:medium,+,0.748
88,1:low,2:medium,+,0.662
89,1:low,1:low,,0.516
90,1:low,2:medium,+,0.872
91,1:low,2:medium,+,0.918
92,1:low,2:medium,+,0.776
93,1:low,1:low,,0.627
94,1:low,1:low,,0.808
95,1:low,1:low,,0.658
96,1:low,1:low,,0.616
97,1:low,1:low,,0.715
98,1:low,1:low,,0.9
99,1:low,1:low,,0.806
100,1:low,2:medium,+,0.574
101,1:low,2:medium,+,0.625
102,1:low,2:medium,+,0.585
103,1:low,2:medium,+,0.625
104,1:low,2:medium,+,0.748
105,1:low,2:medium,+,0.836
106,1:low,2:medium,+,0.722
107,1:low,2:medium,+,0.672
108,1:low,1:low,,0.642
109,1:low,1:low,,0.548
110,1:low,1:low,,0.695
111,1:low,1:low,,0.604
112,1:low,1:low,,0.988
113,1:low,1:low,,0.959
114,1:low,1:low,,0.993
115,1:low,1:low,,0.896
116,1:low,1:low,,0.895
117,1:low,1:low,,0.895
118,1:low,1:low,,0.899
119,1:low,1:low,,0.887
120,1:low,2:medium,+,0.541
121,1:low,2:medium,+,0.639
122,1:low,2:medium,+,0.806
123,1:low,2:medium,+,0.925
124,1:low,2:medium,+,0.882
125,1:low,2:medium,+,0.879
126,1:low,2:medium,+,0.813
127,1:low,2:medium,+,1
128,1:low,2:medium,+,0.82
129,1:low,2:medium,+,0.599
130,1:low,2:medium,+,1
131,1:low,2:medium,+,1
132,1:low,2:medium,+,0.922
133,1:low,2:medium,+,0.996
134,1:low,2:medium,+,0.828
135,1:low,2:medium,+,0.996
136,1:low,2:medium,+,0.864
137,1:low,2:medium,+,0.971
138,1:low,2:medium,+,0.943
139,1:low,2:medium,+,0.998
140,1:low,2:medium,+,0.989
141,1:low,2:medium,+,0.793
142,1:low,2:medium,+,0.716
143,1:low,2:medium,+,0.712
144,1:low,2:medium,+,0.672
145,1:low,2:medium,+,0.89
146,1:low,2:medium,+,0.707
147,1:low,2:medium,+,0.912
148,1:low,2:medium,+,0.912
149,1:low,2:medium,+,0.886
150,1:low,2:medium,+,0.653
151,1:low,1:low,,0.533
152,1:low,2:medium,+,0.506
153,1:low,2:medium,+,0.603
154,1:low,2:medium,+,0.616
155,1:low,2:medium,+,0.599
156,1:low,2:medium,+,0.595
157,2:medium,2:medium,,0.604
158,1:low,2:medium,+,0.603
159,2:medium,2:medium,,0.642
160,2:medium,1:low,+,0.5
161,1:low,2:medium,+,0.542
162,1:low,1:low,,0.572
163,1:low,2:medium,+,0.55
164,2:medium,1:low,+,0.542
165,1:low,2:medium,+,0.603
166,2:medium,1:low,+,0.545
167,1:low,2:medium,+,0.712
168,1:low,2:medium,+,0.711
169,2:medium,2:medium,,0.66
170,2:medium,2:medium,,0.69
171,1:low,2:medium,+,0.735
172,1:low,2:medium,+,0.671
173,2:medium,2:medium,,0.588
174,1:low,2:medium,+,0.622
175,2:medium,2:medium,,0.661
176,2:medium,2:medium,,0.858

