inst#,actual,predicted,error,prediction
1,2:medium,2:medium,,1
2,2:medium,2:medium,,1
3,2:medium,2:medium,,1
4,2:medium,2:medium,,1
5,2:medium,2:medium,,1
6,2:medium,2:medium,,1
7,2:medium,2:medium,,1
8,2:medium,2:medium,,1
9,2:medium,2:medium,,1
10,2:medium,2:medium,,1
11,2:medium,2:medium,,1
12,2:medium,2:medium,,1
13,2:medium,2:medium,,1
14,2:medium,2:medium,,1
15,2:medium,2:medium,,1
16,2:medium,2:medium,,1
17,2:medium,2:medium,,1
18,2:medium,2:medium,,1
19,2:medium,2:medium,,1
20,2:medium,2:medium,,1
21,2:medium,2:medium,,1
22,2:medium,2:medium,,1
23,2:medium,2:medium,,1
24,2:medium,2:medium,,1
25,2:medium,2:medium,,1
26,2:medium,2:medium,,1
27,2:medium,2:medium,,1
28,2:medium,2:medium,,1
29,2:medium,2:medium,,1
30,2:medium,2:medium,,1
31,2:medium,2:medium,,1
32,2:medium,2:medium,,1
33,2:medium,2:medium,,1
34,2:medium,2:medium,,1
35,2:medium,2:medium,,1
36,2:medium,2:medium,,1
37,2:medium,2:medium,,1
38,2:medium,2:medium,,1
39,1:low,2:medium,+,1
40,2:medium,1:low,+,0.999
41,1:low,1:low,,0.996
42,1:low,1:low,,1
43,1:low,1:low,,0.988
44,1:low,1:low,,0.969
45,1:low,2:medium,+,0.999
46,1:low,2:medium,+,1
47,1:low,2:medium,+,1
48,1:low,1:low,,0.992
49,1:low,1:low,,0.993
50,1:low,1:low,,0.993
51,1:low,1:low,,1
52,1:low,1:low,,0.993
53,1:low,2:medium,+,0.947
54,1:low,1:low,,0.99
55,1:low,1:low,,0.982
56,1:low,1:low,,1
57,1:low,2:medium,+,1
58,1:low,1:low,,0.844
59,1:low,2:medium,+,1
60,1:low,2:medium,+,0.999
61,1:low,2:medium,+,0.999
62,1:low,2:medium,+,0.786
63,1:low,1:low,,0.996
64,1:low,2:medium,+,0.991
65,1:low,2:medium,+,1
66,1:low,2:medium,+,1
67,1:low,1:low,,0.996
68,1:low,1:low,,0.997
69,1:low,1:low,,1
70,1:low,1:low,,1
71,1:low,1:low,,0.946
72,1:low,1:low,,1
73,1:low,1:low,,0.999
74,1:low,1:low,,1
75,1:low,1:low,,1
76,1:low,1:low,,1
77,1:low,1:low,,1
78,1:low,1:low,,1
79,1:low,1:low,,1
80,1:low,1:low,,0.885
81,1:low,1:low,,0.999
82,1:low,1:low,,1
83,1:low,1:low,,0.978
84,1:low,1:low,,1
85,1:low,1:low,,1
86,1:low,3:high,+,0.999
87,1:low,1:low,,0.999
88,1:low,1:low,,1
89,1:low,1:low,,0.999
90,1:low,2:medium,+,0.999
91,1:low,2:medium,+,1
92,1:low,2:medium,+,0.999
93,1:low,2:medium,+,0.929
94,1:low,1:low,,0.946
95,1:low,2:medium,+,0.998
96,1:low,2:medium,+,0.599
97,1:low,2:medium,+,0.599
98,1:low,1:low,,0.946
99,1:low,1:low,,0.946
100,1:low,1:low,,1
101,1:low,1:low,,0.83
102,1:low,1:low,,0.83
103,1:low,1:low,,0.83
104,1:low,1:low,,0.83
105,1:low,1:low,,0.997
106,1:low,1:low,,0.983
107,1:low,1:low,,1
108,1:low,1:low,,1
109,1:low,1:low,,1
110,1:low,1:low,,1
111,1:low,1:low,,1
112,1:low,1:low,,1
113,1:low,1:low,,1
114,1:low,1:low,,1
115,1:low,1:low,,1
116,1:low,1:low,,1
117,1:low,1:low,,1
118,1:low,1:low,,1
119,1:low,1:low,,1
120,1:low,1:low,,1
121,1:low,2:medium,+,1
122,1:low,2:medium,+,1
123,1:low,2:medium,+,1
124,1:low,2:medium,+,1
125,1:low,2:medium,+,1
126,1:low,2:medium,+,0.999
127,1:low,2:medium,+,1
128,1:low,2:medium,+,0.999
129,1:low,2:medium,+,0.999
130,1:low,2:medium,+,1
131,1:low,2:medium,+,1
132,1:low,2:medium,+,1
133,1:low,2:medium,+,1
134,1:low,2:medium,+,1
135,1:low,2:medium,+,0.979
136,1:low,2:medium,+,0.962
137,1:low,2:medium,+,0.999
138,1:low,2:medium,+,1
139,1:low,2:medium,+,0.999
140,1:low,2:medium,+,1
141,1:low,2:medium,+,0.975
142,1:low,2:medium,+,0.975
143,1:low,2:medium,+,0.537
144,1:low,1:low,,0.983
145,1:low,2:medium,+,0.982
146,1:low,1:low,,0.83
147,1:low,2:medium,+,0.999
148,1:low,2:medium,+,0.999
149,1:low,2:medium,+,0.844
150,1:low,2:medium,+,0.844
151,1:low,1:low,,0.946
152,1:low,1:low,,0.946
153,1:low,1:low,,0.946
154,1:low,1:low,,0.946
155,1:low,1:low,,0.946
156,1:low,1:low,,0.946
157,2:medium,1:low,+,0.946
158,1:low,1:low,,0.946
159,2:medium,2:medium,,0.979
160,2:medium,1:low,+,0.789
161,1:low,1:low,,0.994
162,1:low,1:low,,0.996
163,1:low,1:low,,0.946
164,2:medium,1:low,+,0.946
165,1:low,1:low,,0.946
166,2:medium,1:low,+,0.946
167,1:low,1:low,,0.946
168,1:low,1:low,,0.618
169,2:medium,2:medium,,0.691
170,2:medium,1:low,+,0.83
171,1:low,2:medium,+,0.936
172,1:low,1:low,,0.789
173,2:medium,1:low,+,0.508
174,1:low,1:low,,0.946
175,2:medium,1:low,+,0.83
176,2:medium,2:medium,,1

