inst#,actual,predicted,error,prediction
1,2:medium,2:medium,,1
2,2:medium,2:medium,,1
3,2:medium,2:medium,,1
4,2:medium,3:high,+,0.999
5,2:medium,3:high,+,0.999
6,2:medium,3:high,+,0.999
7,2:medium,3:high,+,0.503
8,2:medium,3:high,+,0.999
9,2:medium,3:high,+,0.503
10,2:medium,3:high,+,0.503
11,2:medium,3:high,+,0.503
12,2:medium,3:high,+,0.503
13,2:medium,3:high,+,0.503
14,2:medium,3:high,+,0.503
15,2:medium,3:high,+,0.503
16,2:medium,3:high,+,0.503
17,2:medium,3:high,+,0.503
18,2:medium,3:high,+,0.503
19,2:medium,3:high,+,0.503
20,2:medium,3:high,+,0.503
21,2:medium,3:high,+,0.503
22,2:medium,3:high,+,0.503
23,2:medium,3:high,+,0.503
24,2:medium,3:high,+,0.503
25,2:medium,3:high,+,0.503
26,2:medium,3:high,+,0.999
27,2:medium,3:high,+,0.999
28,2:medium,3:high,+,0.999
29,2:medium,3:high,+,0.999
30,2:medium,3:high,+,0.999
31,2:medium,3:high,+,0.503
32,2:medium,3:high,+,0.999
33,2:medium,3:high,+,0.503
34,2:medium,3:high,+,0.503
35,2:medium,3:high,+,0.503
36,2:medium,3:high,+,0.503
37,2:medium,2:medium,,0.999
38,2:medium,3:high,+,0.503
39,1:low,2:medium,+,0.999
40,2:medium,1:low,+,1
41,1:low,1:low,,1
42,1:low,2:medium,+,0.503
43,1:low,1:low,,0.999
44,1:low,1:low,,1
45,1:low,2:medium,+,0.999
46,1:low,2:medium,+,0.999
47,1:low,1:low,,1
48,1:low,1:low,,1
49,1:low,1:low,,1
50,1:low,1:low,,1
51,1:low,1:low,,1
52,1:low,1:low,,1
53,1:low,1:low,,1
54,1:low,1:low,,1
55,1:low,1:low,,1
56,1:low,1:low,,1
57,1:low,1:low,,1
58,1:low,1:low,,1
59,1:low,1:low,,0.624
60,1:low,1:low,,1
61,1:low,1:low,,1
62,1:low,1:low,,1
63,1:low,1:low,,1
64,1:low,1:low,,0.999
65,1:low,1:low,,0.5
66,1:low,1:low,,0.5
67,1:low,1:low,,0.977
68,1:low,1:low,,0.999
69,1:low,1:low,,1
70,1:low,1:low,,1
71,1:low,2:medium,+,1
72,1:low,2:medium,+,0.553
73,1:low,1:low,,0.999
74,1:low,1:low,,1
75,1:low,1:low,,1
76,1:low,1:low,,0.999
77,1:low,1:low,,1
78,1:low,1:low,,0.999
79,1:low,1:low,,1
80,1:low,2:medium,+,1
81,1:low,2:medium,+,1
82,1:low,1:low,,0.999
83,1:low,2:medium,+,1
84,1:low,1:low,,1
85,1:low,1:low,,1
86,1:low,2:medium,+,0.972
87,1:low,2:medium,+,0.999
88,1:low,2:medium,+,1
89,1:low,1:low,,0.982
90,1:low,2:medium,+,1
91,1:low,2:medium,+,1
92,1:low,2:medium,+,1
93,1:low,2:medium,+,1
94,1:low,1:low,,0.999
95,1:low,2:medium,+,0.55
96,1:low,1:low,,1
97,1:low,1:low,,1
98,1:low,1:low,,1
99,1:low,1:low,,1
100,1:low,1:low,,1
101,1:low,2:medium,+,1
102,1:low,2:medium,+,1
103,1:low,2:medium,+,1
104,1:low,2:medium,+,1
105,1:low,2:medium,+,0.999
106,1:low,2:medium,+,1
107,1:low,2:medium,+,0.999
108,1:low,1:low,,0.999
109,1:low,2:medium,+,0.503
110,1:low,1:low,,0.999
111,1:low,2:medium,+,0.503
112,1:low,1:low,,0.999
113,1:low,1:low,,0.999
114,1:low,1:low,,0.999
115,1:low,2:medium,+,0.503
116,1:low,2:medium,+,0.503
117,1:low,2:medium,+,0.503
118,1:low,2:medium,+,0.627
119,1:low,2:medium,+,0.503
120,1:low,2:medium,+,0.503
121,1:low,2:medium,+,1
122,1:low,2:medium,+,1
123,1:low,2:medium,+,1
124,1:low,2:medium,+,1
125,1:low,2:medium,+,1
126,1:low,2:medium,+,1
127,1:low,2:medium,+,1
128,1:low,2:medium,+,1
129,1:low,2:medium,+,1
130,1:low,2:medium,+,1
131,1:low,2:medium,+,1
132,1:low,2:medium,+,1
133,1:low,2:medium,+,1
134,1:low,2:medium,+,1
135,1:low,2:medium,+,1
136,1:low,2:medium,+,1
137,1:low,2:medium,+,1
138,1:low,2:medium,+,1
139,1:low,2:medium,+,1
140,1:low,2:medium,+,1
141,1:low,2:medium,+,1
142,1:low,2:medium,+,0.999
143,1:low,2:medium,+,0.999
144,1:low,2:medium,+,0.503
145,1:low,2:medium,+,1
146,1:low,2:medium,+,1
147,1:low,2:medium,+,1
148,1:low,2:medium,+,1
149,1:low,2:medium,+,1
150,1:low,2:medium,+,1
151,1:low,2:medium,+,0.999
152,1:low,1:low,,0.63
153,1:low,2:medium,+,0.999
154,1:low,2:medium,+,0.999
155,1:low,2:medium,+,0.999
156,1:low,1:low,,0.63
157,2:medium,2:medium,,0.999
158,1:low,2:medium,+,0.999
159,2:medium,2:medium,,1
160,2:medium,2:medium,,1
161,1:low,1:low,,1
162,1:low,2:medium,+,0.553
163,1:low,2:medium,+,0.999
164,2:medium,1:low,+,0.63
165,1:low,2:medium,+,1
166,2:medium,1:low,+,0.63
167,1:low,2:medium,+,0.999
168,1:low,2:medium,+,0.999
169,2:medium,2:medium,,0.553
170,2:medium,2:medium,,1
171,1:low,2:medium,+,1
172,1:low,2:medium,+,0.999
173,2:medium,2:medium,,0.553
174,1:low,2:medium,+,1
175,2:medium,2:medium,,1
176,2:medium,2:medium,,1

