inst#,actual,predicted,error,distribution,,,,,,,,
1,8:high-medium,8:high-medium,,0,0,0,0,0,0,0.381,*0.611,0.008
2,8:high-medium,8:high-medium,,0,0,0,0,0,0,0.256,*0.739,0.005
3,8:high-medium,8:high-medium,,0,0,0,0,0,0,0.199,*0.742,0.059
4,8:high-medium,8:high-medium,,0,0,0,0,0,0,0.226,*0.768,0.006
5,8:high-medium,8:high-medium,,0,0,0,0,0,0,0.191,*0.702,0.107
6,7:high-low,8:high-medium,+,0,0,0,0,0,0,0.172,*0.747,0.081
7,8:high-medium,8:high-medium,,0,0,0,0,0,0,0.259,*0.732,0.009
8,8:high-medium,8:high-medium,,0,0,0,0,0,0,0.44,*0.555,0.005
9,8:high-medium,8:high-medium,,0,0,0,0,0,0,0.296,*0.607,0.097
10,8:high-medium,8:high-medium,,0,0,0,0,0,0,0.23,*0.699,0.071
11,7:high-low,8:high-medium,+,0,0,0,0,0,0,0.165,*0.815,0.02
12,8:high-medium,8:high-medium,,0,0,0,0,0,0,0.185,*0.681,0.135
13,8:high-medium,8:high-medium,,0,0,0,0,0,0,0.19,*0.641,0.169
14,8:high-medium,8:high-medium,,0,0,0,0,0,0,0.115,*0.695,0.19
15,8:high-medium,8:high-medium,,0,0,0,0,0,0,0.121,*0.737,0.143
16,8:high-medium,8:high-medium,,0,0,0,0,0,0,0.163,*0.57,0.267
17,8:high-medium,8:high-medium,,0,0,0,0,0,0,0.12,*0.765,0.115
18,8:high-medium,8:high-medium,,0,0,0,0,0,0,0.065,*0.657,0.278
19,8:high-medium,8:high-medium,,0,0,0,0,0,0,0.04,*0.851,0.109
20,8:high-medium,8:high-medium,,0,0,0,0,0,0,0.017,*0.822,0.161
21,7:high-low,8:high-medium,+,0,0,0,0,0,0,0.116,*0.72,0.164
22,7:high-low,8:high-medium,+,0,0,0,0,0,0,0.082,*0.805,0.113
23,7:high-low,8:high-medium,+,0,0,0,0,0,0,0.175,*0.71,0.115
24,7:high-low,8:high-medium,+,0,0,0,0,0,0,0.132,*0.731,0.137
25,7:high-low,8:high-medium,+,0,0,0,0,0,0,0.124,*0.765,0.111
26,8:high-medium,8:high-medium,,0,0,0,0,0,0,0.299,*0.605,0.096
27,7:high-low,8:high-medium,+,0,0,0,0,0,0,0.307,*0.527,0.167
28,8:high-medium,8:high-medium,,0,0,0,0,0,0,0.307,*0.6,0.093
29,8:high-medium,8:high-medium,,0,0,0,0,0,0,0.347,*0.651,0.002
30,8:high-medium,8:high-medium,,0,0,0,0,0,0,0.213,*0.73,0.057
31,8:high-medium,8:high-medium,,0,0,0,0,0,0,0.128,*0.752,0.12
32,8:high-medium,8:high-medium,,0,0,0,0,0,0,0.265,*0.679,0.056
33,8:high-medium,8:high-medium,,0,0,0,0,0,0,0.191,*0.72,0.088
34,8:high-medium,8:high-medium,,0,0,0,0,0,0,0.232,*0.602,0.166
35,8:high-medium,8:high-medium,,0,0,0,0,0,0,0.092,*0.665,0.243
36,8:high-medium,8:high-medium,,0,0,0,0,0,0,0.173,*0.554,0.273
37,8:high-medium,8:high-medium,,0,0,0,0,0,0,0.099,*0.609,0.292
38,8:high-medium,7:high-low,+,0,0,0,0,0,0,*0.604,0.229,0.167
39,7:high-low,8:high-medium,+,0,0,0,0,0,0,0.237,*0.491,0.272
40,8:high-medium,8:high-medium,,0,0,0,0,0,0,0.066,*0.577,0.357
41,8:high-medium,9:high-high,+,0,0,0,0,0,0,0.058,0.366,*0.576
42,8:high-medium,8:high-medium,,0,0,0,0,0,0,0.149,*0.524,0.327
43,8:high-medium,8:high-medium,,0,0,0,0,0,0,0.152,*0.654,0.194
44,7:high-low,8:high-medium,+,0,0,0,0,0,0,0.131,*0.707,0.162
45,7:high-low,8:high-medium,+,0,0,0,0,0,0,0.117,*0.663,0.22
46,8:high-medium,8:high-medium,,0,0,0,0,0,0,0.138,*0.665,0.198
47,7:high-low,8:high-medium,+,0,0,0,0,0,0,0.203,*0.611,0.186
48,7:high-low,8:high-medium,+,0,0,0,0,0,0,0.163,*0.667,0.17
49,8:high-medium,8:high-medium,,0,0,0,0,0,0,0.15,*0.739,0.112
50,8:high-medium,8:high-medium,,0,0,0,0,0,0,0.169,*0.72,0.111
51,8:high-medium,8:high-medium,,0,0,0,0,0,0,0.363,*0.479,0.158
52,8:high-medium,8:high-medium,,0,0,0,0,0,0,0.222,*0.602,0.175
53,8:high-medium,8:high-medium,,0,0,0,0,0,0,0.222,*0.613,0.165
54,8:high-medium,8:high-medium,,0,0,0,0,0,0,0.161,*0.608,0.231
55,8:high-medium,8:high-medium,,0,0,0,0,0,0,0.167,*0.666,0.168
56,8:high-medium,8:high-medium,,0,0,0,0,0,0,0.172,*0.611,0.217
57,8:high-medium,8:high-medium,,0,0,0,0,0,0,0.17,*0.609,0.221
58,8:high-medium,8:high-medium,,0,0,0,0,0,0,0.167,*0.666,0.167
59,8:high-medium,8:high-medium,,0,0,0,0,0,0,0.167,*0.611,0.222
60,8:high-medium,8:high-medium,,0,0,0,0,0,0,0.118,*0.544,0.338
61,8:high-medium,8:high-medium,,0,0,0,0,0,0,0.167,*0.666,0.167
62,8:high-medium,8:high-medium,,0,0,0,0,0,0,0.228,*0.551,0.221
63,8:high-medium,8:high-medium,,0,0,0,0,0,0,0.167,*0.667,0.167
64,8:high-medium,8:high-medium,,0,0,0,0,0,0,0.167,*0.722,0.111
65,8:high-medium,8:high-medium,,0,0,0,0,0,0,0.225,*0.609,0.167
66,8:high-medium,8:high-medium,,0,0,0,0,0,0,0.222,*0.557,0.221
67,8:high-medium,8:high-medium,,0,0,0,0,0,0,0.167,*0.722,0.111
68,8:high-medium,8:high-medium,,0,0,0,0,0,0,0.195,*0.616,0.189
69,8:high-medium,8:high-medium,,0,0,0,0,0,0,0.179,*0.545,0.276
70,8:high-medium,8:high-medium,,0,0,0,0,0,0,0.171,*0.624,0.205
71,8:high-medium,8:high-medium,,0,0,0,0,0,0,0.129,*0.706,0.166
72,8:high-medium,8:high-medium,,0,0,0,0,0,0,0.198,*0.611,0.191
73,8:high-medium,8:high-medium,,0,0,0,0,0,0,0.354,*0.585,0.061
74,8:high-medium,8:high-medium,,0,0,0,0,0,0,0.111,*0.667,0.222
75,9:high-high,8:high-medium,+,0,0,0,0,0,0,0.055,*0.805,0.14
76,9:high-high,8:high-medium,+,0,0,0,0,0,0,0.167,*0.5,0.333
77,9:high-high,8:high-medium,+,0,0,0,0,0,0,0.231,*0.546,0.223
78,8:high-medium,8:high-medium,,0,0,0,0,0,0,0.137,*0.634,0.229
79,8:high-medium,8:high-medium,,0,0,0,0,0,0,0.111,*0.666,0.223
80,9:high-high,7:high-low,+,0,0,0,0,0,0,*0.389,0.278,0.333
81,9:high-high,8:high-medium,+,0,0,0,0,0,0,0.278,*0.422,0.3
82,9:high-high,9:high-high,,0,0,0,0,0,0,0.33,0.169,*0.5
83,9:high-high,9:high-high,,0,0,0,0,0,0,0.222,0.333,*0.444
84,9:high-high,8:high-medium,+,0,0,0,0,0,0,0.278,*0.444,0.278
85,9:high-high,9:high-high,,0,0,0,0,0,0,0.327,0.278,*0.395
86,9:high-high,9:high-high,,0,0,0,0,0,0,0.333,0.245,*0.421
87,9:high-high,9:high-high,,0,0,0,0,0,0,0.333,0.222,*0.444
88,9:high-high,9:high-high,,0,0,0,0,0,0,0.333,0.278,*0.389
89,9:high-high,7:high-low,+,0,0,0,0,0,0,*0.389,0.23,0.381
90,9:high-high,8:high-medium,+,0,0,0,0,0,0,0.334,*0.335,0.332
91,9:high-high,9:high-high,,0,0,0,0,0,0,0.333,0.28,*0.387
92,9:high-high,9:high-high,,0,0,0,0,0,0,0.333,0.279,*0.387
93,9:high-high,8:high-medium,+,0,0,0,0,0,0,0.334,*0.334,0.332
94,9:high-high,8:high-medium,+,0,0,0,0,0,0,0.349,*0.361,0.29
95,9:high-high,9:high-high,,0,0,0,0,0,0,0.333,0.278,*0.389
96,9:high-high,9:high-high,,0,0,0,0,0,0,0.278,0.334,*0.389
97,9:high-high,9:high-high,,0,0,0,0,0,0,0.333,0.223,*0.444
98,9:high-high,9:high-high,,0,0,0,0,0,0,0.333,0.295,*0.371
99,9:high-high,7:high-low,+,0,0,0,0,0,0,*0.338,0.328,0.333
100,9:high-high,8:high-medium,+,0,0,0,0,0,0,0.333,*0.389,0.278
101,9:high-high,9:high-high,,0,0,0,0,0,0,0.278,0.336,*0.386
102,9:high-high,9:high-high,,0,0,0,0,0,0,0.278,0.278,*0.444
103,9:high-high,8:high-medium,+,0,0,0,0,0,0,0.278,*0.385,0.337
104,9:high-high,8:high-medium,+,0,0,0,0,0,0,0.278,*0.385,0.337
105,9:high-high,8:high-medium,+,0,0,0,0,0,0,0.278,*0.389,0.334
106,9:high-high,9:high-high,,0,0,0,0,0,0,0.278,0.266,*0.456
107,9:high-high,9:high-high,,0,0,0,0,0,0,0.306,0.24,*0.454
108,9:high-high,8:high-medium,+,0,0,0,0,0,0,0.278,*0.387,0.335
109,9:high-high,7:high-low,+,0,0,0,0,0,0,*0.36,0.307,0.333
110,9:high-high,7:high-low,+,0,0,0,0,0,0,*0.389,0.278,0.333
111,9:high-high,7:high-low,+,0,0,0,0,0,0,*0.389,0.278,0.333
112,9:high-high,9:high-high,,0,0,0,0,0,0,0.278,0.333,*0.389
113,9:high-high,9:high-high,,0,0,0,0,0,0,0.278,0.222,*0.5
114,9:high-high,9:high-high,,0,0,0,0,0,0,0.278,0.278,*0.444
115,9:high-high,8:high-medium,+,0,0,0,0,0,0,0.278,*0.389,0.333
116,9:high-high,8:high-medium,+,0,0,0,0,0,0,0.333,*0.389,0.278
117,8:high-medium,8:high-medium,,0,0,0,0,0,0,0.167,*0.604,0.229
118,8:high-medium,9:high-high,+,0,0,0,0,0,0,0.278,0.291,*0.431
119,9:high-high,9:high-high,,0,0,0,0,0,0,0.222,0.389,*0.389
120,9:high-high,9:high-high,,0,0,0,0,0,0,0.222,0.389,*0.389
121,9:high-high,9:high-high,,0,0,0,0,0,0,0.278,0.278,*0.444
122,9:high-high,9:high-high,,0,0,0,0,0,0,0.333,0.278,*0.389
123,9:high-high,9:high-high,,0,0,0,0,0,0,0.278,0.333,*0.389
124,9:high-high,8:high-medium,+,0,0,0,0,0,0,0.333,*0.333,0.333
125,9:high-high,9:high-high,,0,0,0,0,0,0,0.389,0.222,*0.389
126,9:high-high,7:high-low,+,0,0,0,0,0,0,*0.389,0.278,0.333
127,9:high-high,9:high-high,,0,0,0,0,0,0,0.333,0.278,*0.389
128,9:high-high,8:high-medium,+,0,0,0,0,0,0,0.333,*0.333,0.333
129,9:high-high,8:high-medium,+,0,0,0,0,0,0,0.333,*0.333,0.333
130,9:high-high,9:high-high,,0,0,0,0,0,0,0.333,0.278,*0.389
131,9:high-high,9:high-high,,0,0,0,0,0,0,0.333,0.278,*0.389
132,9:high-high,9:high-high,,0,0,0,0,0,0,0.278,0.278,*0.444
133,9:high-high,9:high-high,,0,0,0,0,0,0,0.278,0.333,*0.389
134,9:high-high,9:high-high,,0,0,0,0,0,0,0.333,0.222,*0.444
135,9:high-high,9:high-high,,0,0,0,0,0,0,0.278,0.333,*0.389
136,9:high-high,7:high-low,+,0,0,0,0,0,0,*0.389,0.278,0.333
137,9:high-high,9:high-high,,0,0,0,0,0,0,0.333,0.278,*0.389
138,9:high-high,9:high-high,,0,0,0,0,0,0,0.333,0.222,*0.444
139,9:high-high,9:high-high,,0,0,0,0,0,0,0.333,0.222,*0.444
140,9:high-high,9:high-high,,0,0,0,0,0,0,0.389,0.222,*0.389
141,9:high-high,9:high-high,,0,0,0,0,0,0,0.278,0.278,*0.444
142,9:high-high,7:high-low,+,0,0,0,0,0,0,*0.389,0.278,0.333
143,9:high-high,9:high-high,,0,0,0,0,0,0,0.333,0.222,*0.444
144,9:high-high,9:high-high,,0,0,0,0,0,0,0.278,0.278,*0.444
145,9:high-high,9:high-high,,0,0,0,0,0,0,0.389,0.222,*0.389
146,9:high-high,7:high-low,+,0,0,0,0,0,0,*0.389,0.278,0.333
147,9:high-high,9:high-high,,0,0,0,0,0,0,0.389,0.222,*0.389
148,9:high-high,9:high-high,,0,0,0,0,0,0,0.333,0.278,*0.389
149,9:high-high,9:high-high,,0,0,0,0,0,0,0.278,0.278,*0.444
150,9:high-high,9:high-high,,0,0,0,0,0,0,0.331,0.224,*0.444
151,9:high-high,7:high-low,+,0,0,0,0,0,0,*0.389,0.333,0.278
152,9:high-high,9:high-high,,0,0,0,0,0,0,0.333,0.278,*0.389
153,9:high-high,9:high-high,,0,0,0,0,0,0,0.333,0.278,*0.389
154,9:high-high,9:high-high,,0,0,0,0,0,0,0.278,0.278,*0.444
155,9:high-high,8:high-medium,+,0,0,0,0,0,0,0.278,*0.389,0.333
156,9:high-high,9:high-high,,0,0,0,0,0,0,0.329,0.282,*0.389
157,9:high-high,8:high-medium,+,0,0,0,0,0,0,0.292,*0.374,0.333
158,9:high-high,9:high-high,,0,0,0,0,0,0,0.333,0.278,*0.389
159,9:high-high,9:high-high,,0,0,0,0,0,0,0.333,0.278,*0.389
160,9:high-high,8:high-medium,+,0,0,0,0,0,0,0.333,*0.333,0.333
161,9:high-high,8:high-medium,+,0,0,0,0,0,0,0.226,*0.441,0.333
162,9:high-high,9:high-high,,0,0,0,0,0,0,0.333,0.278,*0.389
163,9:high-high,9:high-high,,0,0,0,0,0,0,0.333,0.278,*0.389
164,9:high-high,9:high-high,,0,0,0,0,0,0,0.278,0.333,*0.389
165,9:high-high,8:high-medium,+,0,0,0,0,0,0,0.333,*0.333,0.333
166,9:high-high,8:high-medium,+,0,0,0,0,0,0,0.278,*0.389,0.333
167,9:high-high,8:high-medium,+,0,0,0,0,0,0,0.333,*0.333,0.333
168,9:high-high,8:high-medium,+,0,0,0,0,0,0,0.333,*0.333,0.333
169,9:high-high,9:high-high,,0,0,0,0,0,0,0.278,0.333,*0.389
170,9:high-high,9:high-high,,0,0,0,0,0,0,0.278,0.333,*0.389
171,9:high-high,8:high-medium,+,0,0,0,0,0,0,0.278,*0.389,0.333
172,9:high-high,9:high-high,,0,0,0,0,0,0,0.223,0.388,*0.389
173,9:high-high,8:high-medium,+,0,0,0,0,0,0,0.222,*0.5,0.278
174,9:high-high,8:high-medium,+,0,0,0,0,0,0,0.222,*0.5,0.278
175,9:high-high,8:high-medium,+,0,0,0,0,0,0,0.222,*0.5,0.278
176,9:high-high,8:high-medium,+,0,0,0,0,0,0,0.222,*0.444,0.333
177,9:high-high,8:high-medium,+,0,0,0,0,0,0,0.222,*0.5,0.278
178,9:high-high,8:high-medium,+,0,0,0,0,0,0,0.278,*0.444,0.278
179,9:high-high,8:high-medium,+,0,0,0,0,0,0,0.222,*0.556,0.222
180,9:high-high,8:high-medium,+,0,0,0,0,0,0,0.221,*0.501,0.278
181,9:high-high,8:high-medium,+,0,0,0,0,0,0,0.222,*0.5,0.278
182,9:high-high,8:high-medium,+,0,0,0,0,0,0,0.222,*0.555,0.222
183,9:high-high,8:high-medium,+,0,0,0,0,0,0,0.223,*0.499,0.278
184,9:high-high,8:high-medium,+,0,0,0,0,0,0,0.264,*0.513,0.223
185,9:high-high,8:high-medium,+,0,0,0,0,0,0,0.219,*0.504,0.278
186,9:high-high,8:high-medium,+,0,0,0,0,0,0,0.265,*0.457,0.278
187,9:high-high,8:high-medium,+,0,0,0,0,0,0,0.196,*0.471,0.333
188,9:high-high,8:high-medium,+,0,0,0,0,0,0,0.228,*0.494,0.278
189,9:high-high,8:high-medium,+,0,0,0,0,0,0,0.292,*0.43,0.278
190,9:high-high,9:high-high,,0,0,0,0,0,0,0.297,0.222,*0.481
191,9:high-high,8:high-medium,+,0,0,0,0,0,0,0.278,*0.497,0.225
192,9:high-high,8:high-medium,+,0,0,0,0,0,0,0.278,*0.444,0.278
193,9:high-high,9:high-high,,0,0,0,0,0,0,0.278,0.333,*0.389
194,9:high-high,8:high-medium,+,0,0,0,0,0,0,0.222,*0.445,0.333
195,9:high-high,8:high-medium,+,0,0,0,0,0,0,0.25,*0.472,0.278
196,9:high-high,8:high-medium,+,0,0,0,0,0,0,0.327,*0.5,0.173
197,9:high-high,8:high-medium,+,0,0,0,0,0,0,0.288,*0.49,0.222
198,9:high-high,8:high-medium,+,0,0,0,0,0,0,0.28,*0.553,0.167
199,9:high-high,8:high-medium,+,0,0,0,0,0,0,0.335,*0.498,0.167
200,9:high-high,8:high-medium,+,0,0,0,0,0,0,0.333,*0.548,0.118
201,9:high-high,8:high-medium,+,0,0,0,0,0,0,0.22,*0.669,0.111
202,9:high-high,8:high-medium,+,0,0,0,0,0,0,0.168,*0.776,0.055
203,8:high-medium,7:high-low,+,0,0,0,0,0,0,*0.5,0.392,0.107
204,9:high-high,8:high-medium,+,0,0,0,0,0,0,0.389,*0.393,0.218
205,9:high-high,8:high-medium,+,0,0,0,0,0,0,0.334,*0.5,0.167
206,8:high-medium,7:high-low,+,0,0,0,0,0,0,*0.5,0.391,0.109
207,9:high-high,8:high-medium,+,0,0,0,0,0,0,0.389,*0.395,0.216
208,8:high-medium,8:high-medium,,0,0,0,0,0,0,0.222,*0.635,0.144
209,8:high-medium,8:high-medium,,0,0,0,0,0,0,0.444,*0.444,0.111
210,7:high-low,8:high-medium,+,0,0,0,0,0,0,0.276,*0.565,0.159
211,9:high-high,8:high-medium,+,0,0,0,0,0,0,0.333,*0.556,0.111
212,9:high-high,8:high-medium,+,0,0,0,0,0,0,0.333,*0.556,0.111
213,9:high-high,8:high-medium,+,0,0,0,0,0,0,0.333,*0.556,0.111
214,9:high-high,8:high-medium,+,0,0,0,0,0,0,0.222,*0.667,0.111
215,9:high-high,8:high-medium,+,0,0,0,0,0,0,0.28,*0.612,0.108
216,9:high-high,8:high-medium,+,0,0,0,0,0,0,0.333,*0.5,0.167
217,9:high-high,8:high-medium,+,0,0,0,0,0,0,0.218,*0.619,0.163
218,9:high-high,8:high-medium,+,0,0,0,0,0,0,0.255,*0.579,0.166
219,9:high-high,8:high-medium,+,0,0,0,0,0,0,0.205,*0.687,0.107
220,9:high-high,8:high-medium,+,0,0,0,0,0,0,0.243,*0.658,0.099
221,9:high-high,8:high-medium,+,0,0,0,0,0,0,0.278,*0.629,0.093
222,9:high-high,8:high-medium,+,0,0,0,0,0,0,0.336,*0.664,0
223,9:high-high,8:high-medium,+,0,0,0,0,0,0,0.395,*0.55,0.056
224,8:high-medium,8:high-medium,,0,0,0,0,0,0,0.28,*0.663,0.057
225,8:high-medium,8:high-medium,,0,0,0,0,0,0,0.205,*0.749,0.046
226,9:high-high,8:high-medium,+,0,0,0,0,0,0,0.333,*0.667,0
227,8:high-medium,8:high-medium,,0,0,0,0,0,0,0.222,*0.768,0.01
228,8:high-medium,8:high-medium,,0,0,0,0,0,0,0.128,*0.765,0.107
229,8:high-medium,8:high-medium,,0,0,0,0,0,0,0.113,*0.827,0.059
230,8:high-medium,8:high-medium,,0,0,0,0,0,0,0.278,*0.666,0.056
231,8:high-medium,8:high-medium,,0,0,0,0,0,0,0.111,*0.777,0.112
232,8:high-medium,8:high-medium,,0,0,0,0,0,0,0.167,*0.831,0.002
233,8:high-medium,8:high-medium,,0,0,0,0,0,0,0.111,*0.722,0.167
234,8:high-medium,8:high-medium,,0,0,0,0,0,0,0.272,*0.516,0.212
235,8:high-medium,8:high-medium,,0,0,0,0,0,0,0.278,*0.556,0.167
236,9:high-high,8:high-medium,+,0,0,0,0,0,0,0.168,*0.721,0.111
237,8:high-medium,8:high-medium,,0,0,0,0,0,0,0.278,*0.555,0.167
238,9:high-high,8:high-medium,+,0,0,0,0,0,0,0.111,*0.647,0.241
239,8:high-medium,8:high-medium,,0,0,0,0,0,0,0.222,*0.556,0.222
240,9:high-high,8:high-medium,+,0,0,0,0,0,0,0.333,*0.389,0.277
241,9:high-high,8:high-medium,+,0,0,0,0,0,0,0.333,*0.444,0.222
242,9:high-high,8:high-medium,+,0,0,0,0,0,0,0.222,*0.556,0.222
243,9:high-high,8:high-medium,+,0,0,0,0,0,0,0.167,*0.611,0.222
244,9:high-high,8:high-medium,+,0,0,0,0,0,0,0.222,*0.5,0.278
245,9:high-high,8:high-medium,+,0,0,0,0,0,0,0.278,*0.469,0.254
246,9:high-high,8:high-medium,+,0,0,0,0,0,0,0.167,*0.61,0.223
247,9:high-high,8:high-medium,+,0,0,0,0,0,0,0.278,*0.475,0.247
248,9:high-high,8:high-medium,+,0,0,0,0,0,0,0.278,*0.441,0.281
249,9:high-high,8:high-medium,+,0,0,0,0,0,0,0.251,*0.397,0.352
250,9:high-high,8:high-medium,+,0,0,0,0,0,0,0.222,*0.444,0.333
251,9:high-high,8:high-medium,+,0,0,0,0,0,0,0.222,*0.444,0.333
252,9:high-high,8:high-medium,+,0,0,0,0,0,0,0.167,*0.556,0.278
253,9:high-high,9:high-high,,0,0,0,0,0,0,0.222,0.347,*0.431
254,9:high-high,8:high-medium,+,0,0,0,0,0,0,0.278,*0.444,0.278
255,9:high-high,8:high-medium,+,0,0,0,0,0,0,0.167,*0.556,0.277
256,9:high-high,8:high-medium,+,0,0,0,0,0,0,0.222,*0.5,0.277
257,9:high-high,9:high-high,,0,0,0,0,0,0,0.229,0.355,*0.416
258,9:high-high,8:high-medium,+,0,0,0,0,0,0,0.222,*0.443,0.334
259,9:high-high,9:high-high,,0,0,0,0,0,0,0.222,0.389,*0.389
260,9:high-high,8:high-medium,+,0,0,0,0,0,0,0.32,*0.392,0.288
261,9:high-high,7:high-low,+,0,0,0,0,0,0,*0.389,0.389,0.222
262,9:high-high,8:high-medium,+,0,0,0,0,0,0,0.332,*0.389,0.279
263,9:high-high,8:high-medium,+,0,0,0,0,0,0,0.333,*0.5,0.168
264,9:high-high,8:high-medium,+,0,0,0,0,0,0,0.333,*0.415,0.252
265,8:high-medium,8:high-medium,,0,0,0,0,0,0,0.359,*0.444,0.197
266,9:high-high,8:high-medium,+,0,0,0,0,0,0,0.379,*0.444,0.177
267,8:high-medium,8:high-medium,,0,0,0,0,0,0,0.278,*0.389,0.333
268,9:high-high,8:high-medium,+,0,0,0,0,0,0,0.276,*0.446,0.278
269,9:high-high,8:high-medium,+,0,0,0,0,0,0,0.339,*0.448,0.213
270,9:high-high,7:high-low,+,0,0,0,0,0,0,*0.444,0.389,0.167
271,8:high-medium,8:high-medium,,0,0,0,0,0,0,0.389,*0.444,0.167
272,8:high-medium,7:high-low,+,0,0,0,0,0,0,*0.482,0.333,0.185
273,8:high-medium,7:high-low,+,0,0,0,0,0,0,*0.444,0.389,0.167
274,8:high-medium,8:high-medium,,0,0,0,0,0,0,0.334,*0.444,0.222
275,9:high-high,8:high-medium,+,0,0,0,0,0,0,0.354,*0.444,0.202
276,8:high-medium,8:high-medium,,0,0,0,0,0,0,0.389,*0.445,0.167
277,8:high-medium,8:high-medium,,0,0,0,0,0,0,0.307,*0.417,0.276
278,8:high-medium,8:high-medium,,0,0,0,0,0,0,0.302,*0.433,0.265
279,8:high-medium,8:high-medium,,0,0,0,0,0,0,0.389,*0.39,0.221
280,8:high-medium,8:high-medium,,0,0,0,0,0,0,0.334,*0.43,0.236
281,8:high-medium,8:high-medium,,0,0,0,0,0,0,0.332,*0.5,0.168
282,8:high-medium,8:high-medium,,0,0,0,0,0,0,0.287,*0.444,0.269
283,8:high-medium,8:high-medium,,0,0,0,0,0,0,0.36,*0.443,0.196
284,8:high-medium,7:high-low,+,0,0,0,0,0,0,*0.389,0.383,0.228
285,8:high-medium,8:high-medium,,0,0,0,0,0,0,0.356,*0.388,0.255
286,8:high-medium,8:high-medium,,0,0,0,0,0,0,0.224,*0.462,0.314
287,8:high-medium,8:high-medium,,0,0,0,0,0,0,0.334,*0.443,0.223
288,8:high-medium,8:high-medium,,0,0,0,0,0,0,0.44,*0.442,0.118
289,8:high-medium,8:high-medium,,0,0,0,0,0,0,0.224,*0.468,0.308
290,8:high-medium,8:high-medium,,0,0,0,0,0,0,0.336,*0.469,0.195
291,8:high-medium,7:high-low,+,0,0,0,0,0,0,*0.44,0.287,0.273
292,8:high-medium,8:high-medium,,0,0,0,0,0,0,0.222,*0.397,0.38
293,8:high-medium,8:high-medium,,0,0,0,0,0,0,0.331,*0.336,0.333
294,8:high-medium,8:high-medium,,0,0,0,0,0,0,0.321,*0.347,0.332
295,8:high-medium,8:high-medium,,0,0,0,0,0,0,0.331,*0.336,0.333
296,8:high-medium,8:high-medium,,0,0,0,0,0,0,0.268,*0.508,0.224
297,8:high-medium,8:high-medium,,0,0,0,0,0,0,0.278,*0.391,0.332
298,8:high-medium,8:high-medium,,0,0,0,0,0,0,0.224,*0.443,0.333
299,8:high-medium,7:high-low,+,0,0,0,0,0,0,*0.387,0.335,0.278
300,8:high-medium,8:high-medium,,0,0,0,0,0,0,0.278,*0.449,0.274
301,8:high-medium,8:high-medium,,0,0,0,0,0,0,0.277,*0.5,0.223
302,8:high-medium,8:high-medium,,0,0,0,0,0,0,0.333,*0.498,0.169
303,8:high-medium,8:high-medium,,0,0,0,0,0,0,0.278,*0.552,0.17
304,8:high-medium,8:high-medium,,0,0,0,0,0,0,0.222,*0.502,0.276
305,8:high-medium,8:high-medium,,0,0,0,0,0,0,0.278,*0.445,0.277
306,8:high-medium,8:high-medium,,0,0,0,0,0,0,0.389,*0.435,0.177
307,8:high-medium,8:high-medium,,0,0,0,0,0,0,0.333,*0.394,0.273
308,8:high-medium,8:high-medium,,0,0,0,0,0,0,0.333,*0.415,0.253
309,8:high-medium,8:high-medium,,0,0,0,0,0,0,0.278,*0.445,0.278
310,8:high-medium,8:high-medium,,0,0,0,0,0,0,0.333,*0.411,0.256
311,8:high-medium,8:high-medium,,0,0,0,0,0,0,0.277,*0.464,0.259
312,8:high-medium,8:high-medium,,0,0,0,0,0,0,0.219,*0.554,0.226
313,8:high-medium,8:high-medium,,0,0,0,0,0,0,0.386,*0.456,0.157
314,8:high-medium,8:high-medium,,0,0,0,0,0,0,0.331,*0.448,0.221
315,8:high-medium,7:high-low,+,0,0,0,0,0,0,*0.443,0.392,0.165
316,8:high-medium,8:high-medium,,0,0,0,0,0,0,0.323,*0.559,0.118
317,8:high-medium,7:high-low,+,0,0,0,0,0,0,*0.433,0.4,0.167
318,8:high-medium,8:high-medium,,0,0,0,0,0,0,0.37,*0.516,0.114
319,8:high-medium,8:high-medium,,0,0,0,0,0,0,0.438,*0.45,0.112
320,8:high-medium,8:high-medium,,0,0,0,0,0,0,0.265,*0.624,0.111
321,8:high-medium,8:high-medium,,0,0,0,0,0,0,0.212,*0.788,0
322,7:high-low,8:high-medium,+,0,0,0,0,0,0,0.132,*0.813,0.056
323,8:high-medium,8:high-medium,,0,0,0,0,0,0,0.251,*0.748,0.001
324,8:high-medium,8:high-medium,,0,0,0,0,0,0,0.297,*0.698,0.005
325,8:high-medium,8:high-medium,,0,0,0,0,0,0,0.181,*0.73,0.089
326,8:high-medium,8:high-medium,,0,0,0,0,0,0,0.234,*0.766,0
327,8:high-medium,8:high-medium,,0,0,0,0,0,0,0.299,*0.701,0
328,8:high-medium,8:high-medium,,0,0,0,0,0,0,0.233,*0.767,0
329,8:high-medium,8:high-medium,,0,0,0,0,0,0,0.334,*0.638,0.028
330,8:high-medium,8:high-medium,,0,0,0,0,0,0,0.343,*0.657,0
331,8:high-medium,8:high-medium,,0,0,0,0,0,0,0.234,*0.758,0.008
332,8:high-medium,8:high-medium,,0,0,0,0,0,0,0.224,*0.775,0.001
333,8:high-medium,8:high-medium,,0,0,0,0,0,0,0.282,*0.717,0
334,8:high-medium,8:high-medium,,0,0,0,0,0,0,0.223,*0.777,0
335,8:high-medium,8:high-medium,,0,0,0,0,0,0,0.278,*0.722,0.001
336,8:high-medium,8:high-medium,,0,0,0,0,0,0,0.278,*0.669,0.053
337,8:high-medium,8:high-medium,,0,0,0,0,0,0,0.333,*0.619,0.048
338,8:high-medium,8:high-medium,,0,0,0,0,0,0,0.386,*0.559,0.056
339,9:high-high,8:high-medium,+,0,0,0,0,0,0,0.278,*0.668,0.054
340,8:high-medium,8:high-medium,,0,0,0,0,0,0,0.168,*0.665,0.167
341,8:high-medium,8:high-medium,,0,0,0,0,0,0,0.279,*0.721,0
342,8:high-medium,8:high-medium,,0,0,0,0,0,0,0.271,*0.671,0.058
343,8:high-medium,8:high-medium,,0,0,0,0,0,0,0.278,*0.5,0.222
344,8:high-medium,8:high-medium,,0,0,0,0,0,0,0.278,*0.659,0.063
345,8:high-medium,8:high-medium,,0,0,0,0,0,0,0.201,*0.78,0.019
346,8:high-medium,8:high-medium,,0,0,0,0,0,0,0.389,*0.555,0.056
347,9:high-high,8:high-medium,+,0,0,0,0,0,0,0.334,*0.555,0.111
348,9:high-high,8:high-medium,+,0,0,0,0,0,0,0.167,*0.749,0.084
349,8:high-medium,8:high-medium,,0,0,0,0,0,0,0.444,*0.556,0
350,9:high-high,8:high-medium,+,0,0,0,0,0,0,0.278,*0.559,0.163
351,8:high-medium,8:high-medium,,0,0,0,0,0,0,0.222,*0.684,0.093
352,9:high-high,8:high-medium,+,0,0,0,0,0,0,0.389,*0.556,0.055
353,9:high-high,8:high-medium,+,0,0,0,0,0,0,0.333,*0.555,0.111
354,7:high-low,8:high-medium,+,0,0,0,0,0,0,0.278,*0.555,0.167
355,8:high-medium,8:high-medium,,0,0,0,0,0,0,0.34,*0.604,0.056
356,8:high-medium,7:high-low,+,0,0,0,0,0,0,*0.444,0.387,0.168
357,9:high-high,8:high-medium,+,0,0,0,0,0,0,0.335,*0.589,0.077
358,8:high-medium,8:high-medium,,0,0,0,0,0,0,0.333,*0.555,0.111
359,9:high-high,8:high-medium,+,0,0,0,0,0,0,0.389,*0.465,0.146
360,9:high-high,8:high-medium,+,0,0,0,0,0,0,0.222,*0.625,0.153
361,7:high-low,8:high-medium,+,0,0,0,0,0,0,0.278,*0.389,0.333
362,7:high-low,8:high-medium,+,0,0,0,0,0,0,0.278,*0.389,0.333
363,7:high-low,8:high-medium,+,0,0,0,0,0,0,0.278,*0.389,0.333
364,8:high-medium,8:high-medium,,0,0,0,0,0,0,0.278,*0.556,0.167
365,9:high-high,8:high-medium,+,0,0,0,0,0,0,0.324,*0.509,0.167
366,9:high-high,8:high-medium,+,0,0,0,0,0,0,0.318,*0.515,0.167
367,9:high-high,8:high-medium,+,0,0,0,0,0,0,0.368,*0.465,0.167
368,9:high-high,8:high-medium,+,0,0,0,0,0,0,0.375,*0.514,0.111
369,8:high-medium,8:high-medium,,0,0,0,0,0,0,0.326,*0.563,0.111
370,9:high-high,8:high-medium,+,0,0,0,0,0,0,0.348,*0.541,0.111
371,8:high-medium,8:high-medium,,0,0,0,0,0,0,0.383,*0.506,0.111
372,9:high-high,8:high-medium,+,0,0,0,0,0,0,0.368,*0.465,0.167
373,8:high-medium,8:high-medium,,0,0,0,0,0,0,0.243,*0.646,0.111
374,8:high-medium,8:high-medium,,0,0,0,0,0,0,0.301,*0.588,0.111
375,8:high-medium,8:high-medium,,0,0,0,0,0,0,0.235,*0.598,0.168
376,9:high-high,8:high-medium,+,0,0,0,0,0,0,0.307,*0.582,0.111
377,8:high-medium,8:high-medium,,0,0,0,0,0,0,0.34,*0.549,0.111
378,8:high-medium,8:high-medium,,0,0,0,0,0,0,0.223,*0.61,0.167
379,9:high-high,8:high-medium,+,0,0,0,0,0,0,0.292,*0.549,0.159
380,9:high-high,8:high-medium,+,0,0,0,0,0,0,0.28,*0.665,0.056
381,8:high-medium,8:high-medium,,0,0,0,0,0,0,0.222,*0.665,0.112
382,9:high-high,8:high-medium,+,0,0,0,0,0,0,0.222,*0.667,0.111
383,9:high-high,8:high-medium,+,0,0,0,0,0,0,0.254,*0.585,0.161
384,9:high-high,8:high-medium,+,0,0,0,0,0,0,0.333,*0.333,0.333
385,9:high-high,8:high-medium,+,0,0,0,0,0,0,0.222,*0.56,0.218
386,9:high-high,8:high-medium,+,0,0,0,0,0,0,0.27,*0.508,0.223
387,9:high-high,8:high-medium,+,0,0,0,0,0,0,0.296,*0.564,0.14
388,9:high-high,8:high-medium,+,0,0,0,0,0,0,0.271,*0.506,0.223
389,9:high-high,8:high-medium,+,0,0,0,0,0,0,0.27,*0.44,0.29
390,8:high-medium,8:high-medium,,0,0,0,0,0,0,0.273,*0.453,0.274
391,9:high-high,8:high-medium,+,0,0,0,0,0,0,0.29,*0.511,0.199
392,9:high-high,8:high-medium,+,0,0,0,0,0,0,0.217,*0.565,0.218
393,9:high-high,8:high-medium,+,0,0,0,0,0,0,0.271,*0.568,0.161
394,9:high-high,8:high-medium,+,0,0,0,0,0,0,0.274,*0.521,0.205
395,9:high-high,8:high-medium,+,0,0,0,0,0,0,0.269,*0.504,0.227
396,9:high-high,8:high-medium,+,0,0,0,0,0,0,0.269,*0.51,0.221
397,9:high-high,8:high-medium,+,0,0,0,0,0,0,0.27,*0.509,0.221
398,9:high-high,8:high-medium,+,0,0,0,0,0,0,0.272,*0.591,0.136
399,9:high-high,8:high-medium,+,0,0,0,0,0,0,0.256,*0.467,0.277
400,9:high-high,8:high-medium,+,0,0,0,0,0,0,0.222,*0.611,0.166
401,9:high-high,8:high-medium,+,0,0,0,0,0,0,0.27,*0.529,0.201
402,9:high-high,8:high-medium,+,0,0,0,0,0,0,0.278,*0.58,0.142
403,9:high-high,8:high-medium,+,0,0,0,0,0,0,0.333,*0.395,0.272
404,9:high-high,8:high-medium,+,0,0,0,0,0,0,0.262,*0.601,0.136
405,7:high-low,8:high-medium,+,0,0,0,0,0,0,0.444,*0.445,0.111
406,9:high-high,8:high-medium,+,0,0,0,0,0,0,0.332,*0.501,0.167
407,7:high-low,8:high-medium,+,0,0,0,0,0,0,0.389,*0.389,0.222
408,9:high-high,8:high-medium,+,0,0,0,0,0,0,0.389,*0.445,0.166
409,8:high-medium,8:high-medium,,0,0,0,0,0,0,0.278,*0.556,0.167
410,8:high-medium,8:high-medium,,0,0,0,0,0,0,0.279,*0.555,0.167
411,9:high-high,8:high-medium,+,0,0,0,0,0,0,0.333,*0.449,0.218
412,8:high-medium,8:high-medium,,0,0,0,0,0,0,0.333,*0.503,0.164
413,9:high-high,8:high-medium,+,0,0,0,0,0,0,0.281,*0.499,0.22
414,9:high-high,8:high-medium,+,0,0,0,0,0,0,0.222,*0.499,0.279
415,8:high-medium,8:high-medium,,0,0,0,0,0,0,0.222,*0.5,0.278
416,8:high-medium,8:high-medium,,0,0,0,0,0,0,0.222,*0.5,0.278
417,8:high-medium,8:high-medium,,0,0,0,0,0,0,0.218,*0.61,0.171
418,8:high-medium,8:high-medium,,0,0,0,0,0,0,0.278,*0.445,0.278
419,9:high-high,8:high-medium,+,0,0,0,0,0,0,0.324,*0.476,0.2
420,8:high-medium,8:high-medium,,0,0,0,0,0,0,0.278,*0.5,0.222
421,8:high-medium,8:high-medium,,0,0,0,0,0,0,0.431,*0.458,0.111
422,8:high-medium,8:high-medium,,0,0,0,0,0,0,0.333,*0.556,0.111
423,8:high-medium,8:high-medium,,0,0,0,0,0,0,0.324,*0.509,0.167
424,8:high-medium,8:high-medium,,0,0,0,0,0,0,0.265,*0.569,0.167
425,8:high-medium,8:high-medium,,0,0,0,0,0,0,0.328,*0.505,0.167
426,8:high-medium,8:high-medium,,0,0,0,0,0,0,0.308,*0.47,0.222
427,8:high-medium,8:high-medium,,0,0,0,0,0,0,0.313,*0.465,0.222
428,8:high-medium,8:high-medium,,0,0,0,0,0,0,0.422,*0.458,0.119
429,8:high-medium,8:high-medium,,0,0,0,0,0,0,0.32,*0.514,0.167
430,8:high-medium,8:high-medium,,0,0,0,0,0,0,0.417,*0.472,0.111
431,8:high-medium,8:high-medium,,0,0,0,0,0,0,0.389,*0.444,0.167
432,8:high-medium,8:high-medium,,0,0,0,0,0,0,0.388,*0.501,0.111
433,8:high-medium,8:high-medium,,0,0,0,0,0,0,0.387,*0.502,0.111
434,8:high-medium,8:high-medium,,0,0,0,0,0,0,0.331,*0.557,0.111
435,8:high-medium,8:high-medium,,0,0,0,0,0,0,0.44,*0.448,0.111
436,8:high-medium,8:high-medium,,0,0,0,0,0,0,0.387,*0.501,0.111
437,8:high-medium,8:high-medium,,0,0,0,0,0,0,0.325,*0.508,0.167
438,8:high-medium,8:high-medium,,0,0,0,0,0,0,0.374,*0.515,0.111
439,8:high-medium,8:high-medium,,0,0,0,0,0,0,0.389,*0.5,0.111
440,8:high-medium,8:high-medium,,0,0,0,0,0,0,0.277,*0.612,0.111
441,8:high-medium,8:high-medium,,0,0,0,0,0,0,0.374,*0.515,0.111
442,8:high-medium,8:high-medium,,0,0,0,0,0,0,0.382,*0.451,0.167
443,8:high-medium,8:high-medium,,0,0,0,0,0,0,0.366,*0.467,0.167
444,8:high-medium,8:high-medium,,0,0,0,0,0,0,0.382,*0.451,0.167
445,8:high-medium,7:high-low,+,0,0,0,0,0,0,*0.44,0.379,0.181
446,8:high-medium,8:high-medium,,0,0,0,0,0,0,0.34,*0.48,0.181
447,8:high-medium,7:high-low,+,0,0,0,0,0,0,*0.443,0.389,0.169
448,8:high-medium,8:high-medium,,0,0,0,0,0,0,0.331,*0.435,0.234
449,8:high-medium,7:high-low,+,0,0,0,0,0,0,*0.444,0.333,0.222
450,7:high-low,8:high-medium,+,0,0,0,0,0,0,0.334,*0.444,0.222
451,8:high-medium,8:high-medium,,0,0,0,0,0,0,0.223,*0.511,0.266
452,8:high-medium,7:high-low,+,0,0,0,0,0,0,*0.389,0.384,0.226
453,8:high-medium,8:high-medium,,0,0,0,0,0,0,0.333,*0.444,0.222
454,8:high-medium,7:high-low,+,0,0,0,0,0,0,*0.389,0.389,0.222
455,7:high-low,8:high-medium,+,0,0,0,0,0,0,0.334,*0.5,0.167
456,8:high-medium,8:high-medium,,0,0,0,0,0,0,0.333,*0.556,0.111
457,8:high-medium,8:high-medium,,0,0,0,0,0,0,0.278,*0.611,0.111
458,7:high-low,8:high-medium,+,0,0,0,0,0,0,0.389,*0.5,0.111
459,7:high-low,8:high-medium,+,0,0,0,0,0,0,0.39,*0.499,0.111
460,8:high-medium,8:high-medium,,0,0,0,0,0,0,0.335,*0.554,0.111
461,7:high-low,8:high-medium,+,0,0,0,0,0,0,0.389,*0.444,0.167
462,8:high-medium,8:high-medium,,0,0,0,0,0,0,0.39,*0.444,0.167
463,7:high-low,8:high-medium,+,0,0,0,0,0,0,0.389,*0.445,0.167
464,7:high-low,8:high-medium,+,0,0,0,0,0,0,0.334,*0.499,0.167
465,7:high-low,8:high-medium,+,0,0,0,0,0,0,0.279,*0.555,0.167
466,7:high-low,8:high-medium,+,0,0,0,0,0,0,0.322,*0.511,0.167
467,7:high-low,8:high-medium,+,0,0,0,0,0,0,0.389,*0.444,0.167
468,7:high-low,8:high-medium,+,0,0,0,0,0,0,0.333,*0.389,0.278
469,8:high-medium,7:high-low,+,0,0,0,0,0,0,*0.468,0.334,0.199
470,8:high-medium,8:high-medium,,0,0,0,0,0,0,0.334,*0.444,0.221
471,7:high-low,7:high-low,,0,0,0,0,0,0,*0.39,0.389,0.221
472,7:high-low,8:high-medium,+,0,0,0,0,0,0,0.278,*0.5,0.222
473,7:high-low,8:high-medium,+,0,0,0,0,0,0,0.222,*0.5,0.278
474,8:high-medium,8:high-medium,,0,0,0,0,0,0,0.388,*0.445,0.167
475,7:high-low,8:high-medium,+,0,0,0,0,0,0,0.43,*0.459,0.111
476,8:high-medium,8:high-medium,,0,0,0,0,0,0,0.385,*0.449,0.167
477,7:high-low,8:high-medium,+,0,0,0,0,0,0,0.24,*0.593,0.167
478,7:high-low,8:high-medium,+,0,0,0,0,0,0,0.325,*0.508,0.167
479,8:high-medium,8:high-medium,,0,0,0,0,0,0,0.368,*0.576,0.056
480,7:high-low,8:high-medium,+,0,0,0,0,0,0,0.398,*0.547,0.056
481,7:high-low,8:high-medium,+,0,0,0,0,0,0,0.443,*0.501,0.056
482,7:high-low,8:high-medium,+,0,0,0,0,0,0,0.432,*0.512,0.056
483,7:high-low,8:high-medium,+,0,0,0,0,0,0,0.262,*0.683,0.056
484,7:high-low,8:high-medium,+,0,0,0,0,0,0,0.326,*0.619,0.056
485,7:high-low,8:high-medium,+,0,0,0,0,0,0,0.337,*0.607,0.056
486,8:high-medium,8:high-medium,,0,0,0,0,0,0,0.223,*0.677,0.1
487,7:high-low,8:high-medium,+,0,0,0,0,0,0,0.389,*0.452,0.159
488,7:high-low,8:high-medium,+,0,0,0,0,0,0,0.279,*0.607,0.114
489,7:high-low,8:high-medium,+,0,0,0,0,0,0,0.333,*0.448,0.219
490,8:high-medium,7:high-low,+,0,0,0,0,0,0,*0.444,0.339,0.216
491,7:high-low,7:high-low,,0,0,0,0,0,0,*0.445,0.333,0.222
492,8:high-medium,8:high-medium,,0,0,0,0,0,0,0.353,*0.425,0.222
493,8:high-medium,7:high-low,+,0,0,0,0,0,0,*0.432,0.346,0.222
494,8:high-medium,7:high-low,+,0,0,0,0,0,0,*0.387,0.336,0.278
495,8:high-medium,8:high-medium,,0,0,0,0,0,0,0.272,*0.45,0.278
496,8:high-medium,7:high-low,+,0,0,0,0,0,0,*0.498,0.28,0.222
497,8:high-medium,7:high-low,+,0,0,0,0,0,0,*0.667,0.167,0.167
498,8:high-medium,7:high-low,+,0,0,0,0,0,0,*0.392,0.387,0.221
499,8:high-medium,7:high-low,+,0,0,0,0,0,0,*0.444,0.353,0.203
500,8:high-medium,7:high-low,+,0,0,0,0,0,0,*0.444,0.334,0.222
501,9:high-high,7:high-low,+,0,0,0,0,0,0,*0.5,0.278,0.222
502,8:high-medium,7:high-low,+,0,0,0,0,0,0,*0.421,0.413,0.167
503,8:high-medium,8:high-medium,,0,0,0,0,0,0,0.278,*0.553,0.169
504,9:high-high,8:high-medium,+,0,0,0,0,0,0,0.334,*0.611,0.056
505,8:high-medium,8:high-medium,,0,0,0,0,0,0,0.335,*0.499,0.166
506,7:high-low,8:high-medium,+,0,0,0,0,0,0,0.375,*0.445,0.18
507,7:high-low,7:high-low,,0,0,0,0,0,0,*0.441,0.392,0.167
508,8:high-medium,7:high-low,+,0,0,0,0,0,0,*0.511,0.377,0.111
509,8:high-medium,7:high-low,+,0,0,0,0,0,0,*0.427,0.406,0.167
510,8:high-medium,7:high-low,+,0,0,0,0,0,0,*0.502,0.331,0.167
511,8:high-medium,7:high-low,+,0,0,0,0,0,0,*0.499,0.279,0.222
512,8:high-medium,8:high-medium,,0,0,0,0,0,0,0.39,*0.391,0.22
513,8:high-medium,7:high-low,+,0,0,0,0,0,0,*0.432,0.401,0.167
514,9:high-high,8:high-medium,+,0,0,0,0,0,0,0.389,*0.445,0.167
515,9:high-high,8:high-medium,+,0,0,0,0,0,0,0.232,*0.601,0.167
516,9:high-high,8:high-medium,+,0,0,0,0,0,0,0.333,*0.412,0.254
517,8:high-medium,8:high-medium,,0,0,0,0,0,0,0.387,*0.391,0.222
518,8:high-medium,7:high-low,+,0,0,0,0,0,0,*0.386,0.336,0.278
519,9:high-high,8:high-medium,+,0,0,0,0,0,0,0.31,*0.468,0.222
520,9:high-high,8:high-medium,+,0,0,0,0,0,0,0.378,*0.455,0.167
521,9:high-high,8:high-medium,+,0,0,0,0,0,0,0.389,*0.444,0.167
522,9:high-high,8:high-medium,+,0,0,0,0,0,0,0.167,*0.614,0.219
523,9:high-high,8:high-medium,+,0,0,0,0,0,0,0.334,*0.494,0.172
524,9:high-high,8:high-medium,+,0,0,0,0,0,0,0.334,*0.34,0.326
525,9:high-high,8:high-medium,+,0,0,0,0,0,0,0.28,*0.441,0.279
526,9:high-high,8:high-medium,+,0,0,0,0,0,0,0.335,*0.445,0.22
527,9:high-high,8:high-medium,+,0,0,0,0,0,0,0.33,*0.504,0.167
528,9:high-high,8:high-medium,+,0,0,0,0,0,0,0.225,*0.553,0.222
529,8:high-medium,7:high-low,+,0,0,0,0,0,0,*0.335,0.332,0.333
530,9:high-high,7:high-low,+,0,0,0,0,0,0,*0.393,0.385,0.222
531,9:high-high,8:high-medium,+,0,0,0,0,0,0,0.32,*0.403,0.278
532,9:high-high,8:high-medium,+,0,0,0,0,0,0,0.222,*0.608,0.17
533,9:high-high,8:high-medium,+,0,0,0,0,0,0,0.058,*0.773,0.169
534,8:high-medium,8:high-medium,,0,0,0,0,0,0,0.327,*0.543,0.13
535,8:high-medium,7:high-low,+,0,0,0,0,0,0,*0.5,0.389,0.111
536,8:high-medium,8:high-medium,,0,0,0,0,0,0,0.373,*0.515,0.111
537,8:high-medium,8:high-medium,,0,0,0,0,0,0,0.389,*0.5,0.111
538,8:high-medium,8:high-medium,,0,0,0,0,0,0,0.21,*0.679,0.111
539,8:high-medium,8:high-medium,,0,0,0,0,0,0,0.444,*0.444,0.111
540,8:high-medium,8:high-medium,,0,0,0,0,0,0,0.333,*0.445,0.222
541,9:high-high,8:high-medium,+,0,0,0,0,0,0,0.333,*0.556,0.111
542,8:high-medium,8:high-medium,,0,0,0,0,0,0,0.333,*0.5,0.167
543,9:high-high,8:high-medium,+,0,0,0,0,0,0,0.389,*0.5,0.111
544,8:high-medium,8:high-medium,,0,0,0,0,0,0,0.278,*0.5,0.222
545,8:high-medium,8:high-medium,,0,0,0,0,0,0,0.334,*0.499,0.167
546,8:high-medium,8:high-medium,,0,0,0,0,0,0,0.338,*0.496,0.167
547,8:high-medium,8:high-medium,,0,0,0,0,0,0,0.325,*0.509,0.167
548,8:high-medium,8:high-medium,,0,0,0,0,0,0,0.39,*0.499,0.111
549,7:high-low,8:high-medium,+,0,0,0,0,0,0,0.222,*0.612,0.167
550,8:high-medium,8:high-medium,,0,0,0,0,0,0,0.223,*0.559,0.219
551,7:high-low,8:high-medium,+,0,0,0,0,0,0,0.334,*0.555,0.111
552,9:high-high,8:high-medium,+,0,0,0,0,0,0,0.278,*0.555,0.167
553,8:high-medium,8:high-medium,,0,0,0,0,0,0,0.278,*0.5,0.222
554,8:high-medium,7:high-low,+,0,0,0,0,0,0,*0.445,0.389,0.167
555,8:high-medium,8:high-medium,,0,0,0,0,0,0,0.222,*0.5,0.278
556,8:high-medium,8:high-medium,,0,0,0,0,0,0,0.275,*0.455,0.27
557,8:high-medium,8:high-medium,,0,0,0,0,0,0,0.311,*0.467,0.222
558,8:high-medium,8:high-medium,,0,0,0,0,0,0,0.333,*0.5,0.167
559,8:high-medium,8:high-medium,,0,0,0,0,0,0,0.253,*0.636,0.111
560,7:high-low,8:high-medium,+,0,0,0,0,0,0,0.333,*0.5,0.167
561,8:high-medium,8:high-medium,,0,0,0,0,0,0,0.386,*0.5,0.114
562,8:high-medium,8:high-medium,,0,0,0,0,0,0,0.389,*0.5,0.111
563,8:high-medium,8:high-medium,,0,0,0,0,0,0,0.419,*0.47,0.111
564,8:high-medium,8:high-medium,,0,0,0,0,0,0,0.278,*0.611,0.111
565,8:high-medium,8:high-medium,,0,0,0,0,0,0,0.333,*0.556,0.111
566,8:high-medium,8:high-medium,,0,0,0,0,0,0,0.384,*0.499,0.117
567,8:high-medium,8:high-medium,,0,0,0,0,0,0,0.223,*0.612,0.166
568,8:high-medium,8:high-medium,,0,0,0,0,0,0,0.331,*0.389,0.28
569,8:high-medium,8:high-medium,,0,0,0,0,0,0,0.278,*0.491,0.231
570,9:high-high,8:high-medium,+,0,0,0,0,0,0,0.278,*0.556,0.167
571,8:high-medium,8:high-medium,,0,0,0,0,0,0,0.278,*0.5,0.222
572,9:high-high,8:high-medium,+,0,0,0,0,0,0,0.333,*0.493,0.174
573,9:high-high,8:high-medium,+,0,0,0,0,0,0,0.322,*0.565,0.113
574,8:high-medium,8:high-medium,,0,0,0,0,0,0,0.281,*0.445,0.275
575,8:high-medium,8:high-medium,,0,0,0,0,0,0,0.278,*0.5,0.222
576,8:high-medium,8:high-medium,,0,0,0,0,0,0,0.222,*0.444,0.333
577,9:high-high,8:high-medium,+,0,0,0,0,0,0,0.333,*0.5,0.167
578,8:high-medium,8:high-medium,,0,0,0,0,0,0,0.262,*0.515,0.224
579,9:high-high,8:high-medium,+,0,0,0,0,0,0,0.278,*0.446,0.276
580,8:high-medium,9:high-high,+,0,0,0,0,0,0,0.308,0.333,*0.359
581,8:high-medium,8:high-medium,,0,0,0,0,0,0,0.168,*0.609,0.222
582,8:high-medium,8:high-medium,,0,0,0,0,0,0,0.278,*0.444,0.278
583,9:high-high,8:high-medium,+,0,0,0,0,0,0,0.265,*0.402,0.333
584,8:high-medium,8:high-medium,,0,0,0,0,0,0,0.278,*0.444,0.278
585,8:high-medium,8:high-medium,,0,0,0,0,0,0,0.278,*0.5,0.222
586,8:high-medium,8:high-medium,,0,0,0,0,0,0,0.333,*0.444,0.222
587,9:high-high,8:high-medium,+,0,0,0,0,0,0,0.384,*0.45,0.167
588,8:high-medium,8:high-medium,,0,0,0,0,0,0,0.357,*0.421,0.222
589,8:high-medium,8:high-medium,,0,0,0,0,0,0,0.308,*0.469,0.223
590,8:high-medium,8:high-medium,,0,0,0,0,0,0,0.322,*0.42,0.259
591,8:high-medium,8:high-medium,,0,0,0,0,0,0,0.202,*0.444,0.353
592,9:high-high,8:high-medium,+,0,0,0,0,0,0,0.224,*0.551,0.225
593,8:high-medium,8:high-medium,,0,0,0,0,0,0,0.263,*0.57,0.167
594,8:high-medium,8:high-medium,,0,0,0,0,0,0,0.293,*0.54,0.167
595,9:high-high,8:high-medium,+,0,0,0,0,0,0,0.226,*0.496,0.278
596,8:high-medium,8:high-medium,,0,0,0,0,0,0,0.278,*0.5,0.222
597,8:high-medium,8:high-medium,,0,0,0,0,0,0,0.171,*0.663,0.167
598,8:high-medium,8:high-medium,,0,0,0,0,0,0,0.334,*0.5,0.167
599,8:high-medium,8:high-medium,,0,0,0,0,0,0,0.339,*0.454,0.206
600,8:high-medium,8:high-medium,,0,0,0,0,0,0,0.22,*0.502,0.278
601,9:high-high,8:high-medium,+,0,0,0,0,0,0,0.398,*0.436,0.166
602,8:high-medium,8:high-medium,,0,0,0,0,0,0,0.38,*0.401,0.22
603,8:high-medium,8:high-medium,,0,0,0,0,0,0,0.368,*0.466,0.167
604,7:high-low,8:high-medium,+,0,0,0,0,0,0,0.323,*0.455,0.222
605,7:high-low,7:high-low,,0,0,0,0,0,0,*0.456,0.401,0.143
606,8:high-medium,8:high-medium,,0,0,0,0,0,0,0.337,*0.451,0.213
607,8:high-medium,8:high-medium,,0,0,0,0,0,0,0.305,*0.535,0.16
608,8:high-medium,8:high-medium,,0,0,0,0,0,0,0.31,*0.469,0.221
609,8:high-medium,8:high-medium,,0,0,0,0,0,0,0.337,*0.495,0.168
610,7:high-low,8:high-medium,+,0,0,0,0,0,0,0.293,*0.528,0.18
611,8:high-medium,8:high-medium,,0,0,0,0,0,0,0.29,*0.526,0.184
612,8:high-medium,8:high-medium,,0,0,0,0,0,0,0.286,*0.543,0.17
613,7:high-low,8:high-medium,+,0,0,0,0,0,0,0.336,*0.548,0.116
614,7:high-low,8:high-medium,+,0,0,0,0,0,0,0.279,*0.543,0.179
615,8:high-medium,8:high-medium,,0,0,0,0,0,0,0.266,*0.516,0.219
616,7:high-low,7:high-low,,0,0,0,0,0,0,*0.445,0.43,0.125
617,8:high-medium,8:high-medium,,0,0,0,0,0,0,0.378,*0.455,0.167
618,8:high-medium,8:high-medium,,0,0,0,0,0,0,0.389,*0.489,0.122
619,8:high-medium,8:high-medium,,0,0,0,0,0,0,0.278,*0.557,0.165
620,8:high-medium,8:high-medium,,0,0,0,0,0,0,0.209,*0.515,0.276
621,8:high-medium,8:high-medium,,0,0,0,0,0,0,0.222,*0.516,0.262
622,8:high-medium,7:high-low,+,0,0,0,0,0,0,*0.389,0.356,0.255
623,8:high-medium,7:high-low,+,0,0,0,0,0,0,*0.445,0.397,0.158
624,8:high-medium,8:high-medium,,0,0,0,0,0,0,0.333,*0.502,0.165
625,8:high-medium,8:high-medium,,0,0,0,0,0,0,0.379,*0.399,0.222
626,8:high-medium,8:high-medium,,0,0,0,0,0,0,0.336,*0.499,0.166
627,8:high-medium,7:high-low,+,0,0,0,0,0,0,*0.5,0.333,0.167
628,8:high-medium,8:high-medium,,0,0,0,0,0,0,0.222,*0.445,0.333
629,8:high-medium,8:high-medium,,0,0,0,0,0,0,0.222,*0.501,0.277
630,8:high-medium,8:high-medium,,0,0,0,0,0,0,0.222,*0.611,0.166
631,8:high-medium,8:high-medium,,0,0,0,0,0,0,0.335,*0.523,0.142
632,8:high-medium,8:high-medium,,0,0,0,0,0,0,0.389,*0.389,0.222
633,8:high-medium,8:high-medium,,0,0,0,0,0,0,0.333,*0.402,0.264
634,8:high-medium,7:high-low,+,0,0,0,0,0,0,*0.389,0.278,0.333
635,8:high-medium,8:high-medium,,0,0,0,0,0,0,0.169,*0.498,0.333
636,9:high-high,7:high-low,+,0,0,0,0,0,0,*0.441,0.379,0.18
637,8:high-medium,7:high-low,+,0,0,0,0,0,0,*0.389,0.333,0.278
638,8:high-medium,7:high-low,+,0,0,0,0,0,0,*0.389,0.38,0.231
639,8:high-medium,7:high-low,+,0,0,0,0,0,0,*0.497,0.281,0.222
640,8:high-medium,7:high-low,+,0,0,0,0,0,0,*0.442,0.28,0.278
641,8:high-medium,7:high-low,+,0,0,0,0,0,0,*0.445,0.389,0.167
642,8:high-medium,8:high-medium,,0,0,0,0,0,0,0.381,*0.452,0.167
643,8:high-medium,7:high-low,+,0,0,0,0,0,0,*0.455,0.434,0.111
644,8:high-medium,7:high-low,+,0,0,0,0,0,0,*0.499,0.39,0.111
645,8:high-medium,8:high-medium,,0,0,0,0,0,0,0.389,*0.5,0.111
646,8:high-medium,7:high-low,+,0,0,0,0,0,0,*0.45,0.439,0.111
647,8:high-medium,8:high-medium,,0,0,0,0,0,0,0.384,*0.505,0.111
648,8:high-medium,8:high-medium,,0,0,0,0,0,0,0.334,*0.555,0.111
649,8:high-medium,8:high-medium,,0,0,0,0,0,0,0.444,*0.444,0.111
650,8:high-medium,8:high-medium,,0,0,0,0,0,0,0.374,*0.5,0.126
651,8:high-medium,8:high-medium,,0,0,0,0,0,0,0.334,*0.501,0.165
652,8:high-medium,7:high-low,+,0,0,0,0,0,0,*0.444,0.389,0.167
653,8:high-medium,8:high-medium,,0,0,0,0,0,0,0.444,*0.444,0.111
654,8:high-medium,8:high-medium,,0,0,0,0,0,0,0.385,*0.503,0.111
655,7:high-low,8:high-medium,+,0,0,0,0,0,0,0.27,*0.618,0.112
656,8:high-medium,8:high-medium,,0,0,0,0,0,0,0.392,*0.497,0.111
657,8:high-medium,8:high-medium,,0,0,0,0,0,0,0.33,*0.559,0.111
658,8:high-medium,8:high-medium,,0,0,0,0,0,0,0.42,*0.469,0.111
659,8:high-medium,8:high-medium,,0,0,0,0,0,0,0.329,*0.449,0.222
660,8:high-medium,7:high-low,+,0,0,0,0,0,0,*0.439,0.394,0.166
661,8:high-medium,8:high-medium,,0,0,0,0,0,0,0.386,*0.502,0.112
662,8:high-medium,7:high-low,+,0,0,0,0,0,0,*0.496,0.393,0.111
663,8:high-medium,7:high-low,+,0,0,0,0,0,0,*0.554,0.335,0.111
664,9:high-high,8:high-medium,+,0,0,0,0,0,0,0.387,*0.502,0.111
665,8:high-medium,8:high-medium,,0,0,0,0,0,0,0.409,*0.466,0.124
666,8:high-medium,8:high-medium,,0,0,0,0,0,0,0.339,*0.498,0.163
667,8:high-medium,7:high-low,+,0,0,0,0,0,0,*0.436,0.398,0.167
668,8:high-medium,8:high-medium,,0,0,0,0,0,0,0.392,*0.448,0.16
669,8:high-medium,8:high-medium,,0,0,0,0,0,0,0.386,*0.455,0.159
670,8:high-medium,7:high-low,+,0,0,0,0,0,0,*0.5,0.391,0.108
671,8:high-medium,7:high-low,+,0,0,0,0,0,0,*0.498,0.392,0.111
672,8:high-medium,7:high-low,+,0,0,0,0,0,0,*0.44,0.395,0.166
673,8:high-medium,7:high-low,+,0,0,0,0,0,0,*0.5,0.395,0.105
674,8:high-medium,8:high-medium,,0,0,0,0,0,0,0.39,*0.445,0.165
675,8:high-medium,7:high-low,+,0,0,0,0,0,0,*0.494,0.391,0.115
676,8:high-medium,8:high-medium,,0,0,0,0,0,0,0.44,*0.448,0.111
677,8:high-medium,7:high-low,+,0,0,0,0,0,0,*0.496,0.449,0.056
678,8:high-medium,7:high-low,+,0,0,0,0,0,0,*0.501,0.332,0.167
679,9:high-high,7:high-low,+,0,0,0,0,0,0,*0.439,0.395,0.166
680,8:high-medium,8:high-medium,,0,0,0,0,0,0,0.333,*0.5,0.166
681,8:high-medium,8:high-medium,,0,0,0,0,0,0,0.333,*0.506,0.16
682,8:high-medium,7:high-low,+,0,0,0,0,0,0,*0.5,0.445,0.056
683,8:high-medium,8:high-medium,,0,0,0,0,0,0,0.404,*0.538,0.059
684,8:high-medium,8:high-medium,,0,0,0,0,0,0,0.397,*0.548,0.056
685,8:high-medium,8:high-medium,,0,0,0,0,0,0,0.389,*0.555,0.056
686,8:high-medium,8:high-medium,,0,0,0,0,0,0,0.418,*0.526,0.056
687,8:high-medium,8:high-medium,,0,0,0,0,0,0,0.425,*0.519,0.056
688,8:high-medium,8:high-medium,,0,0,0,0,0,0,0.389,*0.515,0.096
689,8:high-medium,7:high-low,+,0,0,0,0,0,0,*0.5,0.445,0.056
690,8:high-medium,7:high-low,+,0,0,0,0,0,0,*0.541,0.403,0.056
691,8:high-medium,7:high-low,+,0,0,0,0,0,0,*0.551,0.394,0.056
692,8:high-medium,8:high-medium,,0,0,0,0,0,0,0.444,*0.5,0.056
693,7:high-low,8:high-medium,+,0,0,0,0,0,0,0.461,*0.483,0.056
694,7:high-low,8:high-medium,+,0,0,0,0,0,0,0.398,*0.496,0.105
695,7:high-low,8:high-medium,+,0,0,0,0,0,0,0.444,*0.5,0.056
696,8:high-medium,8:high-medium,,0,0,0,0,0,0,0.444,*0.498,0.058
697,8:high-medium,8:high-medium,,0,0,0,0,0,0,0.382,*0.507,0.111
698,8:high-medium,8:high-medium,,0,0,0,0,0,0,0.386,*0.555,0.059
699,7:high-low,7:high-low,,0,0,0,0,0,0,*0.492,0.397,0.111
700,8:high-medium,7:high-low,+,0,0,0,0,0,0,*0.494,0.445,0.061
701,8:high-medium,7:high-low,+,0,0,0,0,0,0,*0.444,0.444,0.111
702,8:high-medium,8:high-medium,,0,0,0,0,0,0,0.389,*0.555,0.056
703,8:high-medium,7:high-low,+,0,0,0,0,0,0,*0.444,0.39,0.165
704,7:high-low,8:high-medium,+,0,0,0,0,0,0,0.444,*0.444,0.111
705,7:high-low,7:high-low,,0,0,0,0,0,0,*0.444,0.333,0.222
706,8:high-medium,7:high-low,+,0,0,0,0,0,0,*0.444,0.278,0.278
707,8:high-medium,7:high-low,+,0,0,0,0,0,0,*0.444,0.278,0.278
708,8:high-medium,8:high-medium,,0,0,0,0,0,0,0.278,*0.444,0.278
709,8:high-medium,8:high-medium,,0,0,0,0,0,0,0.222,*0.5,0.278
710,9:high-high,9:high-high,,0,0,0,0,0,0,0.278,0.35,*0.372
711,8:high-medium,7:high-low,+,0,0,0,0,0,0,*0.444,0.334,0.221
712,8:high-medium,8:high-medium,,0,0,0,0,0,0,0.389,*0.444,0.167
713,8:high-medium,8:high-medium,,0,0,0,0,0,0,0.222,*0.5,0.278
714,8:high-medium,8:high-medium,,0,0,0,0,0,0,0.278,*0.444,0.278
715,8:high-medium,8:high-medium,,0,0,0,0,0,0,0.278,*0.389,0.333
716,8:high-medium,8:high-medium,,0,0,0,0,0,0,0.347,*0.598,0.056
717,8:high-medium,8:high-medium,,0,0,0,0,0,0,0.343,*0.382,0.274
718,8:high-medium,8:high-medium,,0,0,0,0,0,0,0.196,*0.648,0.156
719,8:high-medium,8:high-medium,,0,0,0,0,0,0,0.387,*0.493,0.121
720,9:high-high,8:high-medium,+,0,0,0,0,0,0,0.303,*0.585,0.112
721,8:high-medium,8:high-medium,,0,0,0,0,0,0,0.256,*0.573,0.171
722,9:high-high,8:high-medium,+,0,0,0,0,0,0,0.224,*0.719,0.057
723,9:high-high,7:high-low,+,0,0,0,0,0,0,*0.5,0.33,0.17
724,9:high-high,8:high-medium,+,0,0,0,0,0,0,0.278,*0.556,0.167
725,9:high-high,8:high-medium,+,0,0,0,0,0,0,0.389,*0.444,0.167
726,9:high-high,8:high-medium,+,0,0,0,0,0,0,0.278,*0.554,0.168
727,9:high-high,8:high-medium,+,0,0,0,0,0,0,0.278,*0.491,0.231
728,9:high-high,8:high-medium,+,0,0,0,0,0,0,0.272,*0.449,0.278
729,9:high-high,8:high-medium,+,0,0,0,0,0,0,0.222,*0.501,0.277
730,8:high-medium,8:high-medium,,0,0,0,0,0,0,0.222,*0.611,0.167
731,9:high-high,8:high-medium,+,0,0,0,0,0,0,0.383,*0.395,0.222
732,9:high-high,8:high-medium,+,0,0,0,0,0,0,0.278,*0.5,0.222
733,8:high-medium,8:high-medium,,0,0,0,0,0,0,0.156,*0.622,0.222
734,9:high-high,8:high-medium,+,0,0,0,0,0,0,0.278,*0.444,0.278
735,8:high-medium,8:high-medium,,0,0,0,0,0,0,0.241,*0.537,0.222
736,9:high-high,8:high-medium,+,0,0,0,0,0,0,0.333,*0.389,0.278
737,9:high-high,8:high-medium,+,0,0,0,0,0,0,0.242,*0.476,0.282
738,9:high-high,8:high-medium,+,0,0,0,0,0,0,0.289,*0.431,0.28
739,8:high-medium,8:high-medium,,0,0,0,0,0,0,0.244,*0.422,0.333
740,9:high-high,8:high-medium,+,0,0,0,0,0,0,0.174,*0.548,0.278
741,9:high-high,8:high-medium,+,0,0,0,0,0,0,0.288,*0.49,0.222
742,9:high-high,8:high-medium,+,0,0,0,0,0,0,0.113,*0.655,0.232
743,9:high-high,8:high-medium,+,0,0,0,0,0,0,0.333,*0.463,0.204
744,9:high-high,8:high-medium,+,0,0,0,0,0,0,0.167,*0.448,0.385
745,9:high-high,7:high-low,+,0,0,0,0,0,0,*0.351,0.319,0.33
746,9:high-high,7:high-low,+,0,0,0,0,0,0,*0.407,0.259,0.334
747,9:high-high,7:high-low,+,0,0,0,0,0,0,*0.402,0.264,0.335
748,9:high-high,8:high-medium,+,0,0,0,0,0,0,0.238,*0.428,0.333
749,9:high-high,9:high-high,,0,0,0,0,0,0,0.337,0.266,*0.396
750,9:high-high,9:high-high,,0,0,0,0,0,0,0.237,0.319,*0.444
751,9:high-high,9:high-high,,0,0,0,0,0,0,0.24,0.316,*0.444
752,9:high-high,9:high-high,,0,0,0,0,0,0,0.287,0.267,*0.445
753,9:high-high,9:high-high,,0,0,0,0,0,0,0.277,0.278,*0.444
754,9:high-high,9:high-high,,0,0,0,0,0,0,0.196,0.36,*0.445
755,9:high-high,9:high-high,,0,0,0,0,0,0,0.256,0.3,*0.445
756,9:high-high,9:high-high,,0,0,0,0,0,0,0.242,0.32,*0.438
757,9:high-high,9:high-high,,0,0,0,0,0,0,0.3,0.255,*0.445
758,9:high-high,9:high-high,,0,0,0,0,0,0,0.246,0.309,*0.446
759,9:high-high,9:high-high,,0,0,0,0,0,0,0.24,0.314,*0.446
760,9:high-high,9:high-high,,0,0,0,0,0,0,0.305,0.25,*0.444
761,9:high-high,9:high-high,,0,0,0,0,0,0,0.242,0.294,*0.464
762,9:high-high,9:high-high,,0,0,0,0,0,0,0.167,0.389,*0.444
763,9:high-high,9:high-high,,0,0,0,0,0,0,0.189,0.343,*0.467
764,9:high-high,9:high-high,,0,0,0,0,0,0,0.241,0.294,*0.465
765,9:high-high,9:high-high,,0,0,0,0,0,0,0.19,0.365,*0.445
766,9:high-high,9:high-high,,0,0,0,0,0,0,0.303,0.256,*0.441
767,9:high-high,9:high-high,,0,0,0,0,0,0,0.351,0.26,*0.389
768,9:high-high,9:high-high,,0,0,0,0,0,0,0.242,0.314,*0.444
769,9:high-high,9:high-high,,0,0,0,0,0,0,0.194,0.361,*0.444
770,9:high-high,9:high-high,,0,0,0,0,0,0,0.301,0.31,*0.389
771,9:high-high,9:high-high,,0,0,0,0,0,0,0.29,0.321,*0.389
772,9:high-high,9:high-high,,0,0,0,0,0,0,0.303,0.308,*0.389
773,9:high-high,9:high-high,,0,0,0,0,0,0,0.264,0.291,*0.444
774,9:high-high,9:high-high,,0,0,0,0,0,0,0.237,0.319,*0.444
775,9:high-high,8:high-medium,+,0,0,0,0,0,0,0.223,*0.424,0.354
776,9:high-high,8:high-medium,+,0,0,0,0,0,0,0.424,*0.465,0.111
777,9:high-high,8:high-medium,+,0,0,0,0,0,0,0.278,*0.555,0.167
778,9:high-high,8:high-medium,+,0,0,0,0,0,0,0.276,*0.495,0.229
779,9:high-high,7:high-low,+,0,0,0,0,0,0,*0.442,0.442,0.116
780,9:high-high,7:high-low,+,0,0,0,0,0,0,*0.428,0.361,0.211
781,9:high-high,8:high-medium,+,0,0,0,0,0,0,0.237,*0.486,0.278
782,9:high-high,8:high-medium,+,0,0,0,0,0,0,0.31,*0.467,0.223
783,9:high-high,7:high-low,+,0,0,0,0,0,0,*0.335,0.331,0.333
784,9:high-high,8:high-medium,+,0,0,0,0,0,0,0.282,*0.384,0.333
785,9:high-high,8:high-medium,+,0,0,0,0,0,0,0.306,*0.416,0.278
786,9:high-high,8:high-medium,+,0,0,0,0,0,0,0.331,*0.336,0.333
787,9:high-high,8:high-medium,+,0,0,0,0,0,0,0.222,*0.556,0.222
788,9:high-high,8:high-medium,+,0,0,0,0,0,0,0.278,*0.5,0.222
789,9:high-high,8:high-medium,+,0,0,0,0,0,0,0.331,*0.391,0.278
790,9:high-high,7:high-low,+,0,0,0,0,0,0,*0.389,0.389,0.222
791,9:high-high,8:high-medium,+,0,0,0,0,0,0,0.333,*0.46,0.207
792,9:high-high,8:high-medium,+,0,0,0,0,0,0,0.323,*0.566,0.111
793,9:high-high,8:high-medium,+,0,0,0,0,0,0,0.278,*0.611,0.111
794,9:high-high,7:high-low,+,0,0,0,0,0,0,*0.444,0.334,0.222
795,9:high-high,8:high-medium,+,0,0,0,0,0,0,0.222,*0.609,0.168
796,9:high-high,8:high-medium,+,0,0,0,0,0,0,0.278,*0.555,0.167
797,9:high-high,8:high-medium,+,0,0,0,0,0,0,0.288,*0.545,0.167
798,9:high-high,8:high-medium,+,0,0,0,0,0,0,0.284,*0.55,0.167
799,9:high-high,8:high-medium,+,0,0,0,0,0,0,0.312,*0.577,0.111
800,9:high-high,8:high-medium,+,0,0,0,0,0,0,0.333,*0.5,0.167
801,9:high-high,8:high-medium,+,0,0,0,0,0,0,0.284,*0.549,0.167
802,9:high-high,8:high-medium,+,0,0,0,0,0,0,0.289,*0.6,0.111
803,9:high-high,8:high-medium,+,0,0,0,0,0,0,0.352,*0.537,0.111
804,9:high-high,8:high-medium,+,0,0,0,0,0,0,0.383,*0.506,0.111
805,9:high-high,8:high-medium,+,0,0,0,0,0,0,0.278,*0.611,0.111
806,9:high-high,8:high-medium,+,0,0,0,0,0,0,0.362,*0.526,0.111
807,9:high-high,8:high-medium,+,0,0,0,0,0,0,0.278,*0.556,0.167
808,9:high-high,8:high-medium,+,0,0,0,0,0,0,0.377,*0.512,0.111
809,9:high-high,8:high-medium,+,0,0,0,0,0,0,0.279,*0.554,0.167
810,8:high-medium,8:high-medium,,0,0,0,0,0,0,0.278,*0.555,0.167
811,8:high-medium,7:high-low,+,0,0,0,0,0,0,*0.446,0.443,0.111
812,8:high-medium,8:high-medium,,0,0,0,0,0,0,0.288,*0.546,0.167
813,8:high-medium,8:high-medium,,0,0,0,0,0,0,0.333,*0.556,0.111
814,8:high-medium,8:high-medium,,0,0,0,0,0,0,0.332,*0.556,0.111
815,8:high-medium,8:high-medium,,0,0,0,0,0,0,0.326,*0.563,0.111
816,9:high-high,8:high-medium,+,0,0,0,0,0,0,0.331,*0.558,0.111
817,8:high-medium,8:high-medium,,0,0,0,0,0,0,0.334,*0.555,0.111
818,7:high-low,8:high-medium,+,0,0,0,0,0,0,0.279,*0.61,0.111
819,8:high-medium,8:high-medium,,0,0,0,0,0,0,0.332,*0.557,0.111
820,8:high-medium,8:high-medium,,0,0,0,0,0,0,0.333,*0.556,0.111
821,8:high-medium,8:high-medium,,0,0,0,0,0,0,0.278,*0.611,0.111
822,8:high-medium,8:high-medium,,0,0,0,0,0,0,0.278,*0.556,0.166
823,8:high-medium,8:high-medium,,0,0,0,0,0,0,0.389,*0.556,0.056
824,8:high-medium,8:high-medium,,0,0,0,0,0,0,0.222,*0.612,0.167
825,8:high-medium,8:high-medium,,0,0,0,0,0,0,0.165,*0.613,0.222
826,9:high-high,8:high-medium,+,0,0,0,0,0,0,0.292,*0.497,0.211
827,9:high-high,8:high-medium,+,0,0,0,0,0,0,0.33,*0.501,0.169
828,9:high-high,8:high-medium,+,0,0,0,0,0,0,0.278,*0.5,0.222
829,9:high-high,8:high-medium,+,0,0,0,0,0,0,0.389,*0.5,0.111
830,8:high-medium,8:high-medium,,0,0,0,0,0,0,0.283,*0.662,0.056
831,8:high-medium,8:high-medium,,0,0,0,0,0,0,0.222,*0.722,0.056
832,8:high-medium,8:high-medium,,0,0,0,0,0,0,0.444,*0.5,0.056
833,9:high-high,8:high-medium,+,0,0,0,0,0,0,0.444,*0.5,0.056
834,8:high-medium,8:high-medium,,0,0,0,0,0,0,0.444,*0.501,0.056
835,9:high-high,8:high-medium,+,0,0,0,0,0,0,0.424,*0.521,0.056
836,8:high-medium,8:high-medium,,0,0,0,0,0,0,0.251,*0.694,0.056
837,8:high-medium,8:high-medium,,0,0,0,0,0,0,0.193,*0.751,0.056
838,9:high-high,7:high-low,+,0,0,0,0,0,0,*0.5,0.444,0.056
839,8:high-medium,8:high-medium,,0,0,0,0,0,0,0.412,*0.476,0.111
840,9:high-high,8:high-medium,+,0,0,0,0,0,0,0.444,*0.5,0.056
841,8:high-medium,8:high-medium,,0,0,0,0,0,0,0.353,*0.591,0.056
842,9:high-high,8:high-medium,+,0,0,0,0,0,0,0.278,*0.667,0.056
843,9:high-high,8:high-medium,+,0,0,0,0,0,0,0.29,*0.654,0.056
844,9:high-high,8:high-medium,+,0,0,0,0,0,0,0.342,*0.602,0.056
845,9:high-high,8:high-medium,+,0,0,0,0,0,0,0.237,*0.652,0.111
846,7:high-low,9:high-high,+,0,0,0,0,0,0,0.278,0.333,*0.389
