inst#,actual,predicted,error,distribution,,,,,,,,
1,8:high-medium,8:high-medium,,0,0,0,0,0,0,0.179,*0.727,0.094
2,8:high-medium,8:high-medium,,0,0,0,0,0,0,0.247,*0.687,0.066
3,8:high-medium,8:high-medium,,0,0,0,0,0,0,0.132,*0.726,0.142
4,8:high-medium,8:high-medium,,0,0,0,0,0,0,0.139,*0.785,0.076
5,8:high-medium,8:high-medium,,0,0,0,0,0,0,0.134,*0.745,0.12
6,7:high-low,8:high-medium,+,0,0,0,0,0,0,0.181,*0.746,0.073
7,8:high-medium,8:high-medium,,0,0,0,0,0,0,0.247,*0.687,0.066
8,8:high-medium,8:high-medium,,0,0,0,0,0,0,0.181,*0.746,0.072
9,8:high-medium,8:high-medium,,0,0,0,0,0,0,0.114,*0.786,0.1
10,8:high-medium,8:high-medium,,0,0,0,0,0,0,0.133,*0.747,0.12
11,7:high-low,8:high-medium,+,0,0,0,0,0,0,0.158,*0.746,0.096
12,8:high-medium,8:high-medium,,0,0,0,0,0,0,0.107,*0.728,0.165
13,8:high-medium,8:high-medium,,0,0,0,0,0,0,0.149,*0.667,0.184
14,8:high-medium,8:high-medium,,0,0,0,0,0,0,0.126,*0.688,0.186
15,8:high-medium,8:high-medium,,0,0,0,0,0,0,0.111,*0.746,0.144
16,8:high-medium,8:high-medium,,0,0,0,0,0,0,0.153,*0.706,0.141
17,8:high-medium,8:high-medium,,0,0,0,0,0,0,0.175,*0.686,0.138
18,8:high-medium,8:high-medium,,0,0,0,0,0,0,0.129,*0.707,0.164
19,8:high-medium,8:high-medium,,0,0,0,0,0,0,0.125,*0.667,0.208
20,8:high-medium,8:high-medium,,0,0,0,0,0,0,0.154,*0.706,0.14
21,7:high-low,8:high-medium,+,0,0,0,0,0,0,0.108,*0.726,0.166
22,7:high-low,8:high-medium,+,0,0,0,0,0,0,0.156,*0.727,0.118
23,7:high-low,8:high-medium,+,0,0,0,0,0,0,0.244,*0.646,0.11
24,7:high-low,8:high-medium,+,0,0,0,0,0,0,0.171,*0.648,0.182
25,7:high-low,8:high-medium,+,0,0,0,0,0,0,0.152,*0.687,0.162
26,8:high-medium,8:high-medium,,0,0,0,0,0,0,0.285,*0.587,0.128
27,7:high-low,8:high-medium,+,0,0,0,0,0,0,0.35,*0.528,0.122
28,8:high-medium,8:high-medium,,0,0,0,0,0,0,0.22,*0.646,0.134
29,8:high-medium,8:high-medium,,0,0,0,0,0,0,0.153,*0.708,0.139
30,8:high-medium,8:high-medium,,0,0,0,0,0,0,0.129,*0.707,0.164
31,8:high-medium,8:high-medium,,0,0,0,0,0,0,0.239,*0.607,0.154
32,8:high-medium,8:high-medium,,0,0,0,0,0,0,0.109,*0.747,0.144
33,8:high-medium,8:high-medium,,0,0,0,0,0,0,0.217,*0.628,0.155
34,8:high-medium,8:high-medium,,0,0,0,0,0,0,0.09,*0.786,0.124
35,8:high-medium,8:high-medium,,0,0,0,0,0,0,0.149,*0.667,0.184
36,8:high-medium,8:high-medium,,0,0,0,0,0,0,0.233,*0.57,0.197
37,8:high-medium,8:high-medium,,0,0,0,0,0,0,0.172,*0.646,0.182
38,8:high-medium,7:high-low,+,0,0,0,0,0,0,*0.523,0.391,0.086
39,7:high-low,8:high-medium,+,0,0,0,0,0,0,0.119,*0.609,0.272
40,8:high-medium,8:high-medium,,0,0,0,0,0,0,0.229,*0.53,0.241
41,8:high-medium,8:high-medium,,0,0,0,0,0,0,0.096,*0.63,0.274
42,8:high-medium,8:high-medium,,0,0,0,0,0,0,0.106,*0.728,0.165
43,8:high-medium,8:high-medium,,0,0,0,0,0,0,0.13,*0.707,0.163
44,7:high-low,8:high-medium,+,0,0,0,0,0,0,0.15,*0.667,0.183
45,7:high-low,8:high-medium,+,0,0,0,0,0,0,0.192,*0.65,0.158
46,8:high-medium,8:high-medium,,0,0,0,0,0,0,0.194,*0.648,0.158
47,7:high-low,8:high-medium,+,0,0,0,0,0,0,0.194,*0.648,0.158
48,7:high-low,8:high-medium,+,0,0,0,0,0,0,0.238,*0.629,0.133
49,8:high-medium,8:high-medium,,0,0,0,0,0,0,0.118,*0.608,0.273
50,8:high-medium,8:high-medium,,0,0,0,0,0,0,0.15,*0.688,0.162
51,8:high-medium,7:high-low,+,0,0,0,0,0,0,*0.61,0.335,0.055
52,8:high-medium,8:high-medium,,0,0,0,0,0,0,0.206,*0.551,0.243
53,8:high-medium,8:high-medium,,0,0,0,0,0,0,0.148,*0.668,0.183
54,8:high-medium,8:high-medium,,0,0,0,0,0,0,0.172,*0.668,0.16
55,8:high-medium,8:high-medium,,0,0,0,0,0,0,0.187,*0.59,0.223
56,8:high-medium,8:high-medium,,0,0,0,0,0,0,0.19,*0.631,0.179
57,8:high-medium,8:high-medium,,0,0,0,0,0,0,0.138,*0.59,0.272
58,8:high-medium,8:high-medium,,0,0,0,0,0,0,0.137,*0.57,0.293
59,8:high-medium,8:high-medium,,0,0,0,0,0,0,0.11,*0.746,0.144
60,8:high-medium,8:high-medium,,0,0,0,0,0,0,0.171,*0.649,0.181
61,8:high-medium,8:high-medium,,0,0,0,0,0,0,0.213,*0.611,0.177
62,8:high-medium,8:high-medium,,0,0,0,0,0,0,0.176,*0.707,0.116
63,8:high-medium,8:high-medium,,0,0,0,0,0,0,0.192,*0.628,0.179
64,8:high-medium,8:high-medium,,0,0,0,0,0,0,0.146,*0.649,0.205
65,8:high-medium,8:high-medium,,0,0,0,0,0,0,0.17,*0.628,0.203
66,8:high-medium,8:high-medium,,0,0,0,0,0,0,0.215,*0.629,0.156
67,8:high-medium,8:high-medium,,0,0,0,0,0,0,0.257,*0.569,0.174
68,8:high-medium,8:high-medium,,0,0,0,0,0,0,0.13,*0.707,0.163
69,8:high-medium,8:high-medium,,0,0,0,0,0,0,0.122,*0.648,0.23
70,8:high-medium,8:high-medium,,0,0,0,0,0,0,0.146,*0.648,0.206
71,8:high-medium,8:high-medium,,0,0,0,0,0,0,0.175,*0.688,0.137
72,8:high-medium,8:high-medium,,0,0,0,0,0,0,0.158,*0.747,0.096
73,8:high-medium,8:high-medium,,0,0,0,0,0,0,0.264,*0.628,0.108
74,8:high-medium,8:high-medium,,0,0,0,0,0,0,0.184,*0.571,0.245
75,9:high-high,8:high-medium,+,0,0,0,0,0,0,0.119,*0.63,0.252
76,9:high-high,8:high-medium,+,0,0,0,0,0,0,0.115,*0.59,0.295
77,9:high-high,8:high-medium,+,0,0,0,0,0,0,0.192,*0.651,0.157
78,8:high-medium,8:high-medium,,0,0,0,0,0,0,0.195,*0.669,0.136
79,8:high-medium,8:high-medium,,0,0,0,0,0,0,0.14,*0.611,0.25
80,9:high-high,8:high-medium,+,0,0,0,0,0,0,0.171,*0.43,0.399
81,9:high-high,8:high-medium,+,0,0,0,0,0,0,0.18,*0.532,0.289
82,9:high-high,8:high-medium,+,0,0,0,0,0,0,0.129,*0.511,0.359
83,9:high-high,8:high-medium,+,0,0,0,0,0,0,0.15,*0.472,0.378
84,9:high-high,8:high-medium,+,0,0,0,0,0,0,0.156,*0.531,0.313
85,9:high-high,8:high-medium,+,0,0,0,0,0,0,0.24,*0.433,0.327
86,9:high-high,9:high-high,,0,0,0,0,0,0,0.324,0.335,*0.341
87,9:high-high,8:high-medium,+,0,0,0,0,0,0,0.284,*0.392,0.324
88,9:high-high,8:high-medium,+,0,0,0,0,0,0,0.178,*0.51,0.312
89,9:high-high,8:high-medium,+,0,0,0,0,0,0,0.27,*0.471,0.259
90,9:high-high,8:high-medium,+,0,0,0,0,0,0,0.199,*0.492,0.309
91,9:high-high,9:high-high,,0,0,0,0,0,0,0.232,0.353,*0.415
92,9:high-high,8:high-medium,+,0,0,0,0,0,0,0.181,*0.53,0.289
93,9:high-high,8:high-medium,+,0,0,0,0,0,0,0.244,*0.451,0.305
94,9:high-high,8:high-medium,+,0,0,0,0,0,0,0.267,*0.431,0.302
95,9:high-high,8:high-medium,+,0,0,0,0,0,0,0.266,*0.431,0.303
96,9:high-high,9:high-high,,0,0,0,0,0,0,0.256,0.354,*0.39
97,9:high-high,8:high-medium,+,0,0,0,0,0,0,0.198,*0.472,0.33
98,9:high-high,8:high-medium,+,0,0,0,0,0,0,0.237,*0.393,0.371
99,9:high-high,8:high-medium,+,0,0,0,0,0,0,0.248,*0.491,0.261
100,9:high-high,8:high-medium,+,0,0,0,0,0,0,0.286,*0.412,0.302
101,9:high-high,8:high-medium,+,0,0,0,0,0,0,0.2,*0.491,0.309
102,9:high-high,8:high-medium,+,0,0,0,0,0,0,0.172,*0.451,0.377
103,9:high-high,8:high-medium,+,0,0,0,0,0,0,0.176,*0.491,0.333
104,9:high-high,8:high-medium,+,0,0,0,0,0,0,0.168,*0.432,0.399
105,9:high-high,9:high-high,,0,0,0,0,0,0,0.163,0.372,*0.465
106,9:high-high,8:high-medium,+,0,0,0,0,0,0,0.261,*0.392,0.347
107,9:high-high,9:high-high,,0,0,0,0,0,0,0.214,0.391,*0.396
108,9:high-high,8:high-medium,+,0,0,0,0,0,0,0.199,*0.47,0.331
109,9:high-high,8:high-medium,+,0,0,0,0,0,0,0.193,*0.432,0.375
110,9:high-high,8:high-medium,+,0,0,0,0,0,0,0.195,*0.452,0.353
111,9:high-high,8:high-medium,+,0,0,0,0,0,0,0.22,*0.451,0.329
112,9:high-high,8:high-medium,+,0,0,0,0,0,0,0.174,*0.471,0.355
113,9:high-high,9:high-high,,0,0,0,0,0,0,0.256,0.352,*0.392
114,9:high-high,8:high-medium,+,0,0,0,0,0,0,0.238,*0.413,0.35
115,9:high-high,8:high-medium,+,0,0,0,0,0,0,0.175,*0.47,0.355
116,9:high-high,8:high-medium,+,0,0,0,0,0,0,0.294,*0.47,0.235
117,8:high-medium,8:high-medium,,0,0,0,0,0,0,0.103,*0.471,0.426
118,8:high-medium,8:high-medium,,0,0,0,0,0,0,0.329,*0.373,0.298
119,9:high-high,8:high-medium,+,0,0,0,0,0,0,0.19,*0.412,0.397
120,9:high-high,9:high-high,,0,0,0,0,0,0,0.087,0.355,*0.558
121,9:high-high,9:high-high,,0,0,0,0,0,0,0.064,0.354,*0.582
122,9:high-high,9:high-high,,0,0,0,0,0,0,0.092,0.393,*0.514
123,9:high-high,8:high-medium,+,0,0,0,0,0,0,0.078,*0.472,0.45
124,9:high-high,9:high-high,,0,0,0,0,0,0,0.113,0.374,*0.513
125,9:high-high,9:high-high,,0,0,0,0,0,0,0.075,0.453,*0.472
126,9:high-high,9:high-high,,0,0,0,0,0,0,0.087,0.354,*0.559
127,9:high-high,9:high-high,,0,0,0,0,0,0,0.073,0.454,*0.472
128,9:high-high,9:high-high,,0,0,0,0,0,0,0.096,0.434,*0.47
129,9:high-high,9:high-high,,0,0,0,0,0,0,0.074,0.454,*0.472
130,9:high-high,9:high-high,,0,0,0,0,0,0,0.069,0.414,*0.517
131,9:high-high,8:high-medium,+,0,0,0,0,0,0,0.169,*0.432,0.398
132,9:high-high,8:high-medium,+,0,0,0,0,0,0,0.195,*0.452,0.353
133,9:high-high,8:high-medium,+,0,0,0,0,0,0,0.099,*0.452,0.449
134,9:high-high,9:high-high,,0,0,0,0,0,0,0.167,0.412,*0.421
135,9:high-high,9:high-high,,0,0,0,0,0,0,0.113,0.374,*0.513
136,9:high-high,9:high-high,,0,0,0,0,0,0,0.115,0.373,*0.512
137,9:high-high,9:high-high,,0,0,0,0,0,0,0.118,0.413,*0.469
138,9:high-high,9:high-high,,0,0,0,0,0,0,0.111,0.354,*0.536
139,9:high-high,9:high-high,,0,0,0,0,0,0,0.164,0.393,*0.443
140,9:high-high,9:high-high,,0,0,0,0,0,0,0.117,0.393,*0.49
141,9:high-high,9:high-high,,0,0,0,0,0,0,0.133,0.334,*0.534
142,9:high-high,9:high-high,,0,0,0,0,0,0,0.143,0.412,*0.445
143,9:high-high,9:high-high,,0,0,0,0,0,0,0.111,0.354,*0.535
144,9:high-high,9:high-high,,0,0,0,0,0,0,0.109,0.334,*0.558
145,9:high-high,9:high-high,,0,0,0,0,0,0,0.162,0.373,*0.465
146,9:high-high,9:high-high,,0,0,0,0,0,0,0.179,0.314,*0.507
147,9:high-high,9:high-high,,0,0,0,0,0,0,0.104,0.295,*0.601
148,9:high-high,9:high-high,,0,0,0,0,0,0,0.106,0.314,*0.579
149,9:high-high,9:high-high,,0,0,0,0,0,0,0.103,0.296,*0.6
150,9:high-high,8:high-medium,+,0,0,0,0,0,0,0.169,*0.432,0.399
151,9:high-high,9:high-high,,0,0,0,0,0,0,0.209,0.373,*0.418
152,9:high-high,9:high-high,,0,0,0,0,0,0,0.108,0.334,*0.557
153,9:high-high,9:high-high,,0,0,0,0,0,0,0.154,0.314,*0.532
154,9:high-high,8:high-medium,+,0,0,0,0,0,0,0.127,*0.491,0.382
155,9:high-high,8:high-medium,+,0,0,0,0,0,0,0.146,*0.452,0.402
156,9:high-high,8:high-medium,+,0,0,0,0,0,0,0.242,*0.452,0.306
157,9:high-high,9:high-high,,0,0,0,0,0,0,0.211,0.393,*0.396
158,9:high-high,9:high-high,,0,0,0,0,0,0,0.117,0.392,*0.491
159,9:high-high,8:high-medium,+,0,0,0,0,0,0,0.106,*0.511,0.384
160,9:high-high,8:high-medium,+,0,0,0,0,0,0,0.24,*0.432,0.329
161,9:high-high,8:high-medium,+,0,0,0,0,0,0,0.222,*0.492,0.286
162,9:high-high,9:high-high,,0,0,0,0,0,0,0.142,0.413,*0.445
163,9:high-high,9:high-high,,0,0,0,0,0,0,0.164,0.393,*0.444
164,9:high-high,8:high-medium,+,0,0,0,0,0,0,0.143,*0.434,0.423
165,9:high-high,8:high-medium,+,0,0,0,0,0,0,0.168,*0.432,0.4
166,9:high-high,9:high-high,,0,0,0,0,0,0,0.165,0.412,*0.422
167,9:high-high,8:high-medium,+,0,0,0,0,0,0,0.235,*0.392,0.372
168,9:high-high,9:high-high,,0,0,0,0,0,0,0.255,0.353,*0.392
169,9:high-high,8:high-medium,+,0,0,0,0,0,0,0.143,*0.433,0.424
170,9:high-high,8:high-medium,+,0,0,0,0,0,0,0.121,*0.453,0.425
171,9:high-high,8:high-medium,+,0,0,0,0,0,0,0.193,*0.431,0.376
172,9:high-high,9:high-high,,0,0,0,0,0,0,0.208,0.373,*0.418
173,9:high-high,9:high-high,,0,0,0,0,0,0,0.164,0.414,*0.422
174,9:high-high,8:high-medium,+,0,0,0,0,0,0,0.172,*0.472,0.355
175,9:high-high,8:high-medium,+,0,0,0,0,0,0,0.214,*0.432,0.353
176,9:high-high,9:high-high,,0,0,0,0,0,0,0.165,0.413,*0.422
177,9:high-high,9:high-high,,0,0,0,0,0,0,0.187,0.393,*0.42
178,9:high-high,8:high-medium,+,0,0,0,0,0,0,0.192,*0.453,0.354
179,9:high-high,9:high-high,,0,0,0,0,0,0,0.21,0.393,*0.396
180,9:high-high,8:high-medium,+,0,0,0,0,0,0,0.177,*0.533,0.29
181,9:high-high,8:high-medium,+,0,0,0,0,0,0,0.15,*0.492,0.358
182,9:high-high,8:high-medium,+,0,0,0,0,0,0,0.199,*0.512,0.289
183,9:high-high,8:high-medium,+,0,0,0,0,0,0,0.167,*0.433,0.401
184,9:high-high,8:high-medium,+,0,0,0,0,0,0,0.112,*0.592,0.296
185,9:high-high,8:high-medium,+,0,0,0,0,0,0,0.154,*0.531,0.315
186,9:high-high,8:high-medium,+,0,0,0,0,0,0,0.194,*0.473,0.333
187,9:high-high,8:high-medium,+,0,0,0,0,0,0,0.238,*0.434,0.328
188,9:high-high,8:high-medium,+,0,0,0,0,0,0,0.214,*0.433,0.354
189,9:high-high,8:high-medium,+,0,0,0,0,0,0,0.153,*0.532,0.314
190,9:high-high,8:high-medium,+,0,0,0,0,0,0,0.133,*0.552,0.315
191,9:high-high,8:high-medium,+,0,0,0,0,0,0,0.252,*0.551,0.197
192,9:high-high,8:high-medium,+,0,0,0,0,0,0,0.241,*0.475,0.283
193,9:high-high,8:high-medium,+,0,0,0,0,0,0,0.121,*0.454,0.426
194,9:high-high,8:high-medium,+,0,0,0,0,0,0,0.194,*0.474,0.332
195,9:high-high,8:high-medium,+,0,0,0,0,0,0,0.218,*0.473,0.309
196,9:high-high,8:high-medium,+,0,0,0,0,0,0,0.22,*0.492,0.287
197,9:high-high,8:high-medium,+,0,0,0,0,0,0,0.217,*0.475,0.309
198,9:high-high,8:high-medium,+,0,0,0,0,0,0,0.15,*0.512,0.337
199,9:high-high,8:high-medium,+,0,0,0,0,0,0,0.171,*0.473,0.357
200,9:high-high,8:high-medium,+,0,0,0,0,0,0,0.161,*0.592,0.247
201,9:high-high,8:high-medium,+,0,0,0,0,0,0,0.167,*0.629,0.204
202,9:high-high,8:high-medium,+,0,0,0,0,0,0,0.211,*0.612,0.177
203,8:high-medium,8:high-medium,,0,0,0,0,0,0,0.328,*0.589,0.082
204,9:high-high,8:high-medium,+,0,0,0,0,0,0,0.198,*0.687,0.115
205,9:high-high,8:high-medium,+,0,0,0,0,0,0,0.197,*0.667,0.136
206,8:high-medium,8:high-medium,,0,0,0,0,0,0,0.286,*0.607,0.107
207,9:high-high,8:high-medium,+,0,0,0,0,0,0,0.283,*0.588,0.129
208,8:high-medium,8:high-medium,,0,0,0,0,0,0,0.345,*0.51,0.145
209,8:high-medium,8:high-medium,,0,0,0,0,0,0,0.304,*0.569,0.127
210,7:high-low,8:high-medium,+,0,0,0,0,0,0,0.303,*0.57,0.127
211,9:high-high,8:high-medium,+,0,0,0,0,0,0,0.215,*0.608,0.178
212,9:high-high,8:high-medium,+,0,0,0,0,0,0,0.195,*0.669,0.137
213,9:high-high,8:high-medium,+,0,0,0,0,0,0,0.215,*0.628,0.157
214,9:high-high,8:high-medium,+,0,0,0,0,0,0,0.257,*0.59,0.153
215,9:high-high,8:high-medium,+,0,0,0,0,0,0,0.252,*0.553,0.196
216,9:high-high,8:high-medium,+,0,0,0,0,0,0,0.238,*0.63,0.132
217,9:high-high,8:high-medium,+,0,0,0,0,0,0,0.255,*0.593,0.152
218,9:high-high,8:high-medium,+,0,0,0,0,0,0,0.216,*0.65,0.134
219,9:high-high,8:high-medium,+,0,0,0,0,0,0,0.282,*0.591,0.128
220,9:high-high,8:high-medium,+,0,0,0,0,0,0,0.304,*0.57,0.127
221,9:high-high,8:high-medium,+,0,0,0,0,0,0,0.238,*0.629,0.132
222,9:high-high,8:high-medium,+,0,0,0,0,0,0,0.282,*0.59,0.127
223,9:high-high,8:high-medium,+,0,0,0,0,0,0,0.303,*0.571,0.126
224,8:high-medium,8:high-medium,,0,0,0,0,0,0,0.416,*0.511,0.072
225,8:high-medium,8:high-medium,,0,0,0,0,0,0,0.282,*0.591,0.127
226,9:high-high,8:high-medium,+,0,0,0,0,0,0,0.284,*0.61,0.105
227,8:high-medium,8:high-medium,,0,0,0,0,0,0,0.305,*0.591,0.104
228,8:high-medium,8:high-medium,,0,0,0,0,0,0,0.433,*0.452,0.114
229,8:high-medium,8:high-medium,,0,0,0,0,0,0,0.346,*0.532,0.122
230,8:high-medium,7:high-low,+,0,0,0,0,0,0,*0.457,0.452,0.091
231,8:high-medium,8:high-medium,,0,0,0,0,0,0,0.389,*0.471,0.141
232,8:high-medium,8:high-medium,,0,0,0,0,0,0,0.392,*0.512,0.096
233,8:high-medium,7:high-low,+,0,0,0,0,0,0,*0.432,0.431,0.137
234,8:high-medium,8:high-medium,,0,0,0,0,0,0,0.415,*0.491,0.094
235,8:high-medium,8:high-medium,,0,0,0,0,0,0,0.389,*0.491,0.12
236,9:high-high,8:high-medium,+,0,0,0,0,0,0,0.298,*0.532,0.17
237,8:high-medium,8:high-medium,,0,0,0,0,0,0,0.325,*0.551,0.124
238,9:high-high,8:high-medium,+,0,0,0,0,0,0,0.253,*0.552,0.196
239,8:high-medium,8:high-medium,,0,0,0,0,0,0,0.388,*0.472,0.14
240,9:high-high,8:high-medium,+,0,0,0,0,0,0,0.314,*0.473,0.212
241,9:high-high,8:high-medium,+,0,0,0,0,0,0,0.319,*0.512,0.169
242,9:high-high,8:high-medium,+,0,0,0,0,0,0,0.163,*0.611,0.226
243,9:high-high,8:high-medium,+,0,0,0,0,0,0,0.247,*0.513,0.24
244,9:high-high,8:high-medium,+,0,0,0,0,0,0,0.184,*0.591,0.225
245,9:high-high,8:high-medium,+,0,0,0,0,0,0,0.252,*0.552,0.196
246,9:high-high,8:high-medium,+,0,0,0,0,0,0,0.217,*0.454,0.33
247,9:high-high,8:high-medium,+,0,0,0,0,0,0,0.242,*0.473,0.285
248,9:high-high,8:high-medium,+,0,0,0,0,0,0,0.221,*0.492,0.287
249,9:high-high,8:high-medium,+,0,0,0,0,0,0,0.153,*0.51,0.337
250,9:high-high,8:high-medium,+,0,0,0,0,0,0,0.153,*0.511,0.336
251,9:high-high,8:high-medium,+,0,0,0,0,0,0,0.15,*0.492,0.359
252,9:high-high,8:high-medium,+,0,0,0,0,0,0,0.099,*0.452,0.45
253,9:high-high,8:high-medium,+,0,0,0,0,0,0,0.221,*0.494,0.286
254,9:high-high,8:high-medium,+,0,0,0,0,0,0,0.18,*0.552,0.268
255,9:high-high,8:high-medium,+,0,0,0,0,0,0,0.153,*0.532,0.314
256,9:high-high,8:high-medium,+,0,0,0,0,0,0,0.137,*0.59,0.273
257,9:high-high,8:high-medium,+,0,0,0,0,0,0,0.156,*0.552,0.293
258,9:high-high,8:high-medium,+,0,0,0,0,0,0,0.126,*0.513,0.36
259,9:high-high,8:high-medium,+,0,0,0,0,0,0,0.157,*0.551,0.292
260,9:high-high,8:high-medium,+,0,0,0,0,0,0,0.202,*0.532,0.266
261,9:high-high,8:high-medium,+,0,0,0,0,0,0,0.133,*0.551,0.316
262,9:high-high,8:high-medium,+,0,0,0,0,0,0,0.154,*0.532,0.314
263,9:high-high,8:high-medium,+,0,0,0,0,0,0,0.163,*0.59,0.247
264,9:high-high,8:high-medium,+,0,0,0,0,0,0,0.248,*0.491,0.261
265,8:high-medium,7:high-low,+,0,0,0,0,0,0,*0.404,0.393,0.203
266,9:high-high,8:high-medium,+,0,0,0,0,0,0,0.339,*0.473,0.187
267,8:high-medium,8:high-medium,,0,0,0,0,0,0,0.338,*0.474,0.188
268,9:high-high,8:high-medium,+,0,0,0,0,0,0,0.311,*0.455,0.234
269,9:high-high,8:high-medium,+,0,0,0,0,0,0,0.157,*0.551,0.292
270,9:high-high,8:high-medium,+,0,0,0,0,0,0,0.316,*0.472,0.212
271,8:high-medium,8:high-medium,,0,0,0,0,0,0,0.36,*0.431,0.209
272,8:high-medium,8:high-medium,,0,0,0,0,0,0,0.383,*0.434,0.183
273,8:high-medium,8:high-medium,,0,0,0,0,0,0,0.386,*0.451,0.162
274,8:high-medium,8:high-medium,,0,0,0,0,0,0,0.298,*0.511,0.191
275,9:high-high,8:high-medium,+,0,0,0,0,0,0,0.342,*0.47,0.188
276,8:high-medium,8:high-medium,,0,0,0,0,0,0,0.362,*0.452,0.186
277,8:high-medium,7:high-low,+,0,0,0,0,0,0,*0.493,0.354,0.153
278,8:high-medium,8:high-medium,,0,0,0,0,0,0,0.407,*0.432,0.16
279,8:high-medium,8:high-medium,,0,0,0,0,0,0,0.303,*0.549,0.148
280,8:high-medium,7:high-low,+,0,0,0,0,0,0,*0.453,0.412,0.135
281,8:high-medium,7:high-low,+,0,0,0,0,0,0,*0.449,0.373,0.179
282,8:high-medium,7:high-low,+,0,0,0,0,0,0,*0.45,0.393,0.156
283,8:high-medium,8:high-medium,,0,0,0,0,0,0,0.431,*0.432,0.137
284,8:high-medium,7:high-low,+,0,0,0,0,0,0,*0.454,0.433,0.113
285,8:high-medium,8:high-medium,,0,0,0,0,0,0,0.409,*0.431,0.16
286,8:high-medium,8:high-medium,,0,0,0,0,0,0,0.387,*0.451,0.162
287,8:high-medium,7:high-low,+,0,0,0,0,0,0,*0.43,0.411,0.159
288,8:high-medium,8:high-medium,,0,0,0,0,0,0,0.386,*0.451,0.163
289,8:high-medium,7:high-low,+,0,0,0,0,0,0,*0.497,0.372,0.132
290,8:high-medium,7:high-low,+,0,0,0,0,0,0,*0.472,0.372,0.155
291,8:high-medium,8:high-medium,,0,0,0,0,0,0,0.431,*0.432,0.137
292,8:high-medium,7:high-low,+,0,0,0,0,0,0,*0.429,0.413,0.158
293,8:high-medium,8:high-medium,,0,0,0,0,0,0,0.386,*0.453,0.162
294,8:high-medium,8:high-medium,,0,0,0,0,0,0,0.407,*0.432,0.161
295,8:high-medium,8:high-medium,,0,0,0,0,0,0,0.27,*0.493,0.238
296,8:high-medium,8:high-medium,,0,0,0,0,0,0,0.314,*0.453,0.233
297,8:high-medium,8:high-medium,,0,0,0,0,0,0,0.272,*0.512,0.216
298,8:high-medium,8:high-medium,,0,0,0,0,0,0,0.29,*0.453,0.257
299,8:high-medium,8:high-medium,,0,0,0,0,0,0,0.359,*0.434,0.208
300,8:high-medium,8:high-medium,,0,0,0,0,0,0,0.293,*0.492,0.214
301,8:high-medium,8:high-medium,,0,0,0,0,0,0,0.289,*0.453,0.257
302,8:high-medium,8:high-medium,,0,0,0,0,0,0,0.358,*0.435,0.208
303,8:high-medium,8:high-medium,,0,0,0,0,0,0,0.335,*0.433,0.232
304,8:high-medium,8:high-medium,,0,0,0,0,0,0,0.355,*0.394,0.251
305,8:high-medium,8:high-medium,,0,0,0,0,0,0,0.335,*0.434,0.232
306,8:high-medium,8:high-medium,,0,0,0,0,0,0,0.359,*0.434,0.208
307,8:high-medium,8:high-medium,,0,0,0,0,0,0,0.314,*0.474,0.212
308,8:high-medium,8:high-medium,,0,0,0,0,0,0,0.335,*0.432,0.232
309,8:high-medium,8:high-medium,,0,0,0,0,0,0,0.358,*0.434,0.208
310,8:high-medium,8:high-medium,,0,0,0,0,0,0,0.356,*0.414,0.229
311,8:high-medium,8:high-medium,,0,0,0,0,0,0,0.332,*0.414,0.253
312,8:high-medium,8:high-medium,,0,0,0,0,0,0,0.354,*0.395,0.251
313,8:high-medium,8:high-medium,,0,0,0,0,0,0,0.311,*0.434,0.255
314,8:high-medium,8:high-medium,,0,0,0,0,0,0,0.335,*0.434,0.232
315,8:high-medium,8:high-medium,,0,0,0,0,0,0,0.378,*0.394,0.227
316,8:high-medium,8:high-medium,,0,0,0,0,0,0,0.336,*0.433,0.231
317,8:high-medium,8:high-medium,,0,0,0,0,0,0,0.335,*0.432,0.233
318,8:high-medium,8:high-medium,,0,0,0,0,0,0,0.317,*0.471,0.212
319,8:high-medium,8:high-medium,,0,0,0,0,0,0,0.315,*0.473,0.212
320,8:high-medium,8:high-medium,,0,0,0,0,0,0,0.359,*0.433,0.208
321,8:high-medium,7:high-low,+,0,0,0,0,0,0,*0.561,0.336,0.103
322,7:high-low,7:high-low,,0,0,0,0,0,0,*0.495,0.374,0.131
323,8:high-medium,7:high-low,+,0,0,0,0,0,0,*0.455,0.432,0.113
324,8:high-medium,7:high-low,+,0,0,0,0,0,0,*0.496,0.374,0.13
325,8:high-medium,7:high-low,+,0,0,0,0,0,0,*0.474,0.394,0.132
326,8:high-medium,7:high-low,+,0,0,0,0,0,0,*0.516,0.355,0.129
327,8:high-medium,7:high-low,+,0,0,0,0,0,0,*0.586,0.335,0.079
328,8:high-medium,7:high-low,+,0,0,0,0,0,0,*0.471,0.374,0.155
329,8:high-medium,7:high-low,+,0,0,0,0,0,0,*0.476,0.412,0.112
330,8:high-medium,7:high-low,+,0,0,0,0,0,0,*0.562,0.335,0.103
331,8:high-medium,7:high-low,+,0,0,0,0,0,0,*0.497,0.393,0.109
332,8:high-medium,7:high-low,+,0,0,0,0,0,0,*0.452,0.414,0.134
333,8:high-medium,7:high-low,+,0,0,0,0,0,0,*0.453,0.413,0.134
334,8:high-medium,7:high-low,+,0,0,0,0,0,0,*0.477,0.412,0.111
335,8:high-medium,7:high-low,+,0,0,0,0,0,0,*0.48,0.431,0.089
336,8:high-medium,7:high-low,+,0,0,0,0,0,0,*0.455,0.432,0.112
337,8:high-medium,7:high-low,+,0,0,0,0,0,0,*0.482,0.451,0.067
338,8:high-medium,8:high-medium,,0,0,0,0,0,0,0.435,*0.472,0.093
339,9:high-high,8:high-medium,+,0,0,0,0,0,0,0.436,*0.471,0.093
340,8:high-medium,8:high-medium,,0,0,0,0,0,0,0.41,*0.451,0.139
341,8:high-medium,7:high-low,+,0,0,0,0,0,0,*0.522,0.394,0.084
342,8:high-medium,8:high-medium,,0,0,0,0,0,0,0.367,*0.491,0.142
343,8:high-medium,7:high-low,+,0,0,0,0,0,0,*0.458,0.453,0.089
344,8:high-medium,8:high-medium,,0,0,0,0,0,0,0.373,*0.53,0.097
345,8:high-medium,8:high-medium,,0,0,0,0,0,0,0.343,*0.512,0.145
346,8:high-medium,8:high-medium,,0,0,0,0,0,0,0.347,*0.531,0.122
347,9:high-high,8:high-medium,+,0,0,0,0,0,0,0.306,*0.591,0.103
348,9:high-high,8:high-medium,+,0,0,0,0,0,0,0.302,*0.571,0.126
349,8:high-medium,8:high-medium,,0,0,0,0,0,0,0.349,*0.55,0.101
350,9:high-high,8:high-medium,+,0,0,0,0,0,0,0.283,*0.589,0.128
351,8:high-medium,8:high-medium,,0,0,0,0,0,0,0.301,*0.551,0.148
352,9:high-high,8:high-medium,+,0,0,0,0,0,0,0.326,*0.55,0.124
353,9:high-high,7:high-low,+,0,0,0,0,0,0,*0.503,0.432,0.065
354,7:high-low,8:high-medium,+,0,0,0,0,0,0,0.32,*0.513,0.167
355,8:high-medium,8:high-medium,,0,0,0,0,0,0,0.263,*0.629,0.108
356,8:high-medium,7:high-low,+,0,0,0,0,0,0,*0.471,0.373,0.156
357,9:high-high,8:high-medium,+,0,0,0,0,0,0,0.342,*0.514,0.144
358,8:high-medium,8:high-medium,,0,0,0,0,0,0,0.238,*0.608,0.154
359,9:high-high,8:high-medium,+,0,0,0,0,0,0,0.281,*0.59,0.128
360,9:high-high,8:high-medium,+,0,0,0,0,0,0,0.373,*0.552,0.075
361,7:high-low,7:high-low,,0,0,0,0,0,0,*0.477,0.433,0.09
362,7:high-low,7:high-low,,0,0,0,0,0,0,*0.477,0.433,0.09
363,7:high-low,7:high-low,,0,0,0,0,0,0,*0.473,0.393,0.134
364,8:high-medium,8:high-medium,,0,0,0,0,0,0,0.439,*0.49,0.071
365,9:high-high,8:high-medium,+,0,0,0,0,0,0,0.417,*0.509,0.074
366,9:high-high,8:high-medium,+,0,0,0,0,0,0,0.303,*0.548,0.149
367,9:high-high,8:high-medium,+,0,0,0,0,0,0,0.345,*0.509,0.145
368,9:high-high,8:high-medium,+,0,0,0,0,0,0,0.458,*0.472,0.07
369,8:high-medium,7:high-low,+,0,0,0,0,0,0,*0.479,0.452,0.069
370,9:high-high,7:high-low,+,0,0,0,0,0,0,*0.502,0.432,0.066
371,8:high-medium,7:high-low,+,0,0,0,0,0,0,*0.481,0.452,0.068
372,9:high-high,8:high-medium,+,0,0,0,0,0,0,0.435,*0.471,0.094
373,8:high-medium,7:high-low,+,0,0,0,0,0,0,*0.521,0.393,0.086
374,8:high-medium,7:high-low,+,0,0,0,0,0,0,*0.502,0.432,0.066
375,8:high-medium,7:high-low,+,0,0,0,0,0,0,*0.524,0.412,0.064
376,9:high-high,8:high-medium,+,0,0,0,0,0,0,0.459,*0.471,0.07
377,8:high-medium,7:high-low,+,0,0,0,0,0,0,*0.543,0.374,0.083
378,8:high-medium,7:high-low,+,0,0,0,0,0,0,*0.478,0.433,0.089
379,9:high-high,7:high-low,+,0,0,0,0,0,0,*0.481,0.451,0.068
380,9:high-high,7:high-low,+,0,0,0,0,0,0,*0.454,0.432,0.114
381,8:high-medium,7:high-low,+,0,0,0,0,0,0,*0.474,0.392,0.134
382,9:high-high,7:high-low,+,0,0,0,0,0,0,*0.457,0.452,0.092
383,9:high-high,8:high-medium,+,0,0,0,0,0,0,0.389,*0.471,0.14
384,9:high-high,8:high-medium,+,0,0,0,0,0,0,0.327,*0.548,0.124
385,9:high-high,8:high-medium,+,0,0,0,0,0,0,0.324,*0.529,0.147
386,9:high-high,8:high-medium,+,0,0,0,0,0,0,0.368,*0.51,0.122
387,9:high-high,8:high-medium,+,0,0,0,0,0,0,0.384,*0.43,0.186
388,9:high-high,8:high-medium,+,0,0,0,0,0,0,0.35,*0.527,0.123
389,9:high-high,8:high-medium,+,0,0,0,0,0,0,0.415,*0.489,0.096
390,8:high-medium,8:high-medium,,0,0,0,0,0,0,0.41,*0.451,0.139
391,9:high-high,7:high-low,+,0,0,0,0,0,0,*0.432,0.43,0.138
392,9:high-high,8:high-medium,+,0,0,0,0,0,0,0.361,*0.452,0.187
393,9:high-high,8:high-medium,+,0,0,0,0,0,0,0.412,*0.47,0.118
394,9:high-high,8:high-medium,+,0,0,0,0,0,0,0.324,*0.529,0.147
395,9:high-high,8:high-medium,+,0,0,0,0,0,0,0.371,*0.53,0.099
396,9:high-high,8:high-medium,+,0,0,0,0,0,0,0.433,*0.451,0.116
397,9:high-high,8:high-medium,+,0,0,0,0,0,0,0.391,*0.489,0.12
398,9:high-high,8:high-medium,+,0,0,0,0,0,0,0.413,*0.469,0.118
399,9:high-high,8:high-medium,+,0,0,0,0,0,0,0.409,*0.451,0.139
400,9:high-high,8:high-medium,+,0,0,0,0,0,0,0.37,*0.509,0.121
401,9:high-high,8:high-medium,+,0,0,0,0,0,0,0.388,*0.471,0.141
402,9:high-high,8:high-medium,+,0,0,0,0,0,0,0.362,*0.451,0.187
403,9:high-high,8:high-medium,+,0,0,0,0,0,0,0.39,*0.49,0.12
404,9:high-high,7:high-low,+,0,0,0,0,0,0,*0.456,0.43,0.114
405,7:high-low,8:high-medium,+,0,0,0,0,0,0,0.324,*0.529,0.147
406,9:high-high,8:high-medium,+,0,0,0,0,0,0,0.347,*0.53,0.124
407,7:high-low,7:high-low,,0,0,0,0,0,0,*0.457,0.451,0.092
408,9:high-high,8:high-medium,+,0,0,0,0,0,0,0.391,*0.511,0.098
409,8:high-medium,8:high-medium,,0,0,0,0,0,0,0.436,*0.471,0.093
410,8:high-medium,8:high-medium,,0,0,0,0,0,0,0.392,*0.511,0.097
411,9:high-high,7:high-low,+,0,0,0,0,0,0,*0.478,0.431,0.09
412,8:high-medium,7:high-low,+,0,0,0,0,0,0,*0.478,0.431,0.09
413,9:high-high,8:high-medium,+,0,0,0,0,0,0,0.322,*0.532,0.146
414,9:high-high,8:high-medium,+,0,0,0,0,0,0,0.432,*0.432,0.136
415,8:high-medium,8:high-medium,,0,0,0,0,0,0,0.35,*0.549,0.101
416,8:high-medium,8:high-medium,,0,0,0,0,0,0,0.393,*0.51,0.097
417,8:high-medium,8:high-medium,,0,0,0,0,0,0,0.435,*0.471,0.093
418,8:high-medium,8:high-medium,,0,0,0,0,0,0,0.393,*0.51,0.097
419,9:high-high,8:high-medium,+,0,0,0,0,0,0,0.435,*0.47,0.094
420,8:high-medium,8:high-medium,,0,0,0,0,0,0,0.415,*0.489,0.096
421,8:high-medium,8:high-medium,,0,0,0,0,0,0,0.35,*0.548,0.102
422,8:high-medium,7:high-low,+,0,0,0,0,0,0,*0.477,0.413,0.111
423,8:high-medium,8:high-medium,,0,0,0,0,0,0,0.46,*0.471,0.069
424,8:high-medium,7:high-low,+,0,0,0,0,0,0,*0.502,0.433,0.065
425,8:high-medium,7:high-low,+,0,0,0,0,0,0,*0.517,0.353,0.13
426,8:high-medium,8:high-medium,,0,0,0,0,0,0,0.436,*0.47,0.094
427,8:high-medium,8:high-medium,,0,0,0,0,0,0,0.46,*0.47,0.07
428,8:high-medium,8:high-medium,,0,0,0,0,0,0,0.46,*0.47,0.07
429,8:high-medium,8:high-medium,,0,0,0,0,0,0,0.459,*0.471,0.07
430,8:high-medium,7:high-low,+,0,0,0,0,0,0,*0.455,0.432,0.113
431,8:high-medium,8:high-medium,,0,0,0,0,0,0,0.41,*0.452,0.138
432,8:high-medium,7:high-low,+,0,0,0,0,0,0,*0.455,0.432,0.113
433,8:high-medium,7:high-low,+,0,0,0,0,0,0,*0.477,0.413,0.11
434,8:high-medium,7:high-low,+,0,0,0,0,0,0,*0.457,0.452,0.091
435,8:high-medium,8:high-medium,,0,0,0,0,0,0,0.431,*0.432,0.137
436,8:high-medium,8:high-medium,,0,0,0,0,0,0,0.433,*0.452,0.115
437,8:high-medium,8:high-medium,,0,0,0,0,0,0,0.432,*0.453,0.115
438,8:high-medium,7:high-low,+,0,0,0,0,0,0,*0.479,0.432,0.089
439,8:high-medium,7:high-low,+,0,0,0,0,0,0,*0.457,0.452,0.091
440,8:high-medium,8:high-medium,,0,0,0,0,0,0,0.391,*0.511,0.097
441,8:high-medium,8:high-medium,,0,0,0,0,0,0,0.389,*0.491,0.12
442,8:high-medium,8:high-medium,,0,0,0,0,0,0,0.393,*0.51,0.098
443,8:high-medium,8:high-medium,,0,0,0,0,0,0,0.389,*0.492,0.119
444,8:high-medium,8:high-medium,,0,0,0,0,0,0,0.371,*0.53,0.099
445,8:high-medium,8:high-medium,,0,0,0,0,0,0,0.39,*0.491,0.119
446,8:high-medium,8:high-medium,,0,0,0,0,0,0,0.41,*0.452,0.139
447,8:high-medium,8:high-medium,,0,0,0,0,0,0,0.413,*0.492,0.095
448,8:high-medium,8:high-medium,,0,0,0,0,0,0,0.434,*0.473,0.094
449,8:high-medium,8:high-medium,,0,0,0,0,0,0,0.436,*0.471,0.093
450,7:high-low,7:high-low,,0,0,0,0,0,0,*0.544,0.373,0.083
451,8:high-medium,7:high-low,+,0,0,0,0,0,0,*0.518,0.353,0.129
452,8:high-medium,7:high-low,+,0,0,0,0,0,0,*0.52,0.372,0.107
453,8:high-medium,7:high-low,+,0,0,0,0,0,0,*0.479,0.431,0.09
454,8:high-medium,7:high-low,+,0,0,0,0,0,0,*0.628,0.274,0.098
455,7:high-low,8:high-medium,+,0,0,0,0,0,0,0.389,*0.492,0.12
456,8:high-medium,7:high-low,+,0,0,0,0,0,0,*0.63,0.294,0.076
457,8:high-medium,7:high-low,+,0,0,0,0,0,0,*0.521,0.372,0.107
458,7:high-low,7:high-low,,0,0,0,0,0,0,*0.604,0.274,0.122
459,7:high-low,7:high-low,,0,0,0,0,0,0,*0.539,0.335,0.127
460,8:high-medium,7:high-low,+,0,0,0,0,0,0,*0.539,0.334,0.126
461,7:high-low,7:high-low,,0,0,0,0,0,0,*0.497,0.393,0.11
462,8:high-medium,7:high-low,+,0,0,0,0,0,0,*0.715,0.216,0.069
463,7:high-low,7:high-low,,0,0,0,0,0,0,*0.607,0.292,0.1
464,7:high-low,7:high-low,,0,0,0,0,0,0,*0.647,0.236,0.117
465,7:high-low,7:high-low,,0,0,0,0,0,0,*0.475,0.392,0.133
466,7:high-low,7:high-low,,0,0,0,0,0,0,*0.657,0.313,0.031
467,7:high-low,8:high-medium,+,0,0,0,0,0,0,0.388,*0.471,0.141
468,7:high-low,7:high-low,,0,0,0,0,0,0,*0.518,0.353,0.129
469,8:high-medium,7:high-low,+,0,0,0,0,0,0,*0.45,0.372,0.178
470,8:high-medium,7:high-low,+,0,0,0,0,0,0,*0.494,0.353,0.153
471,7:high-low,8:high-medium,+,0,0,0,0,0,0,0.368,*0.511,0.121
472,7:high-low,7:high-low,,0,0,0,0,0,0,*0.561,0.313,0.126
473,7:high-low,8:high-medium,+,0,0,0,0,0,0,0.429,*0.433,0.137
474,8:high-medium,7:high-low,+,0,0,0,0,0,0,*0.48,0.431,0.088
475,7:high-low,7:high-low,,0,0,0,0,0,0,*0.496,0.373,0.13
476,8:high-medium,7:high-low,+,0,0,0,0,0,0,*0.516,0.333,0.151
477,7:high-low,7:high-low,,0,0,0,0,0,0,*0.567,0.353,0.08
478,7:high-low,7:high-low,,0,0,0,0,0,0,*0.543,0.353,0.105
479,8:high-medium,7:high-low,+,0,0,0,0,0,0,*0.52,0.374,0.106
480,7:high-low,7:high-low,,0,0,0,0,0,0,*0.497,0.394,0.108
481,7:high-low,7:high-low,,0,0,0,0,0,0,*0.63,0.316,0.054
482,7:high-low,7:high-low,,0,0,0,0,0,0,*0.496,0.374,0.13
483,7:high-low,7:high-low,,0,0,0,0,0,0,*0.499,0.393,0.108
484,7:high-low,7:high-low,,0,0,0,0,0,0,*0.518,0.354,0.128
485,7:high-low,7:high-low,,0,0,0,0,0,0,*0.518,0.355,0.127
486,8:high-medium,7:high-low,+,0,0,0,0,0,0,*0.474,0.393,0.133
487,7:high-low,7:high-low,,0,0,0,0,0,0,*0.565,0.332,0.103
488,7:high-low,7:high-low,,0,0,0,0,0,0,*0.519,0.373,0.108
489,7:high-low,7:high-low,,0,0,0,0,0,0,*0.585,0.314,0.101
490,8:high-medium,7:high-low,+,0,0,0,0,0,0,*0.499,0.392,0.109
491,7:high-low,7:high-low,,0,0,0,0,0,0,*0.563,0.334,0.104
492,8:high-medium,7:high-low,+,0,0,0,0,0,0,*0.583,0.316,0.102
493,8:high-medium,7:high-low,+,0,0,0,0,0,0,*0.561,0.334,0.105
494,8:high-medium,7:high-low,+,0,0,0,0,0,0,*0.513,0.336,0.151
495,8:high-medium,7:high-low,+,0,0,0,0,0,0,*0.45,0.392,0.157
496,8:high-medium,7:high-low,+,0,0,0,0,0,0,*0.518,0.352,0.129
497,8:high-medium,7:high-low,+,0,0,0,0,0,0,*0.475,0.393,0.133
498,8:high-medium,7:high-low,+,0,0,0,0,0,0,*0.454,0.432,0.114
499,8:high-medium,7:high-low,+,0,0,0,0,0,0,*0.496,0.371,0.133
500,8:high-medium,7:high-low,+,0,0,0,0,0,0,*0.519,0.373,0.108
501,9:high-high,8:high-medium,+,0,0,0,0,0,0,0.432,*0.452,0.116
502,8:high-medium,8:high-medium,,0,0,0,0,0,0,0.339,*0.473,0.188
503,8:high-medium,8:high-medium,,0,0,0,0,0,0,0.329,*0.568,0.103
504,9:high-high,7:high-low,+,0,0,0,0,0,0,*0.477,0.39,0.133
505,8:high-medium,7:high-low,+,0,0,0,0,0,0,*0.566,0.352,0.082
506,7:high-low,7:high-low,,0,0,0,0,0,0,*0.606,0.294,0.1
507,7:high-low,7:high-low,,0,0,0,0,0,0,*0.605,0.274,0.121
508,8:high-medium,7:high-low,+,0,0,0,0,0,0,*0.653,0.273,0.074
509,8:high-medium,7:high-low,+,0,0,0,0,0,0,*0.563,0.334,0.104
510,8:high-medium,7:high-low,+,0,0,0,0,0,0,*0.564,0.353,0.083
511,8:high-medium,8:high-medium,,0,0,0,0,0,0,0.347,*0.529,0.124
512,8:high-medium,8:high-medium,,0,0,0,0,0,0,0.346,*0.531,0.123
513,8:high-medium,8:high-medium,,0,0,0,0,0,0,0.434,*0.473,0.094
514,9:high-high,8:high-medium,+,0,0,0,0,0,0,0.409,*0.452,0.14
515,9:high-high,8:high-medium,+,0,0,0,0,0,0,0.264,*0.627,0.109
516,9:high-high,8:high-medium,+,0,0,0,0,0,0,0.347,*0.53,0.123
517,8:high-medium,8:high-medium,,0,0,0,0,0,0,0.347,*0.53,0.122
518,8:high-medium,8:high-medium,,0,0,0,0,0,0,0.364,*0.471,0.165
519,9:high-high,8:high-medium,+,0,0,0,0,0,0,0.283,*0.588,0.129
520,9:high-high,8:high-medium,+,0,0,0,0,0,0,0.301,*0.549,0.15
521,9:high-high,8:high-medium,+,0,0,0,0,0,0,0.323,*0.529,0.148
522,9:high-high,8:high-medium,+,0,0,0,0,0,0,0.254,*0.549,0.198
523,9:high-high,8:high-medium,+,0,0,0,0,0,0,0.323,*0.55,0.127
524,9:high-high,8:high-medium,+,0,0,0,0,0,0,0.318,*0.489,0.193
525,9:high-high,8:high-medium,+,0,0,0,0,0,0,0.258,*0.588,0.154
526,9:high-high,8:high-medium,+,0,0,0,0,0,0,0.214,*0.628,0.158
527,9:high-high,8:high-medium,+,0,0,0,0,0,0,0.386,*0.472,0.143
528,9:high-high,8:high-medium,+,0,0,0,0,0,0,0.341,*0.47,0.189
529,8:high-medium,8:high-medium,,0,0,0,0,0,0,0.278,*0.55,0.173
530,9:high-high,8:high-medium,+,0,0,0,0,0,0,0.209,*0.589,0.202
531,9:high-high,8:high-medium,+,0,0,0,0,0,0,0.294,*0.49,0.216
532,9:high-high,8:high-medium,+,0,0,0,0,0,0,0.258,*0.588,0.154
533,9:high-high,8:high-medium,+,0,0,0,0,0,0,0.282,*0.589,0.128
534,8:high-medium,8:high-medium,,0,0,0,0,0,0,0.32,*0.511,0.169
535,8:high-medium,8:high-medium,,0,0,0,0,0,0,0.342,*0.491,0.167
536,8:high-medium,8:high-medium,,0,0,0,0,0,0,0.277,*0.55,0.173
537,8:high-medium,8:high-medium,,0,0,0,0,0,0,0.301,*0.55,0.15
538,8:high-medium,8:high-medium,,0,0,0,0,0,0,0.306,*0.589,0.105
539,8:high-medium,8:high-medium,,0,0,0,0,0,0,0.346,*0.531,0.123
540,8:high-medium,8:high-medium,,0,0,0,0,0,0,0.391,*0.51,0.098
541,9:high-high,8:high-medium,+,0,0,0,0,0,0,0.326,*0.549,0.125
542,8:high-medium,8:high-medium,,0,0,0,0,0,0,0.409,*0.451,0.14
543,9:high-high,8:high-medium,+,0,0,0,0,0,0,0.368,*0.532,0.099
544,8:high-medium,8:high-medium,,0,0,0,0,0,0,0.435,*0.472,0.092
545,8:high-medium,8:high-medium,,0,0,0,0,0,0,0.393,*0.531,0.077
546,8:high-medium,8:high-medium,,0,0,0,0,0,0,0.37,*0.53,0.1
547,8:high-medium,8:high-medium,,0,0,0,0,0,0,0.347,*0.551,0.102
548,8:high-medium,8:high-medium,,0,0,0,0,0,0,0.348,*0.55,0.102
549,7:high-low,8:high-medium,+,0,0,0,0,0,0,0.372,*0.55,0.078
550,8:high-medium,8:high-medium,,0,0,0,0,0,0,0.348,*0.55,0.102
551,7:high-low,8:high-medium,+,0,0,0,0,0,0,0.393,*0.531,0.077
552,9:high-high,8:high-medium,+,0,0,0,0,0,0,0.37,*0.53,0.1
553,8:high-medium,8:high-medium,,0,0,0,0,0,0,0.436,*0.491,0.073
554,8:high-medium,8:high-medium,,0,0,0,0,0,0,0.366,*0.511,0.123
555,8:high-medium,8:high-medium,,0,0,0,0,0,0,0.412,*0.492,0.097
556,8:high-medium,8:high-medium,,0,0,0,0,0,0,0.391,*0.511,0.098
557,8:high-medium,8:high-medium,,0,0,0,0,0,0,0.429,*0.434,0.137
558,8:high-medium,7:high-low,+,0,0,0,0,0,0,*0.456,0.453,0.092
559,8:high-medium,8:high-medium,,0,0,0,0,0,0,0.391,*0.513,0.097
560,7:high-low,7:high-low,,0,0,0,0,0,0,*0.474,0.414,0.112
561,8:high-medium,8:high-medium,,0,0,0,0,0,0,0.408,*0.454,0.139
562,8:high-medium,8:high-medium,,0,0,0,0,0,0,0.388,*0.492,0.12
563,8:high-medium,7:high-low,+,0,0,0,0,0,0,*0.453,0.433,0.114
564,8:high-medium,8:high-medium,,0,0,0,0,0,0,0.433,*0.473,0.093
565,8:high-medium,8:high-medium,,0,0,0,0,0,0,0.431,*0.454,0.115
566,8:high-medium,8:high-medium,,0,0,0,0,0,0,0.364,*0.493,0.143
567,8:high-medium,8:high-medium,,0,0,0,0,0,0,0.368,*0.533,0.099
568,8:high-medium,8:high-medium,,0,0,0,0,0,0,0.256,*0.59,0.154
569,8:high-medium,8:high-medium,,0,0,0,0,0,0,0.32,*0.531,0.149
570,9:high-high,8:high-medium,+,0,0,0,0,0,0,0.329,*0.589,0.082
571,8:high-medium,8:high-medium,,0,0,0,0,0,0,0.369,*0.529,0.101
572,9:high-high,8:high-medium,+,0,0,0,0,0,0,0.262,*0.628,0.11
573,9:high-high,8:high-medium,+,0,0,0,0,0,0,0.322,*0.531,0.147
574,8:high-medium,8:high-medium,,0,0,0,0,0,0,0.389,*0.491,0.121
575,8:high-medium,8:high-medium,,0,0,0,0,0,0,0.345,*0.531,0.123
576,8:high-medium,8:high-medium,,0,0,0,0,0,0,0.392,*0.51,0.099
577,9:high-high,8:high-medium,+,0,0,0,0,0,0,0.303,*0.569,0.128
578,8:high-medium,8:high-medium,,0,0,0,0,0,0,0.37,*0.53,0.1
579,9:high-high,8:high-medium,+,0,0,0,0,0,0,0.408,*0.452,0.139
580,8:high-medium,8:high-medium,,0,0,0,0,0,0,0.394,*0.531,0.076
581,8:high-medium,8:high-medium,,0,0,0,0,0,0,0.416,*0.51,0.075
582,8:high-medium,8:high-medium,,0,0,0,0,0,0,0.415,*0.51,0.075
583,9:high-high,8:high-medium,+,0,0,0,0,0,0,0.413,*0.491,0.096
584,8:high-medium,8:high-medium,,0,0,0,0,0,0,0.389,*0.491,0.121
585,8:high-medium,8:high-medium,,0,0,0,0,0,0,0.438,*0.49,0.072
586,8:high-medium,8:high-medium,,0,0,0,0,0,0,0.415,*0.511,0.075
587,9:high-high,8:high-medium,+,0,0,0,0,0,0,0.432,*0.452,0.116
588,8:high-medium,8:high-medium,,0,0,0,0,0,0,0.439,*0.51,0.051
589,8:high-medium,8:high-medium,,0,0,0,0,0,0,0.461,*0.49,0.049
590,8:high-medium,8:high-medium,,0,0,0,0,0,0,0.416,*0.51,0.074
591,8:high-medium,8:high-medium,,0,0,0,0,0,0,0.393,*0.53,0.077
592,9:high-high,8:high-medium,+,0,0,0,0,0,0,0.408,*0.453,0.139
593,8:high-medium,8:high-medium,,0,0,0,0,0,0,0.437,*0.491,0.072
594,8:high-medium,8:high-medium,,0,0,0,0,0,0,0.44,*0.509,0.051
595,9:high-high,8:high-medium,+,0,0,0,0,0,0,0.415,*0.51,0.074
596,8:high-medium,8:high-medium,,0,0,0,0,0,0,0.459,*0.471,0.07
597,8:high-medium,8:high-medium,,0,0,0,0,0,0,0.414,*0.49,0.097
598,8:high-medium,7:high-low,+,0,0,0,0,0,0,*0.565,0.352,0.083
599,8:high-medium,7:high-low,+,0,0,0,0,0,0,*0.57,0.391,0.04
600,8:high-medium,7:high-low,+,0,0,0,0,0,0,*0.546,0.391,0.063
601,9:high-high,7:high-low,+,0,0,0,0,0,0,*0.589,0.351,0.059
602,8:high-medium,7:high-low,+,0,0,0,0,0,0,*0.586,0.332,0.081
603,8:high-medium,7:high-low,+,0,0,0,0,0,0,*0.566,0.373,0.06
604,7:high-low,7:high-low,,0,0,0,0,0,0,*0.61,0.334,0.057
605,7:high-low,7:high-low,,0,0,0,0,0,0,*0.546,0.391,0.063
606,8:high-medium,7:high-low,+,0,0,0,0,0,0,*0.628,0.274,0.099
607,8:high-medium,7:high-low,+,0,0,0,0,0,0,*0.522,0.392,0.087
608,8:high-medium,7:high-low,+,0,0,0,0,0,0,*0.607,0.315,0.078
609,8:high-medium,7:high-low,+,0,0,0,0,0,0,*0.651,0.274,0.074
610,7:high-low,7:high-low,,0,0,0,0,0,0,*0.628,0.274,0.098
611,8:high-medium,7:high-low,+,0,0,0,0,0,0,*0.672,0.234,0.094
612,8:high-medium,7:high-low,+,0,0,0,0,0,0,*0.519,0.372,0.109
613,7:high-low,7:high-low,,0,0,0,0,0,0,*0.543,0.372,0.085
614,7:high-low,7:high-low,,0,0,0,0,0,0,*0.609,0.312,0.079
615,8:high-medium,7:high-low,+,0,0,0,0,0,0,*0.582,0.293,0.125
616,7:high-low,7:high-low,,0,0,0,0,0,0,*0.61,0.333,0.056
617,8:high-medium,7:high-low,+,0,0,0,0,0,0,*0.608,0.313,0.079
618,8:high-medium,7:high-low,+,0,0,0,0,0,0,*0.496,0.393,0.111
619,8:high-medium,7:high-low,+,0,0,0,0,0,0,*0.565,0.352,0.083
620,8:high-medium,7:high-low,+,0,0,0,0,0,0,*0.586,0.333,0.081
621,8:high-medium,7:high-low,+,0,0,0,0,0,0,*0.584,0.313,0.103
622,8:high-medium,7:high-low,+,0,0,0,0,0,0,*0.543,0.373,0.085
623,8:high-medium,7:high-low,+,0,0,0,0,0,0,*0.543,0.372,0.085
624,8:high-medium,7:high-low,+,0,0,0,0,0,0,*0.542,0.372,0.085
625,8:high-medium,7:high-low,+,0,0,0,0,0,0,*0.607,0.315,0.079
626,8:high-medium,7:high-low,+,0,0,0,0,0,0,*0.545,0.371,0.084
627,8:high-medium,8:high-medium,,0,0,0,0,0,0,0.348,*0.55,0.102
628,8:high-medium,8:high-medium,,0,0,0,0,0,0,0.324,*0.55,0.126
629,8:high-medium,8:high-medium,,0,0,0,0,0,0,0.39,*0.491,0.119
630,8:high-medium,8:high-medium,,0,0,0,0,0,0,0.372,*0.529,0.099
631,8:high-medium,7:high-low,+,0,0,0,0,0,0,*0.5,0.412,0.088
632,8:high-medium,8:high-medium,,0,0,0,0,0,0,0.392,*0.51,0.098
633,8:high-medium,8:high-medium,,0,0,0,0,0,0,0.413,*0.491,0.096
634,8:high-medium,7:high-low,+,0,0,0,0,0,0,*0.479,0.452,0.069
635,8:high-medium,8:high-medium,,0,0,0,0,0,0,0.351,*0.569,0.08
636,9:high-high,8:high-medium,+,0,0,0,0,0,0,0.393,*0.51,0.097
637,8:high-medium,8:high-medium,,0,0,0,0,0,0,0.392,*0.51,0.098
638,8:high-medium,8:high-medium,,0,0,0,0,0,0,0.414,*0.49,0.096
639,8:high-medium,7:high-low,+,0,0,0,0,0,0,*0.522,0.391,0.087
640,8:high-medium,7:high-low,+,0,0,0,0,0,0,*0.542,0.374,0.084
641,8:high-medium,7:high-low,+,0,0,0,0,0,0,*0.458,0.45,0.093
642,8:high-medium,8:high-medium,,0,0,0,0,0,0,0.371,*0.53,0.099
643,8:high-medium,7:high-low,+,0,0,0,0,0,0,*0.453,0.412,0.134
644,8:high-medium,7:high-low,+,0,0,0,0,0,0,*0.516,0.354,0.13
645,8:high-medium,7:high-low,+,0,0,0,0,0,0,*0.503,0.431,0.066
646,8:high-medium,7:high-low,+,0,0,0,0,0,0,*0.477,0.412,0.111
647,8:high-medium,7:high-low,+,0,0,0,0,0,0,*0.477,0.412,0.111
648,8:high-medium,7:high-low,+,0,0,0,0,0,0,*0.5,0.411,0.088
649,8:high-medium,7:high-low,+,0,0,0,0,0,0,*0.478,0.431,0.091
650,8:high-medium,8:high-medium,,0,0,0,0,0,0,0.414,*0.489,0.097
651,8:high-medium,8:high-medium,,0,0,0,0,0,0,0.369,*0.511,0.121
652,8:high-medium,7:high-low,+,0,0,0,0,0,0,*0.523,0.412,0.065
653,8:high-medium,8:high-medium,,0,0,0,0,0,0,0.414,*0.491,0.095
654,8:high-medium,7:high-low,+,0,0,0,0,0,0,*0.502,0.432,0.066
655,7:high-low,8:high-medium,+,0,0,0,0,0,0,0.417,*0.509,0.074
656,8:high-medium,8:high-medium,,0,0,0,0,0,0,0.433,*0.451,0.115
657,8:high-medium,8:high-medium,,0,0,0,0,0,0,0.416,*0.489,0.095
658,8:high-medium,8:high-medium,,0,0,0,0,0,0,0.438,*0.49,0.072
659,8:high-medium,8:high-medium,,0,0,0,0,0,0,0.413,*0.47,0.118
660,8:high-medium,7:high-low,+,0,0,0,0,0,0,*0.478,0.431,0.09
661,8:high-medium,7:high-low,+,0,0,0,0,0,0,*0.48,0.43,0.09
662,8:high-medium,7:high-low,+,0,0,0,0,0,0,*0.502,0.431,0.067
663,8:high-medium,8:high-medium,,0,0,0,0,0,0,0.392,*0.51,0.098
664,9:high-high,8:high-medium,+,0,0,0,0,0,0,0.438,*0.49,0.072
665,8:high-medium,8:high-medium,,0,0,0,0,0,0,0.412,*0.471,0.117
666,8:high-medium,7:high-low,+,0,0,0,0,0,0,*0.5,0.413,0.088
667,8:high-medium,7:high-low,+,0,0,0,0,0,0,*0.502,0.431,0.067
668,8:high-medium,7:high-low,+,0,0,0,0,0,0,*0.543,0.372,0.084
669,8:high-medium,7:high-low,+,0,0,0,0,0,0,*0.589,0.353,0.057
670,8:high-medium,7:high-low,+,0,0,0,0,0,0,*0.543,0.374,0.084
671,8:high-medium,7:high-low,+,0,0,0,0,0,0,*0.524,0.412,0.064
672,8:high-medium,7:high-low,+,0,0,0,0,0,0,*0.503,0.432,0.065
673,8:high-medium,7:high-low,+,0,0,0,0,0,0,*0.545,0.393,0.062
674,8:high-medium,7:high-low,+,0,0,0,0,0,0,*0.608,0.314,0.079
675,8:high-medium,7:high-low,+,0,0,0,0,0,0,*0.524,0.412,0.064
676,8:high-medium,7:high-low,+,0,0,0,0,0,0,*0.502,0.432,0.065
677,8:high-medium,7:high-low,+,0,0,0,0,0,0,*0.525,0.412,0.064
678,8:high-medium,7:high-low,+,0,0,0,0,0,0,*0.5,0.412,0.088
679,9:high-high,7:high-low,+,0,0,0,0,0,0,*0.48,0.452,0.068
680,8:high-medium,7:high-low,+,0,0,0,0,0,0,*0.501,0.433,0.066
681,8:high-medium,7:high-low,+,0,0,0,0,0,0,*0.545,0.393,0.062
682,8:high-medium,8:high-medium,,0,0,0,0,0,0,0.435,*0.471,0.093
683,8:high-medium,7:high-low,+,0,0,0,0,0,0,*0.565,0.353,0.083
684,8:high-medium,7:high-low,+,0,0,0,0,0,0,*0.543,0.373,0.084
685,8:high-medium,7:high-low,+,0,0,0,0,0,0,*0.567,0.372,0.06
686,8:high-medium,7:high-low,+,0,0,0,0,0,0,*0.523,0.412,0.065
687,8:high-medium,7:high-low,+,0,0,0,0,0,0,*0.543,0.372,0.084
688,8:high-medium,7:high-low,+,0,0,0,0,0,0,*0.631,0.314,0.055
689,8:high-medium,7:high-low,+,0,0,0,0,0,0,*0.607,0.314,0.079
690,8:high-medium,7:high-low,+,0,0,0,0,0,0,*0.502,0.432,0.066
691,8:high-medium,7:high-low,+,0,0,0,0,0,0,*0.501,0.433,0.066
692,8:high-medium,7:high-low,+,0,0,0,0,0,0,*0.545,0.393,0.062
693,7:high-low,7:high-low,,0,0,0,0,0,0,*0.546,0.392,0.062
694,7:high-low,7:high-low,,0,0,0,0,0,0,*0.59,0.373,0.036
695,7:high-low,7:high-low,,0,0,0,0,0,0,*0.588,0.353,0.058
696,8:high-medium,7:high-low,+,0,0,0,0,0,0,*0.567,0.373,0.06
697,8:high-medium,8:high-medium,,0,0,0,0,0,0,0.436,*0.471,0.093
698,8:high-medium,7:high-low,+,0,0,0,0,0,0,*0.5,0.412,0.088
699,7:high-low,7:high-low,,0,0,0,0,0,0,*0.543,0.373,0.085
700,8:high-medium,7:high-low,+,0,0,0,0,0,0,*0.524,0.412,0.064
701,8:high-medium,8:high-medium,,0,0,0,0,0,0,0.458,*0.471,0.07
702,8:high-medium,7:high-low,+,0,0,0,0,0,0,*0.588,0.353,0.059
703,8:high-medium,7:high-low,+,0,0,0,0,0,0,*0.478,0.432,0.09
704,7:high-low,8:high-medium,+,0,0,0,0,0,0,0.44,*0.51,0.05
705,7:high-low,7:high-low,,0,0,0,0,0,0,*0.502,0.432,0.067
706,8:high-medium,8:high-medium,,0,0,0,0,0,0,0.394,*0.53,0.076
707,8:high-medium,8:high-medium,,0,0,0,0,0,0,0.349,*0.55,0.101
708,8:high-medium,8:high-medium,,0,0,0,0,0,0,0.306,*0.588,0.105
709,8:high-medium,8:high-medium,,0,0,0,0,0,0,0.33,*0.588,0.082
710,9:high-high,8:high-medium,+,0,0,0,0,0,0,0.352,*0.568,0.08
711,8:high-medium,8:high-medium,,0,0,0,0,0,0,0.415,*0.511,0.073
712,8:high-medium,8:high-medium,,0,0,0,0,0,0,0.459,*0.472,0.069
713,8:high-medium,8:high-medium,,0,0,0,0,0,0,0.392,*0.51,0.098
714,8:high-medium,8:high-medium,,0,0,0,0,0,0,0.322,*0.53,0.147
715,8:high-medium,8:high-medium,,0,0,0,0,0,0,0.349,*0.549,0.102
716,8:high-medium,8:high-medium,,0,0,0,0,0,0,0.417,*0.509,0.074
717,8:high-medium,8:high-medium,,0,0,0,0,0,0,0.264,*0.627,0.109
718,8:high-medium,8:high-medium,,0,0,0,0,0,0,0.287,*0.628,0.085
719,8:high-medium,8:high-medium,,0,0,0,0,0,0,0.308,*0.608,0.084
720,9:high-high,8:high-medium,+,0,0,0,0,0,0,0.37,*0.53,0.1
721,8:high-medium,8:high-medium,,0,0,0,0,0,0,0.33,*0.588,0.082
722,9:high-high,8:high-medium,+,0,0,0,0,0,0,0.349,*0.549,0.102
723,9:high-high,8:high-medium,+,0,0,0,0,0,0,0.262,*0.608,0.131
724,9:high-high,8:high-medium,+,0,0,0,0,0,0,0.174,*0.493,0.333
725,9:high-high,8:high-medium,+,0,0,0,0,0,0,0.263,*0.628,0.109
726,9:high-high,8:high-medium,+,0,0,0,0,0,0,0.139,*0.57,0.292
727,9:high-high,8:high-medium,+,0,0,0,0,0,0,0.116,*0.589,0.295
728,9:high-high,8:high-medium,+,0,0,0,0,0,0,0.095,*0.608,0.297
729,9:high-high,8:high-medium,+,0,0,0,0,0,0,0.146,*0.648,0.206
730,8:high-medium,8:high-medium,,0,0,0,0,0,0,0.171,*0.668,0.16
731,9:high-high,8:high-medium,+,0,0,0,0,0,0,0.26,*0.611,0.13
732,9:high-high,8:high-medium,+,0,0,0,0,0,0,0.149,*0.669,0.183
733,8:high-medium,8:high-medium,,0,0,0,0,0,0,0.152,*0.688,0.16
734,9:high-high,8:high-medium,+,0,0,0,0,0,0,0.196,*0.668,0.136
735,8:high-medium,8:high-medium,,0,0,0,0,0,0,0.215,*0.629,0.157
736,9:high-high,8:high-medium,+,0,0,0,0,0,0,0.172,*0.669,0.16
737,9:high-high,8:high-medium,+,0,0,0,0,0,0,0.168,*0.628,0.204
738,9:high-high,8:high-medium,+,0,0,0,0,0,0,0.238,*0.629,0.133
739,8:high-medium,8:high-medium,,0,0,0,0,0,0,0.1,*0.669,0.231
740,9:high-high,8:high-medium,+,0,0,0,0,0,0,0.168,*0.628,0.204
741,9:high-high,8:high-medium,+,0,0,0,0,0,0,0.192,*0.649,0.159
742,9:high-high,8:high-medium,+,0,0,0,0,0,0,0.122,*0.649,0.229
743,9:high-high,8:high-medium,+,0,0,0,0,0,0,0.107,*0.532,0.361
744,9:high-high,8:high-medium,+,0,0,0,0,0,0,0.089,*0.57,0.341
745,9:high-high,8:high-medium,+,0,0,0,0,0,0,0.169,*0.648,0.183
746,9:high-high,8:high-medium,+,0,0,0,0,0,0,0.273,*0.51,0.217
747,9:high-high,8:high-medium,+,0,0,0,0,0,0,0.153,*0.511,0.336
748,9:high-high,8:high-medium,+,0,0,0,0,0,0,0.231,*0.57,0.2
749,9:high-high,9:high-high,,0,0,0,0,0,0,0.095,0.413,*0.492
750,9:high-high,8:high-medium,+,0,0,0,0,0,0,0.146,*0.453,0.401
751,9:high-high,9:high-high,,0,0,0,0,0,0,0.119,0.413,*0.468
752,9:high-high,9:high-high,,0,0,0,0,0,0,0.046,0.414,*0.54
753,9:high-high,9:high-high,,0,0,0,0,0,0,0.073,0.434,*0.493
754,9:high-high,9:high-high,,0,0,0,0,0,0,0.12,0.433,*0.447
755,9:high-high,8:high-medium,+,0,0,0,0,0,0,0.099,*0.454,0.447
756,9:high-high,9:high-high,,0,0,0,0,0,0,0.12,0.434,*0.446
757,9:high-high,9:high-high,,0,0,0,0,0,0,0.119,0.413,*0.468
758,9:high-high,9:high-high,,0,0,0,0,0,0,0.118,0.414,*0.468
759,9:high-high,9:high-high,,0,0,0,0,0,0,0.047,0.413,*0.54
760,9:high-high,9:high-high,,0,0,0,0,0,0,0.075,0.453,*0.471
761,9:high-high,9:high-high,,0,0,0,0,0,0,0.073,0.433,*0.494
762,9:high-high,9:high-high,,0,0,0,0,0,0,0.097,0.432,*0.47
763,9:high-high,9:high-high,,0,0,0,0,0,0,0.118,0.414,*0.468
764,9:high-high,9:high-high,,0,0,0,0,0,0,0.14,0.394,*0.467
765,9:high-high,9:high-high,,0,0,0,0,0,0,0.07,0.414,*0.516
766,9:high-high,9:high-high,,0,0,0,0,0,0,0.122,0.433,*0.446
767,9:high-high,9:high-high,,0,0,0,0,0,0,0.072,0.434,*0.494
768,9:high-high,9:high-high,,0,0,0,0,0,0,0.139,0.394,*0.466
769,9:high-high,9:high-high,,0,0,0,0,0,0,0.118,0.414,*0.468
770,9:high-high,8:high-medium,+,0,0,0,0,0,0,0.099,*0.453,0.448
771,9:high-high,9:high-high,,0,0,0,0,0,0,0.045,0.414,*0.54
772,9:high-high,9:high-high,,0,0,0,0,0,0,0.139,0.395,*0.466
773,9:high-high,9:high-high,,0,0,0,0,0,0,0.139,0.394,*0.466
774,9:high-high,9:high-high,,0,0,0,0,0,0,0.12,0.434,*0.446
775,9:high-high,9:high-high,,0,0,0,0,0,0,0.072,0.434,*0.494
776,9:high-high,8:high-medium,+,0,0,0,0,0,0,0.178,*0.512,0.31
777,9:high-high,8:high-medium,+,0,0,0,0,0,0,0.208,*0.571,0.221
778,9:high-high,8:high-medium,+,0,0,0,0,0,0,0.115,*0.59,0.295
779,9:high-high,8:high-medium,+,0,0,0,0,0,0,0.075,*0.473,0.451
780,9:high-high,8:high-medium,+,0,0,0,0,0,0,0.195,*0.472,0.332
781,9:high-high,8:high-medium,+,0,0,0,0,0,0,0.208,*0.549,0.244
782,9:high-high,8:high-medium,+,0,0,0,0,0,0,0.175,*0.513,0.312
783,9:high-high,8:high-medium,+,0,0,0,0,0,0,0.229,*0.528,0.243
784,9:high-high,8:high-medium,+,0,0,0,0,0,0,0.189,*0.608,0.203
785,9:high-high,8:high-medium,+,0,0,0,0,0,0,0.229,*0.55,0.221
786,9:high-high,8:high-medium,+,0,0,0,0,0,0,0.142,*0.629,0.228
787,9:high-high,8:high-medium,+,0,0,0,0,0,0,0.231,*0.57,0.199
788,9:high-high,8:high-medium,+,0,0,0,0,0,0,0.234,*0.589,0.177
789,9:high-high,8:high-medium,+,0,0,0,0,0,0,0.207,*0.572,0.221
790,9:high-high,8:high-medium,+,0,0,0,0,0,0,0.231,*0.571,0.198
791,9:high-high,8:high-medium,+,0,0,0,0,0,0,0.191,*0.629,0.18
792,9:high-high,8:high-medium,+,0,0,0,0,0,0,0.307,*0.589,0.105
793,9:high-high,8:high-medium,+,0,0,0,0,0,0,0.35,*0.548,0.102
794,9:high-high,8:high-medium,+,0,0,0,0,0,0,0.28,*0.57,0.15
795,9:high-high,8:high-medium,+,0,0,0,0,0,0,0.215,*0.629,0.156
796,9:high-high,8:high-medium,+,0,0,0,0,0,0,0.239,*0.627,0.134
797,9:high-high,8:high-medium,+,0,0,0,0,0,0,0.281,*0.569,0.151
798,9:high-high,8:high-medium,+,0,0,0,0,0,0,0.261,*0.608,0.131
799,9:high-high,8:high-medium,+,0,0,0,0,0,0,0.235,*0.589,0.176
800,9:high-high,8:high-medium,+,0,0,0,0,0,0,0.286,*0.607,0.107
801,9:high-high,8:high-medium,+,0,0,0,0,0,0,0.327,*0.549,0.124
802,9:high-high,8:high-medium,+,0,0,0,0,0,0,0.282,*0.568,0.15
803,9:high-high,8:high-medium,+,0,0,0,0,0,0,0.26,*0.588,0.152
804,9:high-high,8:high-medium,+,0,0,0,0,0,0,0.3,*0.53,0.17
805,9:high-high,8:high-medium,+,0,0,0,0,0,0,0.258,*0.589,0.153
806,9:high-high,8:high-medium,+,0,0,0,0,0,0,0.256,*0.569,0.175
807,9:high-high,8:high-medium,+,0,0,0,0,0,0,0.324,*0.529,0.147
808,9:high-high,8:high-medium,+,0,0,0,0,0,0,0.367,*0.49,0.143
809,9:high-high,8:high-medium,+,0,0,0,0,0,0,0.302,*0.549,0.149
810,8:high-medium,8:high-medium,,0,0,0,0,0,0,0.323,*0.529,0.147
811,8:high-medium,8:high-medium,,0,0,0,0,0,0,0.39,*0.49,0.12
812,8:high-medium,8:high-medium,,0,0,0,0,0,0,0.386,*0.451,0.163
813,8:high-medium,8:high-medium,,0,0,0,0,0,0,0.412,*0.471,0.117
814,8:high-medium,8:high-medium,,0,0,0,0,0,0,0.349,*0.55,0.101
815,8:high-medium,8:high-medium,,0,0,0,0,0,0,0.345,*0.51,0.145
816,9:high-high,8:high-medium,+,0,0,0,0,0,0,0.281,*0.569,0.15
817,8:high-medium,8:high-medium,,0,0,0,0,0,0,0.388,*0.471,0.141
818,7:high-low,8:high-medium,+,0,0,0,0,0,0,0.409,*0.451,0.139
819,8:high-medium,8:high-medium,,0,0,0,0,0,0,0.384,*0.452,0.163
820,8:high-medium,8:high-medium,,0,0,0,0,0,0,0.302,*0.55,0.149
821,8:high-medium,8:high-medium,,0,0,0,0,0,0,0.281,*0.568,0.151
822,8:high-medium,8:high-medium,,0,0,0,0,0,0,0.345,*0.51,0.145
823,8:high-medium,8:high-medium,,0,0,0,0,0,0,0.41,*0.451,0.139
824,8:high-medium,7:high-low,+,0,0,0,0,0,0,*0.591,0.351,0.059
825,8:high-medium,8:high-medium,,0,0,0,0,0,0,0.37,*0.53,0.1
826,9:high-high,8:high-medium,+,0,0,0,0,0,0,0.282,*0.61,0.108
827,9:high-high,8:high-medium,+,0,0,0,0,0,0,0.232,*0.571,0.198
828,9:high-high,8:high-medium,+,0,0,0,0,0,0,0.149,*0.668,0.183
829,9:high-high,8:high-medium,+,0,0,0,0,0,0,0.348,*0.529,0.123
830,8:high-medium,8:high-medium,,0,0,0,0,0,0,0.238,*0.607,0.154
831,8:high-medium,8:high-medium,,0,0,0,0,0,0,0.28,*0.569,0.152
832,8:high-medium,8:high-medium,,0,0,0,0,0,0,0.254,*0.55,0.196
833,9:high-high,8:high-medium,+,0,0,0,0,0,0,0.367,*0.49,0.143
834,8:high-medium,8:high-medium,,0,0,0,0,0,0,0.283,*0.587,0.13
835,9:high-high,8:high-medium,+,0,0,0,0,0,0,0.214,*0.629,0.156
836,8:high-medium,8:high-medium,,0,0,0,0,0,0,0.261,*0.609,0.13
837,8:high-medium,8:high-medium,,0,0,0,0,0,0,0.303,*0.57,0.127
838,9:high-high,8:high-medium,+,0,0,0,0,0,0,0.281,*0.568,0.15
839,8:high-medium,8:high-medium,,0,0,0,0,0,0,0.24,*0.627,0.133
840,9:high-high,8:high-medium,+,0,0,0,0,0,0,0.347,*0.529,0.124
841,8:high-medium,8:high-medium,,0,0,0,0,0,0,0.236,*0.61,0.154
842,9:high-high,8:high-medium,+,0,0,0,0,0,0,0.194,*0.648,0.158
843,9:high-high,8:high-medium,+,0,0,0,0,0,0,0.258,*0.59,0.152
844,9:high-high,8:high-medium,+,0,0,0,0,0,0,0.283,*0.588,0.128
845,9:high-high,8:high-medium,+,0,0,0,0,0,0,0.236,*0.589,0.175
846,7:high-low,7:high-low,,0,0,0,0,0,0,*0.52,0.35,0.129
