inst#,actual,predicted,error,distribution,,,,,,,,
1,8:high-medium,8:high-medium,,0,0,0,0,0,0,0.377,*0.617,0.006
2,8:high-medium,8:high-medium,,0,0,0,0,0,0,0.367,*0.622,0.011
3,8:high-medium,8:high-medium,,0,0,0,0,0,0,0.35,*0.618,0.032
4,8:high-medium,8:high-medium,,0,0,0,0,0,0,0.381,*0.588,0.03
5,8:high-medium,8:high-medium,,0,0,0,0,0,0,0.431,*0.555,0.014
6,7:high-low,8:high-medium,+,0,0,0,0,0,0,0.314,*0.658,0.028
7,8:high-medium,8:high-medium,,0,0,0,0,0,0,0.365,*0.605,0.03
8,8:high-medium,8:high-medium,,0,0,0,0,0,0,0.394,*0.578,0.028
9,8:high-medium,8:high-medium,,0,0,0,0,0,0,0.321,*0.592,0.088
10,8:high-medium,8:high-medium,,0,0,0,0,0,0,0.324,*0.602,0.074
11,7:high-low,8:high-medium,+,0,0,0,0,0,0,0.406,*0.561,0.034
12,8:high-medium,8:high-medium,,0,0,0,0,0,0,0.331,*0.608,0.062
13,8:high-medium,8:high-medium,,0,0,0,0,0,0,0.225,*0.675,0.1
14,8:high-medium,8:high-medium,,0,0,0,0,0,0,0.268,*0.583,0.149
15,8:high-medium,8:high-medium,,0,0,0,0,0,0,0.324,*0.602,0.073
16,8:high-medium,8:high-medium,,0,0,0,0,0,0,0.419,*0.548,0.032
17,8:high-medium,8:high-medium,,0,0,0,0,0,0,0.302,*0.624,0.075
18,8:high-medium,8:high-medium,,0,0,0,0,0,0,0.359,*0.571,0.07
19,8:high-medium,8:high-medium,,0,0,0,0,0,0,0.286,*0.676,0.038
20,8:high-medium,8:high-medium,,0,0,0,0,0,0,0.261,*0.712,0.028
21,7:high-low,8:high-medium,+,0,0,0,0,0,0,0.337,*0.547,0.116
22,7:high-low,8:high-medium,+,0,0,0,0,0,0,0.289,*0.658,0.053
23,7:high-low,8:high-medium,+,0,0,0,0,0,0,0.303,*0.627,0.07
24,7:high-low,8:high-medium,+,0,0,0,0,0,0,0.34,*0.6,0.06
25,7:high-low,8:high-medium,+,0,0,0,0,0,0,0.348,*0.64,0.013
26,8:high-medium,8:high-medium,,0,0,0,0,0,0,0.393,*0.545,0.062
27,7:high-low,8:high-medium,+,0,0,0,0,0,0,0.275,*0.641,0.084
28,8:high-medium,8:high-medium,,0,0,0,0,0,0,0.319,*0.571,0.11
29,8:high-medium,8:high-medium,,0,0,0,0,0,0,0.263,*0.673,0.064
30,8:high-medium,7:high-low,+,0,0,0,0,0,0,*0.466,0.427,0.107
31,8:high-medium,8:high-medium,,0,0,0,0,0,0,0.319,*0.541,0.141
32,8:high-medium,8:high-medium,,0,0,0,0,0,0,0.313,*0.561,0.127
33,8:high-medium,8:high-medium,,0,0,0,0,0,0,0.38,*0.513,0.107
34,8:high-medium,8:high-medium,,0,0,0,0,0,0,0.219,*0.627,0.153
35,8:high-medium,8:high-medium,,0,0,0,0,0,0,0.204,*0.65,0.146
36,8:high-medium,8:high-medium,,0,0,0,0,0,0,0.369,*0.485,0.146
37,8:high-medium,8:high-medium,,0,0,0,0,0,0,0.308,*0.491,0.202
38,8:high-medium,7:high-low,+,0,0,0,0,0,0,*0.489,0.328,0.183
39,7:high-low,8:high-medium,+,0,0,0,0,0,0,0.166,*0.497,0.337
40,8:high-medium,8:high-medium,,0,0,0,0,0,0,0.241,*0.43,0.33
41,8:high-medium,8:high-medium,,0,0,0,0,0,0,0.122,*0.484,0.394
42,8:high-medium,8:high-medium,,0,0,0,0,0,0,0.138,*0.6,0.262
43,8:high-medium,8:high-medium,,0,0,0,0,0,0,0.189,*0.597,0.214
44,7:high-low,8:high-medium,+,0,0,0,0,0,0,0.251,*0.491,0.257
45,7:high-low,8:high-medium,+,0,0,0,0,0,0,0.281,*0.522,0.197
46,8:high-medium,8:high-medium,,0,0,0,0,0,0,0.231,*0.547,0.222
47,7:high-low,8:high-medium,+,0,0,0,0,0,0,0.335,*0.511,0.154
48,7:high-low,8:high-medium,+,0,0,0,0,0,0,0.328,*0.48,0.192
49,8:high-medium,8:high-medium,,0,0,0,0,0,0,0.315,*0.435,0.25
50,8:high-medium,8:high-medium,,0,0,0,0,0,0,0.204,*0.618,0.178
51,8:high-medium,7:high-low,+,0,0,0,0,0,0,*0.583,0.327,0.09
52,8:high-medium,8:high-medium,,0,0,0,0,0,0,0.274,*0.504,0.222
53,8:high-medium,8:high-medium,,0,0,0,0,0,0,0.264,*0.519,0.217
54,8:high-medium,8:high-medium,,0,0,0,0,0,0,0.301,*0.493,0.206
55,8:high-medium,8:high-medium,,0,0,0,0,0,0,0.16,*0.646,0.194
56,8:high-medium,8:high-medium,,0,0,0,0,0,0,0.209,*0.619,0.172
57,8:high-medium,8:high-medium,,0,0,0,0,0,0,0.168,*0.632,0.201
58,8:high-medium,8:high-medium,,0,0,0,0,0,0,0.238,*0.541,0.222
59,8:high-medium,8:high-medium,,0,0,0,0,0,0,0.255,*0.537,0.208
60,8:high-medium,8:high-medium,,0,0,0,0,0,0,0.178,*0.626,0.196
61,8:high-medium,8:high-medium,,0,0,0,0,0,0,0.291,*0.542,0.166
62,8:high-medium,8:high-medium,,0,0,0,0,0,0,0.244,*0.607,0.149
63,8:high-medium,8:high-medium,,0,0,0,0,0,0,0.256,*0.596,0.148
64,8:high-medium,8:high-medium,,0,0,0,0,0,0,0.177,*0.634,0.19
65,8:high-medium,8:high-medium,,0,0,0,0,0,0,0.297,*0.485,0.219
66,8:high-medium,8:high-medium,,0,0,0,0,0,0,0.163,*0.603,0.233
67,8:high-medium,8:high-medium,,0,0,0,0,0,0,0.336,*0.541,0.123
68,8:high-medium,8:high-medium,,0,0,0,0,0,0,0.201,*0.618,0.181
69,8:high-medium,8:high-medium,,0,0,0,0,0,0,0.212,*0.598,0.19
70,8:high-medium,8:high-medium,,0,0,0,0,0,0,0.204,*0.58,0.215
71,8:high-medium,8:high-medium,,0,0,0,0,0,0,0.214,*0.593,0.192
72,8:high-medium,8:high-medium,,0,0,0,0,0,0,0.227,*0.627,0.145
73,8:high-medium,8:high-medium,,0,0,0,0,0,0,0.396,*0.483,0.121
74,8:high-medium,8:high-medium,,0,0,0,0,0,0,0.33,*0.525,0.145
75,9:high-high,8:high-medium,+,0,0,0,0,0,0,0.231,*0.541,0.228
76,9:high-high,8:high-medium,+,0,0,0,0,0,0,0.277,*0.452,0.271
77,9:high-high,8:high-medium,+,0,0,0,0,0,0,0.168,*0.74,0.092
78,8:high-medium,8:high-medium,,0,0,0,0,0,0,0.278,*0.557,0.165
79,8:high-medium,8:high-medium,,0,0,0,0,0,0,0.171,*0.492,0.336
80,9:high-high,9:high-high,,0,0,0,0,0,0,0.38,0.192,*0.428
81,9:high-high,9:high-high,,0,0,0,0,0,0,0.336,0.147,*0.518
82,9:high-high,9:high-high,,0,0,0,0,0,0,0.271,0.124,*0.605
83,9:high-high,8:high-medium,+,0,0,0,0,0,0,0.335,*0.393,0.273
84,9:high-high,9:high-high,,0,0,0,0,0,0,0.289,0.171,*0.54
85,9:high-high,9:high-high,,0,0,0,0,0,0,0.311,0.219,*0.47
86,9:high-high,7:high-low,+,0,0,0,0,0,0,*0.455,0.166,0.38
87,9:high-high,9:high-high,,0,0,0,0,0,0,0.338,0.257,*0.404
88,9:high-high,9:high-high,,0,0,0,0,0,0,0.354,0.248,*0.399
89,9:high-high,7:high-low,+,0,0,0,0,0,0,*0.43,0.262,0.308
90,9:high-high,7:high-low,+,0,0,0,0,0,0,*0.383,0.262,0.355
91,9:high-high,9:high-high,,0,0,0,0,0,0,0.338,0.265,*0.397
92,9:high-high,7:high-low,+,0,0,0,0,0,0,*0.395,0.243,0.362
93,9:high-high,9:high-high,,0,0,0,0,0,0,0.374,0.21,*0.416
94,9:high-high,9:high-high,,0,0,0,0,0,0,0.383,0.169,*0.448
95,9:high-high,7:high-low,+,0,0,0,0,0,0,*0.4,0.22,0.379
96,9:high-high,7:high-low,+,0,0,0,0,0,0,*0.43,0.19,0.38
97,9:high-high,9:high-high,,0,0,0,0,0,0,0.372,0.246,*0.382
98,9:high-high,9:high-high,,0,0,0,0,0,0,0.171,0.212,*0.617
99,9:high-high,9:high-high,,0,0,0,0,0,0,0.243,0.327,*0.43
100,9:high-high,9:high-high,,0,0,0,0,0,0,0.213,0.174,*0.612
101,9:high-high,9:high-high,,0,0,0,0,0,0,0.262,0.265,*0.472
102,9:high-high,9:high-high,,0,0,0,0,0,0,0.354,0.229,*0.416
103,9:high-high,9:high-high,,0,0,0,0,0,0,0.261,0.261,*0.479
104,9:high-high,9:high-high,,0,0,0,0,0,0,0.126,0.266,*0.608
105,9:high-high,9:high-high,,0,0,0,0,0,0,0.17,0.176,*0.654
106,9:high-high,9:high-high,,0,0,0,0,0,0,0.199,0.234,*0.566
107,9:high-high,9:high-high,,0,0,0,0,0,0,0.246,0.162,*0.592
108,9:high-high,9:high-high,,0,0,0,0,0,0,0.263,0.284,*0.453
109,9:high-high,9:high-high,,0,0,0,0,0,0,0.265,0.263,*0.473
110,9:high-high,9:high-high,,0,0,0,0,0,0,0.337,0.257,*0.407
111,9:high-high,9:high-high,,0,0,0,0,0,0,0.261,0.287,*0.452
112,9:high-high,9:high-high,,0,0,0,0,0,0,0.285,0.285,*0.429
113,9:high-high,7:high-low,+,0,0,0,0,0,0,*0.348,0.345,0.306
114,9:high-high,7:high-low,+,0,0,0,0,0,0,*0.406,0.258,0.336
115,9:high-high,9:high-high,,0,0,0,0,0,0,0.31,0.22,*0.471
116,9:high-high,7:high-low,+,0,0,0,0,0,0,*0.405,0.352,0.243
117,8:high-medium,8:high-medium,,0,0,0,0,0,0,0.286,*0.411,0.303
118,8:high-medium,9:high-high,+,0,0,0,0,0,0,0.309,0.283,*0.408
119,9:high-high,9:high-high,,0,0,0,0,0,0,0.122,0.235,*0.643
120,9:high-high,9:high-high,,0,0,0,0,0,0,0.145,0.276,*0.579
121,9:high-high,9:high-high,,0,0,0,0,0,0,0.169,0.253,*0.578
122,9:high-high,9:high-high,,0,0,0,0,0,0,0.146,0.276,*0.579
123,9:high-high,9:high-high,,0,0,0,0,0,0,0.17,0.255,*0.575
124,9:high-high,9:high-high,,0,0,0,0,0,0,0.193,0.207,*0.6
125,9:high-high,9:high-high,,0,0,0,0,0,0,0.193,0.206,*0.602
126,9:high-high,9:high-high,,0,0,0,0,0,0,0.216,0.22,*0.564
127,9:high-high,9:high-high,,0,0,0,0,0,0,0.213,0.183,*0.604
128,9:high-high,9:high-high,,0,0,0,0,0,0,0.238,0.172,*0.59
129,9:high-high,9:high-high,,0,0,0,0,0,0,0.166,0.237,*0.596
130,9:high-high,9:high-high,,0,0,0,0,0,0,0.278,0.334,*0.388
131,9:high-high,9:high-high,,0,0,0,0,0,0,0.309,0.334,*0.357
132,9:high-high,8:high-medium,+,0,0,0,0,0,0,0.241,*0.427,0.331
133,9:high-high,9:high-high,,0,0,0,0,0,0,0.256,0.341,*0.403
134,9:high-high,8:high-medium,+,0,0,0,0,0,0,0.248,*0.402,0.35
135,9:high-high,9:high-high,,0,0,0,0,0,0,0.193,0.403,*0.404
136,9:high-high,9:high-high,,0,0,0,0,0,0,0.288,0.286,*0.426
137,9:high-high,8:high-medium,+,0,0,0,0,0,0,0.256,*0.381,0.363
138,9:high-high,9:high-high,,0,0,0,0,0,0,0.208,0.381,*0.411
139,9:high-high,9:high-high,,0,0,0,0,0,0,0.232,0.311,*0.456
140,9:high-high,8:high-medium,+,0,0,0,0,0,0,0.209,*0.426,0.365
141,9:high-high,9:high-high,,0,0,0,0,0,0,0.208,0.334,*0.458
142,9:high-high,9:high-high,,0,0,0,0,0,0,0.335,0.31,*0.355
143,9:high-high,9:high-high,,0,0,0,0,0,0,0.312,0.309,*0.379
144,9:high-high,8:high-medium,+,0,0,0,0,0,0,0.264,*0.38,0.356
145,9:high-high,9:high-high,,0,0,0,0,0,0,0.217,0.356,*0.427
146,9:high-high,9:high-high,,0,0,0,0,0,0,0.264,0.353,*0.384
147,9:high-high,9:high-high,,0,0,0,0,0,0,0.264,0.357,*0.379
148,9:high-high,8:high-medium,+,0,0,0,0,0,0,0.24,*0.427,0.332
149,9:high-high,9:high-high,,0,0,0,0,0,0,0.192,0.358,*0.45
150,9:high-high,9:high-high,,0,0,0,0,0,0,0.288,0.317,*0.395
151,9:high-high,9:high-high,,0,0,0,0,0,0,0.283,0.335,*0.382
152,9:high-high,8:high-medium,+,0,0,0,0,0,0,0.194,*0.416,0.39
153,9:high-high,8:high-medium,+,0,0,0,0,0,0,0.28,*0.41,0.309
154,9:high-high,8:high-medium,+,0,0,0,0,0,0,0.288,*0.369,0.343
155,9:high-high,8:high-medium,+,0,0,0,0,0,0,0.344,*0.392,0.263
156,9:high-high,7:high-low,+,0,0,0,0,0,0,*0.429,0.236,0.335
157,9:high-high,9:high-high,,0,0,0,0,0,0,0.336,0.323,*0.34
158,9:high-high,8:high-medium,+,0,0,0,0,0,0,0.295,*0.394,0.311
159,9:high-high,8:high-medium,+,0,0,0,0,0,0,0.304,*0.393,0.303
160,9:high-high,9:high-high,,0,0,0,0,0,0,0.295,0.346,*0.359
161,9:high-high,9:high-high,,0,0,0,0,0,0,0.296,0.346,*0.358
162,9:high-high,9:high-high,,0,0,0,0,0,0,0.312,0.3,*0.387
163,9:high-high,8:high-medium,+,0,0,0,0,0,0,0.327,*0.362,0.311
164,9:high-high,9:high-high,,0,0,0,0,0,0,0.272,0.323,*0.406
165,9:high-high,8:high-medium,+,0,0,0,0,0,0,0.322,*0.344,0.334
166,9:high-high,8:high-medium,+,0,0,0,0,0,0,0.383,*0.394,0.223
167,9:high-high,8:high-medium,+,0,0,0,0,0,0,0.312,*0.39,0.297
168,9:high-high,9:high-high,,0,0,0,0,0,0,0.321,0.322,*0.357
169,9:high-high,8:high-medium,+,0,0,0,0,0,0,0.367,*0.385,0.248
170,9:high-high,7:high-low,+,0,0,0,0,0,0,*0.343,0.315,0.342
171,9:high-high,8:high-medium,+,0,0,0,0,0,0,0.274,*0.416,0.31
172,9:high-high,8:high-medium,+,0,0,0,0,0,0,0.321,*0.343,0.336
173,9:high-high,8:high-medium,+,0,0,0,0,0,0,0.336,*0.392,0.272
174,9:high-high,8:high-medium,+,0,0,0,0,0,0,0.321,*0.46,0.219
175,9:high-high,8:high-medium,+,0,0,0,0,0,0,0.345,*0.415,0.24
176,9:high-high,8:high-medium,+,0,0,0,0,0,0,0.346,*0.392,0.262
177,9:high-high,7:high-low,+,0,0,0,0,0,0,*0.376,0.345,0.28
178,9:high-high,8:high-medium,+,0,0,0,0,0,0,0.333,*0.394,0.273
179,9:high-high,7:high-low,+,0,0,0,0,0,0,*0.381,0.346,0.273
180,9:high-high,8:high-medium,+,0,0,0,0,0,0,0.301,*0.418,0.281
181,9:high-high,7:high-low,+,0,0,0,0,0,0,*0.381,0.372,0.248
182,9:high-high,8:high-medium,+,0,0,0,0,0,0,0.328,*0.416,0.256
183,9:high-high,8:high-medium,+,0,0,0,0,0,0,0.346,*0.432,0.222
184,9:high-high,8:high-medium,+,0,0,0,0,0,0,0.361,*0.463,0.176
185,9:high-high,8:high-medium,+,0,0,0,0,0,0,0.321,*0.416,0.263
186,9:high-high,8:high-medium,+,0,0,0,0,0,0,0.408,*0.416,0.175
187,9:high-high,8:high-medium,+,0,0,0,0,0,0,0.418,*0.438,0.144
188,9:high-high,8:high-medium,+,0,0,0,0,0,0,0.36,*0.51,0.13
189,9:high-high,8:high-medium,+,0,0,0,0,0,0,0.366,*0.416,0.217
190,9:high-high,7:high-low,+,0,0,0,0,0,0,*0.389,0.305,0.306
191,9:high-high,7:high-low,+,0,0,0,0,0,0,*0.477,0.427,0.097
192,9:high-high,8:high-medium,+,0,0,0,0,0,0,0.337,*0.447,0.216
193,9:high-high,8:high-medium,+,0,0,0,0,0,0,0.415,*0.438,0.146
194,9:high-high,8:high-medium,+,0,0,0,0,0,0,0.344,*0.485,0.17
195,9:high-high,8:high-medium,+,0,0,0,0,0,0,0.34,*0.551,0.109
196,9:high-high,8:high-medium,+,0,0,0,0,0,0,0.389,*0.419,0.192
197,9:high-high,8:high-medium,+,0,0,0,0,0,0,0.357,*0.479,0.164
198,9:high-high,8:high-medium,+,0,0,0,0,0,0,0.323,*0.53,0.147
199,9:high-high,8:high-medium,+,0,0,0,0,0,0,0.277,*0.578,0.144
200,9:high-high,8:high-medium,+,0,0,0,0,0,0,0.339,*0.398,0.263
201,9:high-high,8:high-medium,+,0,0,0,0,0,0,0.385,*0.539,0.076
202,9:high-high,8:high-medium,+,0,0,0,0,0,0,0.484,*0.488,0.028
203,8:high-medium,7:high-low,+,0,0,0,0,0,0,*0.615,0.33,0.055
204,9:high-high,7:high-low,+,0,0,0,0,0,0,*0.526,0.373,0.101
205,9:high-high,7:high-low,+,0,0,0,0,0,0,*0.47,0.467,0.063
206,8:high-medium,7:high-low,+,0,0,0,0,0,0,*0.519,0.383,0.098
207,9:high-high,7:high-low,+,0,0,0,0,0,0,*0.558,0.392,0.05
208,8:high-medium,7:high-low,+,0,0,0,0,0,0,*0.579,0.418,0.003
209,8:high-medium,7:high-low,+,0,0,0,0,0,0,*0.601,0.374,0.024
210,7:high-low,7:high-low,,0,0,0,0,0,0,*0.605,0.371,0.024
211,9:high-high,8:high-medium,+,0,0,0,0,0,0,0.473,*0.478,0.048
212,9:high-high,7:high-low,+,0,0,0,0,0,0,*0.523,0.404,0.074
213,9:high-high,7:high-low,+,0,0,0,0,0,0,*0.568,0.379,0.052
214,9:high-high,7:high-low,+,0,0,0,0,0,0,*0.62,0.354,0.026
215,9:high-high,7:high-low,+,0,0,0,0,0,0,*0.532,0.418,0.051
216,9:high-high,7:high-low,+,0,0,0,0,0,0,*0.496,0.427,0.076
217,9:high-high,7:high-low,+,0,0,0,0,0,0,*0.586,0.362,0.052
218,9:high-high,7:high-low,+,0,0,0,0,0,0,*0.514,0.434,0.052
219,9:high-high,7:high-low,+,0,0,0,0,0,0,*0.495,0.452,0.053
220,9:high-high,7:high-low,+,0,0,0,0,0,0,*0.59,0.36,0.05
221,9:high-high,7:high-low,+,0,0,0,0,0,0,*0.536,0.439,0.024
222,9:high-high,7:high-low,+,0,0,0,0,0,0,*0.641,0.309,0.05
223,9:high-high,7:high-low,+,0,0,0,0,0,0,*0.534,0.394,0.072
224,8:high-medium,7:high-low,+,0,0,0,0,0,0,*0.675,0.322,0.002
225,8:high-medium,8:high-medium,,0,0,0,0,0,0,0.485,*0.512,0.002
226,9:high-high,7:high-low,+,0,0,0,0,0,0,*0.566,0.41,0.024
227,8:high-medium,7:high-low,+,0,0,0,0,0,0,*0.589,0.34,0.071
228,8:high-medium,7:high-low,+,0,0,0,0,0,0,*0.514,0.46,0.026
229,8:high-medium,7:high-low,+,0,0,0,0,0,0,*0.561,0.388,0.05
230,8:high-medium,7:high-low,+,0,0,0,0,0,0,*0.59,0.394,0.015
231,8:high-medium,7:high-low,+,0,0,0,0,0,0,*0.665,0.334,0.001
232,8:high-medium,7:high-low,+,0,0,0,0,0,0,*0.591,0.393,0.016
233,8:high-medium,7:high-low,+,0,0,0,0,0,0,*0.616,0.369,0.016
234,8:high-medium,7:high-low,+,0,0,0,0,0,0,*0.658,0.318,0.024
235,8:high-medium,7:high-low,+,0,0,0,0,0,0,*0.639,0.287,0.074
236,9:high-high,7:high-low,+,0,0,0,0,0,0,*0.567,0.334,0.099
237,8:high-medium,7:high-low,+,0,0,0,0,0,0,*0.61,0.316,0.074
238,9:high-high,7:high-low,+,0,0,0,0,0,0,*0.578,0.354,0.068
239,8:high-medium,7:high-low,+,0,0,0,0,0,0,*0.58,0.283,0.137
240,9:high-high,7:high-low,+,0,0,0,0,0,0,*0.539,0.293,0.169
241,9:high-high,7:high-low,+,0,0,0,0,0,0,*0.492,0.384,0.125
242,9:high-high,7:high-low,+,0,0,0,0,0,0,*0.461,0.42,0.119
243,9:high-high,8:high-medium,+,0,0,0,0,0,0,0.282,*0.474,0.244
244,9:high-high,7:high-low,+,0,0,0,0,0,0,*0.428,0.399,0.174
245,9:high-high,7:high-low,+,0,0,0,0,0,0,*0.44,0.385,0.175
246,9:high-high,8:high-medium,+,0,0,0,0,0,0,0.38,*0.428,0.191
247,9:high-high,8:high-medium,+,0,0,0,0,0,0,0.397,*0.412,0.192
248,9:high-high,7:high-low,+,0,0,0,0,0,0,*0.408,0.353,0.239
249,9:high-high,8:high-medium,+,0,0,0,0,0,0,0.357,*0.472,0.171
250,9:high-high,8:high-medium,+,0,0,0,0,0,0,0.369,*0.457,0.174
251,9:high-high,7:high-low,+,0,0,0,0,0,0,*0.402,0.36,0.239
252,9:high-high,8:high-medium,+,0,0,0,0,0,0,0.348,*0.458,0.194
253,9:high-high,8:high-medium,+,0,0,0,0,0,0,0.333,*0.431,0.237
254,9:high-high,8:high-medium,+,0,0,0,0,0,0,0.364,*0.427,0.209
255,9:high-high,8:high-medium,+,0,0,0,0,0,0,0.363,*0.379,0.259
256,9:high-high,8:high-medium,+,0,0,0,0,0,0,0.339,*0.424,0.237
257,9:high-high,8:high-medium,+,0,0,0,0,0,0,0.309,*0.429,0.262
258,9:high-high,8:high-medium,+,0,0,0,0,0,0,0.368,*0.444,0.189
259,9:high-high,8:high-medium,+,0,0,0,0,0,0,0.371,*0.431,0.198
260,9:high-high,7:high-low,+,0,0,0,0,0,0,*0.403,0.38,0.217
261,9:high-high,7:high-low,+,0,0,0,0,0,0,*0.548,0.328,0.124
262,9:high-high,7:high-low,+,0,0,0,0,0,0,*0.573,0.24,0.188
263,9:high-high,7:high-low,+,0,0,0,0,0,0,*0.463,0.344,0.193
264,9:high-high,7:high-low,+,0,0,0,0,0,0,*0.46,0.371,0.169
265,8:high-medium,7:high-low,+,0,0,0,0,0,0,*0.647,0.267,0.086
266,9:high-high,7:high-low,+,0,0,0,0,0,0,*0.726,0.225,0.049
267,8:high-medium,7:high-low,+,0,0,0,0,0,0,*0.695,0.186,0.119
268,9:high-high,7:high-low,+,0,0,0,0,0,0,*0.482,0.34,0.178
269,9:high-high,7:high-low,+,0,0,0,0,0,0,*0.414,0.302,0.283
270,9:high-high,7:high-low,+,0,0,0,0,0,0,*0.472,0.342,0.185
271,8:high-medium,7:high-low,+,0,0,0,0,0,0,*0.481,0.333,0.186
272,8:high-medium,7:high-low,+,0,0,0,0,0,0,*0.716,0.21,0.073
273,8:high-medium,7:high-low,+,0,0,0,0,0,0,*0.625,0.278,0.097
274,8:high-medium,7:high-low,+,0,0,0,0,0,0,*0.556,0.299,0.146
275,9:high-high,7:high-low,+,0,0,0,0,0,0,*0.612,0.244,0.144
276,8:high-medium,7:high-low,+,0,0,0,0,0,0,*0.62,0.246,0.134
277,8:high-medium,7:high-low,+,0,0,0,0,0,0,*0.763,0.185,0.051
278,8:high-medium,7:high-low,+,0,0,0,0,0,0,*0.741,0.209,0.05
279,8:high-medium,7:high-low,+,0,0,0,0,0,0,*0.572,0.35,0.078
280,8:high-medium,7:high-low,+,0,0,0,0,0,0,*0.682,0.16,0.158
281,8:high-medium,7:high-low,+,0,0,0,0,0,0,*0.676,0.208,0.116
282,8:high-medium,7:high-low,+,0,0,0,0,0,0,*0.723,0.161,0.116
283,8:high-medium,7:high-low,+,0,0,0,0,0,0,*0.81,0.117,0.073
284,8:high-medium,7:high-low,+,0,0,0,0,0,0,*0.77,0.181,0.049
285,8:high-medium,7:high-low,+,0,0,0,0,0,0,*0.81,0.139,0.051
286,8:high-medium,7:high-low,+,0,0,0,0,0,0,*0.766,0.163,0.071
287,8:high-medium,7:high-low,+,0,0,0,0,0,0,*0.746,0.161,0.093
288,8:high-medium,7:high-low,+,0,0,0,0,0,0,*0.596,0.308,0.095
289,8:high-medium,7:high-low,+,0,0,0,0,0,0,*0.718,0.209,0.073
290,8:high-medium,7:high-low,+,0,0,0,0,0,0,*0.731,0.196,0.073
291,8:high-medium,7:high-low,+,0,0,0,0,0,0,*0.684,0.243,0.073
292,8:high-medium,7:high-low,+,0,0,0,0,0,0,*0.729,0.2,0.071
293,8:high-medium,7:high-low,+,0,0,0,0,0,0,*0.662,0.267,0.071
294,8:high-medium,7:high-low,+,0,0,0,0,0,0,*0.646,0.282,0.071
295,8:high-medium,7:high-low,+,0,0,0,0,0,0,*0.743,0.184,0.073
296,8:high-medium,7:high-low,+,0,0,0,0,0,0,*0.643,0.284,0.073
297,8:high-medium,7:high-low,+,0,0,0,0,0,0,*0.6,0.306,0.094
298,8:high-medium,7:high-low,+,0,0,0,0,0,0,*0.692,0.236,0.071
299,8:high-medium,7:high-low,+,0,0,0,0,0,0,*0.741,0.186,0.073
300,8:high-medium,7:high-low,+,0,0,0,0,0,0,*0.6,0.307,0.093
301,8:high-medium,7:high-low,+,0,0,0,0,0,0,*0.663,0.22,0.117
302,8:high-medium,7:high-low,+,0,0,0,0,0,0,*0.706,0.176,0.118
303,8:high-medium,7:high-low,+,0,0,0,0,0,0,*0.731,0.172,0.097
304,8:high-medium,7:high-low,+,0,0,0,0,0,0,*0.688,0.196,0.116
305,8:high-medium,7:high-low,+,0,0,0,0,0,0,*0.685,0.221,0.094
306,8:high-medium,7:high-low,+,0,0,0,0,0,0,*0.685,0.197,0.118
307,8:high-medium,7:high-low,+,0,0,0,0,0,0,*0.628,0.279,0.093
308,8:high-medium,7:high-low,+,0,0,0,0,0,0,*0.641,0.243,0.116
309,8:high-medium,7:high-low,+,0,0,0,0,0,0,*0.71,0.172,0.118
310,8:high-medium,7:high-low,+,0,0,0,0,0,0,*0.666,0.192,0.142
311,8:high-medium,7:high-low,+,0,0,0,0,0,0,*0.667,0.217,0.116
312,8:high-medium,7:high-low,+,0,0,0,0,0,0,*0.71,0.169,0.121
313,8:high-medium,7:high-low,+,0,0,0,0,0,0,*0.724,0.183,0.093
314,8:high-medium,7:high-low,+,0,0,0,0,0,0,*0.685,0.222,0.093
315,8:high-medium,7:high-low,+,0,0,0,0,0,0,*0.72,0.211,0.069
316,8:high-medium,7:high-low,+,0,0,0,0,0,0,*0.727,0.2,0.073
317,8:high-medium,7:high-low,+,0,0,0,0,0,0,*0.718,0.172,0.11
318,8:high-medium,7:high-low,+,0,0,0,0,0,0,*0.776,0.151,0.073
319,8:high-medium,7:high-low,+,0,0,0,0,0,0,*0.77,0.136,0.094
320,8:high-medium,7:high-low,+,0,0,0,0,0,0,*0.77,0.135,0.094
321,8:high-medium,7:high-low,+,0,0,0,0,0,0,*0.775,0.152,0.073
322,7:high-low,7:high-low,,0,0,0,0,0,0,*0.724,0.203,0.073
323,8:high-medium,7:high-low,+,0,0,0,0,0,0,*0.794,0.111,0.094
324,8:high-medium,7:high-low,+,0,0,0,0,0,0,*0.755,0.127,0.118
325,8:high-medium,7:high-low,+,0,0,0,0,0,0,*0.713,0.194,0.093
326,8:high-medium,7:high-low,+,0,0,0,0,0,0,*0.754,0.199,0.048
327,8:high-medium,7:high-low,+,0,0,0,0,0,0,*0.8,0.129,0.071
328,8:high-medium,7:high-low,+,0,0,0,0,0,0,*0.732,0.22,0.048
329,8:high-medium,7:high-low,+,0,0,0,0,0,0,*0.805,0.125,0.071
330,8:high-medium,7:high-low,+,0,0,0,0,0,0,*0.766,0.164,0.069
331,8:high-medium,7:high-low,+,0,0,0,0,0,0,*0.793,0.137,0.071
332,8:high-medium,7:high-low,+,0,0,0,0,0,0,*0.754,0.198,0.048
333,8:high-medium,7:high-low,+,0,0,0,0,0,0,*0.739,0.192,0.069
334,8:high-medium,7:high-low,+,0,0,0,0,0,0,*0.826,0.103,0.07
335,8:high-medium,7:high-low,+,0,0,0,0,0,0,*0.805,0.125,0.07
336,8:high-medium,7:high-low,+,0,0,0,0,0,0,*0.746,0.184,0.07
337,8:high-medium,7:high-low,+,0,0,0,0,0,0,*0.821,0.153,0.026
338,8:high-medium,7:high-low,+,0,0,0,0,0,0,*0.789,0.187,0.024
339,9:high-high,7:high-low,+,0,0,0,0,0,0,*0.798,0.176,0.026
340,8:high-medium,7:high-low,+,0,0,0,0,0,0,*0.71,0.265,0.024
341,8:high-medium,7:high-low,+,0,0,0,0,0,0,*0.785,0.171,0.044
342,8:high-medium,7:high-low,+,0,0,0,0,0,0,*0.571,0.365,0.065
343,8:high-medium,7:high-low,+,0,0,0,0,0,0,*0.675,0.275,0.05
344,8:high-medium,7:high-low,+,0,0,0,0,0,0,*0.771,0.178,0.051
345,8:high-medium,7:high-low,+,0,0,0,0,0,0,*0.581,0.332,0.087
346,8:high-medium,7:high-low,+,0,0,0,0,0,0,*0.568,0.3,0.132
347,9:high-high,7:high-low,+,0,0,0,0,0,0,*0.629,0.299,0.072
348,9:high-high,7:high-low,+,0,0,0,0,0,0,*0.496,0.38,0.124
349,8:high-medium,7:high-low,+,0,0,0,0,0,0,*0.552,0.292,0.156
350,9:high-high,7:high-low,+,0,0,0,0,0,0,*0.757,0.193,0.049
351,8:high-medium,7:high-low,+,0,0,0,0,0,0,*0.513,0.389,0.098
352,9:high-high,7:high-low,+,0,0,0,0,0,0,*0.503,0.351,0.146
353,9:high-high,7:high-low,+,0,0,0,0,0,0,*0.831,0.121,0.048
354,7:high-low,7:high-low,,0,0,0,0,0,0,*0.594,0.297,0.109
355,8:high-medium,7:high-low,+,0,0,0,0,0,0,*0.425,0.366,0.209
356,8:high-medium,7:high-low,+,0,0,0,0,0,0,*0.768,0.156,0.075
357,9:high-high,7:high-low,+,0,0,0,0,0,0,*0.717,0.213,0.07
358,8:high-medium,7:high-low,+,0,0,0,0,0,0,*0.556,0.285,0.158
359,9:high-high,7:high-low,+,0,0,0,0,0,0,*0.509,0.398,0.093
360,9:high-high,7:high-low,+,0,0,0,0,0,0,*0.762,0.172,0.066
361,7:high-low,7:high-low,,0,0,0,0,0,0,*0.419,0.323,0.258
362,7:high-low,7:high-low,,0,0,0,0,0,0,*0.419,0.323,0.258
363,7:high-low,7:high-low,,0,0,0,0,0,0,*0.452,0.244,0.304
364,8:high-medium,7:high-low,+,0,0,0,0,0,0,*0.741,0.257,0.002
365,9:high-high,7:high-low,+,0,0,0,0,0,0,*0.627,0.273,0.1
366,9:high-high,7:high-low,+,0,0,0,0,0,0,*0.677,0.273,0.05
367,9:high-high,7:high-low,+,0,0,0,0,0,0,*0.581,0.332,0.088
368,9:high-high,7:high-low,+,0,0,0,0,0,0,*0.552,0.401,0.046
369,8:high-medium,7:high-low,+,0,0,0,0,0,0,*0.685,0.291,0.024
370,9:high-high,7:high-low,+,0,0,0,0,0,0,*0.687,0.289,0.024
371,8:high-medium,7:high-low,+,0,0,0,0,0,0,*0.712,0.287,0.001
372,9:high-high,7:high-low,+,0,0,0,0,0,0,*0.708,0.267,0.024
373,8:high-medium,7:high-low,+,0,0,0,0,0,0,*0.673,0.304,0.024
374,8:high-medium,7:high-low,+,0,0,0,0,0,0,*0.764,0.212,0.024
375,8:high-medium,7:high-low,+,0,0,0,0,0,0,*0.737,0.26,0.003
376,9:high-high,7:high-low,+,0,0,0,0,0,0,*0.665,0.31,0.024
377,8:high-medium,7:high-low,+,0,0,0,0,0,0,*0.781,0.219,0
378,8:high-medium,7:high-low,+,0,0,0,0,0,0,*0.726,0.25,0.024
379,9:high-high,7:high-low,+,0,0,0,0,0,0,*0.663,0.313,0.024
380,9:high-high,7:high-low,+,0,0,0,0,0,0,*0.661,0.29,0.049
381,8:high-medium,7:high-low,+,0,0,0,0,0,0,*0.61,0.327,0.063
382,9:high-high,7:high-low,+,0,0,0,0,0,0,*0.712,0.285,0.002
383,9:high-high,7:high-low,+,0,0,0,0,0,0,*0.689,0.262,0.049
384,9:high-high,7:high-low,+,0,0,0,0,0,0,*0.49,0.324,0.187
385,9:high-high,7:high-low,+,0,0,0,0,0,0,*0.488,0.356,0.157
386,9:high-high,7:high-low,+,0,0,0,0,0,0,*0.566,0.327,0.107
387,9:high-high,7:high-low,+,0,0,0,0,0,0,*0.58,0.371,0.049
388,9:high-high,7:high-low,+,0,0,0,0,0,0,*0.577,0.334,0.089
389,9:high-high,7:high-low,+,0,0,0,0,0,0,*0.543,0.342,0.115
390,8:high-medium,7:high-low,+,0,0,0,0,0,0,*0.511,0.398,0.091
391,9:high-high,7:high-low,+,0,0,0,0,0,0,*0.657,0.294,0.049
392,9:high-high,7:high-low,+,0,0,0,0,0,0,*0.555,0.395,0.05
393,9:high-high,7:high-low,+,0,0,0,0,0,0,*0.61,0.327,0.064
394,9:high-high,7:high-low,+,0,0,0,0,0,0,*0.509,0.376,0.115
395,9:high-high,7:high-low,+,0,0,0,0,0,0,*0.542,0.344,0.114
396,9:high-high,7:high-low,+,0,0,0,0,0,0,*0.648,0.258,0.095
397,9:high-high,7:high-low,+,0,0,0,0,0,0,*0.532,0.361,0.107
398,9:high-high,7:high-low,+,0,0,0,0,0,0,*0.669,0.281,0.05
399,9:high-high,7:high-low,+,0,0,0,0,0,0,*0.549,0.385,0.067
400,9:high-high,8:high-medium,+,0,0,0,0,0,0,0.454,*0.48,0.066
401,9:high-high,7:high-low,+,0,0,0,0,0,0,*0.635,0.321,0.044
402,9:high-high,7:high-low,+,0,0,0,0,0,0,*0.542,0.408,0.05
403,9:high-high,7:high-low,+,0,0,0,0,0,0,*0.597,0.316,0.087
404,9:high-high,7:high-low,+,0,0,0,0,0,0,*0.625,0.3,0.075
405,7:high-low,7:high-low,,0,0,0,0,0,0,*0.588,0.369,0.043
406,9:high-high,7:high-low,+,0,0,0,0,0,0,*0.613,0.36,0.028
407,7:high-low,7:high-low,,0,0,0,0,0,0,*0.642,0.284,0.075
408,9:high-high,7:high-low,+,0,0,0,0,0,0,*0.639,0.286,0.075
409,8:high-medium,7:high-low,+,0,0,0,0,0,0,*0.648,0.301,0.051
410,8:high-medium,7:high-low,+,0,0,0,0,0,0,*0.604,0.344,0.052
411,9:high-high,7:high-low,+,0,0,0,0,0,0,*0.549,0.353,0.099
412,8:high-medium,7:high-low,+,0,0,0,0,0,0,*0.548,0.374,0.078
413,9:high-high,7:high-low,+,0,0,0,0,0,0,*0.534,0.438,0.028
414,9:high-high,8:high-medium,+,0,0,0,0,0,0,0.458,*0.489,0.053
415,8:high-medium,8:high-medium,,0,0,0,0,0,0,0.423,*0.569,0.009
416,8:high-medium,8:high-medium,,0,0,0,0,0,0,0.469,*0.475,0.057
417,8:high-medium,7:high-low,+,0,0,0,0,0,0,*0.523,0.446,0.031
418,8:high-medium,8:high-medium,,0,0,0,0,0,0,0.397,*0.572,0.032
419,9:high-high,8:high-medium,+,0,0,0,0,0,0,0.472,*0.474,0.054
420,8:high-medium,7:high-low,+,0,0,0,0,0,0,*0.495,0.404,0.101
421,8:high-medium,8:high-medium,,0,0,0,0,0,0,0.448,*0.475,0.077
422,8:high-medium,7:high-low,+,0,0,0,0,0,0,*0.587,0.339,0.074
423,8:high-medium,7:high-low,+,0,0,0,0,0,0,*0.57,0.358,0.073
424,8:high-medium,7:high-low,+,0,0,0,0,0,0,*0.539,0.363,0.098
425,8:high-medium,7:high-low,+,0,0,0,0,0,0,*0.567,0.335,0.098
426,8:high-medium,7:high-low,+,0,0,0,0,0,0,*0.533,0.392,0.076
427,8:high-medium,7:high-low,+,0,0,0,0,0,0,*0.546,0.401,0.053
428,8:high-medium,7:high-low,+,0,0,0,0,0,0,*0.623,0.348,0.029
429,8:high-medium,7:high-low,+,0,0,0,0,0,0,*0.624,0.328,0.048
430,8:high-medium,7:high-low,+,0,0,0,0,0,0,*0.689,0.301,0.01
431,8:high-medium,7:high-low,+,0,0,0,0,0,0,*0.688,0.286,0.026
432,8:high-medium,7:high-low,+,0,0,0,0,0,0,*0.545,0.403,0.052
433,8:high-medium,7:high-low,+,0,0,0,0,0,0,*0.63,0.321,0.048
434,8:high-medium,7:high-low,+,0,0,0,0,0,0,*0.626,0.323,0.051
435,8:high-medium,7:high-low,+,0,0,0,0,0,0,*0.691,0.276,0.033
436,8:high-medium,7:high-low,+,0,0,0,0,0,0,*0.712,0.238,0.049
437,8:high-medium,7:high-low,+,0,0,0,0,0,0,*0.709,0.243,0.048
438,8:high-medium,7:high-low,+,0,0,0,0,0,0,*0.775,0.178,0.048
439,8:high-medium,7:high-low,+,0,0,0,0,0,0,*0.756,0.195,0.049
440,8:high-medium,7:high-low,+,0,0,0,0,0,0,*0.648,0.303,0.048
441,8:high-medium,7:high-low,+,0,0,0,0,0,0,*0.722,0.251,0.028
442,8:high-medium,7:high-low,+,0,0,0,0,0,0,*0.748,0.202,0.05
443,8:high-medium,7:high-low,+,0,0,0,0,0,0,*0.687,0.24,0.073
444,8:high-medium,7:high-low,+,0,0,0,0,0,0,*0.608,0.339,0.053
445,8:high-medium,7:high-low,+,0,0,0,0,0,0,*0.685,0.281,0.034
446,8:high-medium,7:high-low,+,0,0,0,0,0,0,*0.653,0.298,0.049
447,8:high-medium,7:high-low,+,0,0,0,0,0,0,*0.576,0.396,0.029
448,8:high-medium,7:high-low,+,0,0,0,0,0,0,*0.574,0.378,0.048
449,8:high-medium,7:high-low,+,0,0,0,0,0,0,*0.679,0.294,0.026
450,7:high-low,7:high-low,,0,0,0,0,0,0,*0.676,0.296,0.028
451,8:high-medium,7:high-low,+,0,0,0,0,0,0,*0.689,0.31,0.001
452,8:high-medium,7:high-low,+,0,0,0,0,0,0,*0.706,0.248,0.046
453,8:high-medium,7:high-low,+,0,0,0,0,0,0,*0.73,0.246,0.024
454,8:high-medium,7:high-low,+,0,0,0,0,0,0,*0.763,0.189,0.048
455,7:high-low,7:high-low,,0,0,0,0,0,0,*0.712,0.267,0.022
456,8:high-medium,7:high-low,+,0,0,0,0,0,0,*0.774,0.205,0.022
457,8:high-medium,7:high-low,+,0,0,0,0,0,0,*0.687,0.289,0.024
458,7:high-low,7:high-low,,0,0,0,0,0,0,*0.713,0.262,0.025
459,7:high-low,7:high-low,,0,0,0,0,0,0,*0.745,0.209,0.046
460,8:high-medium,7:high-low,+,0,0,0,0,0,0,*0.752,0.202,0.046
461,7:high-low,7:high-low,,0,0,0,0,0,0,*0.72,0.235,0.046
462,8:high-medium,7:high-low,+,0,0,0,0,0,0,*0.753,0.199,0.048
463,7:high-low,7:high-low,,0,0,0,0,0,0,*0.755,0.199,0.046
464,7:high-low,7:high-low,,0,0,0,0,0,0,*0.762,0.192,0.045
465,7:high-low,7:high-low,,0,0,0,0,0,0,*0.738,0.216,0.046
466,7:high-low,7:high-low,,0,0,0,0,0,0,*0.841,0.135,0.024
467,7:high-low,7:high-low,,0,0,0,0,0,0,*0.736,0.216,0.048
468,7:high-low,7:high-low,,0,0,0,0,0,0,*0.796,0.156,0.048
469,8:high-medium,7:high-low,+,0,0,0,0,0,0,*0.615,0.291,0.094
470,8:high-medium,7:high-low,+,0,0,0,0,0,0,*0.715,0.193,0.092
471,7:high-low,7:high-low,,0,0,0,0,0,0,*0.741,0.185,0.073
472,7:high-low,7:high-low,,0,0,0,0,0,0,*0.692,0.24,0.068
473,7:high-low,7:high-low,,0,0,0,0,0,0,*0.749,0.156,0.094
474,8:high-medium,7:high-low,+,0,0,0,0,0,0,*0.687,0.218,0.094
475,7:high-low,7:high-low,,0,0,0,0,0,0,*0.743,0.256,0.001
476,8:high-medium,7:high-low,+,0,0,0,0,0,0,*0.812,0.163,0.025
477,7:high-low,7:high-low,,0,0,0,0,0,0,*0.762,0.217,0.021
478,7:high-low,7:high-low,,0,0,0,0,0,0,*0.72,0.235,0.045
479,8:high-medium,7:high-low,+,0,0,0,0,0,0,*0.743,0.209,0.048
480,7:high-low,7:high-low,,0,0,0,0,0,0,*0.724,0.231,0.045
481,7:high-low,7:high-low,,0,0,0,0,0,0,*0.774,0.202,0.024
482,7:high-low,7:high-low,,0,0,0,0,0,0,*0.781,0.15,0.069
483,7:high-low,7:high-low,,0,0,0,0,0,0,*0.783,0.172,0.045
484,7:high-low,7:high-low,,0,0,0,0,0,0,*0.709,0.267,0.024
485,7:high-low,7:high-low,,0,0,0,0,0,0,*0.727,0.228,0.045
486,8:high-medium,7:high-low,+,0,0,0,0,0,0,*0.78,0.151,0.069
487,7:high-low,7:high-low,,0,0,0,0,0,0,*0.852,0.103,0.045
488,7:high-low,7:high-low,,0,0,0,0,0,0,*0.807,0.169,0.024
489,7:high-low,7:high-low,,0,0,0,0,0,0,*0.778,0.177,0.045
490,8:high-medium,7:high-low,+,0,0,0,0,0,0,*0.761,0.239,0
491,7:high-low,7:high-low,,0,0,0,0,0,0,*0.791,0.209,0
492,8:high-medium,7:high-low,+,0,0,0,0,0,0,*0.87,0.106,0.024
493,8:high-medium,7:high-low,+,0,0,0,0,0,0,*0.801,0.175,0.024
494,8:high-medium,7:high-low,+,0,0,0,0,0,0,*0.766,0.184,0.05
495,8:high-medium,7:high-low,+,0,0,0,0,0,0,*0.796,0.155,0.05
496,8:high-medium,7:high-low,+,0,0,0,0,0,0,*0.804,0.17,0.026
497,8:high-medium,7:high-low,+,0,0,0,0,0,0,*0.797,0.179,0.024
498,8:high-medium,7:high-low,+,0,0,0,0,0,0,*0.791,0.185,0.024
499,8:high-medium,7:high-low,+,0,0,0,0,0,0,*0.712,0.264,0.024
500,8:high-medium,7:high-low,+,0,0,0,0,0,0,*0.718,0.232,0.05
501,9:high-high,7:high-low,+,0,0,0,0,0,0,*0.595,0.329,0.076
502,8:high-medium,7:high-low,+,0,0,0,0,0,0,*0.611,0.289,0.099
503,8:high-medium,7:high-low,+,0,0,0,0,0,0,*0.665,0.255,0.08
504,9:high-high,7:high-low,+,0,0,0,0,0,0,*0.722,0.252,0.025
505,8:high-medium,7:high-low,+,0,0,0,0,0,0,*0.807,0.192,0
506,7:high-low,7:high-low,,0,0,0,0,0,0,*0.841,0.159,0
507,7:high-low,7:high-low,,0,0,0,0,0,0,*0.896,0.104,0
508,8:high-medium,7:high-low,+,0,0,0,0,0,0,*0.897,0.103,0
509,8:high-medium,7:high-low,+,0,0,0,0,0,0,*0.848,0.128,0.024
510,8:high-medium,7:high-low,+,0,0,0,0,0,0,*0.736,0.193,0.071
511,8:high-medium,7:high-low,+,0,0,0,0,0,0,*0.686,0.217,0.097
512,8:high-medium,7:high-low,+,0,0,0,0,0,0,*0.705,0.224,0.071
513,8:high-medium,7:high-low,+,0,0,0,0,0,0,*0.718,0.208,0.074
514,9:high-high,7:high-low,+,0,0,0,0,0,0,*0.634,0.294,0.072
515,9:high-high,7:high-low,+,0,0,0,0,0,0,*0.473,0.371,0.156
516,9:high-high,7:high-low,+,0,0,0,0,0,0,*0.594,0.283,0.123
517,8:high-medium,7:high-low,+,0,0,0,0,0,0,*0.516,0.383,0.101
518,8:high-medium,7:high-low,+,0,0,0,0,0,0,*0.572,0.305,0.123
519,9:high-high,7:high-low,+,0,0,0,0,0,0,*0.461,0.401,0.137
520,9:high-high,7:high-low,+,0,0,0,0,0,0,*0.496,0.392,0.112
521,9:high-high,7:high-low,+,0,0,0,0,0,0,*0.523,0.397,0.08
522,9:high-high,8:high-medium,+,0,0,0,0,0,0,0.432,*0.455,0.113
523,9:high-high,7:high-low,+,0,0,0,0,0,0,*0.501,0.339,0.16
524,9:high-high,7:high-low,+,0,0,0,0,0,0,*0.55,0.373,0.077
525,9:high-high,7:high-low,+,0,0,0,0,0,0,*0.561,0.361,0.078
526,9:high-high,7:high-low,+,0,0,0,0,0,0,*0.484,0.421,0.095
527,9:high-high,7:high-low,+,0,0,0,0,0,0,*0.582,0.329,0.088
528,9:high-high,7:high-low,+,0,0,0,0,0,0,*0.569,0.379,0.052
529,8:high-medium,7:high-low,+,0,0,0,0,0,0,*0.581,0.3,0.119
530,9:high-high,7:high-low,+,0,0,0,0,0,0,*0.507,0.371,0.122
531,9:high-high,7:high-low,+,0,0,0,0,0,0,*0.599,0.303,0.099
532,9:high-high,7:high-low,+,0,0,0,0,0,0,*0.596,0.398,0.006
533,9:high-high,7:high-low,+,0,0,0,0,0,0,*0.628,0.308,0.064
534,8:high-medium,7:high-low,+,0,0,0,0,0,0,*0.738,0.19,0.071
535,8:high-medium,7:high-low,+,0,0,0,0,0,0,*0.719,0.21,0.071
536,8:high-medium,7:high-low,+,0,0,0,0,0,0,*0.651,0.275,0.074
537,8:high-medium,7:high-low,+,0,0,0,0,0,0,*0.664,0.238,0.098
538,8:high-medium,7:high-low,+,0,0,0,0,0,0,*0.561,0.351,0.089
539,8:high-medium,7:high-low,+,0,0,0,0,0,0,*0.622,0.288,0.091
540,8:high-medium,7:high-low,+,0,0,0,0,0,0,*0.638,0.25,0.112
541,9:high-high,7:high-low,+,0,0,0,0,0,0,*0.573,0.291,0.136
542,8:high-medium,7:high-low,+,0,0,0,0,0,0,*0.487,0.379,0.134
543,9:high-high,7:high-low,+,0,0,0,0,0,0,*0.531,0.347,0.122
544,8:high-medium,8:high-medium,,0,0,0,0,0,0,0.393,*0.485,0.122
545,8:high-medium,7:high-low,+,0,0,0,0,0,0,*0.517,0.367,0.116
546,8:high-medium,7:high-low,+,0,0,0,0,0,0,*0.581,0.319,0.099
547,8:high-medium,7:high-low,+,0,0,0,0,0,0,*0.508,0.345,0.147
548,8:high-medium,7:high-low,+,0,0,0,0,0,0,*0.509,0.39,0.101
549,7:high-low,8:high-medium,+,0,0,0,0,0,0,0.402,*0.522,0.075
550,8:high-medium,7:high-low,+,0,0,0,0,0,0,*0.491,0.373,0.136
551,7:high-low,7:high-low,,0,0,0,0,0,0,*0.539,0.35,0.111
552,9:high-high,8:high-medium,+,0,0,0,0,0,0,0.441,*0.463,0.096
553,8:high-medium,7:high-low,+,0,0,0,0,0,0,*0.59,0.293,0.117
554,8:high-medium,7:high-low,+,0,0,0,0,0,0,*0.605,0.32,0.075
555,8:high-medium,7:high-low,+,0,0,0,0,0,0,*0.604,0.248,0.149
556,8:high-medium,7:high-low,+,0,0,0,0,0,0,*0.566,0.309,0.124
557,8:high-medium,7:high-low,+,0,0,0,0,0,0,*0.554,0.415,0.031
558,8:high-medium,7:high-low,+,0,0,0,0,0,0,*0.556,0.351,0.093
559,8:high-medium,7:high-low,+,0,0,0,0,0,0,*0.458,0.441,0.101
560,7:high-low,7:high-low,,0,0,0,0,0,0,*0.577,0.322,0.101
561,8:high-medium,7:high-low,+,0,0,0,0,0,0,*0.602,0.326,0.072
562,8:high-medium,7:high-low,+,0,0,0,0,0,0,*0.576,0.371,0.052
563,8:high-medium,7:high-low,+,0,0,0,0,0,0,*0.461,0.457,0.083
564,8:high-medium,7:high-low,+,0,0,0,0,0,0,*0.556,0.389,0.055
565,8:high-medium,7:high-low,+,0,0,0,0,0,0,*0.464,0.433,0.102
566,8:high-medium,8:high-medium,,0,0,0,0,0,0,0.46,*0.505,0.034
567,8:high-medium,7:high-low,+,0,0,0,0,0,0,*0.504,0.439,0.058
568,8:high-medium,8:high-medium,,0,0,0,0,0,0,0.411,*0.49,0.099
569,8:high-medium,7:high-low,+,0,0,0,0,0,0,*0.44,0.435,0.125
570,9:high-high,8:high-medium,+,0,0,0,0,0,0,0.359,*0.499,0.142
571,8:high-medium,8:high-medium,,0,0,0,0,0,0,0.419,*0.477,0.104
572,9:high-high,8:high-medium,+,0,0,0,0,0,0,0.249,*0.606,0.144
573,9:high-high,8:high-medium,+,0,0,0,0,0,0,0.225,*0.674,0.101
574,8:high-medium,8:high-medium,,0,0,0,0,0,0,0.393,*0.491,0.115
575,8:high-medium,8:high-medium,,0,0,0,0,0,0,0.392,*0.492,0.116
576,8:high-medium,8:high-medium,,0,0,0,0,0,0,0.424,*0.475,0.1
577,9:high-high,8:high-medium,+,0,0,0,0,0,0,0.233,*0.624,0.143
578,8:high-medium,8:high-medium,,0,0,0,0,0,0,0.277,*0.601,0.121
579,9:high-high,8:high-medium,+,0,0,0,0,0,0,0.356,*0.541,0.103
580,8:high-medium,8:high-medium,,0,0,0,0,0,0,0.408,*0.467,0.126
581,8:high-medium,8:high-medium,,0,0,0,0,0,0,0.407,*0.465,0.128
582,8:high-medium,8:high-medium,,0,0,0,0,0,0,0.363,*0.535,0.102
583,9:high-high,7:high-low,+,0,0,0,0,0,0,*0.477,0.416,0.107
584,8:high-medium,7:high-low,+,0,0,0,0,0,0,*0.458,0.443,0.099
585,8:high-medium,7:high-low,+,0,0,0,0,0,0,*0.486,0.412,0.101
586,8:high-medium,7:high-low,+,0,0,0,0,0,0,*0.483,0.37,0.147
587,9:high-high,8:high-medium,+,0,0,0,0,0,0,0.403,*0.495,0.102
588,8:high-medium,8:high-medium,,0,0,0,0,0,0,0.348,*0.547,0.104
589,8:high-medium,8:high-medium,,0,0,0,0,0,0,0.276,*0.646,0.078
590,8:high-medium,7:high-low,+,0,0,0,0,0,0,*0.495,0.446,0.059
591,8:high-medium,7:high-low,+,0,0,0,0,0,0,*0.503,0.389,0.108
592,9:high-high,8:high-medium,+,0,0,0,0,0,0,0.351,*0.525,0.124
593,8:high-medium,8:high-medium,,0,0,0,0,0,0,0.385,*0.467,0.148
594,8:high-medium,7:high-low,+,0,0,0,0,0,0,*0.484,0.439,0.076
595,9:high-high,7:high-low,+,0,0,0,0,0,0,*0.45,0.447,0.103
596,8:high-medium,7:high-low,+,0,0,0,0,0,0,*0.538,0.359,0.103
597,8:high-medium,8:high-medium,,0,0,0,0,0,0,0.44,*0.526,0.034
598,8:high-medium,7:high-low,+,0,0,0,0,0,0,*0.522,0.442,0.037
599,8:high-medium,7:high-low,+,0,0,0,0,0,0,*0.611,0.386,0.003
600,8:high-medium,8:high-medium,,0,0,0,0,0,0,0.423,*0.507,0.07
601,9:high-high,7:high-low,+,0,0,0,0,0,0,*0.63,0.346,0.024
602,8:high-medium,7:high-low,+,0,0,0,0,0,0,*0.595,0.379,0.026
603,8:high-medium,8:high-medium,,0,0,0,0,0,0,0.447,*0.506,0.048
604,7:high-low,7:high-low,,0,0,0,0,0,0,*0.606,0.369,0.026
605,7:high-low,7:high-low,,0,0,0,0,0,0,*0.68,0.294,0.026
606,8:high-medium,7:high-low,+,0,0,0,0,0,0,*0.743,0.232,0.025
607,8:high-medium,7:high-low,+,0,0,0,0,0,0,*0.67,0.304,0.026
608,8:high-medium,7:high-low,+,0,0,0,0,0,0,*0.737,0.239,0.025
609,8:high-medium,7:high-low,+,0,0,0,0,0,0,*0.79,0.164,0.046
610,7:high-low,7:high-low,,0,0,0,0,0,0,*0.757,0.218,0.025
611,8:high-medium,7:high-low,+,0,0,0,0,0,0,*0.733,0.221,0.046
612,8:high-medium,7:high-low,+,0,0,0,0,0,0,*0.742,0.234,0.025
613,7:high-low,7:high-low,,0,0,0,0,0,0,*0.693,0.259,0.048
614,7:high-low,7:high-low,,0,0,0,0,0,0,*0.789,0.165,0.046
615,8:high-medium,7:high-low,+,0,0,0,0,0,0,*0.778,0.222,0.001
616,7:high-low,7:high-low,,0,0,0,0,0,0,*0.76,0.216,0.025
617,8:high-medium,7:high-low,+,0,0,0,0,0,0,*0.692,0.259,0.05
618,8:high-medium,7:high-low,+,0,0,0,0,0,0,*0.723,0.276,0.001
619,8:high-medium,7:high-low,+,0,0,0,0,0,0,*0.712,0.26,0.028
620,8:high-medium,7:high-low,+,0,0,0,0,0,0,*0.739,0.21,0.051
621,8:high-medium,7:high-low,+,0,0,0,0,0,0,*0.681,0.318,0.001
622,8:high-medium,7:high-low,+,0,0,0,0,0,0,*0.773,0.226,0.001
623,8:high-medium,7:high-low,+,0,0,0,0,0,0,*0.731,0.268,0.001
624,8:high-medium,7:high-low,+,0,0,0,0,0,0,*0.657,0.318,0.025
625,8:high-medium,7:high-low,+,0,0,0,0,0,0,*0.724,0.202,0.074
626,8:high-medium,7:high-low,+,0,0,0,0,0,0,*0.686,0.262,0.052
627,8:high-medium,7:high-low,+,0,0,0,0,0,0,*0.602,0.323,0.076
628,8:high-medium,7:high-low,+,0,0,0,0,0,0,*0.508,0.441,0.051
629,8:high-medium,7:high-low,+,0,0,0,0,0,0,*0.482,0.397,0.122
630,8:high-medium,7:high-low,+,0,0,0,0,0,0,*0.57,0.339,0.091
631,8:high-medium,7:high-low,+,0,0,0,0,0,0,*0.56,0.389,0.051
632,8:high-medium,7:high-low,+,0,0,0,0,0,0,*0.58,0.348,0.072
633,8:high-medium,7:high-low,+,0,0,0,0,0,0,*0.568,0.358,0.074
634,8:high-medium,7:high-low,+,0,0,0,0,0,0,*0.552,0.374,0.074
635,8:high-medium,7:high-low,+,0,0,0,0,0,0,*0.496,0.429,0.074
636,9:high-high,7:high-low,+,0,0,0,0,0,0,*0.578,0.349,0.074
637,8:high-medium,7:high-low,+,0,0,0,0,0,0,*0.562,0.34,0.098
638,8:high-medium,7:high-low,+,0,0,0,0,0,0,*0.604,0.299,0.098
639,8:high-medium,7:high-low,+,0,0,0,0,0,0,*0.565,0.337,0.098
640,8:high-medium,7:high-low,+,0,0,0,0,0,0,*0.58,0.298,0.122
641,8:high-medium,7:high-low,+,0,0,0,0,0,0,*0.606,0.341,0.052
642,8:high-medium,7:high-low,+,0,0,0,0,0,0,*0.584,0.318,0.097
643,8:high-medium,7:high-low,+,0,0,0,0,0,0,*0.612,0.316,0.072
644,8:high-medium,7:high-low,+,0,0,0,0,0,0,*0.74,0.259,0
645,8:high-medium,7:high-low,+,0,0,0,0,0,0,*0.629,0.323,0.048
646,8:high-medium,7:high-low,+,0,0,0,0,0,0,*0.683,0.243,0.074
647,8:high-medium,7:high-low,+,0,0,0,0,0,0,*0.664,0.31,0.026
648,8:high-medium,7:high-low,+,0,0,0,0,0,0,*0.664,0.332,0.004
649,8:high-medium,7:high-low,+,0,0,0,0,0,0,*0.621,0.376,0.003
650,8:high-medium,7:high-low,+,0,0,0,0,0,0,*0.566,0.405,0.029
651,8:high-medium,7:high-low,+,0,0,0,0,0,0,*0.624,0.326,0.05
652,8:high-medium,7:high-low,+,0,0,0,0,0,0,*0.598,0.351,0.05
653,8:high-medium,7:high-low,+,0,0,0,0,0,0,*0.622,0.326,0.052
654,8:high-medium,7:high-low,+,0,0,0,0,0,0,*0.654,0.272,0.074
655,7:high-low,7:high-low,,0,0,0,0,0,0,*0.64,0.309,0.05
656,8:high-medium,7:high-low,+,0,0,0,0,0,0,*0.579,0.345,0.076
657,8:high-medium,7:high-low,+,0,0,0,0,0,0,*0.631,0.319,0.05
658,8:high-medium,7:high-low,+,0,0,0,0,0,0,*0.661,0.312,0.026
659,8:high-medium,7:high-low,+,0,0,0,0,0,0,*0.672,0.325,0.003
660,8:high-medium,7:high-low,+,0,0,0,0,0,0,*0.667,0.308,0.024
661,8:high-medium,7:high-low,+,0,0,0,0,0,0,*0.668,0.308,0.024
662,8:high-medium,7:high-low,+,0,0,0,0,0,0,*0.632,0.318,0.05
663,8:high-medium,7:high-low,+,0,0,0,0,0,0,*0.755,0.191,0.054
664,9:high-high,7:high-low,+,0,0,0,0,0,0,*0.622,0.33,0.049
665,8:high-medium,7:high-low,+,0,0,0,0,0,0,*0.637,0.362,0
666,8:high-medium,7:high-low,+,0,0,0,0,0,0,*0.632,0.368,0.001
667,8:high-medium,7:high-low,+,0,0,0,0,0,0,*0.716,0.234,0.05
668,8:high-medium,7:high-low,+,0,0,0,0,0,0,*0.755,0.197,0.048
669,8:high-medium,7:high-low,+,0,0,0,0,0,0,*0.757,0.243,0
670,8:high-medium,7:high-low,+,0,0,0,0,0,0,*0.719,0.233,0.048
671,8:high-medium,7:high-low,+,0,0,0,0,0,0,*0.682,0.317,0.001
672,8:high-medium,7:high-low,+,0,0,0,0,0,0,*0.789,0.187,0.024
673,8:high-medium,7:high-low,+,0,0,0,0,0,0,*0.697,0.302,0.001
674,8:high-medium,7:high-low,+,0,0,0,0,0,0,*0.771,0.228,0
675,8:high-medium,7:high-low,+,0,0,0,0,0,0,*0.659,0.339,0.002
676,8:high-medium,7:high-low,+,0,0,0,0,0,0,*0.766,0.233,0
677,8:high-medium,7:high-low,+,0,0,0,0,0,0,*0.687,0.311,0.002
678,8:high-medium,7:high-low,+,0,0,0,0,0,0,*0.692,0.255,0.052
679,9:high-high,7:high-low,+,0,0,0,0,0,0,*0.629,0.37,0.001
680,8:high-medium,7:high-low,+,0,0,0,0,0,0,*0.801,0.198,0.001
681,8:high-medium,7:high-low,+,0,0,0,0,0,0,*0.727,0.247,0.025
682,8:high-medium,7:high-low,+,0,0,0,0,0,0,*0.713,0.284,0.003
683,8:high-medium,7:high-low,+,0,0,0,0,0,0,*0.754,0.219,0.026
684,8:high-medium,7:high-low,+,0,0,0,0,0,0,*0.83,0.146,0.024
685,8:high-medium,7:high-low,+,0,0,0,0,0,0,*0.774,0.202,0.025
686,8:high-medium,7:high-low,+,0,0,0,0,0,0,*0.787,0.213,0
687,8:high-medium,7:high-low,+,0,0,0,0,0,0,*0.742,0.258,0
688,8:high-medium,7:high-low,+,0,0,0,0,0,0,*0.837,0.162,0.001
689,8:high-medium,7:high-low,+,0,0,0,0,0,0,*0.863,0.113,0.024
690,8:high-medium,7:high-low,+,0,0,0,0,0,0,*0.801,0.151,0.048
691,8:high-medium,7:high-low,+,0,0,0,0,0,0,*0.778,0.172,0.051
692,8:high-medium,7:high-low,+,0,0,0,0,0,0,*0.761,0.236,0.003
693,7:high-low,7:high-low,,0,0,0,0,0,0,*0.687,0.286,0.026
694,7:high-low,7:high-low,,0,0,0,0,0,0,*0.801,0.175,0.024
695,7:high-low,7:high-low,,0,0,0,0,0,0,*0.767,0.208,0.025
696,8:high-medium,7:high-low,+,0,0,0,0,0,0,*0.73,0.269,0.001
697,8:high-medium,7:high-low,+,0,0,0,0,0,0,*0.6,0.397,0.003
698,8:high-medium,7:high-low,+,0,0,0,0,0,0,*0.711,0.215,0.075
699,7:high-low,7:high-low,,0,0,0,0,0,0,*0.699,0.274,0.027
700,8:high-medium,7:high-low,+,0,0,0,0,0,0,*0.726,0.271,0.003
701,8:high-medium,7:high-low,+,0,0,0,0,0,0,*0.575,0.398,0.027
702,8:high-medium,7:high-low,+,0,0,0,0,0,0,*0.604,0.323,0.073
703,8:high-medium,7:high-low,+,0,0,0,0,0,0,*0.666,0.284,0.05
704,7:high-low,7:high-low,,0,0,0,0,0,0,*0.629,0.345,0.025
705,7:high-low,7:high-low,,0,0,0,0,0,0,*0.707,0.267,0.026
706,8:high-medium,7:high-low,+,0,0,0,0,0,0,*0.56,0.366,0.074
707,8:high-medium,8:high-medium,,0,0,0,0,0,0,0.397,*0.525,0.078
708,8:high-medium,8:high-medium,,0,0,0,0,0,0,0.368,*0.461,0.17
709,8:high-medium,8:high-medium,,0,0,0,0,0,0,0.331,*0.567,0.102
710,9:high-high,8:high-medium,+,0,0,0,0,0,0,0.351,*0.567,0.082
711,8:high-medium,7:high-low,+,0,0,0,0,0,0,*0.573,0.4,0.027
712,8:high-medium,8:high-medium,,0,0,0,0,0,0,0.472,*0.501,0.027
713,8:high-medium,8:high-medium,,0,0,0,0,0,0,0.454,*0.472,0.075
714,8:high-medium,8:high-medium,,0,0,0,0,0,0,0.47,*0.479,0.051
715,8:high-medium,8:high-medium,,0,0,0,0,0,0,0.451,*0.5,0.05
716,8:high-medium,8:high-medium,,0,0,0,0,0,0,0.327,*0.573,0.1
717,8:high-medium,7:high-low,+,0,0,0,0,0,0,*0.445,0.434,0.121
718,8:high-medium,8:high-medium,,0,0,0,0,0,0,0.393,*0.438,0.169
719,8:high-medium,8:high-medium,,0,0,0,0,0,0,0.335,*0.589,0.076
720,9:high-high,8:high-medium,+,0,0,0,0,0,0,0.355,*0.549,0.096
721,8:high-medium,8:high-medium,,0,0,0,0,0,0,0.335,*0.566,0.099
722,9:high-high,8:high-medium,+,0,0,0,0,0,0,0.416,*0.508,0.076
723,9:high-high,7:high-low,+,0,0,0,0,0,0,*0.464,0.416,0.12
724,9:high-high,9:high-high,,0,0,0,0,0,0,0.17,0.194,*0.636
725,9:high-high,8:high-medium,+,0,0,0,0,0,0,0.272,*0.484,0.244
726,9:high-high,9:high-high,,0,0,0,0,0,0,0.217,0.341,*0.442
727,9:high-high,8:high-medium,+,0,0,0,0,0,0,0.133,*0.461,0.406
728,9:high-high,8:high-medium,+,0,0,0,0,0,0,0.132,*0.461,0.408
729,9:high-high,8:high-medium,+,0,0,0,0,0,0,0.147,*0.542,0.311
730,8:high-medium,8:high-medium,,0,0,0,0,0,0,0.197,*0.584,0.219
731,9:high-high,8:high-medium,+,0,0,0,0,0,0,0.219,*0.498,0.283
732,9:high-high,8:high-medium,+,0,0,0,0,0,0,0.163,*0.517,0.32
733,8:high-medium,8:high-medium,,0,0,0,0,0,0,0.124,*0.563,0.312
734,9:high-high,8:high-medium,+,0,0,0,0,0,0,0.195,*0.558,0.246
735,8:high-medium,8:high-medium,,0,0,0,0,0,0,0.207,*0.534,0.259
736,9:high-high,8:high-medium,+,0,0,0,0,0,0,0.19,*0.523,0.287
737,9:high-high,8:high-medium,+,0,0,0,0,0,0,0.128,*0.535,0.338
738,9:high-high,8:high-medium,+,0,0,0,0,0,0,0.218,*0.495,0.288
739,8:high-medium,8:high-medium,,0,0,0,0,0,0,0.157,*0.465,0.378
740,9:high-high,8:high-medium,+,0,0,0,0,0,0,0.114,*0.502,0.384
741,9:high-high,8:high-medium,+,0,0,0,0,0,0,0.139,*0.48,0.381
742,9:high-high,9:high-high,,0,0,0,0,0,0,0.124,0.423,*0.453
743,9:high-high,9:high-high,,0,0,0,0,0,0,0.12,0.334,*0.547
744,9:high-high,8:high-medium,+,0,0,0,0,0,0,0.102,*0.467,0.431
745,9:high-high,8:high-medium,+,0,0,0,0,0,0,0.148,*0.535,0.317
746,9:high-high,8:high-medium,+,0,0,0,0,0,0,0.102,*0.512,0.386
747,9:high-high,9:high-high,,0,0,0,0,0,0,0.126,0.387,*0.487
748,9:high-high,8:high-medium,+,0,0,0,0,0,0,0.172,*0.491,0.337
749,9:high-high,8:high-medium,+,0,0,0,0,0,0,0.088,*0.479,0.433
750,9:high-high,9:high-high,,0,0,0,0,0,0,0.078,0.451,*0.471
751,9:high-high,8:high-medium,+,0,0,0,0,0,0,0.095,*0.501,0.404
752,9:high-high,9:high-high,,0,0,0,0,0,0,0.097,0.415,*0.487
753,9:high-high,8:high-medium,+,0,0,0,0,0,0,0.095,*0.476,0.43
754,9:high-high,8:high-medium,+,0,0,0,0,0,0,0.118,*0.452,0.43
755,9:high-high,8:high-medium,+,0,0,0,0,0,0,0.126,*0.441,0.433
756,9:high-high,9:high-high,,0,0,0,0,0,0,0.097,0.451,*0.452
757,9:high-high,8:high-medium,+,0,0,0,0,0,0,0.098,*0.465,0.437
758,9:high-high,9:high-high,,0,0,0,0,0,0,0.099,0.431,*0.47
759,9:high-high,8:high-medium,+,0,0,0,0,0,0,0.097,*0.455,0.448
760,9:high-high,9:high-high,,0,0,0,0,0,0,0.097,0.45,*0.453
761,9:high-high,8:high-medium,+,0,0,0,0,0,0,0.097,*0.478,0.424
762,9:high-high,9:high-high,,0,0,0,0,0,0,0.117,0.393,*0.491
763,9:high-high,8:high-medium,+,0,0,0,0,0,0,0.097,*0.456,0.447
764,9:high-high,9:high-high,,0,0,0,0,0,0,0.122,0.389,*0.489
765,9:high-high,9:high-high,,0,0,0,0,0,0,0.096,0.433,*0.471
766,9:high-high,9:high-high,,0,0,0,0,0,0,0.114,0.401,*0.485
767,9:high-high,8:high-medium,+,0,0,0,0,0,0,0.097,*0.469,0.435
768,9:high-high,9:high-high,,0,0,0,0,0,0,0.097,0.4,*0.504
769,9:high-high,8:high-medium,+,0,0,0,0,0,0,0.115,*0.457,0.428
770,9:high-high,8:high-medium,+,0,0,0,0,0,0,0.097,*0.455,0.448
771,9:high-high,9:high-high,,0,0,0,0,0,0,0.12,0.373,*0.507
772,9:high-high,9:high-high,,0,0,0,0,0,0,0.12,0.361,*0.519
773,9:high-high,9:high-high,,0,0,0,0,0,0,0.112,0.372,*0.516
774,9:high-high,8:high-medium,+,0,0,0,0,0,0,0.094,*0.497,0.409
775,9:high-high,9:high-high,,0,0,0,0,0,0,0.075,0.369,*0.556
776,9:high-high,8:high-medium,+,0,0,0,0,0,0,0.173,*0.439,0.388
777,9:high-high,9:high-high,,0,0,0,0,0,0,0.195,0.372,*0.433
778,9:high-high,9:high-high,,0,0,0,0,0,0,0.17,0.296,*0.534
779,9:high-high,9:high-high,,0,0,0,0,0,0,0.192,0.224,*0.584
780,9:high-high,9:high-high,,0,0,0,0,0,0,0.196,0.151,*0.654
781,9:high-high,9:high-high,,0,0,0,0,0,0,0.168,0.333,*0.499
782,9:high-high,9:high-high,,0,0,0,0,0,0,0.172,0.362,*0.467
783,9:high-high,9:high-high,,0,0,0,0,0,0,0.242,0.363,*0.395
784,9:high-high,9:high-high,,0,0,0,0,0,0,0.17,0.414,*0.416
785,9:high-high,8:high-medium,+,0,0,0,0,0,0,0.171,*0.502,0.326
786,9:high-high,8:high-medium,+,0,0,0,0,0,0,0.168,*0.446,0.386
787,9:high-high,8:high-medium,+,0,0,0,0,0,0,0.102,*0.503,0.395
788,9:high-high,8:high-medium,+,0,0,0,0,0,0,0.169,*0.437,0.394
789,9:high-high,8:high-medium,+,0,0,0,0,0,0,0.191,*0.466,0.343
790,9:high-high,8:high-medium,+,0,0,0,0,0,0,0.151,*0.433,0.416
791,9:high-high,8:high-medium,+,0,0,0,0,0,0,0.193,*0.506,0.3
792,9:high-high,8:high-medium,+,0,0,0,0,0,0,0.241,*0.544,0.216
793,9:high-high,8:high-medium,+,0,0,0,0,0,0,0.238,*0.576,0.186
794,9:high-high,8:high-medium,+,0,0,0,0,0,0,0.16,*0.48,0.36
795,9:high-high,8:high-medium,+,0,0,0,0,0,0,0.17,*0.551,0.279
796,9:high-high,8:high-medium,+,0,0,0,0,0,0,0.136,*0.626,0.238
797,9:high-high,8:high-medium,+,0,0,0,0,0,0,0.191,*0.672,0.137
798,9:high-high,8:high-medium,+,0,0,0,0,0,0,0.218,*0.676,0.106
799,9:high-high,8:high-medium,+,0,0,0,0,0,0,0.192,*0.67,0.137
800,9:high-high,8:high-medium,+,0,0,0,0,0,0,0.214,*0.651,0.135
801,9:high-high,8:high-medium,+,0,0,0,0,0,0,0.237,*0.675,0.087
802,9:high-high,8:high-medium,+,0,0,0,0,0,0,0.227,*0.657,0.116
803,9:high-high,8:high-medium,+,0,0,0,0,0,0,0.239,*0.627,0.134
804,9:high-high,8:high-medium,+,0,0,0,0,0,0,0.214,*0.696,0.09
805,9:high-high,8:high-medium,+,0,0,0,0,0,0,0.173,*0.663,0.164
806,9:high-high,8:high-medium,+,0,0,0,0,0,0,0.216,*0.602,0.181
807,9:high-high,8:high-medium,+,0,0,0,0,0,0,0.191,*0.717,0.092
808,9:high-high,8:high-medium,+,0,0,0,0,0,0,0.462,*0.47,0.068
809,9:high-high,7:high-low,+,0,0,0,0,0,0,*0.592,0.344,0.064
810,8:high-medium,8:high-medium,,0,0,0,0,0,0,0.404,*0.532,0.064
811,8:high-medium,7:high-low,+,0,0,0,0,0,0,*0.494,0.466,0.041
812,8:high-medium,7:high-low,+,0,0,0,0,0,0,*0.45,0.438,0.112
813,8:high-medium,7:high-low,+,0,0,0,0,0,0,*0.516,0.443,0.041
814,8:high-medium,8:high-medium,,0,0,0,0,0,0,0.472,*0.485,0.043
815,8:high-medium,8:high-medium,,0,0,0,0,0,0,0.46,*0.518,0.022
816,9:high-high,7:high-low,+,0,0,0,0,0,0,*0.48,0.43,0.09
817,8:high-medium,7:high-low,+,0,0,0,0,0,0,*0.533,0.376,0.091
818,7:high-low,7:high-low,,0,0,0,0,0,0,*0.576,0.407,0.016
819,8:high-medium,7:high-low,+,0,0,0,0,0,0,*0.532,0.452,0.016
820,8:high-medium,7:high-low,+,0,0,0,0,0,0,*0.566,0.414,0.02
821,8:high-medium,7:high-low,+,0,0,0,0,0,0,*0.546,0.433,0.021
822,8:high-medium,7:high-low,+,0,0,0,0,0,0,*0.564,0.417,0.019
823,8:high-medium,7:high-low,+,0,0,0,0,0,0,*0.638,0.343,0.019
824,8:high-medium,7:high-low,+,0,0,0,0,0,0,*0.861,0.12,0.019
825,8:high-medium,7:high-low,+,0,0,0,0,0,0,*0.572,0.426,0.002
826,9:high-high,7:high-low,+,0,0,0,0,0,0,*0.5,0.498,0.003
827,9:high-high,8:high-medium,+,0,0,0,0,0,0,0.411,*0.479,0.11
828,9:high-high,8:high-medium,+,0,0,0,0,0,0,0.248,*0.627,0.125
829,9:high-high,7:high-low,+,0,0,0,0,0,0,*0.52,0.438,0.041
830,8:high-medium,8:high-medium,,0,0,0,0,0,0,0.453,*0.476,0.071
831,8:high-medium,8:high-medium,,0,0,0,0,0,0,0.462,*0.486,0.053
832,8:high-medium,7:high-low,+,0,0,0,0,0,0,*0.62,0.338,0.043
833,9:high-high,7:high-low,+,0,0,0,0,0,0,*0.659,0.322,0.019
834,8:high-medium,7:high-low,+,0,0,0,0,0,0,*0.729,0.251,0.02
835,9:high-high,7:high-low,+,0,0,0,0,0,0,*0.533,0.464,0.003
836,8:high-medium,8:high-medium,,0,0,0,0,0,0,0.411,*0.513,0.075
837,8:high-medium,8:high-medium,,0,0,0,0,0,0,0.478,*0.487,0.035
838,9:high-high,7:high-low,+,0,0,0,0,0,0,*0.497,0.385,0.118
839,8:high-medium,7:high-low,+,0,0,0,0,0,0,*0.569,0.424,0.007
840,9:high-high,7:high-low,+,0,0,0,0,0,0,*0.591,0.406,0.003
841,8:high-medium,8:high-medium,,0,0,0,0,0,0,0.425,*0.547,0.029
842,9:high-high,8:high-medium,+,0,0,0,0,0,0,0.258,*0.677,0.065
843,9:high-high,8:high-medium,+,0,0,0,0,0,0,0.346,*0.589,0.065
844,9:high-high,7:high-low,+,0,0,0,0,0,0,*0.578,0.419,0.003
845,9:high-high,8:high-medium,+,0,0,0,0,0,0,0.412,*0.528,0.059
846,7:high-low,7:high-low,,0,0,0,0,0,0,*0.417,0.326,0.257
