inst#,actual,predicted,error,distribution,,,,,,,,
1,8:high-medium,8:high-medium,,0,0,0,0,0,0,0.308,*0.683,0.008
2,8:high-medium,8:high-medium,,0,0,0,0,0,0,0.203,*0.788,0.009
3,8:high-medium,8:high-medium,,0,0,0,0,0,0,0.144,*0.841,0.016
4,8:high-medium,8:high-medium,,0,0,0,0,0,0,0.057,*0.913,0.03
5,8:high-medium,8:high-medium,,0,0,0,0,0,0,0.152,*0.83,0.018
6,7:high-low,8:high-medium,+,0,0,0,0,0,0,0.034,*0.93,0.035
7,8:high-medium,8:high-medium,,0,0,0,0,0,0,0.106,*0.8,0.094
8,8:high-medium,8:high-medium,,0,0,0,0,0,0,0.043,*0.846,0.111
9,8:high-medium,8:high-medium,,0,0,0,0,0,0,0.182,*0.804,0.014
10,8:high-medium,8:high-medium,,0,0,0,0,0,0,0.059,*0.912,0.029
11,7:high-low,8:high-medium,+,0,0,0,0,0,0,0.141,*0.821,0.038
12,8:high-medium,8:high-medium,,0,0,0,0,0,0,0.063,*0.865,0.072
13,8:high-medium,8:high-medium,,0,0,0,0,0,0,0.06,*0.889,0.051
14,8:high-medium,8:high-medium,,0,0,0,0,0,0,0.074,*0.835,0.092
15,8:high-medium,8:high-medium,,0,0,0,0,0,0,0.099,*0.818,0.083
16,8:high-medium,8:high-medium,,0,0,0,0,0,0,0.115,*0.843,0.042
17,8:high-medium,8:high-medium,,0,0,0,0,0,0,0.43,*0.564,0.006
18,8:high-medium,8:high-medium,,0,0,0,0,0,0,0.264,*0.724,0.012
19,8:high-medium,8:high-medium,,0,0,0,0,0,0,0.076,*0.884,0.04
20,8:high-medium,8:high-medium,,0,0,0,0,0,0,0.2,*0.781,0.018
21,7:high-low,8:high-medium,+,0,0,0,0,0,0,0.281,*0.704,0.015
22,7:high-low,8:high-medium,+,0,0,0,0,0,0,0.48,*0.517,0.002
23,7:high-low,8:high-medium,+,0,0,0,0,0,0,0.375,*0.62,0.005
24,7:high-low,8:high-medium,+,0,0,0,0,0,0,0.212,*0.78,0.008
25,7:high-low,7:high-low,,0,0,0,0,0,0,*0.573,0.422,0.005
26,8:high-medium,7:high-low,+,0,0,0,0,0,0,*0.621,0.378,0.001
27,7:high-low,7:high-low,,0,0,0,0,0,0,*0.766,0.233,0.001
28,8:high-medium,7:high-low,+,0,0,0,0,0,0,*0.504,0.492,0.005
29,8:high-medium,8:high-medium,,0,0,0,0,0,0,0.244,*0.738,0.017
30,8:high-medium,8:high-medium,,0,0,0,0,0,0,0.399,*0.586,0.015
31,8:high-medium,7:high-low,+,0,0,0,0,0,0,*0.529,0.465,0.006
32,8:high-medium,8:high-medium,,0,0,0,0,0,0,0.363,*0.627,0.01
33,8:high-medium,8:high-medium,,0,0,0,0,0,0,0.348,*0.623,0.03
34,8:high-medium,8:high-medium,,0,0,0,0,0,0,0.183,*0.784,0.033
35,8:high-medium,8:high-medium,,0,0,0,0,0,0,0.125,*0.798,0.077
36,8:high-medium,8:high-medium,,0,0,0,0,0,0,0.258,*0.715,0.026
37,8:high-medium,8:high-medium,,0,0,0,0,0,0,0.099,*0.853,0.048
38,8:high-medium,8:high-medium,,0,0,0,0,0,0,0.297,*0.692,0.011
39,7:high-low,8:high-medium,+,0,0,0,0,0,0,0.084,*0.877,0.039
40,8:high-medium,8:high-medium,,0,0,0,0,0,0,0.055,*0.686,0.259
41,8:high-medium,8:high-medium,,0,0,0,0,0,0,0.031,*0.718,0.251
42,8:high-medium,8:high-medium,,0,0,0,0,0,0,0.072,*0.742,0.187
43,8:high-medium,8:high-medium,,0,0,0,0,0,0,0.422,*0.57,0.009
44,7:high-low,8:high-medium,+,0,0,0,0,0,0,0.409,*0.579,0.012
45,7:high-low,8:high-medium,+,0,0,0,0,0,0,0.187,*0.774,0.039
46,8:high-medium,8:high-medium,,0,0,0,0,0,0,0.403,*0.552,0.044
47,7:high-low,8:high-medium,+,0,0,0,0,0,0,0.191,*0.731,0.077
48,7:high-low,8:high-medium,+,0,0,0,0,0,0,0.071,*0.756,0.173
49,8:high-medium,8:high-medium,,0,0,0,0,0,0,0.236,*0.716,0.048
50,8:high-medium,8:high-medium,,0,0,0,0,0,0,0.183,*0.766,0.051
51,8:high-medium,8:high-medium,,0,0,0,0,0,0,0.148,*0.814,0.038
52,8:high-medium,8:high-medium,,0,0,0,0,0,0,0.361,*0.608,0.03
53,8:high-medium,8:high-medium,,0,0,0,0,0,0,0.46,*0.535,0.005
54,8:high-medium,8:high-medium,,0,0,0,0,0,0,0.2,*0.738,0.062
55,8:high-medium,8:high-medium,,0,0,0,0,0,0,0.248,*0.715,0.037
56,8:high-medium,8:high-medium,,0,0,0,0,0,0,0.401,*0.537,0.062
57,8:high-medium,8:high-medium,,0,0,0,0,0,0,0.306,*0.605,0.089
58,8:high-medium,7:high-low,+,0,0,0,0,0,0,*0.505,0.472,0.023
59,8:high-medium,7:high-low,+,0,0,0,0,0,0,*0.564,0.427,0.01
60,8:high-medium,7:high-low,+,0,0,0,0,0,0,*0.521,0.451,0.029
61,8:high-medium,7:high-low,+,0,0,0,0,0,0,*0.735,0.255,0.01
62,8:high-medium,7:high-low,+,0,0,0,0,0,0,*0.582,0.408,0.01
63,8:high-medium,7:high-low,+,0,0,0,0,0,0,*0.586,0.402,0.012
64,8:high-medium,7:high-low,+,0,0,0,0,0,0,*0.506,0.485,0.009
65,8:high-medium,8:high-medium,,0,0,0,0,0,0,0.298,*0.6,0.103
66,8:high-medium,7:high-low,+,0,0,0,0,0,0,*0.536,0.454,0.01
67,8:high-medium,7:high-low,+,0,0,0,0,0,0,*0.685,0.311,0.004
68,8:high-medium,8:high-medium,,0,0,0,0,0,0,0.146,*0.794,0.06
69,8:high-medium,8:high-medium,,0,0,0,0,0,0,0.136,*0.802,0.062
70,8:high-medium,8:high-medium,,0,0,0,0,0,0,0.276,*0.687,0.038
71,8:high-medium,8:high-medium,,0,0,0,0,0,0,0.384,*0.603,0.013
72,8:high-medium,8:high-medium,,0,0,0,0,0,0,0.211,*0.739,0.05
73,8:high-medium,8:high-medium,,0,0,0,0,0,0,0.122,*0.864,0.014
74,8:high-medium,8:high-medium,,0,0,0,0,0,0,0.375,*0.617,0.008
75,9:high-high,8:high-medium,+,0,0,0,0,0,0,0.056,*0.889,0.055
76,9:high-high,8:high-medium,+,0,0,0,0,0,0,0.14,*0.833,0.027
77,9:high-high,8:high-medium,+,0,0,0,0,0,0,0.169,*0.778,0.053
78,8:high-medium,8:high-medium,,0,0,0,0,0,0,0.035,*0.761,0.204
79,8:high-medium,8:high-medium,,0,0,0,0,0,0,0.053,*0.886,0.061
80,9:high-high,9:high-high,,0,0,0,0,0,0,0,0,*1
81,9:high-high,9:high-high,,0,0,0,0,0,0,0,0.473,*0.527
82,9:high-high,9:high-high,,0,0,0,0,0,0,0,0,*1
83,9:high-high,9:high-high,,0,0,0,0,0,0,0,0,*1
84,9:high-high,9:high-high,,0,0,0,0,0,0,0,0.006,*0.994
85,9:high-high,9:high-high,,0,0,0,0,0,0,0,0.066,*0.934
86,9:high-high,9:high-high,,0,0,0,0,0,0,0,0.289,*0.711
87,9:high-high,9:high-high,,0,0,0,0,0,0,0,0.003,*0.997
88,9:high-high,9:high-high,,0,0,0,0,0,0,0,0.007,*0.993
89,9:high-high,9:high-high,,0,0,0,0,0,0,0,0.09,*0.91
90,9:high-high,9:high-high,,0,0,0,0,0,0,0,0.078,*0.922
91,9:high-high,9:high-high,,0,0,0,0,0,0,0,0.018,*0.982
92,9:high-high,9:high-high,,0,0,0,0,0,0,0,0.012,*0.988
93,9:high-high,9:high-high,,0,0,0,0,0,0,0,0.056,*0.944
94,9:high-high,9:high-high,,0,0,0,0,0,0,0,0.011,*0.989
95,9:high-high,9:high-high,,0,0,0,0,0,0,0,0,*1
96,9:high-high,9:high-high,,0,0,0,0,0,0,0,0,*1
97,9:high-high,9:high-high,,0,0,0,0,0,0,0,0,*1
98,9:high-high,9:high-high,,0,0,0,0,0,0,0,0,*1
99,9:high-high,9:high-high,,0,0,0,0,0,0,0,0,*1
100,9:high-high,9:high-high,,0,0,0,0,0,0,0,0,*1
101,9:high-high,9:high-high,,0,0,0,0,0,0,0,0,*1
102,9:high-high,9:high-high,,0,0,0,0,0,0,0,0,*1
103,9:high-high,9:high-high,,0,0,0,0,0,0,0,0,*1
104,9:high-high,9:high-high,,0,0,0,0,0,0,0,0,*1
105,9:high-high,9:high-high,,0,0,0,0,0,0,0,0,*1
106,9:high-high,9:high-high,,0,0,0,0,0,0,0,0,*1
107,9:high-high,9:high-high,,0,0,0,0,0,0,0,0,*1
108,9:high-high,9:high-high,,0,0,0,0,0,0,0,0,*1
109,9:high-high,9:high-high,,0,0,0,0,0,0,0,0,*1
110,9:high-high,9:high-high,,0,0,0,0,0,0,0,0,*1
111,9:high-high,9:high-high,,0,0,0,0,0,0,0,0,*1
112,9:high-high,9:high-high,,0,0,0,0,0,0,0,0,*1
113,9:high-high,9:high-high,,0,0,0,0,0,0,0,0.001,*0.999
114,9:high-high,9:high-high,,0,0,0,0,0,0,0,0,*1
115,9:high-high,9:high-high,,0,0,0,0,0,0,0,0,*1
116,9:high-high,8:high-medium,+,0,0,0,0,0,0,0.001,*0.99,0.009
117,8:high-medium,8:high-medium,,0,0,0,0,0,0,0,*0.792,0.208
118,8:high-medium,9:high-high,+,0,0,0,0,0,0,0,0.001,*0.999
119,9:high-high,9:high-high,,0,0,0,0,0,0,0,0,*1
120,9:high-high,9:high-high,,0,0,0,0,0,0,0,0,*1
121,9:high-high,9:high-high,,0,0,0,0,0,0,0,0,*1
122,9:high-high,9:high-high,,0,0,0,0,0,0,0,0,*1
123,9:high-high,9:high-high,,0,0,0,0,0,0,0,0,*1
124,9:high-high,9:high-high,,0,0,0,0,0,0,0,0,*1
125,9:high-high,9:high-high,,0,0,0,0,0,0,0,0,*1
126,9:high-high,9:high-high,,0,0,0,0,0,0,0,0,*1
127,9:high-high,9:high-high,,0,0,0,0,0,0,0,0,*1
128,9:high-high,9:high-high,,0,0,0,0,0,0,0,0,*1
129,9:high-high,9:high-high,,0,0,0,0,0,0,0,0,*1
130,9:high-high,9:high-high,,0,0,0,0,0,0,0,0,*1
131,9:high-high,9:high-high,,0,0,0,0,0,0,0,0,*1
132,9:high-high,9:high-high,,0,0,0,0,0,0,0,0,*1
133,9:high-high,9:high-high,,0,0,0,0,0,0,0,0,*1
134,9:high-high,9:high-high,,0,0,0,0,0,0,0,0,*1
135,9:high-high,9:high-high,,0,0,0,0,0,0,0,0,*1
136,9:high-high,9:high-high,,0,0,0,0,0,0,0,0,*1
137,9:high-high,9:high-high,,0,0,0,0,0,0,0,0,*1
138,9:high-high,9:high-high,,0,0,0,0,0,0,0,0,*1
139,9:high-high,9:high-high,,0,0,0,0,0,0,0,0,*1
140,9:high-high,9:high-high,,0,0,0,0,0,0,0,0,*1
141,9:high-high,9:high-high,,0,0,0,0,0,0,0,0,*1
142,9:high-high,9:high-high,,0,0,0,0,0,0,0,0,*1
143,9:high-high,9:high-high,,0,0,0,0,0,0,0,0,*1
144,9:high-high,9:high-high,,0,0,0,0,0,0,0,0,*1
145,9:high-high,9:high-high,,0,0,0,0,0,0,0,0,*1
146,9:high-high,9:high-high,,0,0,0,0,0,0,0,0,*1
147,9:high-high,9:high-high,,0,0,0,0,0,0,0,0,*1
148,9:high-high,9:high-high,,0,0,0,0,0,0,0,0,*1
149,9:high-high,9:high-high,,0,0,0,0,0,0,0,0,*1
150,9:high-high,9:high-high,,0,0,0,0,0,0,0,0,*1
151,9:high-high,9:high-high,,0,0,0,0,0,0,0,0,*1
152,9:high-high,9:high-high,,0,0,0,0,0,0,0,0,*1
153,9:high-high,9:high-high,,0,0,0,0,0,0,0,0,*1
154,9:high-high,9:high-high,,0,0,0,0,0,0,0,0,*1
155,9:high-high,9:high-high,,0,0,0,0,0,0,0,0,*1
156,9:high-high,9:high-high,,0,0,0,0,0,0,0,0,*1
157,9:high-high,9:high-high,,0,0,0,0,0,0,0,0,*1
158,9:high-high,9:high-high,,0,0,0,0,0,0,0,0,*1
159,9:high-high,9:high-high,,0,0,0,0,0,0,0,0,*1
160,9:high-high,9:high-high,,0,0,0,0,0,0,0,0,*1
161,9:high-high,9:high-high,,0,0,0,0,0,0,0,0,*1
162,9:high-high,9:high-high,,0,0,0,0,0,0,0,0,*1
163,9:high-high,9:high-high,,0,0,0,0,0,0,0,0,*1
164,9:high-high,9:high-high,,0,0,0,0,0,0,0,0,*1
165,9:high-high,9:high-high,,0,0,0,0,0,0,0,0,*1
166,9:high-high,9:high-high,,0,0,0,0,0,0,0,0,*1
167,9:high-high,9:high-high,,0,0,0,0,0,0,0,0,*1
168,9:high-high,9:high-high,,0,0,0,0,0,0,0,0,*1
169,9:high-high,9:high-high,,0,0,0,0,0,0,0,0,*1
170,9:high-high,9:high-high,,0,0,0,0,0,0,0,0,*1
171,9:high-high,9:high-high,,0,0,0,0,0,0,0,0,*1
172,9:high-high,9:high-high,,0,0,0,0,0,0,0,0,*1
173,9:high-high,9:high-high,,0,0,0,0,0,0,0,0,*1
174,9:high-high,9:high-high,,0,0,0,0,0,0,0,0,*1
175,9:high-high,9:high-high,,0,0,0,0,0,0,0,0,*1
176,9:high-high,9:high-high,,0,0,0,0,0,0,0,0,*1
177,9:high-high,9:high-high,,0,0,0,0,0,0,0,0,*1
178,9:high-high,9:high-high,,0,0,0,0,0,0,0,0,*1
179,9:high-high,9:high-high,,0,0,0,0,0,0,0,0,*1
180,9:high-high,9:high-high,,0,0,0,0,0,0,0,0,*1
181,9:high-high,9:high-high,,0,0,0,0,0,0,0,0,*1
182,9:high-high,9:high-high,,0,0,0,0,0,0,0,0,*1
183,9:high-high,9:high-high,,0,0,0,0,0,0,0,0,*1
184,9:high-high,9:high-high,,0,0,0,0,0,0,0,0,*1
185,9:high-high,9:high-high,,0,0,0,0,0,0,0,0,*1
186,9:high-high,9:high-high,,0,0,0,0,0,0,0,0,*1
187,9:high-high,9:high-high,,0,0,0,0,0,0,0,0,*1
188,9:high-high,9:high-high,,0,0,0,0,0,0,0,0,*1
189,9:high-high,9:high-high,,0,0,0,0,0,0,0,0,*1
190,9:high-high,9:high-high,,0,0,0,0,0,0,0,0,*1
191,9:high-high,9:high-high,,0,0,0,0,0,0,0,0,*1
192,9:high-high,9:high-high,,0,0,0,0,0,0,0,0,*1
193,9:high-high,9:high-high,,0,0,0,0,0,0,0,0,*1
194,9:high-high,9:high-high,,0,0,0,0,0,0,0,0,*1
195,9:high-high,9:high-high,,0,0,0,0,0,0,0,0,*1
196,9:high-high,9:high-high,,0,0,0,0,0,0,0,0,*1
197,9:high-high,9:high-high,,0,0,0,0,0,0,0,0,*1
198,9:high-high,9:high-high,,0,0,0,0,0,0,0,0,*1
199,9:high-high,9:high-high,,0,0,0,0,0,0,0,0,*1
200,9:high-high,9:high-high,,0,0,0,0,0,0,0,0,*1
201,9:high-high,9:high-high,,0,0,0,0,0,0,0,0,*1
202,9:high-high,9:high-high,,0,0,0,0,0,0,0,0.001,*0.999
203,8:high-medium,9:high-high,+,0,0,0,0,0,0,0,0.005,*0.995
204,9:high-high,9:high-high,,0,0,0,0,0,0,0,0.007,*0.993
205,9:high-high,9:high-high,,0,0,0,0,0,0,0,0.006,*0.994
206,8:high-medium,9:high-high,+,0,0,0,0,0,0,0,0.022,*0.978
207,9:high-high,9:high-high,,0,0,0,0,0,0,0,0.029,*0.971
208,8:high-medium,9:high-high,+,0,0,0,0,0,0,0,0.022,*0.978
209,8:high-medium,9:high-high,+,0,0,0,0,0,0,0,0.009,*0.991
210,7:high-low,9:high-high,+,0,0,0,0,0,0,0,0.027,*0.973
211,9:high-high,9:high-high,,0,0,0,0,0,0,0,0.015,*0.985
212,9:high-high,9:high-high,,0,0,0,0,0,0,0,0.008,*0.992
213,9:high-high,9:high-high,,0,0,0,0,0,0,0,0.01,*0.99
214,9:high-high,9:high-high,,0,0,0,0,0,0,0,0.002,*0.998
215,9:high-high,9:high-high,,0,0,0,0,0,0,0,0.001,*0.999
216,9:high-high,9:high-high,,0,0,0,0,0,0,0,0.001,*0.999
217,9:high-high,9:high-high,,0,0,0,0,0,0,0,0.001,*0.999
218,9:high-high,9:high-high,,0,0,0,0,0,0,0,0.001,*0.999
219,9:high-high,9:high-high,,0,0,0,0,0,0,0,0.008,*0.992
220,9:high-high,9:high-high,,0,0,0,0,0,0,0,0.003,*0.997
221,9:high-high,9:high-high,,0,0,0,0,0,0,0,0.01,*0.99
222,9:high-high,9:high-high,,0,0,0,0,0,0,0,0.009,*0.991
223,9:high-high,9:high-high,,0,0,0,0,0,0,0,0.01,*0.99
224,8:high-medium,9:high-high,+,0,0,0,0,0,0,0,0.007,*0.993
225,8:high-medium,9:high-high,+,0,0,0,0,0,0,0,0.013,*0.987
226,9:high-high,9:high-high,,0,0,0,0,0,0,0,0.028,*0.972
227,8:high-medium,9:high-high,+,0,0,0,0,0,0,0,0.021,*0.979
228,8:high-medium,9:high-high,+,0,0,0,0,0,0,0,0.016,*0.984
229,8:high-medium,9:high-high,+,0,0,0,0,0,0,0,0.079,*0.921
230,8:high-medium,9:high-high,+,0,0,0,0,0,0,0,0.102,*0.897
231,8:high-medium,9:high-high,+,0,0,0,0,0,0,0,0.018,*0.982
232,8:high-medium,9:high-high,+,0,0,0,0,0,0,0,0.048,*0.952
233,8:high-medium,9:high-high,+,0,0,0,0,0,0,0,0.019,*0.981
234,8:high-medium,9:high-high,+,0,0,0,0,0,0,0,0.008,*0.992
235,8:high-medium,9:high-high,+,0,0,0,0,0,0,0,0.002,*0.998
236,9:high-high,9:high-high,,0,0,0,0,0,0,0,0.001,*0.999
237,8:high-medium,9:high-high,+,0,0,0,0,0,0,0,0.003,*0.997
238,9:high-high,9:high-high,,0,0,0,0,0,0,0,0.002,*0.998
239,8:high-medium,9:high-high,+,0,0,0,0,0,0,0,0.001,*0.999
240,9:high-high,9:high-high,,0,0,0,0,0,0,0,0,*1
241,9:high-high,9:high-high,,0,0,0,0,0,0,0,0,*1
242,9:high-high,9:high-high,,0,0,0,0,0,0,0,0,*1
243,9:high-high,9:high-high,,0,0,0,0,0,0,0,0,*1
244,9:high-high,9:high-high,,0,0,0,0,0,0,0,0,*1
245,9:high-high,9:high-high,,0,0,0,0,0,0,0,0,*1
246,9:high-high,9:high-high,,0,0,0,0,0,0,0,0,*1
247,9:high-high,9:high-high,,0,0,0,0,0,0,0,0,*1
248,9:high-high,9:high-high,,0,0,0,0,0,0,0,0,*1
249,9:high-high,9:high-high,,0,0,0,0,0,0,0,0,*1
250,9:high-high,9:high-high,,0,0,0,0,0,0,0,0,*1
251,9:high-high,9:high-high,,0,0,0,0,0,0,0,0,*1
252,9:high-high,9:high-high,,0,0,0,0,0,0,0,0,*1
253,9:high-high,9:high-high,,0,0,0,0,0,0,0,0,*1
254,9:high-high,9:high-high,,0,0,0,0,0,0,0,0,*1
255,9:high-high,9:high-high,,0,0,0,0,0,0,0,0,*1
256,9:high-high,9:high-high,,0,0,0,0,0,0,0,0,*1
257,9:high-high,9:high-high,,0,0,0,0,0,0,0,0,*1
258,9:high-high,9:high-high,,0,0,0,0,0,0,0,0,*1
259,9:high-high,9:high-high,,0,0,0,0,0,0,0,0,*1
260,9:high-high,9:high-high,,0,0,0,0,0,0,0,0,*1
261,9:high-high,9:high-high,,0,0,0,0,0,0,0,0,*1
262,9:high-high,9:high-high,,0,0,0,0,0,0,0,0,*1
263,9:high-high,9:high-high,,0,0,0,0,0,0,0,0,*1
264,9:high-high,9:high-high,,0,0,0,0,0,0,0,0,*1
265,8:high-medium,9:high-high,+,0,0,0,0,0,0,0,0,*1
266,9:high-high,9:high-high,,0,0,0,0,0,0,0,0,*1
267,8:high-medium,9:high-high,+,0,0,0,0,0,0,0,0,*1
268,9:high-high,9:high-high,,0,0,0,0,0,0,0,0,*1
269,9:high-high,9:high-high,,0,0,0,0,0,0,0,0,*1
270,9:high-high,9:high-high,,0,0,0,0,0,0,0,0,*1
271,8:high-medium,9:high-high,+,0,0,0,0,0,0,0,0,*1
272,8:high-medium,9:high-high,+,0,0,0,0,0,0,0,0,*1
273,8:high-medium,9:high-high,+,0,0,0,0,0,0,0,0,*1
274,8:high-medium,9:high-high,+,0,0,0,0,0,0,0,0,*1
275,9:high-high,9:high-high,,0,0,0,0,0,0,0,0,*1
276,8:high-medium,9:high-high,+,0,0,0,0,0,0,0,0,*1
277,8:high-medium,9:high-high,+,0,0,0,0,0,0,0,0.001,*0.999
278,8:high-medium,9:high-high,+,0,0,0,0,0,0,0,0,*1
279,8:high-medium,9:high-high,+,0,0,0,0,0,0,0,0.003,*0.997
280,8:high-medium,9:high-high,+,0,0,0,0,0,0,0,0.002,*0.998
281,8:high-medium,9:high-high,+,0,0,0,0,0,0,0.002,0.009,*0.989
282,8:high-medium,9:high-high,+,0,0,0,0,0,0,0,0.001,*0.999
283,8:high-medium,9:high-high,+,0,0,0,0,0,0,0,0.002,*0.998
284,8:high-medium,9:high-high,+,0,0,0,0,0,0,0,0.003,*0.997
285,8:high-medium,9:high-high,+,0,0,0,0,0,0,0.001,0.006,*0.993
286,8:high-medium,9:high-high,+,0,0,0,0,0,0,0.002,0.008,*0.99
287,8:high-medium,9:high-high,+,0,0,0,0,0,0,0.002,0.005,*0.994
288,8:high-medium,9:high-high,+,0,0,0,0,0,0,0,0.004,*0.995
289,8:high-medium,9:high-high,+,0,0,0,0,0,0,0.001,0.004,*0.995
290,8:high-medium,9:high-high,+,0,0,0,0,0,0,0.001,0.01,*0.989
291,8:high-medium,9:high-high,+,0,0,0,0,0,0,0.009,0.02,*0.972
292,8:high-medium,9:high-high,+,0,0,0,0,0,0,0.012,0.022,*0.966
293,8:high-medium,9:high-high,+,0,0,0,0,0,0,0,0.008,*0.992
294,8:high-medium,9:high-high,+,0,0,0,0,0,0,0.001,0.009,*0.991
295,8:high-medium,9:high-high,+,0,0,0,0,0,0,0,0,*1
296,8:high-medium,9:high-high,+,0,0,0,0,0,0,0,0,*1
297,8:high-medium,9:high-high,+,0,0,0,0,0,0,0,0,*1
298,8:high-medium,9:high-high,+,0,0,0,0,0,0,0,0,*1
299,8:high-medium,9:high-high,+,0,0,0,0,0,0,0,0,*1
300,8:high-medium,9:high-high,+,0,0,0,0,0,0,0,0,*1
301,8:high-medium,9:high-high,+,0,0,0,0,0,0,0,0,*1
302,8:high-medium,9:high-high,+,0,0,0,0,0,0,0,0,*1
303,8:high-medium,9:high-high,+,0,0,0,0,0,0,0,0,*1
304,8:high-medium,9:high-high,+,0,0,0,0,0,0,0,0,*1
305,8:high-medium,9:high-high,+,0,0,0,0,0,0,0,0,*1
306,8:high-medium,9:high-high,+,0,0,0,0,0,0,0,0,*1
307,8:high-medium,9:high-high,+,0,0,0,0,0,0,0,0,*1
308,8:high-medium,9:high-high,+,0,0,0,0,0,0,0,0,*1
309,8:high-medium,9:high-high,+,0,0,0,0,0,0,0,0,*1
310,8:high-medium,9:high-high,+,0,0,0,0,0,0,0,0,*1
311,8:high-medium,9:high-high,+,0,0,0,0,0,0,0,0,*1
312,8:high-medium,9:high-high,+,0,0,0,0,0,0,0,0,*1
313,8:high-medium,9:high-high,+,0,0,0,0,0,0,0,0,*1
314,8:high-medium,9:high-high,+,0,0,0,0,0,0,0,0,*1
315,8:high-medium,9:high-high,+,0,0,0,0,0,0,0,0,*1
316,8:high-medium,9:high-high,+,0,0,0,0,0,0,0,0,*1
317,8:high-medium,9:high-high,+,0,0,0,0,0,0,0,0,*1
318,8:high-medium,9:high-high,+,0,0,0,0,0,0,0,0,*1
319,8:high-medium,9:high-high,+,0,0,0,0,0,0,0,0,*1
320,8:high-medium,9:high-high,+,0,0,0,0,0,0,0,0.001,*0.999
321,8:high-medium,9:high-high,+,0,0,0,0,0,0,0.003,0.174,*0.823
322,7:high-low,9:high-high,+,0,0,0,0,0,0,0.007,0.263,*0.73
323,8:high-medium,9:high-high,+,0,0,0,0,0,0,0.023,0.479,*0.497
324,8:high-medium,9:high-high,+,0,0,0,0,0,0,0.01,0.244,*0.746
325,8:high-medium,9:high-high,+,0,0,0,0,0,0,0.01,0.27,*0.72
326,8:high-medium,9:high-high,+,0,0,0,0,0,0,0.004,0.18,*0.815
327,8:high-medium,9:high-high,+,0,0,0,0,0,0,0.004,0.152,*0.844
328,8:high-medium,9:high-high,+,0,0,0,0,0,0,0.003,0.268,*0.729
329,8:high-medium,8:high-medium,,0,0,0,0,0,0,0.038,*0.659,0.303
330,8:high-medium,9:high-high,+,0,0,0,0,0,0,0.016,0.482,*0.503
331,8:high-medium,9:high-high,+,0,0,0,0,0,0,0.013,0.413,*0.573
332,8:high-medium,8:high-medium,,0,0,0,0,0,0,0.007,*0.51,0.482
333,8:high-medium,9:high-high,+,0,0,0,0,0,0,0.012,0.43,*0.558
334,8:high-medium,8:high-medium,,0,0,0,0,0,0,0.016,*0.529,0.455
335,8:high-medium,8:high-medium,,0,0,0,0,0,0,0.021,*0.548,0.431
336,8:high-medium,9:high-high,+,0,0,0,0,0,0,0.003,0.289,*0.707
337,8:high-medium,9:high-high,+,0,0,0,0,0,0,0.002,0.163,*0.835
338,8:high-medium,9:high-high,+,0,0,0,0,0,0,0.002,0.176,*0.822
339,9:high-high,9:high-high,,0,0,0,0,0,0,0.005,0.247,*0.748
340,8:high-medium,9:high-high,+,0,0,0,0,0,0,0.001,0.202,*0.797
341,8:high-medium,9:high-high,+,0,0,0,0,0,0,0.004,0.177,*0.819
342,8:high-medium,9:high-high,+,0,0,0,0,0,0,0,0.257,*0.743
343,8:high-medium,9:high-high,+,0,0,0,0,0,0,0.006,0.427,*0.567
344,8:high-medium,9:high-high,+,0,0,0,0,0,0,0,0.011,*0.989
345,8:high-medium,9:high-high,+,0,0,0,0,0,0,0,0.065,*0.935
346,8:high-medium,9:high-high,+,0,0,0,0,0,0,0.001,0.121,*0.878
347,9:high-high,9:high-high,,0,0,0,0,0,0,0,0.001,*0.999
348,9:high-high,9:high-high,,0,0,0,0,0,0,0,0.117,*0.883
349,8:high-medium,9:high-high,+,0,0,0,0,0,0,0.001,0.129,*0.87
350,9:high-high,9:high-high,,0,0,0,0,0,0,0,0.002,*0.998
351,8:high-medium,9:high-high,+,0,0,0,0,0,0,0,0.047,*0.953
352,9:high-high,9:high-high,,0,0,0,0,0,0,0.004,0.382,*0.614
353,9:high-high,9:high-high,,0,0,0,0,0,0,0,0.002,*0.998
354,7:high-low,9:high-high,+,0,0,0,0,0,0,0,0.011,*0.989
355,8:high-medium,9:high-high,+,0,0,0,0,0,0,0.001,0.224,*0.775
356,8:high-medium,9:high-high,+,0,0,0,0,0,0,0,0.047,*0.953
357,9:high-high,9:high-high,,0,0,0,0,0,0,0,0,*1
358,8:high-medium,9:high-high,+,0,0,0,0,0,0,0,0.041,*0.959
359,9:high-high,9:high-high,,0,0,0,0,0,0,0.001,0.157,*0.842
360,9:high-high,9:high-high,,0,0,0,0,0,0,0,0.003,*0.997
361,7:high-low,8:high-medium,+,0,0,0,0,0,0,0,*1,0
362,7:high-low,8:high-medium,+,0,0,0,0,0,0,0,*1,0
363,7:high-low,8:high-medium,+,0,0,0,0,0,0,0,*1,0
364,8:high-medium,7:high-low,+,0,0,0,0,0,0,*0.761,0.171,0.067
365,9:high-high,9:high-high,,0,0,0,0,0,0,0.313,0.264,*0.422
366,9:high-high,9:high-high,,0,0,0,0,0,0,0.03,0.262,*0.708
367,9:high-high,8:high-medium,+,0,0,0,0,0,0,0.022,*0.584,0.393
368,9:high-high,8:high-medium,+,0,0,0,0,0,0,0.145,*0.699,0.155
369,8:high-medium,8:high-medium,,0,0,0,0,0,0,0.003,*0.935,0.061
370,9:high-high,8:high-medium,+,0,0,0,0,0,0,0.145,*0.731,0.124
371,8:high-medium,7:high-low,+,0,0,0,0,0,0,*0.506,0.413,0.081
372,9:high-high,8:high-medium,+,0,0,0,0,0,0,0.244,*0.647,0.109
373,8:high-medium,8:high-medium,,0,0,0,0,0,0,0.009,*0.982,0.009
374,8:high-medium,8:high-medium,,0,0,0,0,0,0,0.007,*0.986,0.007
375,8:high-medium,8:high-medium,,0,0,0,0,0,0,0.331,*0.618,0.051
376,9:high-high,8:high-medium,+,0,0,0,0,0,0,0.165,*0.816,0.019
377,8:high-medium,8:high-medium,,0,0,0,0,0,0,0.012,*0.984,0.004
378,8:high-medium,8:high-medium,,0,0,0,0,0,0,0.067,*0.913,0.02
379,9:high-high,8:high-medium,+,0,0,0,0,0,0,0.294,*0.646,0.059
380,9:high-high,8:high-medium,+,0,0,0,0,0,0,0,*0.99,0.009
381,8:high-medium,8:high-medium,,0,0,0,0,0,0,0.004,*0.966,0.03
382,9:high-high,9:high-high,,0,0,0,0,0,0,0.018,0.42,*0.562
383,9:high-high,8:high-medium,+,0,0,0,0,0,0,0.055,*0.749,0.196
384,9:high-high,8:high-medium,+,0,0,0,0,0,0,0.006,*0.77,0.224
385,9:high-high,9:high-high,,0,0,0,0,0,0,0.002,0.353,*0.645
386,9:high-high,9:high-high,,0,0,0,0,0,0,0.004,0.309,*0.687
387,9:high-high,9:high-high,,0,0,0,0,0,0,0,0.05,*0.95
388,9:high-high,9:high-high,,0,0,0,0,0,0,0.004,0.423,*0.573
389,9:high-high,8:high-medium,+,0,0,0,0,0,0,0,*0.527,0.472
390,8:high-medium,9:high-high,+,0,0,0,0,0,0,0.007,0.258,*0.735
391,9:high-high,9:high-high,,0,0,0,0,0,0,0.002,0.099,*0.9
392,9:high-high,8:high-medium,+,0,0,0,0,0,0,0.004,*0.794,0.203
393,9:high-high,9:high-high,,0,0,0,0,0,0,0.022,0.452,*0.526
394,9:high-high,9:high-high,,0,0,0,0,0,0,0,0.225,*0.775
395,9:high-high,9:high-high,,0,0,0,0,0,0,0.028,0.311,*0.661
396,9:high-high,8:high-medium,+,0,0,0,0,0,0,0,*0.692,0.308
397,9:high-high,9:high-high,,0,0,0,0,0,0,0.001,0.111,*0.889
398,9:high-high,9:high-high,,0,0,0,0,0,0,0.007,0.153,*0.84
399,9:high-high,8:high-medium,+,0,0,0,0,0,0,0.003,*0.663,0.334
400,9:high-high,9:high-high,,0,0,0,0,0,0,0.002,0.221,*0.777
401,9:high-high,9:high-high,,0,0,0,0,0,0,0.005,0.212,*0.782
402,9:high-high,9:high-high,,0,0,0,0,0,0,0.002,0.272,*0.726
403,9:high-high,9:high-high,,0,0,0,0,0,0,0.003,0.118,*0.879
404,9:high-high,9:high-high,,0,0,0,0,0,0,0.001,0.027,*0.972
405,7:high-low,9:high-high,+,0,0,0,0,0,0,0.03,0.44,*0.53
406,9:high-high,9:high-high,,0,0,0,0,0,0,0.165,0.416,*0.419
407,7:high-low,8:high-medium,+,0,0,0,0,0,0,0.212,*0.416,0.372
408,9:high-high,9:high-high,,0,0,0,0,0,0,0.025,0.277,*0.698
409,8:high-medium,8:high-medium,,0,0,0,0,0,0,0.001,*0.633,0.366
410,8:high-medium,9:high-high,+,0,0,0,0,0,0,0.014,0.122,*0.865
411,9:high-high,9:high-high,,0,0,0,0,0,0,0.003,0.045,*0.952
412,8:high-medium,9:high-high,+,0,0,0,0,0,0,0.002,0.028,*0.971
413,9:high-high,9:high-high,,0,0,0,0,0,0,0.038,0.251,*0.711
414,9:high-high,9:high-high,,0,0,0,0,0,0,0.01,0.3,*0.69
415,8:high-medium,9:high-high,+,0,0,0,0,0,0,0.004,0.099,*0.897
416,8:high-medium,9:high-high,+,0,0,0,0,0,0,0.037,0.195,*0.768
417,8:high-medium,8:high-medium,,0,0,0,0,0,0,0.004,*0.608,0.387
418,8:high-medium,9:high-high,+,0,0,0,0,0,0,0.008,0.225,*0.767
419,9:high-high,8:high-medium,+,0,0,0,0,0,0,0.001,*0.536,0.463
420,8:high-medium,9:high-high,+,0,0,0,0,0,0,0.029,0.438,*0.533
421,8:high-medium,9:high-high,+,0,0,0,0,0,0,0.007,0.098,*0.895
422,8:high-medium,7:high-low,+,0,0,0,0,0,0,*0.487,0.359,0.154
423,8:high-medium,8:high-medium,,0,0,0,0,0,0,0.451,*0.539,0.01
424,8:high-medium,7:high-low,+,0,0,0,0,0,0,*0.554,0.434,0.011
425,8:high-medium,8:high-medium,,0,0,0,0,0,0,0.423,*0.55,0.028
426,8:high-medium,8:high-medium,,0,0,0,0,0,0,0.014,*0.878,0.108
427,8:high-medium,7:high-low,+,0,0,0,0,0,0,*0.491,0.384,0.126
428,8:high-medium,7:high-low,+,0,0,0,0,0,0,*0.507,0.41,0.084
429,8:high-medium,8:high-medium,,0,0,0,0,0,0,0.027,*0.925,0.048
430,8:high-medium,7:high-low,+,0,0,0,0,0,0,*0.647,0.317,0.036
431,8:high-medium,8:high-medium,,0,0,0,0,0,0,0.083,*0.867,0.05
432,8:high-medium,8:high-medium,,0,0,0,0,0,0,0.253,*0.58,0.167
433,8:high-medium,7:high-low,+,0,0,0,0,0,0,*0.693,0.248,0.059
434,8:high-medium,7:high-low,+,0,0,0,0,0,0,*0.548,0.397,0.055
435,8:high-medium,8:high-medium,,0,0,0,0,0,0,0.009,*0.967,0.024
436,8:high-medium,8:high-medium,,0,0,0,0,0,0,0.002,*0.971,0.027
437,8:high-medium,8:high-medium,,0,0,0,0,0,0,0.001,*0.975,0.023
438,8:high-medium,8:high-medium,,0,0,0,0,0,0,0.012,*0.948,0.04
439,8:high-medium,8:high-medium,,0,0,0,0,0,0,0.002,*0.957,0.041
440,8:high-medium,8:high-medium,,0,0,0,0,0,0,0.001,*0.954,0.046
441,8:high-medium,8:high-medium,,0,0,0,0,0,0,0.001,*0.946,0.053
442,8:high-medium,8:high-medium,,0,0,0,0,0,0,0.003,*0.98,0.017
443,8:high-medium,8:high-medium,,0,0,0,0,0,0,0.11,*0.747,0.143
444,8:high-medium,8:high-medium,,0,0,0,0,0,0,0.008,*0.966,0.026
445,8:high-medium,8:high-medium,,0,0,0,0,0,0,0.296,*0.451,0.253
446,8:high-medium,8:high-medium,,0,0,0,0,0,0,0.005,*0.934,0.062
447,8:high-medium,8:high-medium,,0,0,0,0,0,0,0.002,*0.982,0.016
448,8:high-medium,8:high-medium,,0,0,0,0,0,0,0.003,*0.972,0.025
449,8:high-medium,8:high-medium,,0,0,0,0,0,0,0.017,*0.966,0.017
450,7:high-low,7:high-low,,0,0,0,0,0,0,*0.66,0.311,0.028
451,8:high-medium,8:high-medium,,0,0,0,0,0,0,0.014,*0.977,0.009
452,8:high-medium,8:high-medium,,0,0,0,0,0,0,0.031,*0.959,0.01
453,8:high-medium,7:high-low,+,0,0,0,0,0,0,*0.602,0.366,0.032
454,8:high-medium,8:high-medium,,0,0,0,0,0,0,0.292,*0.678,0.03
455,7:high-low,8:high-medium,+,0,0,0,0,0,0,0.004,*0.992,0.004
456,8:high-medium,8:high-medium,,0,0,0,0,0,0,0.009,*0.987,0.003
457,8:high-medium,8:high-medium,,0,0,0,0,0,0,0.003,*0.99,0.007
458,7:high-low,8:high-medium,+,0,0,0,0,0,0,0.009,*0.985,0.006
459,7:high-low,8:high-medium,+,0,0,0,0,0,0,0.018,*0.979,0.002
460,8:high-medium,8:high-medium,,0,0,0,0,0,0,0.024,*0.972,0.004
461,7:high-low,8:high-medium,+,0,0,0,0,0,0,0.017,*0.98,0.003
462,8:high-medium,8:high-medium,,0,0,0,0,0,0,0.074,*0.925,0.001
463,7:high-low,8:high-medium,+,0,0,0,0,0,0,0.038,*0.96,0.002
464,7:high-low,8:high-medium,+,0,0,0,0,0,0,0.113,*0.885,0.002
465,7:high-low,8:high-medium,+,0,0,0,0,0,0,0.066,*0.932,0.001
466,7:high-low,8:high-medium,+,0,0,0,0,0,0,0.085,*0.913,0.002
467,7:high-low,8:high-medium,+,0,0,0,0,0,0,0.03,*0.955,0.015
468,7:high-low,8:high-medium,+,0,0,0,0,0,0,0.045,*0.94,0.015
469,8:high-medium,8:high-medium,,0,0,0,0,0,0,0.029,*0.92,0.051
470,8:high-medium,8:high-medium,,0,0,0,0,0,0,0.011,*0.866,0.123
471,7:high-low,8:high-medium,+,0,0,0,0,0,0,0.014,*0.925,0.061
472,7:high-low,8:high-medium,+,0,0,0,0,0,0,0.005,*0.914,0.08
473,7:high-low,8:high-medium,+,0,0,0,0,0,0,0.005,*0.932,0.062
474,8:high-medium,8:high-medium,,0,0,0,0,0,0,0.014,*0.942,0.043
475,7:high-low,8:high-medium,+,0,0,0,0,0,0,0.017,*0.977,0.006
476,8:high-medium,8:high-medium,,0,0,0,0,0,0,0.031,*0.952,0.016
477,7:high-low,8:high-medium,+,0,0,0,0,0,0,0.007,*0.99,0.002
478,7:high-low,8:high-medium,+,0,0,0,0,0,0,0.024,*0.975,0.001
479,8:high-medium,8:high-medium,,0,0,0,0,0,0,0.016,*0.981,0.003
480,7:high-low,8:high-medium,+,0,0,0,0,0,0,0.015,*0.982,0.003
481,7:high-low,8:high-medium,+,0,0,0,0,0,0,0.033,*0.966,0.001
482,7:high-low,8:high-medium,+,0,0,0,0,0,0,0.004,*0.994,0.002
483,7:high-low,8:high-medium,+,0,0,0,0,0,0,0.022,*0.977,0.001
484,7:high-low,8:high-medium,+,0,0,0,0,0,0,0.003,*0.995,0.002
485,7:high-low,8:high-medium,+,0,0,0,0,0,0,0.01,*0.989,0.001
486,8:high-medium,8:high-medium,,0,0,0,0,0,0,0.005,*0.994,0.001
487,7:high-low,8:high-medium,+,0,0,0,0,0,0,0.011,*0.988,0.001
488,7:high-low,8:high-medium,+,0,0,0,0,0,0,0.02,*0.98,0
489,7:high-low,8:high-medium,+,0,0,0,0,0,0,0.049,*0.951,0
490,8:high-medium,8:high-medium,,0,0,0,0,0,0,0.03,*0.969,0
491,7:high-low,8:high-medium,+,0,0,0,0,0,0,0.025,*0.974,0.001
492,8:high-medium,8:high-medium,,0,0,0,0,0,0,0.001,*0.997,0.002
493,8:high-medium,8:high-medium,,0,0,0,0,0,0,0.002,*0.994,0.004
494,8:high-medium,8:high-medium,,0,0,0,0,0,0,0.003,*0.988,0.009
495,8:high-medium,8:high-medium,,0,0,0,0,0,0,0.001,*0.979,0.019
496,8:high-medium,8:high-medium,,0,0,0,0,0,0,0.003,*0.974,0.024
497,8:high-medium,8:high-medium,,0,0,0,0,0,0,0.003,*0.987,0.009
498,8:high-medium,8:high-medium,,0,0,0,0,0,0,0.011,*0.981,0.008
499,8:high-medium,8:high-medium,,0,0,0,0,0,0,0.005,*0.976,0.019
500,8:high-medium,8:high-medium,,0,0,0,0,0,0,0.004,*0.967,0.029
501,9:high-high,8:high-medium,+,0,0,0,0,0,0,0,*0.793,0.207
502,8:high-medium,8:high-medium,,0,0,0,0,0,0,0.001,*0.857,0.142
503,8:high-medium,8:high-medium,,0,0,0,0,0,0,0.002,*0.944,0.054
504,9:high-high,8:high-medium,+,0,0,0,0,0,0,0.006,*0.987,0.006
505,8:high-medium,8:high-medium,,0,0,0,0,0,0,0.02,*0.978,0.002
506,7:high-low,8:high-medium,+,0,0,0,0,0,0,0.04,*0.959,0.001
507,7:high-low,8:high-medium,+,0,0,0,0,0,0,0.017,*0.982,0.001
508,8:high-medium,8:high-medium,,0,0,0,0,0,0,0.074,*0.925,0.001
509,8:high-medium,8:high-medium,,0,0,0,0,0,0,0.013,*0.983,0.003
510,8:high-medium,8:high-medium,,0,0,0,0,0,0,0.006,*0.967,0.027
511,8:high-medium,8:high-medium,,0,0,0,0,0,0,0.003,*0.967,0.03
512,8:high-medium,8:high-medium,,0,0,0,0,0,0,0.002,*0.958,0.04
513,8:high-medium,8:high-medium,,0,0,0,0,0,0,0.001,*0.837,0.162
514,9:high-high,9:high-high,,0,0,0,0,0,0,0,0.19,*0.81
515,9:high-high,8:high-medium,+,0,0,0,0,0,0,0,*0.545,0.455
516,9:high-high,8:high-medium,+,0,0,0,0,0,0,0.001,*0.706,0.292
517,8:high-medium,8:high-medium,,0,0,0,0,0,0,0.001,*0.842,0.157
518,8:high-medium,9:high-high,+,0,0,0,0,0,0,0,0.168,*0.832
519,9:high-high,8:high-medium,+,0,0,0,0,0,0,0.001,*0.76,0.239
520,9:high-high,9:high-high,,0,0,0,0,0,0,0,0.248,*0.752
521,9:high-high,9:high-high,,0,0,0,0,0,0,0,0.341,*0.659
522,9:high-high,9:high-high,,0,0,0,0,0,0,0,0.124,*0.876
523,9:high-high,9:high-high,,0,0,0,0,0,0,0,0.254,*0.746
524,9:high-high,9:high-high,,0,0,0,0,0,0,0,0.041,*0.959
525,9:high-high,9:high-high,,0,0,0,0,0,0,0,0.023,*0.977
526,9:high-high,9:high-high,,0,0,0,0,0,0,0,0.049,*0.951
527,9:high-high,9:high-high,,0,0,0,0,0,0,0,0.001,*0.999
528,9:high-high,9:high-high,,0,0,0,0,0,0,0,0.016,*0.984
529,8:high-medium,9:high-high,+,0,0,0,0,0,0,0,0.036,*0.964
530,9:high-high,9:high-high,,0,0,0,0,0,0,0,0.037,*0.963
531,9:high-high,9:high-high,,0,0,0,0,0,0,0,0.002,*0.998
532,9:high-high,8:high-medium,+,0,0,0,0,0,0,0,*0.733,0.267
533,9:high-high,8:high-medium,+,0,0,0,0,0,0,0.001,*0.856,0.143
534,8:high-medium,8:high-medium,,0,0,0,0,0,0,0.001,*0.947,0.052
535,8:high-medium,8:high-medium,,0,0,0,0,0,0,0,*0.896,0.104
536,8:high-medium,8:high-medium,,0,0,0,0,0,0,0,*0.863,0.137
537,8:high-medium,8:high-medium,,0,0,0,0,0,0,0,*0.893,0.107
538,8:high-medium,8:high-medium,,0,0,0,0,0,0,0.002,*0.978,0.02
539,8:high-medium,8:high-medium,,0,0,0,0,0,0,0,*0.971,0.028
540,8:high-medium,8:high-medium,,0,0,0,0,0,0,0,*0.938,0.062
541,9:high-high,8:high-medium,+,0,0,0,0,0,0,0.002,*0.984,0.014
542,8:high-medium,8:high-medium,,0,0,0,0,0,0,0.001,*0.957,0.042
543,9:high-high,8:high-medium,+,0,0,0,0,0,0,0,*0.855,0.144
544,8:high-medium,8:high-medium,,0,0,0,0,0,0,0.001,*0.947,0.052
545,8:high-medium,8:high-medium,,0,0,0,0,0,0,0,*0.933,0.066
546,8:high-medium,8:high-medium,,0,0,0,0,0,0,0.001,*0.925,0.073
547,8:high-medium,8:high-medium,,0,0,0,0,0,0,0.001,*0.951,0.048
548,8:high-medium,8:high-medium,,0,0,0,0,0,0,0.001,*0.927,0.072
549,7:high-low,8:high-medium,+,0,0,0,0,0,0,0.001,*0.974,0.025
550,8:high-medium,8:high-medium,,0,0,0,0,0,0,0.001,*0.895,0.104
551,7:high-low,8:high-medium,+,0,0,0,0,0,0,0.003,*0.923,0.074
552,9:high-high,8:high-medium,+,0,0,0,0,0,0,0.001,*0.928,0.071
553,8:high-medium,8:high-medium,,0,0,0,0,0,0,0.008,*0.94,0.052
554,8:high-medium,8:high-medium,,0,0,0,0,0,0,0,*0.815,0.184
555,8:high-medium,8:high-medium,,0,0,0,0,0,0,0.002,*0.841,0.157
556,8:high-medium,8:high-medium,,0,0,0,0,0,0,0.007,*0.98,0.012
557,8:high-medium,8:high-medium,,0,0,0,0,0,0,0.001,*0.687,0.312
558,8:high-medium,8:high-medium,,0,0,0,0,0,0,0.004,*0.964,0.032
559,8:high-medium,8:high-medium,,0,0,0,0,0,0,0.001,*0.915,0.084
560,7:high-low,8:high-medium,+,0,0,0,0,0,0,0,*0.939,0.061
561,8:high-medium,8:high-medium,,0,0,0,0,0,0,0,*0.703,0.297
562,8:high-medium,8:high-medium,,0,0,0,0,0,0,0,*0.819,0.181
563,8:high-medium,8:high-medium,,0,0,0,0,0,0,0,*0.936,0.063
564,8:high-medium,8:high-medium,,0,0,0,0,0,0,0,*0.925,0.075
565,8:high-medium,8:high-medium,,0,0,0,0,0,0,0,*0.914,0.086
566,8:high-medium,8:high-medium,,0,0,0,0,0,0,0,*0.889,0.111
567,8:high-medium,8:high-medium,,0,0,0,0,0,0,0,*0.944,0.056
568,8:high-medium,8:high-medium,,0,0,0,0,0,0,0,*0.909,0.091
569,8:high-medium,9:high-high,+,0,0,0,0,0,0,0,0.259,*0.741
570,9:high-high,8:high-medium,+,0,0,0,0,0,0,0,*0.932,0.067
571,8:high-medium,8:high-medium,,0,0,0,0,0,0,0,*0.903,0.097
572,9:high-high,9:high-high,,0,0,0,0,0,0,0,0.273,*0.727
573,9:high-high,9:high-high,,0,0,0,0,0,0,0,0.301,*0.699
574,8:high-medium,9:high-high,+,0,0,0,0,0,0,0,0.348,*0.652
575,8:high-medium,9:high-high,+,0,0,0,0,0,0,0,0.415,*0.585
576,8:high-medium,9:high-high,+,0,0,0,0,0,0,0,0.075,*0.925
577,9:high-high,8:high-medium,+,0,0,0,0,0,0,0,*0.674,0.326
578,8:high-medium,8:high-medium,,0,0,0,0,0,0,0,*0.868,0.132
579,9:high-high,8:high-medium,+,0,0,0,0,0,0,0,*0.913,0.087
580,8:high-medium,8:high-medium,,0,0,0,0,0,0,0,*0.958,0.042
581,8:high-medium,8:high-medium,,0,0,0,0,0,0,0.001,*0.992,0.007
582,8:high-medium,8:high-medium,,0,0,0,0,0,0,0,*0.958,0.042
583,9:high-high,8:high-medium,+,0,0,0,0,0,0,0.001,*0.961,0.038
584,8:high-medium,8:high-medium,,0,0,0,0,0,0,0,*0.917,0.082
585,8:high-medium,8:high-medium,,0,0,0,0,0,0,0,*0.849,0.151
586,8:high-medium,8:high-medium,,0,0,0,0,0,0,0,*0.631,0.369
587,9:high-high,8:high-medium,+,0,0,0,0,0,0,0,*0.91,0.09
588,8:high-medium,8:high-medium,,0,0,0,0,0,0,0.001,*0.977,0.023
589,8:high-medium,8:high-medium,,0,0,0,0,0,0,0,*0.962,0.038
590,8:high-medium,8:high-medium,,0,0,0,0,0,0,0.001,*0.952,0.047
591,8:high-medium,8:high-medium,,0,0,0,0,0,0,0,*0.538,0.462
592,9:high-high,8:high-medium,+,0,0,0,0,0,0,0,*0.915,0.084
593,8:high-medium,8:high-medium,,0,0,0,0,0,0,0.001,*0.939,0.06
594,8:high-medium,8:high-medium,,0,0,0,0,0,0,0,*0.765,0.235
595,9:high-high,8:high-medium,+,0,0,0,0,0,0,0,*0.882,0.118
596,8:high-medium,8:high-medium,,0,0,0,0,0,0,0.001,*0.919,0.081
597,8:high-medium,8:high-medium,,0,0,0,0,0,0,0,*0.965,0.034
598,8:high-medium,8:high-medium,,0,0,0,0,0,0,0.002,*0.983,0.015
599,8:high-medium,8:high-medium,,0,0,0,0,0,0,0.001,*0.982,0.016
600,8:high-medium,8:high-medium,,0,0,0,0,0,0,0.002,*0.992,0.006
601,9:high-high,8:high-medium,+,0,0,0,0,0,0,0.005,*0.987,0.008
602,8:high-medium,8:high-medium,,0,0,0,0,0,0,0.001,*0.986,0.013
603,8:high-medium,8:high-medium,,0,0,0,0,0,0,0.002,*0.987,0.01
604,7:high-low,8:high-medium,+,0,0,0,0,0,0,0.009,*0.988,0.003
605,7:high-low,8:high-medium,+,0,0,0,0,0,0,0.007,*0.987,0.006
606,8:high-medium,8:high-medium,,0,0,0,0,0,0,0.006,*0.986,0.008
607,8:high-medium,8:high-medium,,0,0,0,0,0,0,0.001,*0.988,0.011
608,8:high-medium,8:high-medium,,0,0,0,0,0,0,0.005,*0.991,0.004
609,8:high-medium,8:high-medium,,0,0,0,0,0,0,0.01,*0.977,0.014
610,7:high-low,8:high-medium,+,0,0,0,0,0,0,0.004,*0.979,0.017
611,8:high-medium,8:high-medium,,0,0,0,0,0,0,0.004,*0.98,0.016
612,8:high-medium,8:high-medium,,0,0,0,0,0,0,0.009,*0.983,0.008
613,7:high-low,8:high-medium,+,0,0,0,0,0,0,0.006,*0.983,0.011
614,7:high-low,8:high-medium,+,0,0,0,0,0,0,0.009,*0.976,0.015
615,8:high-medium,8:high-medium,,0,0,0,0,0,0,0.008,*0.987,0.005
616,7:high-low,8:high-medium,+,0,0,0,0,0,0,0.003,*0.957,0.04
617,8:high-medium,8:high-medium,,0,0,0,0,0,0,0.004,*0.967,0.029
618,8:high-medium,8:high-medium,,0,0,0,0,0,0,0.006,*0.98,0.015
619,8:high-medium,8:high-medium,,0,0,0,0,0,0,0.009,*0.954,0.037
620,8:high-medium,8:high-medium,,0,0,0,0,0,0,0.006,*0.954,0.04
621,8:high-medium,8:high-medium,,0,0,0,0,0,0,0.006,*0.976,0.019
622,8:high-medium,8:high-medium,,0,0,0,0,0,0,0.003,*0.947,0.05
623,8:high-medium,8:high-medium,,0,0,0,0,0,0,0.004,*0.945,0.052
624,8:high-medium,8:high-medium,,0,0,0,0,0,0,0.002,*0.908,0.09
625,8:high-medium,8:high-medium,,0,0,0,0,0,0,0,*0.745,0.255
626,8:high-medium,8:high-medium,,0,0,0,0,0,0,0.004,*0.833,0.163
627,8:high-medium,8:high-medium,,0,0,0,0,0,0,0,*0.647,0.353
628,8:high-medium,8:high-medium,,0,0,0,0,0,0,0,*0.598,0.401
629,8:high-medium,8:high-medium,,0,0,0,0,0,0,0.01,*0.91,0.08
630,8:high-medium,8:high-medium,,0,0,0,0,0,0,0.001,*0.763,0.236
631,8:high-medium,8:high-medium,,0,0,0,0,0,0,0.002,*0.821,0.178
632,8:high-medium,8:high-medium,,0,0,0,0,0,0,0.001,*0.744,0.254
633,8:high-medium,8:high-medium,,0,0,0,0,0,0,0.002,*0.86,0.139
634,8:high-medium,8:high-medium,,0,0,0,0,0,0,0.007,*0.933,0.059
635,8:high-medium,8:high-medium,,0,0,0,0,0,0,0.007,*0.91,0.083
636,9:high-high,8:high-medium,+,0,0,0,0,0,0,0.004,*0.836,0.159
637,8:high-medium,8:high-medium,,0,0,0,0,0,0,0.007,*0.907,0.086
638,8:high-medium,8:high-medium,,0,0,0,0,0,0,0.009,*0.871,0.12
639,8:high-medium,8:high-medium,,0,0,0,0,0,0,0.008,*0.871,0.121
640,8:high-medium,8:high-medium,,0,0,0,0,0,0,0.003,*0.716,0.281
641,8:high-medium,8:high-medium,,0,0,0,0,0,0,0.006,*0.861,0.133
642,8:high-medium,8:high-medium,,0,0,0,0,0,0,0.001,*0.599,0.399
643,8:high-medium,8:high-medium,,0,0,0,0,0,0,0.001,*0.911,0.088
644,8:high-medium,8:high-medium,,0,0,0,0,0,0,0.002,*0.945,0.054
645,8:high-medium,8:high-medium,,0,0,0,0,0,0,0.001,*0.966,0.032
646,8:high-medium,8:high-medium,,0,0,0,0,0,0,0.001,*0.905,0.094
647,8:high-medium,8:high-medium,,0,0,0,0,0,0,0.001,*0.957,0.043
648,8:high-medium,8:high-medium,,0,0,0,0,0,0,0.002,*0.92,0.077
649,8:high-medium,8:high-medium,,0,0,0,0,0,0,0.001,*0.947,0.052
650,8:high-medium,8:high-medium,,0,0,0,0,0,0,0,*0.826,0.174
651,8:high-medium,8:high-medium,,0,0,0,0,0,0,0.001,*0.971,0.027
652,8:high-medium,8:high-medium,,0,0,0,0,0,0,0,*0.872,0.128
653,8:high-medium,8:high-medium,,0,0,0,0,0,0,0.001,*0.955,0.044
654,8:high-medium,8:high-medium,,0,0,0,0,0,0,0.002,*0.992,0.006
655,7:high-low,8:high-medium,+,0,0,0,0,0,0,0.002,*0.99,0.008
656,8:high-medium,8:high-medium,,0,0,0,0,0,0,0.002,*0.988,0.011
657,8:high-medium,8:high-medium,,0,0,0,0,0,0,0.001,*0.995,0.004
658,8:high-medium,8:high-medium,,0,0,0,0,0,0,0.001,*0.985,0.015
659,8:high-medium,8:high-medium,,0,0,0,0,0,0,0.001,*0.989,0.01
660,8:high-medium,8:high-medium,,0,0,0,0,0,0,0.002,*0.994,0.005
661,8:high-medium,8:high-medium,,0,0,0,0,0,0,0.003,*0.993,0.004
662,8:high-medium,8:high-medium,,0,0,0,0,0,0,0.003,*0.995,0.002
663,8:high-medium,8:high-medium,,0,0,0,0,0,0,0.001,*0.977,0.022
664,9:high-high,8:high-medium,+,0,0,0,0,0,0,0.001,*0.986,0.012
665,8:high-medium,8:high-medium,,0,0,0,0,0,0,0.001,*0.997,0.002
666,8:high-medium,8:high-medium,,0,0,0,0,0,0,0.007,*0.991,0.001
667,8:high-medium,8:high-medium,,0,0,0,0,0,0,0.001,*0.986,0.013
668,8:high-medium,8:high-medium,,0,0,0,0,0,0,0.018,*0.982,0.001
669,8:high-medium,8:high-medium,,0,0,0,0,0,0,0.015,*0.984,0.001
670,8:high-medium,8:high-medium,,0,0,0,0,0,0,0.006,*0.993,0.002
671,8:high-medium,8:high-medium,,0,0,0,0,0,0,0.004,*0.995,0.001
672,8:high-medium,8:high-medium,,0,0,0,0,0,0,0.003,*0.996,0.002
673,8:high-medium,8:high-medium,,0,0,0,0,0,0,0.005,*0.993,0.003
674,8:high-medium,8:high-medium,,0,0,0,0,0,0,0.009,*0.989,0.002
675,8:high-medium,8:high-medium,,0,0,0,0,0,0,0.002,*0.996,0.002
676,8:high-medium,8:high-medium,,0,0,0,0,0,0,0.008,*0.99,0.001
677,8:high-medium,8:high-medium,,0,0,0,0,0,0,0.003,*0.995,0.002
678,8:high-medium,8:high-medium,,0,0,0,0,0,0,0.005,*0.992,0.002
679,9:high-high,8:high-medium,+,0,0,0,0,0,0,0.002,*0.993,0.005
680,8:high-medium,8:high-medium,,0,0,0,0,0,0,0.004,*0.995,0.002
681,8:high-medium,8:high-medium,,0,0,0,0,0,0,0.002,*0.997,0.001
682,8:high-medium,8:high-medium,,0,0,0,0,0,0,0.002,*0.995,0.003
683,8:high-medium,8:high-medium,,0,0,0,0,0,0,0.005,*0.993,0.001
684,8:high-medium,8:high-medium,,0,0,0,0,0,0,0.003,*0.995,0.002
685,8:high-medium,8:high-medium,,0,0,0,0,0,0,0.006,*0.993,0.001
686,8:high-medium,8:high-medium,,0,0,0,0,0,0,0.005,*0.994,0.001
687,8:high-medium,8:high-medium,,0,0,0,0,0,0,0.004,*0.995,0.001
688,8:high-medium,8:high-medium,,0,0,0,0,0,0,0.004,*0.994,0.002
689,8:high-medium,8:high-medium,,0,0,0,0,0,0,0.007,*0.992,0.002
690,8:high-medium,8:high-medium,,0,0,0,0,0,0,0.004,*0.994,0.002
691,8:high-medium,8:high-medium,,0,0,0,0,0,0,0.004,*0.993,0.003
692,8:high-medium,8:high-medium,,0,0,0,0,0,0,0.008,*0.989,0.003
693,7:high-low,8:high-medium,+,0,0,0,0,0,0,0.007,*0.992,0.001
694,7:high-low,8:high-medium,+,0,0,0,0,0,0,0.007,*0.992,0.001
695,7:high-low,8:high-medium,+,0,0,0,0,0,0,0.004,*0.994,0.001
696,8:high-medium,8:high-medium,,0,0,0,0,0,0,0.005,*0.995,0.001
697,8:high-medium,8:high-medium,,0,0,0,0,0,0,0.005,*0.995,0
698,8:high-medium,8:high-medium,,0,0,0,0,0,0,0.005,*0.994,0.001
699,7:high-low,8:high-medium,+,0,0,0,0,0,0,0.004,*0.995,0.001
700,8:high-medium,8:high-medium,,0,0,0,0,0,0,0.014,*0.985,0.001
701,8:high-medium,8:high-medium,,0,0,0,0,0,0,0.003,*0.996,0.001
702,8:high-medium,8:high-medium,,0,0,0,0,0,0,0.002,*0.997,0.001
703,8:high-medium,8:high-medium,,0,0,0,0,0,0,0.005,*0.992,0.003
704,7:high-low,8:high-medium,+,0,0,0,0,0,0,0.005,*0.992,0.004
705,7:high-low,8:high-medium,+,0,0,0,0,0,0,0.004,*0.994,0.001
706,8:high-medium,8:high-medium,,0,0,0,0,0,0,0.002,*0.992,0.006
707,8:high-medium,8:high-medium,,0,0,0,0,0,0,0.001,*0.992,0.007
708,8:high-medium,8:high-medium,,0,0,0,0,0,0,0,*0.938,0.061
709,8:high-medium,8:high-medium,,0,0,0,0,0,0,0,*0.96,0.039
710,9:high-high,8:high-medium,+,0,0,0,0,0,0,0,*0.978,0.022
711,8:high-medium,8:high-medium,,0,0,0,0,0,0,0.001,*0.973,0.026
712,8:high-medium,8:high-medium,,0,0,0,0,0,0,0.003,*0.988,0.008
713,8:high-medium,8:high-medium,,0,0,0,0,0,0,0,*0.927,0.072
714,8:high-medium,8:high-medium,,0,0,0,0,0,0,0,*0.858,0.142
715,8:high-medium,8:high-medium,,0,0,0,0,0,0,0,*0.881,0.119
716,8:high-medium,8:high-medium,,0,0,0,0,0,0,0,*0.995,0.005
717,8:high-medium,8:high-medium,,0,0,0,0,0,0,0,*0.991,0.009
718,8:high-medium,8:high-medium,,0,0,0,0,0,0,0,*0.959,0.041
719,8:high-medium,8:high-medium,,0,0,0,0,0,0,0,*0.974,0.026
720,9:high-high,8:high-medium,+,0,0,0,0,0,0,0,*0.927,0.073
721,8:high-medium,8:high-medium,,0,0,0,0,0,0,0,*0.94,0.06
722,9:high-high,9:high-high,,0,0,0,0,0,0,0,0.351,*0.649
723,9:high-high,8:high-medium,+,0,0,0,0,0,0,0,*0.903,0.097
724,9:high-high,9:high-high,,0,0,0,0,0,0,0,0,*1
725,9:high-high,9:high-high,,0,0,0,0,0,0,0,0,*1
726,9:high-high,9:high-high,,0,0,0,0,0,0,0,0,*1
727,9:high-high,9:high-high,,0,0,0,0,0,0,0,0,*1
728,9:high-high,9:high-high,,0,0,0,0,0,0,0,0,*1
729,9:high-high,9:high-high,,0,0,0,0,0,0,0,0,*1
730,8:high-medium,9:high-high,+,0,0,0,0,0,0,0,0.001,*0.999
731,9:high-high,9:high-high,,0,0,0,0,0,0,0,0,*1
732,9:high-high,9:high-high,,0,0,0,0,0,0,0,0,*1
733,8:high-medium,9:high-high,+,0,0,0,0,0,0,0,0,*1
734,9:high-high,9:high-high,,0,0,0,0,0,0,0,0,*1
735,8:high-medium,9:high-high,+,0,0,0,0,0,0,0,0,*1
736,9:high-high,9:high-high,,0,0,0,0,0,0,0,0,*1
737,9:high-high,9:high-high,,0,0,0,0,0,0,0,0,*1
738,9:high-high,9:high-high,,0,0,0,0,0,0,0,0,*1
739,8:high-medium,9:high-high,+,0,0,0,0,0,0,0,0.001,*0.999
740,9:high-high,9:high-high,,0,0,0,0,0,0,0,0,*1
741,9:high-high,9:high-high,,0,0,0,0,0,0,0,0,*1
742,9:high-high,9:high-high,,0,0,0,0,0,0,0,0,*1
743,9:high-high,9:high-high,,0,0,0,0,0,0,0,0.001,*0.999
744,9:high-high,9:high-high,,0,0,0,0,0,0,0,0,*1
745,9:high-high,9:high-high,,0,0,0,0,0,0,0,0,*1
746,9:high-high,9:high-high,,0,0,0,0,0,0,0,0,*1
747,9:high-high,9:high-high,,0,0,0,0,0,0,0,0,*1
748,9:high-high,9:high-high,,0,0,0,0,0,0,0,0,*1
749,9:high-high,9:high-high,,0,0,0,0,0,0,0,0,*1
750,9:high-high,9:high-high,,0,0,0,0,0,0,0,0,*1
751,9:high-high,9:high-high,,0,0,0,0,0,0,0,0,*1
752,9:high-high,9:high-high,,0,0,0,0,0,0,0,0,*1
753,9:high-high,9:high-high,,0,0,0,0,0,0,0,0,*1
754,9:high-high,9:high-high,,0,0,0,0,0,0,0,0,*1
755,9:high-high,9:high-high,,0,0,0,0,0,0,0,0,*1
756,9:high-high,9:high-high,,0,0,0,0,0,0,0,0,*1
757,9:high-high,9:high-high,,0,0,0,0,0,0,0,0,*1
758,9:high-high,9:high-high,,0,0,0,0,0,0,0,0,*1
759,9:high-high,9:high-high,,0,0,0,0,0,0,0,0,*1
760,9:high-high,9:high-high,,0,0,0,0,0,0,0,0,*1
761,9:high-high,9:high-high,,0,0,0,0,0,0,0,0,*1
762,9:high-high,9:high-high,,0,0,0,0,0,0,0,0,*1
763,9:high-high,9:high-high,,0,0,0,0,0,0,0,0,*1
764,9:high-high,9:high-high,,0,0,0,0,0,0,0,0,*1
765,9:high-high,9:high-high,,0,0,0,0,0,0,0,0,*1
766,9:high-high,9:high-high,,0,0,0,0,0,0,0,0,*1
767,9:high-high,9:high-high,,0,0,0,0,0,0,0,0,*1
768,9:high-high,9:high-high,,0,0,0,0,0,0,0,0,*1
769,9:high-high,9:high-high,,0,0,0,0,0,0,0,0,*1
770,9:high-high,9:high-high,,0,0,0,0,0,0,0,0,*1
771,9:high-high,9:high-high,,0,0,0,0,0,0,0,0,*1
772,9:high-high,9:high-high,,0,0,0,0,0,0,0,0,*1
773,9:high-high,9:high-high,,0,0,0,0,0,0,0,0,*1
774,9:high-high,9:high-high,,0,0,0,0,0,0,0,0,*1
775,9:high-high,9:high-high,,0,0,0,0,0,0,0,0,*1
776,9:high-high,9:high-high,,0,0,0,0,0,0,0,0,*1
777,9:high-high,9:high-high,,0,0,0,0,0,0,0,0,*1
778,9:high-high,9:high-high,,0,0,0,0,0,0,0,0,*1
779,9:high-high,9:high-high,,0,0,0,0,0,0,0,0,*1
780,9:high-high,9:high-high,,0,0,0,0,0,0,0,0.001,*0.999
781,9:high-high,9:high-high,,0,0,0,0,0,0,0,0.002,*0.998
782,9:high-high,9:high-high,,0,0,0,0,0,0,0,0.003,*0.997
783,9:high-high,9:high-high,,0,0,0,0,0,0,0,0.003,*0.997
784,9:high-high,9:high-high,,0,0,0,0,0,0,0,0.008,*0.992
785,9:high-high,9:high-high,,0,0,0,0,0,0,0,0.008,*0.992
786,9:high-high,9:high-high,,0,0,0,0,0,0,0,0.006,*0.994
787,9:high-high,9:high-high,,0,0,0,0,0,0,0,0.051,*0.949
788,9:high-high,9:high-high,,0,0,0,0,0,0,0,0.107,*0.893
789,9:high-high,9:high-high,,0,0,0,0,0,0,0,0.032,*0.968
790,9:high-high,9:high-high,,0,0,0,0,0,0,0,0.089,*0.911
791,9:high-high,9:high-high,,0,0,0,0,0,0,0,0.237,*0.763
792,9:high-high,9:high-high,,0,0,0,0,0,0,0,0.396,*0.604
793,9:high-high,9:high-high,,0,0,0,0,0,0,0,0.22,*0.78
794,9:high-high,9:high-high,,0,0,0,0,0,0,0,0.478,*0.522
795,9:high-high,8:high-medium,+,0,0,0,0,0,0,0,*0.588,0.412
796,9:high-high,8:high-medium,+,0,0,0,0,0,0,0,*0.554,0.446
797,9:high-high,8:high-medium,+,0,0,0,0,0,0,0,*0.807,0.193
798,9:high-high,8:high-medium,+,0,0,0,0,0,0,0,*0.856,0.144
799,9:high-high,8:high-medium,+,0,0,0,0,0,0,0,*0.862,0.138
800,9:high-high,8:high-medium,+,0,0,0,0,0,0,0,*0.943,0.057
801,9:high-high,8:high-medium,+,0,0,0,0,0,0,0,*0.954,0.046
802,9:high-high,8:high-medium,+,0,0,0,0,0,0,0,*0.819,0.181
803,9:high-high,8:high-medium,+,0,0,0,0,0,0,0,*0.785,0.215
804,9:high-high,8:high-medium,+,0,0,0,0,0,0,0,*0.944,0.056
805,9:high-high,8:high-medium,+,0,0,0,0,0,0,0,*0.962,0.038
806,9:high-high,8:high-medium,+,0,0,0,0,0,0,0,*0.944,0.056
807,9:high-high,8:high-medium,+,0,0,0,0,0,0,0,*0.943,0.057
808,9:high-high,8:high-medium,+,0,0,0,0,0,0,0,*0.985,0.014
809,9:high-high,8:high-medium,+,0,0,0,0,0,0,0,*0.993,0.006
810,8:high-medium,8:high-medium,,0,0,0,0,0,0,0,*0.987,0.013
811,8:high-medium,8:high-medium,,0,0,0,0,0,0,0,*0.963,0.037
812,8:high-medium,8:high-medium,,0,0,0,0,0,0,0,*0.981,0.019
813,8:high-medium,8:high-medium,,0,0,0,0,0,0,0,*0.991,0.009
814,8:high-medium,8:high-medium,,0,0,0,0,0,0,0,*0.974,0.026
815,8:high-medium,8:high-medium,,0,0,0,0,0,0,0,*0.953,0.047
816,9:high-high,8:high-medium,+,0,0,0,0,0,0,0,*0.978,0.022
817,8:high-medium,8:high-medium,,0,0,0,0,0,0,0,*0.961,0.039
818,7:high-low,8:high-medium,+,0,0,0,0,0,0,0,*0.964,0.036
819,8:high-medium,8:high-medium,,0,0,0,0,0,0,0,*0.951,0.049
820,8:high-medium,8:high-medium,,0,0,0,0,0,0,0,*0.974,0.026
821,8:high-medium,8:high-medium,,0,0,0,0,0,0,0,*0.896,0.104
822,8:high-medium,8:high-medium,,0,0,0,0,0,0,0,*0.981,0.019
823,8:high-medium,8:high-medium,,0,0,0,0,0,0,0,*0.987,0.013
824,8:high-medium,8:high-medium,,0,0,0,0,0,0,0,*0.763,0.237
825,8:high-medium,8:high-medium,,0,0,0,0,0,0,0,*0.842,0.158
826,9:high-high,9:high-high,,0,0,0,0,0,0,0,0.2,*0.8
827,9:high-high,9:high-high,,0,0,0,0,0,0,0,0.209,*0.791
828,9:high-high,9:high-high,,0,0,0,0,0,0,0,0.062,*0.938
829,9:high-high,8:high-medium,+,0,0,0,0,0,0,0,*0.77,0.23
830,8:high-medium,8:high-medium,,0,0,0,0,0,0,0,*0.891,0.109
831,8:high-medium,8:high-medium,,0,0,0,0,0,0,0,*0.963,0.037
832,8:high-medium,8:high-medium,,0,0,0,0,0,0,0,*0.957,0.043
833,9:high-high,8:high-medium,+,0,0,0,0,0,0,0,*0.966,0.034
834,8:high-medium,8:high-medium,,0,0,0,0,0,0,0,*0.921,0.078
835,9:high-high,8:high-medium,+,0,0,0,0,0,0,0,*0.801,0.198
836,8:high-medium,8:high-medium,,0,0,0,0,0,0,0,*0.932,0.068
837,8:high-medium,8:high-medium,,0,0,0,0,0,0,0,*0.787,0.212
838,9:high-high,8:high-medium,+,0,0,0,0,0,0,0,*0.948,0.052
839,8:high-medium,8:high-medium,,0,0,0,0,0,0,0,*0.929,0.071
840,9:high-high,8:high-medium,+,0,0,0,0,0,0,0,*0.788,0.212
841,8:high-medium,8:high-medium,,0,0,0,0,0,0,0,*0.88,0.12
842,9:high-high,8:high-medium,+,0,0,0,0,0,0,0,*0.59,0.41
843,9:high-high,8:high-medium,+,0,0,0,0,0,0,0,*0.643,0.357
844,9:high-high,9:high-high,,0,0,0,0,0,0,0,0.393,*0.607
845,9:high-high,8:high-medium,+,0,0,0,0,0,0,0,*0.841,0.159
846,7:high-low,7:high-low,,0,0,0,0,0,0,*1,0,0
