inst#,actual,predicted,error,distribution,,,,,,,,
1,8:high-medium,8:high-medium,,0,0,0,0,0,0,0.357,*0.635,0.009
2,8:high-medium,8:high-medium,,0,0,0,0,0,0,0.274,*0.717,0.009
3,8:high-medium,8:high-medium,,0,0,0,0,0,0,0.189,*0.798,0.013
4,8:high-medium,8:high-medium,,0,0,0,0,0,0,0.071,*0.89,0.039
5,8:high-medium,8:high-medium,,0,0,0,0,0,0,0.202,*0.763,0.034
6,7:high-low,8:high-medium,+,0,0,0,0,0,0,0.039,*0.935,0.026
7,8:high-medium,8:high-medium,,0,0,0,0,0,0,0.199,*0.567,0.233
8,8:high-medium,8:high-medium,,0,0,0,0,0,0,0.035,*0.685,0.28
9,8:high-medium,8:high-medium,,0,0,0,0,0,0,0.165,*0.789,0.046
10,8:high-medium,8:high-medium,,0,0,0,0,0,0,0.093,*0.842,0.065
11,7:high-low,8:high-medium,+,0,0,0,0,0,0,0.223,*0.693,0.084
12,8:high-medium,8:high-medium,,0,0,0,0,0,0,0.064,*0.704,0.232
13,8:high-medium,8:high-medium,,0,0,0,0,0,0,0.074,*0.705,0.221
14,8:high-medium,8:high-medium,,0,0,0,0,0,0,0.1,*0.631,0.269
15,8:high-medium,8:high-medium,,0,0,0,0,0,0,0.158,*0.561,0.281
16,8:high-medium,8:high-medium,,0,0,0,0,0,0,0.16,*0.712,0.128
17,8:high-medium,8:high-medium,,0,0,0,0,0,0,0.469,*0.509,0.021
18,8:high-medium,8:high-medium,,0,0,0,0,0,0,0.338,*0.631,0.03
19,8:high-medium,8:high-medium,,0,0,0,0,0,0,0.1,*0.785,0.115
20,8:high-medium,8:high-medium,,0,0,0,0,0,0,0.234,*0.692,0.074
21,7:high-low,8:high-medium,+,0,0,0,0,0,0,0.323,*0.623,0.053
22,7:high-low,7:high-low,,0,0,0,0,0,0,*0.524,0.471,0.005
23,7:high-low,8:high-medium,+,0,0,0,0,0,0,0.434,*0.555,0.011
24,7:high-low,8:high-medium,+,0,0,0,0,0,0,0.239,*0.753,0.008
25,7:high-low,7:high-low,,0,0,0,0,0,0,*0.622,0.368,0.01
26,8:high-medium,7:high-low,+,0,0,0,0,0,0,*0.602,0.396,0.002
27,7:high-low,7:high-low,,0,0,0,0,0,0,*0.804,0.195,0.001
28,8:high-medium,8:high-medium,,0,0,0,0,0,0,0.479,*0.512,0.008
29,8:high-medium,8:high-medium,,0,0,0,0,0,0,0.292,*0.686,0.022
30,8:high-medium,8:high-medium,,0,0,0,0,0,0,0.366,*0.587,0.047
31,8:high-medium,8:high-medium,,0,0,0,0,0,0,0.477,*0.501,0.023
32,8:high-medium,8:high-medium,,0,0,0,0,0,0,0.359,*0.611,0.029
33,8:high-medium,8:high-medium,,0,0,0,0,0,0,0.372,*0.533,0.095
34,8:high-medium,8:high-medium,,0,0,0,0,0,0,0.207,*0.742,0.052
35,8:high-medium,8:high-medium,,0,0,0,0,0,0,0.186,*0.674,0.14
36,8:high-medium,8:high-medium,,0,0,0,0,0,0,0.229,*0.674,0.098
37,8:high-medium,8:high-medium,,0,0,0,0,0,0,0.151,*0.713,0.136
38,8:high-medium,8:high-medium,,0,0,0,0,0,0,0.245,*0.672,0.083
39,7:high-low,8:high-medium,+,0,0,0,0,0,0,0.089,*0.848,0.063
40,8:high-medium,9:high-high,+,0,0,0,0,0,0,0.145,0.42,*0.434
41,8:high-medium,8:high-medium,,0,0,0,0,0,0,0.036,*0.712,0.253
42,8:high-medium,8:high-medium,,0,0,0,0,0,0,0.1,*0.688,0.212
43,8:high-medium,8:high-medium,,0,0,0,0,0,0,0.433,*0.56,0.007
44,7:high-low,8:high-medium,+,0,0,0,0,0,0,0.412,*0.562,0.025
45,7:high-low,8:high-medium,+,0,0,0,0,0,0,0.179,*0.762,0.059
46,8:high-medium,8:high-medium,,0,0,0,0,0,0,0.405,*0.507,0.088
47,7:high-low,8:high-medium,+,0,0,0,0,0,0,0.186,*0.727,0.087
48,7:high-low,8:high-medium,+,0,0,0,0,0,0,0.12,*0.609,0.271
49,8:high-medium,8:high-medium,,0,0,0,0,0,0,0.241,*0.679,0.08
50,8:high-medium,8:high-medium,,0,0,0,0,0,0,0.209,*0.74,0.051
51,8:high-medium,8:high-medium,,0,0,0,0,0,0,0.108,*0.775,0.117
52,8:high-medium,8:high-medium,,0,0,0,0,0,0,0.348,*0.602,0.05
53,8:high-medium,8:high-medium,,0,0,0,0,0,0,0.355,*0.64,0.005
54,8:high-medium,8:high-medium,,0,0,0,0,0,0,0.188,*0.658,0.154
55,8:high-medium,8:high-medium,,0,0,0,0,0,0,0.239,*0.692,0.068
56,8:high-medium,8:high-medium,,0,0,0,0,0,0,0.378,*0.494,0.128
57,8:high-medium,8:high-medium,,0,0,0,0,0,0,0.316,*0.561,0.123
58,8:high-medium,8:high-medium,,0,0,0,0,0,0,0.447,*0.508,0.044
59,8:high-medium,8:high-medium,,0,0,0,0,0,0,0.484,*0.497,0.019
60,8:high-medium,7:high-low,+,0,0,0,0,0,0,*0.455,0.441,0.104
61,8:high-medium,7:high-low,+,0,0,0,0,0,0,*0.748,0.236,0.016
62,8:high-medium,7:high-low,+,0,0,0,0,0,0,*0.491,0.484,0.025
63,8:high-medium,8:high-medium,,0,0,0,0,0,0,0.482,*0.486,0.031
64,8:high-medium,8:high-medium,,0,0,0,0,0,0,0.42,*0.566,0.014
65,8:high-medium,8:high-medium,,0,0,0,0,0,0,0.272,*0.581,0.147
66,8:high-medium,7:high-low,+,0,0,0,0,0,0,*0.504,0.486,0.01
67,8:high-medium,7:high-low,+,0,0,0,0,0,0,*0.636,0.351,0.013
68,8:high-medium,8:high-medium,,0,0,0,0,0,0,0.142,*0.778,0.08
69,8:high-medium,8:high-medium,,0,0,0,0,0,0,0.106,*0.801,0.093
70,8:high-medium,8:high-medium,,0,0,0,0,0,0,0.232,*0.722,0.047
71,8:high-medium,8:high-medium,,0,0,0,0,0,0,0.33,*0.652,0.018
72,8:high-medium,8:high-medium,,0,0,0,0,0,0,0.24,*0.696,0.064
73,8:high-medium,8:high-medium,,0,0,0,0,0,0,0.137,*0.823,0.039
74,8:high-medium,8:high-medium,,0,0,0,0,0,0,0.27,*0.71,0.02
75,9:high-high,8:high-medium,+,0,0,0,0,0,0,0.043,*0.881,0.076
76,9:high-high,8:high-medium,+,0,0,0,0,0,0,0.234,*0.75,0.016
77,9:high-high,8:high-medium,+,0,0,0,0,0,0,0.213,*0.716,0.072
78,8:high-medium,8:high-medium,,0,0,0,0,0,0,0.115,*0.62,0.265
79,8:high-medium,8:high-medium,,0,0,0,0,0,0,0.034,*0.827,0.139
80,9:high-high,9:high-high,,0,0,0,0,0,0,0,0.39,*0.61
81,9:high-high,8:high-medium,+,0,0,0,0,0,0,0,*0.594,0.406
82,9:high-high,9:high-high,,0,0,0,0,0,0,0,0.2,*0.8
83,9:high-high,9:high-high,,0,0,0,0,0,0,0,0.072,*0.928
84,9:high-high,9:high-high,,0,0,0,0,0,0,0,0.499,*0.501
85,9:high-high,9:high-high,,0,0,0,0,0,0,0,0.398,*0.602
86,9:high-high,9:high-high,,0,0,0,0,0,0,0,0.463,*0.537
87,9:high-high,9:high-high,,0,0,0,0,0,0,0,0.357,*0.643
88,9:high-high,9:high-high,,0,0,0,0,0,0,0,0.303,*0.697
89,9:high-high,8:high-medium,+,0,0,0,0,0,0,0,*0.527,0.473
90,9:high-high,9:high-high,,0,0,0,0,0,0,0,0.491,*0.509
91,9:high-high,9:high-high,,0,0,0,0,0,0,0,0.41,*0.59
92,9:high-high,9:high-high,,0,0,0,0,0,0,0,0.394,*0.606
93,9:high-high,9:high-high,,0,0,0,0,0,0,0,0.479,*0.521
94,9:high-high,9:high-high,,0,0,0,0,0,0,0,0.371,*0.629
95,9:high-high,9:high-high,,0,0,0,0,0,0,0,0.202,*0.798
96,9:high-high,9:high-high,,0,0,0,0,0,0,0,0.188,*0.812
97,9:high-high,9:high-high,,0,0,0,0,0,0,0,0.06,*0.94
98,9:high-high,9:high-high,,0,0,0,0,0,0,0,0.053,*0.947
99,9:high-high,9:high-high,,0,0,0,0,0,0,0,0.089,*0.911
100,9:high-high,9:high-high,,0,0,0,0,0,0,0,0.048,*0.952
101,9:high-high,9:high-high,,0,0,0,0,0,0,0,0.139,*0.861
102,9:high-high,9:high-high,,0,0,0,0,0,0,0,0.182,*0.818
103,9:high-high,9:high-high,,0,0,0,0,0,0,0,0.014,*0.986
104,9:high-high,9:high-high,,0,0,0,0,0,0,0,0.001,*0.999
105,9:high-high,9:high-high,,0,0,0,0,0,0,0,0.002,*0.998
106,9:high-high,9:high-high,,0,0,0,0,0,0,0,0,*1
107,9:high-high,9:high-high,,0,0,0,0,0,0,0,0,*1
108,9:high-high,9:high-high,,0,0,0,0,0,0,0,0,*1
109,9:high-high,9:high-high,,0,0,0,0,0,0,0,0.003,*0.997
110,9:high-high,9:high-high,,0,0,0,0,0,0,0,0.005,*0.995
111,9:high-high,9:high-high,,0,0,0,0,0,0,0,0.005,*0.995
112,9:high-high,9:high-high,,0,0,0,0,0,0,0,0.006,*0.994
113,9:high-high,9:high-high,,0,0,0,0,0,0,0,0.187,*0.813
114,9:high-high,9:high-high,,0,0,0,0,0,0,0,0.018,*0.982
115,9:high-high,9:high-high,,0,0,0,0,0,0,0,0.011,*0.989
116,9:high-high,8:high-medium,+,0,0,0,0,0,0,0,*0.844,0.155
117,8:high-medium,9:high-high,+,0,0,0,0,0,0,0,0.465,*0.535
118,8:high-medium,9:high-high,+,0,0,0,0,0,0,0,0.001,*0.999
119,9:high-high,9:high-high,,0,0,0,0,0,0,0,0,*1
120,9:high-high,9:high-high,,0,0,0,0,0,0,0,0,*1
121,9:high-high,9:high-high,,0,0,0,0,0,0,0,0.001,*0.999
122,9:high-high,9:high-high,,0,0,0,0,0,0,0,0.013,*0.987
123,9:high-high,9:high-high,,0,0,0,0,0,0,0,0.083,*0.917
124,9:high-high,9:high-high,,0,0,0,0,0,0,0,0,*1
125,9:high-high,9:high-high,,0,0,0,0,0,0,0,0,*1
126,9:high-high,9:high-high,,0,0,0,0,0,0,0,0,*1
127,9:high-high,9:high-high,,0,0,0,0,0,0,0,0,*1
128,9:high-high,9:high-high,,0,0,0,0,0,0,0,0,*1
129,9:high-high,9:high-high,,0,0,0,0,0,0,0,0,*1
130,9:high-high,9:high-high,,0,0,0,0,0,0,0,0,*1
131,9:high-high,9:high-high,,0,0,0,0,0,0,0,0,*1
132,9:high-high,9:high-high,,0,0,0,0,0,0,0,0,*1
133,9:high-high,9:high-high,,0,0,0,0,0,0,0,0,*1
134,9:high-high,9:high-high,,0,0,0,0,0,0,0,0,*1
135,9:high-high,9:high-high,,0,0,0,0,0,0,0,0,*1
136,9:high-high,9:high-high,,0,0,0,0,0,0,0,0,*1
137,9:high-high,9:high-high,,0,0,0,0,0,0,0,0,*1
138,9:high-high,9:high-high,,0,0,0,0,0,0,0,0,*1
139,9:high-high,9:high-high,,0,0,0,0,0,0,0,0,*1
140,9:high-high,9:high-high,,0,0,0,0,0,0,0,0,*1
141,9:high-high,9:high-high,,0,0,0,0,0,0,0,0,*1
142,9:high-high,9:high-high,,0,0,0,0,0,0,0,0,*1
143,9:high-high,9:high-high,,0,0,0,0,0,0,0,0,*1
144,9:high-high,9:high-high,,0,0,0,0,0,0,0,0,*1
145,9:high-high,9:high-high,,0,0,0,0,0,0,0,0,*1
146,9:high-high,9:high-high,,0,0,0,0,0,0,0,0,*1
147,9:high-high,9:high-high,,0,0,0,0,0,0,0,0,*1
148,9:high-high,9:high-high,,0,0,0,0,0,0,0,0,*1
149,9:high-high,9:high-high,,0,0,0,0,0,0,0,0,*1
150,9:high-high,9:high-high,,0,0,0,0,0,0,0,0,*1
151,9:high-high,9:high-high,,0,0,0,0,0,0,0,0,*1
152,9:high-high,9:high-high,,0,0,0,0,0,0,0,0,*1
153,9:high-high,9:high-high,,0,0,0,0,0,0,0,0,*1
154,9:high-high,9:high-high,,0,0,0,0,0,0,0,0,*1
155,9:high-high,9:high-high,,0,0,0,0,0,0,0,0,*1
156,9:high-high,9:high-high,,0,0,0,0,0,0,0,0,*1
157,9:high-high,9:high-high,,0,0,0,0,0,0,0,0,*1
158,9:high-high,9:high-high,,0,0,0,0,0,0,0,0,*1
159,9:high-high,9:high-high,,0,0,0,0,0,0,0,0,*1
160,9:high-high,9:high-high,,0,0,0,0,0,0,0,0,*1
161,9:high-high,9:high-high,,0,0,0,0,0,0,0,0,*1
162,9:high-high,9:high-high,,0,0,0,0,0,0,0,0,*1
163,9:high-high,9:high-high,,0,0,0,0,0,0,0,0,*1
164,9:high-high,9:high-high,,0,0,0,0,0,0,0,0,*1
165,9:high-high,9:high-high,,0,0,0,0,0,0,0,0,*1
166,9:high-high,9:high-high,,0,0,0,0,0,0,0,0,*1
167,9:high-high,9:high-high,,0,0,0,0,0,0,0,0,*1
168,9:high-high,9:high-high,,0,0,0,0,0,0,0,0,*1
169,9:high-high,9:high-high,,0,0,0,0,0,0,0,0,*1
170,9:high-high,9:high-high,,0,0,0,0,0,0,0,0,*1
171,9:high-high,9:high-high,,0,0,0,0,0,0,0,0,*1
172,9:high-high,9:high-high,,0,0,0,0,0,0,0,0,*1
173,9:high-high,9:high-high,,0,0,0,0,0,0,0,0,*1
174,9:high-high,9:high-high,,0,0,0,0,0,0,0,0,*1
175,9:high-high,9:high-high,,0,0,0,0,0,0,0,0,*1
176,9:high-high,9:high-high,,0,0,0,0,0,0,0,0,*1
177,9:high-high,9:high-high,,0,0,0,0,0,0,0,0,*1
178,9:high-high,9:high-high,,0,0,0,0,0,0,0,0,*1
179,9:high-high,9:high-high,,0,0,0,0,0,0,0,0,*1
180,9:high-high,9:high-high,,0,0,0,0,0,0,0,0,*1
181,9:high-high,9:high-high,,0,0,0,0,0,0,0,0,*1
182,9:high-high,9:high-high,,0,0,0,0,0,0,0,0,*1
183,9:high-high,9:high-high,,0,0,0,0,0,0,0,0,*1
184,9:high-high,9:high-high,,0,0,0,0,0,0,0,0,*1
185,9:high-high,9:high-high,,0,0,0,0,0,0,0,0,*1
186,9:high-high,9:high-high,,0,0,0,0,0,0,0,0,*1
187,9:high-high,9:high-high,,0,0,0,0,0,0,0,0,*1
188,9:high-high,9:high-high,,0,0,0,0,0,0,0,0,*1
189,9:high-high,9:high-high,,0,0,0,0,0,0,0,0,*1
190,9:high-high,9:high-high,,0,0,0,0,0,0,0,0,*1
191,9:high-high,9:high-high,,0,0,0,0,0,0,0,0,*1
192,9:high-high,9:high-high,,0,0,0,0,0,0,0,0,*1
193,9:high-high,9:high-high,,0,0,0,0,0,0,0,0,*1
194,9:high-high,9:high-high,,0,0,0,0,0,0,0,0,*1
195,9:high-high,9:high-high,,0,0,0,0,0,0,0,0,*1
196,9:high-high,9:high-high,,0,0,0,0,0,0,0,0,*1
197,9:high-high,9:high-high,,0,0,0,0,0,0,0,0,*1
198,9:high-high,9:high-high,,0,0,0,0,0,0,0,0,*1
199,9:high-high,9:high-high,,0,0,0,0,0,0,0,0,*1
200,9:high-high,9:high-high,,0,0,0,0,0,0,0,0,*1
201,9:high-high,9:high-high,,0,0,0,0,0,0,0,0,*1
202,9:high-high,9:high-high,,0,0,0,0,0,0,0,0.001,*0.999
203,8:high-medium,9:high-high,+,0,0,0,0,0,0,0,0.039,*0.961
204,9:high-high,9:high-high,,0,0,0,0,0,0,0,0.025,*0.975
205,9:high-high,9:high-high,,0,0,0,0,0,0,0,0.008,*0.992
206,8:high-medium,9:high-high,+,0,0,0,0,0,0,0,0.092,*0.908
207,9:high-high,9:high-high,,0,0,0,0,0,0,0,0.106,*0.894
208,8:high-medium,9:high-high,+,0,0,0,0,0,0,0,0.083,*0.917
209,8:high-medium,9:high-high,+,0,0,0,0,0,0,0,0.021,*0.979
210,7:high-low,9:high-high,+,0,0,0,0,0,0,0,0.094,*0.906
211,9:high-high,9:high-high,,0,0,0,0,0,0,0,0.078,*0.922
212,9:high-high,9:high-high,,0,0,0,0,0,0,0,0.06,*0.94
213,9:high-high,9:high-high,,0,0,0,0,0,0,0,0.042,*0.958
214,9:high-high,9:high-high,,0,0,0,0,0,0,0,0.009,*0.991
215,9:high-high,9:high-high,,0,0,0,0,0,0,0,0.001,*0.999
216,9:high-high,9:high-high,,0,0,0,0,0,0,0,0.003,*0.997
217,9:high-high,9:high-high,,0,0,0,0,0,0,0,0.003,*0.997
218,9:high-high,9:high-high,,0,0,0,0,0,0,0,0.003,*0.997
219,9:high-high,9:high-high,,0,0,0,0,0,0,0,0.012,*0.988
220,9:high-high,9:high-high,,0,0,0,0,0,0,0,0.01,*0.99
221,9:high-high,9:high-high,,0,0,0,0,0,0,0,0.037,*0.963
222,9:high-high,9:high-high,,0,0,0,0,0,0,0,0.028,*0.972
223,9:high-high,9:high-high,,0,0,0,0,0,0,0,0.018,*0.982
224,8:high-medium,9:high-high,+,0,0,0,0,0,0,0,0.019,*0.981
225,8:high-medium,9:high-high,+,0,0,0,0,0,0,0,0.064,*0.936
226,9:high-high,9:high-high,,0,0,0,0,0,0,0,0.035,*0.965
227,8:high-medium,9:high-high,+,0,0,0,0,0,0,0,0.031,*0.969
228,8:high-medium,9:high-high,+,0,0,0,0,0,0,0,0.031,*0.969
229,8:high-medium,9:high-high,+,0,0,0,0,0,0,0,0.155,*0.845
230,8:high-medium,9:high-high,+,0,0,0,0,0,0,0,0.116,*0.884
231,8:high-medium,9:high-high,+,0,0,0,0,0,0,0,0.031,*0.969
232,8:high-medium,9:high-high,+,0,0,0,0,0,0,0,0.072,*0.928
233,8:high-medium,9:high-high,+,0,0,0,0,0,0,0,0.031,*0.969
234,8:high-medium,9:high-high,+,0,0,0,0,0,0,0,0.015,*0.985
235,8:high-medium,9:high-high,+,0,0,0,0,0,0,0,0.003,*0.997
236,9:high-high,9:high-high,,0,0,0,0,0,0,0,0.001,*0.999
237,8:high-medium,9:high-high,+,0,0,0,0,0,0,0,0.001,*0.999
238,9:high-high,9:high-high,,0,0,0,0,0,0,0,0.001,*0.999
239,8:high-medium,9:high-high,+,0,0,0,0,0,0,0,0,*1
240,9:high-high,9:high-high,,0,0,0,0,0,0,0,0,*1
241,9:high-high,9:high-high,,0,0,0,0,0,0,0,0,*1
242,9:high-high,9:high-high,,0,0,0,0,0,0,0,0,*1
243,9:high-high,9:high-high,,0,0,0,0,0,0,0,0,*1
244,9:high-high,9:high-high,,0,0,0,0,0,0,0,0,*1
245,9:high-high,9:high-high,,0,0,0,0,0,0,0,0,*1
246,9:high-high,9:high-high,,0,0,0,0,0,0,0,0,*1
247,9:high-high,9:high-high,,0,0,0,0,0,0,0,0,*1
248,9:high-high,9:high-high,,0,0,0,0,0,0,0,0,*1
249,9:high-high,9:high-high,,0,0,0,0,0,0,0,0,*1
250,9:high-high,9:high-high,,0,0,0,0,0,0,0,0,*1
251,9:high-high,9:high-high,,0,0,0,0,0,0,0,0,*1
252,9:high-high,9:high-high,,0,0,0,0,0,0,0,0,*1
253,9:high-high,9:high-high,,0,0,0,0,0,0,0,0,*1
254,9:high-high,9:high-high,,0,0,0,0,0,0,0,0,*1
255,9:high-high,9:high-high,,0,0,0,0,0,0,0,0,*1
256,9:high-high,9:high-high,,0,0,0,0,0,0,0,0,*1
257,9:high-high,9:high-high,,0,0,0,0,0,0,0,0,*1
258,9:high-high,9:high-high,,0,0,0,0,0,0,0,0,*1
259,9:high-high,9:high-high,,0,0,0,0,0,0,0,0,*1
260,9:high-high,9:high-high,,0,0,0,0,0,0,0,0,*1
261,9:high-high,9:high-high,,0,0,0,0,0,0,0,0,*1
262,9:high-high,9:high-high,,0,0,0,0,0,0,0,0,*1
263,9:high-high,9:high-high,,0,0,0,0,0,0,0,0,*1
264,9:high-high,9:high-high,,0,0,0,0,0,0,0,0,*1
265,8:high-medium,9:high-high,+,0,0,0,0,0,0,0,0,*1
266,9:high-high,9:high-high,,0,0,0,0,0,0,0,0,*1
267,8:high-medium,9:high-high,+,0,0,0,0,0,0,0,0,*1
268,9:high-high,9:high-high,,0,0,0,0,0,0,0,0,*1
269,9:high-high,9:high-high,,0,0,0,0,0,0,0,0,*1
270,9:high-high,9:high-high,,0,0,0,0,0,0,0,0,*1
271,8:high-medium,9:high-high,+,0,0,0,0,0,0,0,0,*0.999
272,8:high-medium,9:high-high,+,0,0,0,0,0,0,0.001,0.001,*0.998
273,8:high-medium,9:high-high,+,0,0,0,0,0,0,0,0,*1
274,8:high-medium,9:high-high,+,0,0,0,0,0,0,0,0,*1
275,9:high-high,9:high-high,,0,0,0,0,0,0,0,0,*0.999
276,8:high-medium,9:high-high,+,0,0,0,0,0,0,0,0.001,*0.999
277,8:high-medium,9:high-high,+,0,0,0,0,0,0,0,0.001,*0.999
278,8:high-medium,9:high-high,+,0,0,0,0,0,0,0,0.001,*0.999
279,8:high-medium,9:high-high,+,0,0,0,0,0,0,0.008,0.009,*0.983
280,8:high-medium,9:high-high,+,0,0,0,0,0,0,0.001,0.002,*0.997
281,8:high-medium,9:high-high,+,0,0,0,0,0,0,0.058,0.01,*0.932
282,8:high-medium,9:high-high,+,0,0,0,0,0,0,0.004,0.002,*0.994
283,8:high-medium,9:high-high,+,0,0,0,0,0,0,0.028,0.006,*0.966
284,8:high-medium,9:high-high,+,0,0,0,0,0,0,0.008,0.006,*0.986
285,8:high-medium,9:high-high,+,0,0,0,0,0,0,0.05,0.018,*0.932
286,8:high-medium,9:high-high,+,0,0,0,0,0,0,0.03,0.007,*0.963
287,8:high-medium,9:high-high,+,0,0,0,0,0,0,0.064,0.004,*0.932
288,8:high-medium,9:high-high,+,0,0,0,0,0,0,0.018,0.008,*0.974
289,8:high-medium,9:high-high,+,0,0,0,0,0,0,0.023,0.005,*0.973
290,8:high-medium,9:high-high,+,0,0,0,0,0,0,0.014,0.011,*0.974
291,8:high-medium,9:high-high,+,0,0,0,0,0,0,0.133,0.007,*0.86
292,8:high-medium,9:high-high,+,0,0,0,0,0,0,0.165,0.004,*0.831
293,8:high-medium,9:high-high,+,0,0,0,0,0,0,0.006,0.006,*0.988
294,8:high-medium,9:high-high,+,0,0,0,0,0,0,0.008,0.008,*0.984
295,8:high-medium,9:high-high,+,0,0,0,0,0,0,0,0,*1
296,8:high-medium,9:high-high,+,0,0,0,0,0,0,0.001,0,*0.999
297,8:high-medium,9:high-high,+,0,0,0,0,0,0,0.001,0,*0.999
298,8:high-medium,9:high-high,+,0,0,0,0,0,0,0.002,0,*0.998
299,8:high-medium,9:high-high,+,0,0,0,0,0,0,0,0,*1
300,8:high-medium,9:high-high,+,0,0,0,0,0,0,0.002,0,*0.998
301,8:high-medium,9:high-high,+,0,0,0,0,0,0,0.018,0,*0.982
302,8:high-medium,9:high-high,+,0,0,0,0,0,0,0.003,0,*0.997
303,8:high-medium,9:high-high,+,0,0,0,0,0,0,0.005,0,*0.995
304,8:high-medium,9:high-high,+,0,0,0,0,0,0,0.001,0,*0.999
305,8:high-medium,9:high-high,+,0,0,0,0,0,0,0.001,0,*0.999
306,8:high-medium,9:high-high,+,0,0,0,0,0,0,0.004,0,*0.996
307,8:high-medium,9:high-high,+,0,0,0,0,0,0,0,0,*1
308,8:high-medium,9:high-high,+,0,0,0,0,0,0,0.003,0,*0.997
309,8:high-medium,9:high-high,+,0,0,0,0,0,0,0,0,*1
310,8:high-medium,9:high-high,+,0,0,0,0,0,0,0.001,0,*0.999
311,8:high-medium,9:high-high,+,0,0,0,0,0,0,0.008,0,*0.992
312,8:high-medium,9:high-high,+,0,0,0,0,0,0,0,0,*0.999
313,8:high-medium,9:high-high,+,0,0,0,0,0,0,0.001,0,*0.999
314,8:high-medium,9:high-high,+,0,0,0,0,0,0,0.004,0,*0.996
315,8:high-medium,9:high-high,+,0,0,0,0,0,0,0,0,*1
316,8:high-medium,9:high-high,+,0,0,0,0,0,0,0,0,*1
317,8:high-medium,9:high-high,+,0,0,0,0,0,0,0.001,0,*0.999
318,8:high-medium,9:high-high,+,0,0,0,0,0,0,0.002,0,*0.998
319,8:high-medium,9:high-high,+,0,0,0,0,0,0,0.001,0,*0.999
320,8:high-medium,9:high-high,+,0,0,0,0,0,0,0.003,0.001,*0.997
321,8:high-medium,9:high-high,+,0,0,0,0,0,0,0.013,0.235,*0.752
322,7:high-low,9:high-high,+,0,0,0,0,0,0,0.013,0.24,*0.747
323,8:high-medium,9:high-high,+,0,0,0,0,0,0,0.049,0.365,*0.586
324,8:high-medium,9:high-high,+,0,0,0,0,0,0,0.016,0.248,*0.736
325,8:high-medium,9:high-high,+,0,0,0,0,0,0,0.009,0.21,*0.781
326,8:high-medium,9:high-high,+,0,0,0,0,0,0,0.008,0.206,*0.786
327,8:high-medium,9:high-high,+,0,0,0,0,0,0,0.015,0.221,*0.764
328,8:high-medium,9:high-high,+,0,0,0,0,0,0,0.004,0.28,*0.716
329,8:high-medium,9:high-high,+,0,0,0,0,0,0,0.051,0.425,*0.524
330,8:high-medium,9:high-high,+,0,0,0,0,0,0,0.019,0.392,*0.588
331,8:high-medium,9:high-high,+,0,0,0,0,0,0,0.034,0.322,*0.644
332,8:high-medium,9:high-high,+,0,0,0,0,0,0,0.009,0.337,*0.654
333,8:high-medium,9:high-high,+,0,0,0,0,0,0,0.014,0.328,*0.658
334,8:high-medium,9:high-high,+,0,0,0,0,0,0,0.031,0.432,*0.536
335,8:high-medium,9:high-high,+,0,0,0,0,0,0,0.021,0.363,*0.617
336,8:high-medium,9:high-high,+,0,0,0,0,0,0,0.009,0.274,*0.717
337,8:high-medium,9:high-high,+,0,0,0,0,0,0,0.005,0.239,*0.756
338,8:high-medium,9:high-high,+,0,0,0,0,0,0,0.002,0.251,*0.746
339,9:high-high,9:high-high,,0,0,0,0,0,0,0.006,0.284,*0.71
340,8:high-medium,9:high-high,+,0,0,0,0,0,0,0.001,0.269,*0.73
341,8:high-medium,9:high-high,+,0,0,0,0,0,0,0.005,0.27,*0.725
342,8:high-medium,9:high-high,+,0,0,0,0,0,0,0,0.27,*0.729
343,8:high-medium,9:high-high,+,0,0,0,0,0,0,0.003,0.371,*0.625
344,8:high-medium,9:high-high,+,0,0,0,0,0,0,0,0.196,*0.804
345,8:high-medium,9:high-high,+,0,0,0,0,0,0,0,0.182,*0.818
346,8:high-medium,9:high-high,+,0,0,0,0,0,0,0,0.297,*0.703
347,9:high-high,9:high-high,,0,0,0,0,0,0,0,0.149,*0.851
348,9:high-high,9:high-high,,0,0,0,0,0,0,0,0.261,*0.739
349,8:high-medium,9:high-high,+,0,0,0,0,0,0,0,0.328,*0.672
350,9:high-high,9:high-high,,0,0,0,0,0,0,0,0.194,*0.806
351,8:high-medium,9:high-high,+,0,0,0,0,0,0,0,0.208,*0.792
352,9:high-high,9:high-high,,0,0,0,0,0,0,0.002,0.413,*0.585
353,9:high-high,9:high-high,,0,0,0,0,0,0,0,0.132,*0.868
354,7:high-low,9:high-high,+,0,0,0,0,0,0,0,0.198,*0.802
355,8:high-medium,9:high-high,+,0,0,0,0,0,0,0,0.418,*0.582
356,8:high-medium,9:high-high,+,0,0,0,0,0,0,0,0.22,*0.78
357,9:high-high,9:high-high,,0,0,0,0,0,0,0,0.136,*0.864
358,8:high-medium,9:high-high,+,0,0,0,0,0,0,0,0.192,*0.808
359,9:high-high,9:high-high,,0,0,0,0,0,0,0,0.402,*0.597
360,9:high-high,9:high-high,,0,0,0,0,0,0,0,0.197,*0.803
361,7:high-low,8:high-medium,+,0,0,0,0,0,0,0,*1,0
362,7:high-low,8:high-medium,+,0,0,0,0,0,0,0,*1,0
363,7:high-low,8:high-medium,+,0,0,0,0,0,0,0.387,*0.613,0
364,8:high-medium,9:high-high,+,0,0,0,0,0,0,0.014,0.017,*0.97
365,9:high-high,9:high-high,,0,0,0,0,0,0,0.001,0.002,*0.997
366,9:high-high,9:high-high,,0,0,0,0,0,0,0,0.001,*0.998
367,9:high-high,9:high-high,,0,0,0,0,0,0,0,0.006,*0.994
368,9:high-high,9:high-high,,0,0,0,0,0,0,0,0.008,*0.991
369,8:high-medium,9:high-high,+,0,0,0,0,0,0,0,0.255,*0.745
370,9:high-high,9:high-high,,0,0,0,0,0,0,0.001,0.02,*0.979
371,8:high-medium,9:high-high,+,0,0,0,0,0,0,0.01,0.018,*0.972
372,9:high-high,9:high-high,,0,0,0,0,0,0,0.004,0.046,*0.95
373,8:high-medium,8:high-medium,,0,0,0,0,0,0,0.001,*0.507,0.492
374,8:high-medium,8:high-medium,,0,0,0,0,0,0,0,*0.585,0.415
375,8:high-medium,9:high-high,+,0,0,0,0,0,0,0.003,0.02,*0.978
376,9:high-high,9:high-high,,0,0,0,0,0,0,0.005,0.093,*0.901
377,8:high-medium,8:high-medium,,0,0,0,0,0,0,0.002,*0.583,0.416
378,8:high-medium,9:high-high,+,0,0,0,0,0,0,0.007,0.324,*0.668
379,9:high-high,9:high-high,,0,0,0,0,0,0,0.003,0.025,*0.972
380,9:high-high,8:high-medium,+,0,0,0,0,0,0,0,*0.698,0.302
381,8:high-medium,9:high-high,+,0,0,0,0,0,0,0,0.367,*0.633
382,9:high-high,9:high-high,,0,0,0,0,0,0,0,0.002,*0.998
383,9:high-high,9:high-high,,0,0,0,0,0,0,0,0.025,*0.975
384,9:high-high,9:high-high,,0,0,0,0,0,0,0,0.144,*0.856
385,9:high-high,9:high-high,,0,0,0,0,0,0,0,0.003,*0.997
386,9:high-high,9:high-high,,0,0,0,0,0,0,0,0.002,*0.998
387,9:high-high,9:high-high,,0,0,0,0,0,0,0,0,*1
388,9:high-high,9:high-high,,0,0,0,0,0,0,0,0.003,*0.997
389,9:high-high,9:high-high,,0,0,0,0,0,0,0,0.087,*0.913
390,8:high-medium,9:high-high,+,0,0,0,0,0,0,0,0.001,*0.999
391,9:high-high,9:high-high,,0,0,0,0,0,0,0,0,*1
392,9:high-high,9:high-high,,0,0,0,0,0,0,0,0.096,*0.904
393,9:high-high,9:high-high,,0,0,0,0,0,0,0,0.002,*0.998
394,9:high-high,9:high-high,,0,0,0,0,0,0,0,0.004,*0.996
395,9:high-high,9:high-high,,0,0,0,0,0,0,0,0.001,*0.999
396,9:high-high,9:high-high,,0,0,0,0,0,0,0,0.179,*0.821
397,9:high-high,9:high-high,,0,0,0,0,0,0,0,0.001,*0.999
398,9:high-high,9:high-high,,0,0,0,0,0,0,0,0.001,*0.999
399,9:high-high,9:high-high,,0,0,0,0,0,0,0,0.063,*0.937
400,9:high-high,9:high-high,,0,0,0,0,0,0,0,0.001,*0.999
401,9:high-high,9:high-high,,0,0,0,0,0,0,0,0,*1
402,9:high-high,9:high-high,,0,0,0,0,0,0,0,0.002,*0.998
403,9:high-high,9:high-high,,0,0,0,0,0,0,0,0,*1
404,9:high-high,9:high-high,,0,0,0,0,0,0,0,0,*1
405,7:high-low,9:high-high,+,0,0,0,0,0,0,0,0.002,*0.997
406,9:high-high,9:high-high,,0,0,0,0,0,0,0,0.002,*0.998
407,7:high-low,9:high-high,+,0,0,0,0,0,0,0.001,0.002,*0.997
408,9:high-high,9:high-high,,0,0,0,0,0,0,0,0.001,*0.999
409,8:high-medium,9:high-high,+,0,0,0,0,0,0,0,0.171,*0.829
410,8:high-medium,9:high-high,+,0,0,0,0,0,0,0,0,*1
411,9:high-high,9:high-high,,0,0,0,0,0,0,0,0,*1
412,8:high-medium,9:high-high,+,0,0,0,0,0,0,0,0,*1
413,9:high-high,9:high-high,,0,0,0,0,0,0,0,0.001,*0.999
414,9:high-high,9:high-high,,0,0,0,0,0,0,0,0.026,*0.974
415,8:high-medium,9:high-high,+,0,0,0,0,0,0,0,0.001,*0.999
416,8:high-medium,9:high-high,+,0,0,0,0,0,0,0,0.001,*0.999
417,8:high-medium,9:high-high,+,0,0,0,0,0,0,0,0.147,*0.853
418,8:high-medium,9:high-high,+,0,0,0,0,0,0,0,0.004,*0.996
419,9:high-high,9:high-high,,0,0,0,0,0,0,0,0.1,*0.9
420,8:high-medium,9:high-high,+,0,0,0,0,0,0,0,0.009,*0.991
421,8:high-medium,9:high-high,+,0,0,0,0,0,0,0,0,*1
422,8:high-medium,9:high-high,+,0,0,0,0,0,0,0.002,0.006,*0.992
423,8:high-medium,9:high-high,+,0,0,0,0,0,0,0.015,0.121,*0.864
424,8:high-medium,9:high-high,+,0,0,0,0,0,0,0.026,0.103,*0.871
425,8:high-medium,9:high-high,+,0,0,0,0,0,0,0.008,0.06,*0.933
426,8:high-medium,9:high-high,+,0,0,0,0,0,0,0,0.141,*0.859
427,8:high-medium,9:high-high,+,0,0,0,0,0,0,0.001,0.005,*0.994
428,8:high-medium,9:high-high,+,0,0,0,0,0,0,0.001,0.006,*0.993
429,8:high-medium,9:high-high,+,0,0,0,0,0,0,0.001,0.226,*0.773
430,8:high-medium,9:high-high,+,0,0,0,0,0,0,0.003,0.009,*0.989
431,8:high-medium,9:high-high,+,0,0,0,0,0,0,0.001,0.15,*0.849
432,8:high-medium,9:high-high,+,0,0,0,0,0,0,0,0.007,*0.993
433,8:high-medium,9:high-high,+,0,0,0,0,0,0,0.003,0.005,*0.992
434,8:high-medium,9:high-high,+,0,0,0,0,0,0,0.003,0.013,*0.984
435,8:high-medium,9:high-high,+,0,0,0,0,0,0,0.001,0.394,*0.605
436,8:high-medium,8:high-medium,,0,0,0,0,0,0,0,*0.509,0.491
437,8:high-medium,8:high-medium,,0,0,0,0,0,0,0,*0.535,0.465
438,8:high-medium,9:high-high,+,0,0,0,0,0,0,0,0.242,*0.757
439,8:high-medium,9:high-high,+,0,0,0,0,0,0,0,0.405,*0.595
440,8:high-medium,9:high-high,+,0,0,0,0,0,0,0,0.444,*0.556
441,8:high-medium,9:high-high,+,0,0,0,0,0,0,0,0.366,*0.634
442,8:high-medium,9:high-high,+,0,0,0,0,0,0,0,0.419,*0.581
443,8:high-medium,9:high-high,+,0,0,0,0,0,0,0,0.006,*0.994
444,8:high-medium,9:high-high,+,0,0,0,0,0,0,0,0.347,*0.653
445,8:high-medium,9:high-high,+,0,0,0,0,0,0,0,0.001,*0.999
446,8:high-medium,9:high-high,+,0,0,0,0,0,0,0,0.367,*0.633
447,8:high-medium,8:high-medium,,0,0,0,0,0,0,0,*0.614,0.386
448,8:high-medium,8:high-medium,,0,0,0,0,0,0,0,*0.606,0.393
449,8:high-medium,9:high-high,+,0,0,0,0,0,0,0.001,0.432,*0.568
450,7:high-low,9:high-high,+,0,0,0,0,0,0,0.008,0.009,*0.983
451,8:high-medium,8:high-medium,,0,0,0,0,0,0,0.001,*0.643,0.357
452,8:high-medium,8:high-medium,,0,0,0,0,0,0,0.002,*0.598,0.4
453,8:high-medium,9:high-high,+,0,0,0,0,0,0,0.008,0.008,*0.984
454,8:high-medium,9:high-high,+,0,0,0,0,0,0,0.014,0.059,*0.926
455,7:high-low,8:high-medium,+,0,0,0,0,0,0,0,*0.661,0.338
456,8:high-medium,8:high-medium,,0,0,0,0,0,0,0.001,*0.761,0.238
457,8:high-medium,8:high-medium,,0,0,0,0,0,0,0,*0.712,0.287
458,7:high-low,8:high-medium,+,0,0,0,0,0,0,0.001,*0.703,0.296
459,7:high-low,8:high-medium,+,0,0,0,0,0,0,0.003,*0.753,0.244
460,8:high-medium,8:high-medium,,0,0,0,0,0,0,0.003,*0.678,0.319
461,7:high-low,8:high-medium,+,0,0,0,0,0,0,0.002,*0.734,0.264
462,8:high-medium,8:high-medium,,0,0,0,0,0,0,0.016,*0.841,0.143
463,7:high-low,8:high-medium,+,0,0,0,0,0,0,0.008,*0.823,0.169
464,7:high-low,8:high-medium,+,0,0,0,0,0,0,0.021,*0.801,0.178
465,7:high-low,8:high-medium,+,0,0,0,0,0,0,0.013,*0.832,0.155
466,7:high-low,8:high-medium,+,0,0,0,0,0,0,0.019,*0.868,0.114
467,7:high-low,8:high-medium,+,0,0,0,0,0,0,0.003,*0.659,0.338
468,7:high-low,8:high-medium,+,0,0,0,0,0,0,0.006,*0.663,0.331
469,8:high-medium,8:high-medium,,0,0,0,0,0,0,0.003,*0.591,0.406
470,8:high-medium,9:high-high,+,0,0,0,0,0,0,0.001,0.492,*0.507
471,7:high-low,8:high-medium,+,0,0,0,0,0,0,0.002,*0.58,0.418
472,7:high-low,8:high-medium,+,0,0,0,0,0,0,0,*0.57,0.43
473,7:high-low,8:high-medium,+,0,0,0,0,0,0,0,*0.556,0.444
474,8:high-medium,8:high-medium,,0,0,0,0,0,0,0.001,*0.596,0.403
475,7:high-low,8:high-medium,+,0,0,0,0,0,0,0.001,*0.611,0.388
476,8:high-medium,8:high-medium,,0,0,0,0,0,0,0.002,*0.599,0.4
477,7:high-low,8:high-medium,+,0,0,0,0,0,0,0.001,*0.763,0.236
478,7:high-low,8:high-medium,+,0,0,0,0,0,0,0.003,*0.772,0.225
479,8:high-medium,8:high-medium,,0,0,0,0,0,0,0.001,*0.68,0.319
480,7:high-low,8:high-medium,+,0,0,0,0,0,0,0.001,*0.626,0.373
481,7:high-low,8:high-medium,+,0,0,0,0,0,0,0.003,*0.701,0.296
482,7:high-low,8:high-medium,+,0,0,0,0,0,0,0,*0.634,0.366
483,7:high-low,8:high-medium,+,0,0,0,0,0,0,0.001,*0.693,0.306
484,7:high-low,8:high-medium,+,0,0,0,0,0,0,0,*0.697,0.303
485,7:high-low,8:high-medium,+,0,0,0,0,0,0,0.001,*0.773,0.226
486,8:high-medium,8:high-medium,,0,0,0,0,0,0,0.001,*0.839,0.16
487,7:high-low,8:high-medium,+,0,0,0,0,0,0,0.003,*0.874,0.123
488,7:high-low,8:high-medium,+,0,0,0,0,0,0,0.008,*0.921,0.071
489,7:high-low,8:high-medium,+,0,0,0,0,0,0,0.029,*0.917,0.053
490,8:high-medium,8:high-medium,,0,0,0,0,0,0,0.016,*0.937,0.047
491,7:high-low,8:high-medium,+,0,0,0,0,0,0,0.012,*0.875,0.112
492,8:high-medium,8:high-medium,,0,0,0,0,0,0,0,*0.889,0.111
493,8:high-medium,8:high-medium,,0,0,0,0,0,0,0,*0.819,0.181
494,8:high-medium,8:high-medium,,0,0,0,0,0,0,0,*0.753,0.247
495,8:high-medium,8:high-medium,,0,0,0,0,0,0,0,*0.706,0.294
496,8:high-medium,8:high-medium,,0,0,0,0,0,0,0,*0.656,0.343
497,8:high-medium,8:high-medium,,0,0,0,0,0,0,0,*0.704,0.295
498,8:high-medium,8:high-medium,,0,0,0,0,0,0,0.002,*0.714,0.285
499,8:high-medium,8:high-medium,,0,0,0,0,0,0,0,*0.645,0.355
500,8:high-medium,8:high-medium,,0,0,0,0,0,0,0,*0.663,0.337
501,9:high-high,9:high-high,,0,0,0,0,0,0,0,0.414,*0.586
502,8:high-medium,9:high-high,+,0,0,0,0,0,0,0,0.401,*0.599
503,8:high-medium,9:high-high,+,0,0,0,0,0,0,0,0.474,*0.526
504,9:high-high,8:high-medium,+,0,0,0,0,0,0,0.001,*0.72,0.279
505,8:high-medium,8:high-medium,,0,0,0,0,0,0,0.007,*0.877,0.116
506,7:high-low,8:high-medium,+,0,0,0,0,0,0,0.023,*0.946,0.032
507,7:high-low,8:high-medium,+,0,0,0,0,0,0,0.007,*0.948,0.045
508,8:high-medium,8:high-medium,,0,0,0,0,0,0,0.04,*0.908,0.053
509,8:high-medium,8:high-medium,,0,0,0,0,0,0,0.003,*0.859,0.138
510,8:high-medium,8:high-medium,,0,0,0,0,0,0,0.001,*0.556,0.443
511,8:high-medium,8:high-medium,,0,0,0,0,0,0,0,*0.652,0.348
512,8:high-medium,8:high-medium,,0,0,0,0,0,0,0,*0.604,0.396
513,8:high-medium,9:high-high,+,0,0,0,0,0,0,0,0.472,*0.528
514,9:high-high,9:high-high,,0,0,0,0,0,0,0,0.199,*0.801
515,9:high-high,9:high-high,,0,0,0,0,0,0,0,0.363,*0.637
516,9:high-high,9:high-high,,0,0,0,0,0,0,0,0.351,*0.649
517,8:high-medium,9:high-high,+,0,0,0,0,0,0,0,0.442,*0.558
518,8:high-medium,9:high-high,+,0,0,0,0,0,0,0,0.15,*0.85
519,9:high-high,9:high-high,,0,0,0,0,0,0,0,0.384,*0.616
520,9:high-high,9:high-high,,0,0,0,0,0,0,0,0.223,*0.777
521,9:high-high,9:high-high,,0,0,0,0,0,0,0,0.311,*0.689
522,9:high-high,9:high-high,,0,0,0,0,0,0,0,0.193,*0.807
523,9:high-high,9:high-high,,0,0,0,0,0,0,0,0.291,*0.709
524,9:high-high,9:high-high,,0,0,0,0,0,0,0,0.111,*0.889
525,9:high-high,9:high-high,,0,0,0,0,0,0,0,0.025,*0.975
526,9:high-high,9:high-high,,0,0,0,0,0,0,0,0.057,*0.943
527,9:high-high,9:high-high,,0,0,0,0,0,0,0,0,*1
528,9:high-high,9:high-high,,0,0,0,0,0,0,0,0.013,*0.987
529,8:high-medium,9:high-high,+,0,0,0,0,0,0,0,0.046,*0.954
530,9:high-high,9:high-high,,0,0,0,0,0,0,0,0.049,*0.951
531,9:high-high,9:high-high,,0,0,0,0,0,0,0,0,*1
532,9:high-high,9:high-high,,0,0,0,0,0,0,0,0.485,*0.515
533,9:high-high,8:high-medium,+,0,0,0,0,0,0,0,*0.561,0.439
534,8:high-medium,8:high-medium,,0,0,0,0,0,0,0,*0.65,0.35
535,8:high-medium,8:high-medium,,0,0,0,0,0,0,0,*0.636,0.364
536,8:high-medium,8:high-medium,,0,0,0,0,0,0,0,*0.574,0.426
537,8:high-medium,8:high-medium,,0,0,0,0,0,0,0,*0.638,0.362
538,8:high-medium,8:high-medium,,0,0,0,0,0,0,0,*0.787,0.213
539,8:high-medium,8:high-medium,,0,0,0,0,0,0,0,*0.739,0.26
540,8:high-medium,8:high-medium,,0,0,0,0,0,0,0,*0.727,0.273
541,9:high-high,8:high-medium,+,0,0,0,0,0,0,0,*0.891,0.109
542,8:high-medium,8:high-medium,,0,0,0,0,0,0,0,*0.696,0.304
543,9:high-high,8:high-medium,+,0,0,0,0,0,0,0,*0.61,0.39
544,8:high-medium,8:high-medium,,0,0,0,0,0,0,0,*0.702,0.298
545,8:high-medium,8:high-medium,,0,0,0,0,0,0,0,*0.635,0.365
546,8:high-medium,8:high-medium,,0,0,0,0,0,0,0,*0.672,0.328
547,8:high-medium,8:high-medium,,0,0,0,0,0,0,0,*0.821,0.179
548,8:high-medium,8:high-medium,,0,0,0,0,0,0,0,*0.748,0.252
549,7:high-low,8:high-medium,+,0,0,0,0,0,0,0,*0.835,0.165
550,8:high-medium,8:high-medium,,0,0,0,0,0,0,0,*0.632,0.368
551,7:high-low,8:high-medium,+,0,0,0,0,0,0,0.001,*0.661,0.339
552,9:high-high,8:high-medium,+,0,0,0,0,0,0,0,*0.73,0.27
553,8:high-medium,8:high-medium,,0,0,0,0,0,0,0.002,*0.771,0.227
554,8:high-medium,8:high-medium,,0,0,0,0,0,0,0,*0.603,0.397
555,8:high-medium,8:high-medium,,0,0,0,0,0,0,0,*0.605,0.394
556,8:high-medium,8:high-medium,,0,0,0,0,0,0,0.002,*0.924,0.074
557,8:high-medium,8:high-medium,,0,0,0,0,0,0,0,*0.596,0.404
558,8:high-medium,8:high-medium,,0,0,0,0,0,0,0,*0.674,0.326
559,8:high-medium,8:high-medium,,0,0,0,0,0,0,0,*0.643,0.357
560,7:high-low,8:high-medium,+,0,0,0,0,0,0,0,*0.657,0.343
561,8:high-medium,8:high-medium,,0,0,0,0,0,0,0,*0.588,0.412
562,8:high-medium,8:high-medium,,0,0,0,0,0,0,0,*0.6,0.4
563,8:high-medium,8:high-medium,,0,0,0,0,0,0,0,*0.613,0.387
564,8:high-medium,8:high-medium,,0,0,0,0,0,0,0,*0.603,0.397
565,8:high-medium,8:high-medium,,0,0,0,0,0,0,0,*0.61,0.39
566,8:high-medium,8:high-medium,,0,0,0,0,0,0,0,*0.592,0.408
567,8:high-medium,8:high-medium,,0,0,0,0,0,0,0,*0.608,0.392
568,8:high-medium,8:high-medium,,0,0,0,0,0,0,0,*0.544,0.456
569,8:high-medium,9:high-high,+,0,0,0,0,0,0,0,0.38,*0.62
570,9:high-high,8:high-medium,+,0,0,0,0,0,0,0,*0.633,0.367
571,8:high-medium,8:high-medium,,0,0,0,0,0,0,0,*0.594,0.406
572,9:high-high,9:high-high,,0,0,0,0,0,0,0,0.282,*0.718
573,9:high-high,9:high-high,,0,0,0,0,0,0,0,0.247,*0.753
574,8:high-medium,9:high-high,+,0,0,0,0,0,0,0,0.182,*0.818
575,8:high-medium,9:high-high,+,0,0,0,0,0,0,0,0.32,*0.68
576,8:high-medium,9:high-high,+,0,0,0,0,0,0,0,0.029,*0.971
577,9:high-high,9:high-high,,0,0,0,0,0,0,0,0.496,*0.504
578,8:high-medium,8:high-medium,,0,0,0,0,0,0,0,*0.528,0.472
579,9:high-high,8:high-medium,+,0,0,0,0,0,0,0,*0.589,0.411
580,8:high-medium,8:high-medium,,0,0,0,0,0,0,0,*0.703,0.297
581,8:high-medium,8:high-medium,,0,0,0,0,0,0,0,*0.858,0.142
582,8:high-medium,8:high-medium,,0,0,0,0,0,0,0,*0.676,0.324
583,9:high-high,8:high-medium,+,0,0,0,0,0,0,0,*0.689,0.311
584,8:high-medium,8:high-medium,,0,0,0,0,0,0,0,*0.612,0.388
585,8:high-medium,9:high-high,+,0,0,0,0,0,0,0,0.49,*0.51
586,8:high-medium,9:high-high,+,0,0,0,0,0,0,0,0.466,*0.534
587,9:high-high,8:high-medium,+,0,0,0,0,0,0,0,*0.608,0.392
588,8:high-medium,8:high-medium,,0,0,0,0,0,0,0,*0.693,0.307
589,8:high-medium,8:high-medium,,0,0,0,0,0,0,0,*0.604,0.396
590,8:high-medium,8:high-medium,,0,0,0,0,0,0,0,*0.62,0.379
591,8:high-medium,9:high-high,+,0,0,0,0,0,0,0,0.396,*0.604
592,9:high-high,8:high-medium,+,0,0,0,0,0,0,0,*0.629,0.371
593,8:high-medium,8:high-medium,,0,0,0,0,0,0,0,*0.606,0.394
594,8:high-medium,8:high-medium,,0,0,0,0,0,0,0,*0.51,0.49
595,9:high-high,9:high-high,,0,0,0,0,0,0,0,0.492,*0.508
596,8:high-medium,8:high-medium,,0,0,0,0,0,0,0,*0.579,0.421
597,8:high-medium,8:high-medium,,0,0,0,0,0,0,0,*0.722,0.278
598,8:high-medium,8:high-medium,,0,0,0,0,0,0,0,*0.783,0.217
599,8:high-medium,8:high-medium,,0,0,0,0,0,0,0,*0.735,0.264
600,8:high-medium,8:high-medium,,0,0,0,0,0,0,0.001,*0.902,0.098
601,9:high-high,8:high-medium,+,0,0,0,0,0,0,0.003,*0.844,0.153
602,8:high-medium,8:high-medium,,0,0,0,0,0,0,0,*0.768,0.232
603,8:high-medium,8:high-medium,,0,0,0,0,0,0,0,*0.734,0.265
604,7:high-low,8:high-medium,+,0,0,0,0,0,0,0.006,*0.853,0.141
605,7:high-low,8:high-medium,+,0,0,0,0,0,0,0.003,*0.822,0.175
606,8:high-medium,8:high-medium,,0,0,0,0,0,0,0.002,*0.791,0.208
607,8:high-medium,8:high-medium,,0,0,0,0,0,0,0,*0.768,0.231
608,8:high-medium,8:high-medium,,0,0,0,0,0,0,0.002,*0.829,0.169
609,8:high-medium,8:high-medium,,0,0,0,0,0,0,0.002,*0.667,0.331
610,7:high-low,8:high-medium,+,0,0,0,0,0,0,0.001,*0.731,0.268
611,8:high-medium,8:high-medium,,0,0,0,0,0,0,0.001,*0.751,0.248
612,8:high-medium,8:high-medium,,0,0,0,0,0,0,0.002,*0.71,0.288
613,7:high-low,8:high-medium,+,0,0,0,0,0,0,0.001,*0.685,0.314
614,7:high-low,8:high-medium,+,0,0,0,0,0,0,0.001,*0.686,0.313
615,8:high-medium,8:high-medium,,0,0,0,0,0,0,0.004,*0.905,0.091
616,7:high-low,8:high-medium,+,0,0,0,0,0,0,0,*0.672,0.327
617,8:high-medium,8:high-medium,,0,0,0,0,0,0,0,*0.691,0.309
618,8:high-medium,8:high-medium,,0,0,0,0,0,0,0.001,*0.72,0.28
619,8:high-medium,8:high-medium,,0,0,0,0,0,0,0.001,*0.631,0.367
620,8:high-medium,8:high-medium,,0,0,0,0,0,0,0.001,*0.671,0.328
621,8:high-medium,8:high-medium,,0,0,0,0,0,0,0.001,*0.762,0.237
622,8:high-medium,8:high-medium,,0,0,0,0,0,0,0,*0.604,0.396
623,8:high-medium,8:high-medium,,0,0,0,0,0,0,0,*0.601,0.399
624,8:high-medium,8:high-medium,,0,0,0,0,0,0,0,*0.558,0.442
625,8:high-medium,9:high-high,+,0,0,0,0,0,0,0,0.431,*0.569
626,8:high-medium,9:high-high,+,0,0,0,0,0,0,0,0.47,*0.53
627,8:high-medium,9:high-high,+,0,0,0,0,0,0,0,0.397,*0.603
628,8:high-medium,9:high-high,+,0,0,0,0,0,0,0,0.322,*0.678
629,8:high-medium,9:high-high,+,0,0,0,0,0,0,0.001,0.495,*0.504
630,8:high-medium,9:high-high,+,0,0,0,0,0,0,0,0.354,*0.646
631,8:high-medium,9:high-high,+,0,0,0,0,0,0,0,0.427,*0.573
632,8:high-medium,9:high-high,+,0,0,0,0,0,0,0,0.422,*0.578
633,8:high-medium,9:high-high,+,0,0,0,0,0,0,0,0.469,*0.531
634,8:high-medium,8:high-medium,,0,0,0,0,0,0,0.001,*0.589,0.41
635,8:high-medium,8:high-medium,,0,0,0,0,0,0,0.001,*0.598,0.401
636,9:high-high,9:high-high,,0,0,0,0,0,0,0,0.407,*0.592
637,8:high-medium,8:high-medium,,0,0,0,0,0,0,0.001,*0.535,0.464
638,8:high-medium,9:high-high,+,0,0,0,0,0,0,0.001,0.477,*0.522
639,8:high-medium,9:high-high,+,0,0,0,0,0,0,0.002,0.499,*0.499
640,8:high-medium,9:high-high,+,0,0,0,0,0,0,0,0.366,*0.634
641,8:high-medium,9:high-high,+,0,0,0,0,0,0,0,0.416,*0.584
642,8:high-medium,9:high-high,+,0,0,0,0,0,0,0,0.47,*0.529
643,8:high-medium,8:high-medium,,0,0,0,0,0,0,0,*0.595,0.405
644,8:high-medium,8:high-medium,,0,0,0,0,0,0,0,*0.61,0.39
645,8:high-medium,8:high-medium,,0,0,0,0,0,0,0,*0.618,0.382
646,8:high-medium,8:high-medium,,0,0,0,0,0,0,0,*0.59,0.41
647,8:high-medium,8:high-medium,,0,0,0,0,0,0,0,*0.608,0.392
648,8:high-medium,8:high-medium,,0,0,0,0,0,0,0,*0.59,0.409
649,8:high-medium,8:high-medium,,0,0,0,0,0,0,0,*0.634,0.366
650,8:high-medium,8:high-medium,,0,0,0,0,0,0,0,*0.537,0.463
651,8:high-medium,8:high-medium,,0,0,0,0,0,0,0,*0.621,0.379
652,8:high-medium,9:high-high,+,0,0,0,0,0,0,0,0.497,*0.503
653,8:high-medium,8:high-medium,,0,0,0,0,0,0,0,*0.593,0.407
654,8:high-medium,8:high-medium,,0,0,0,0,0,0,0.001,*0.73,0.27
655,7:high-low,8:high-medium,+,0,0,0,0,0,0,0.001,*0.721,0.278
656,8:high-medium,8:high-medium,,0,0,0,0,0,0,0,*0.687,0.313
657,8:high-medium,8:high-medium,,0,0,0,0,0,0,0.001,*0.827,0.173
658,8:high-medium,8:high-medium,,0,0,0,0,0,0,0,*0.695,0.305
659,8:high-medium,8:high-medium,,0,0,0,0,0,0,0,*0.703,0.296
660,8:high-medium,8:high-medium,,0,0,0,0,0,0,0.001,*0.76,0.239
661,8:high-medium,8:high-medium,,0,0,0,0,0,0,0.003,*0.837,0.16
662,8:high-medium,8:high-medium,,0,0,0,0,0,0,0.002,*0.868,0.129
663,8:high-medium,8:high-medium,,0,0,0,0,0,0,0,*0.656,0.344
664,9:high-high,8:high-medium,+,0,0,0,0,0,0,0,*0.729,0.27
665,8:high-medium,8:high-medium,,0,0,0,0,0,0,0,*0.908,0.091
666,8:high-medium,8:high-medium,,0,0,0,0,0,0,0.008,*0.897,0.095
667,8:high-medium,8:high-medium,,0,0,0,0,0,0,0,*0.665,0.335
668,8:high-medium,8:high-medium,,0,0,0,0,0,0,0.016,*0.924,0.06
669,8:high-medium,8:high-medium,,0,0,0,0,0,0,0.014,*0.917,0.069
670,8:high-medium,8:high-medium,,0,0,0,0,0,0,0.004,*0.904,0.092
671,8:high-medium,8:high-medium,,0,0,0,0,0,0,0.002,*0.922,0.076
672,8:high-medium,8:high-medium,,0,0,0,0,0,0,0.001,*0.834,0.165
673,8:high-medium,8:high-medium,,0,0,0,0,0,0,0.003,*0.877,0.12
674,8:high-medium,8:high-medium,,0,0,0,0,0,0,0.012,*0.926,0.062
675,8:high-medium,8:high-medium,,0,0,0,0,0,0,0,*0.88,0.12
676,8:high-medium,8:high-medium,,0,0,0,0,0,0,0.007,*0.929,0.064
677,8:high-medium,8:high-medium,,0,0,0,0,0,0,0.002,*0.913,0.085
678,8:high-medium,8:high-medium,,0,0,0,0,0,0,0.004,*0.933,0.063
679,9:high-high,8:high-medium,+,0,0,0,0,0,0,0.001,*0.86,0.14
680,8:high-medium,8:high-medium,,0,0,0,0,0,0,0.002,*0.877,0.121
681,8:high-medium,8:high-medium,,0,0,0,0,0,0,0.001,*0.918,0.081
682,8:high-medium,8:high-medium,,0,0,0,0,0,0,0.001,*0.853,0.147
683,8:high-medium,8:high-medium,,0,0,0,0,0,0,0.005,*0.958,0.037
684,8:high-medium,8:high-medium,,0,0,0,0,0,0,0.002,*0.931,0.066
685,8:high-medium,8:high-medium,,0,0,0,0,0,0,0.004,*0.922,0.074
686,8:high-medium,8:high-medium,,0,0,0,0,0,0,0.003,*0.892,0.105
687,8:high-medium,8:high-medium,,0,0,0,0,0,0,0.002,*0.941,0.057
688,8:high-medium,8:high-medium,,0,0,0,0,0,0,0.004,*0.938,0.058
689,8:high-medium,8:high-medium,,0,0,0,0,0,0,0.008,*0.959,0.033
690,8:high-medium,8:high-medium,,0,0,0,0,0,0,0.004,*0.905,0.092
691,8:high-medium,8:high-medium,,0,0,0,0,0,0,0.003,*0.896,0.102
692,8:high-medium,8:high-medium,,0,0,0,0,0,0,0.01,*0.888,0.101
693,7:high-low,8:high-medium,+,0,0,0,0,0,0,0.009,*0.966,0.025
694,7:high-low,8:high-medium,+,0,0,0,0,0,0,0.006,*0.9,0.094
695,7:high-low,8:high-medium,+,0,0,0,0,0,0,0.004,*0.93,0.066
696,8:high-medium,8:high-medium,,0,0,0,0,0,0,0.004,*0.922,0.075
697,8:high-medium,8:high-medium,,0,0,0,0,0,0,0.003,*0.969,0.028
698,8:high-medium,8:high-medium,,0,0,0,0,0,0,0.005,*0.973,0.022
699,7:high-low,8:high-medium,+,0,0,0,0,0,0,0.003,*0.965,0.032
700,8:high-medium,8:high-medium,,0,0,0,0,0,0,0.018,*0.955,0.027
701,8:high-medium,8:high-medium,,0,0,0,0,0,0,0.003,*0.961,0.036
702,8:high-medium,8:high-medium,,0,0,0,0,0,0,0.003,*0.976,0.021
703,8:high-medium,8:high-medium,,0,0,0,0,0,0,0.006,*0.936,0.058
704,7:high-low,8:high-medium,+,0,0,0,0,0,0,0.003,*0.93,0.068
705,7:high-low,8:high-medium,+,0,0,0,0,0,0,0.002,*0.936,0.062
706,8:high-medium,8:high-medium,,0,0,0,0,0,0,0.001,*0.884,0.115
707,8:high-medium,8:high-medium,,0,0,0,0,0,0,0,*0.864,0.136
708,8:high-medium,8:high-medium,,0,0,0,0,0,0,0,*0.651,0.349
709,8:high-medium,8:high-medium,,0,0,0,0,0,0,0,*0.65,0.35
710,9:high-high,8:high-medium,+,0,0,0,0,0,0,0,*0.649,0.351
711,8:high-medium,8:high-medium,,0,0,0,0,0,0,0,*0.628,0.372
712,8:high-medium,8:high-medium,,0,0,0,0,0,0,0.002,*0.782,0.216
713,8:high-medium,8:high-medium,,0,0,0,0,0,0,0,*0.535,0.465
714,8:high-medium,9:high-high,+,0,0,0,0,0,0,0,0.423,*0.577
715,8:high-medium,9:high-high,+,0,0,0,0,0,0,0,0.444,*0.556
716,8:high-medium,8:high-medium,,0,0,0,0,0,0,0,*0.704,0.296
717,8:high-medium,8:high-medium,,0,0,0,0,0,0,0,*0.649,0.351
718,8:high-medium,8:high-medium,,0,0,0,0,0,0,0,*0.54,0.46
719,8:high-medium,8:high-medium,,0,0,0,0,0,0,0,*0.6,0.4
720,9:high-high,8:high-medium,+,0,0,0,0,0,0,0,*0.604,0.396
721,8:high-medium,8:high-medium,,0,0,0,0,0,0,0,*0.518,0.482
722,9:high-high,9:high-high,,0,0,0,0,0,0,0,0.135,*0.865
723,9:high-high,8:high-medium,+,0,0,0,0,0,0,0,*0.552,0.448
724,9:high-high,9:high-high,,0,0,0,0,0,0,0,0.201,*0.799
725,9:high-high,9:high-high,,0,0,0,0,0,0,0,0.198,*0.802
726,9:high-high,9:high-high,,0,0,0,0,0,0,0,0.2,*0.8
727,9:high-high,9:high-high,,0,0,0,0,0,0,0,0.199,*0.801
728,9:high-high,9:high-high,,0,0,0,0,0,0,0,0.2,*0.8
729,9:high-high,9:high-high,,0,0,0,0,0,0,0,0.2,*0.8
730,8:high-medium,9:high-high,+,0,0,0,0,0,0,0,0.201,*0.799
731,9:high-high,9:high-high,,0,0,0,0,0,0,0,0.2,*0.8
732,9:high-high,9:high-high,,0,0,0,0,0,0,0,0.2,*0.8
733,8:high-medium,9:high-high,+,0,0,0,0,0,0,0,0.2,*0.8
734,9:high-high,9:high-high,,0,0,0,0,0,0,0,0.2,*0.8
735,8:high-medium,9:high-high,+,0,0,0,0,0,0,0,0.2,*0.8
736,9:high-high,9:high-high,,0,0,0,0,0,0,0,0.195,*0.805
737,9:high-high,9:high-high,,0,0,0,0,0,0,0,0.2,*0.8
738,9:high-high,9:high-high,,0,0,0,0,0,0,0,0.096,*0.904
739,8:high-medium,9:high-high,+,0,0,0,0,0,0,0,0.201,*0.799
740,9:high-high,9:high-high,,0,0,0,0,0,0,0,0.196,*0.804
741,9:high-high,9:high-high,,0,0,0,0,0,0,0,0.199,*0.801
742,9:high-high,9:high-high,,0,0,0,0,0,0,0,0.2,*0.8
743,9:high-high,9:high-high,,0,0,0,0,0,0,0,0.203,*0.797
744,9:high-high,9:high-high,,0,0,0,0,0,0,0,0.192,*0.808
745,9:high-high,9:high-high,,0,0,0,0,0,0,0,0.033,*0.967
746,9:high-high,9:high-high,,0,0,0,0,0,0,0,0.105,*0.895
747,9:high-high,9:high-high,,0,0,0,0,0,0,0,0.002,*0.998
748,9:high-high,9:high-high,,0,0,0,0,0,0,0,0,*1
749,9:high-high,9:high-high,,0,0,0,0,0,0,0,0.016,*0.984
750,9:high-high,9:high-high,,0,0,0,0,0,0,0,0.019,*0.981
751,9:high-high,9:high-high,,0,0,0,0,0,0,0,0.009,*0.991
752,9:high-high,9:high-high,,0,0,0,0,0,0,0,0.134,*0.866
753,9:high-high,9:high-high,,0,0,0,0,0,0,0,0.196,*0.804
754,9:high-high,9:high-high,,0,0,0,0,0,0,0,0.025,*0.975
755,9:high-high,9:high-high,,0,0,0,0,0,0,0,0.015,*0.985
756,9:high-high,9:high-high,,0,0,0,0,0,0,0,0.022,*0.978
757,9:high-high,9:high-high,,0,0,0,0,0,0,0,0.001,*0.999
758,9:high-high,9:high-high,,0,0,0,0,0,0,0,0,*1
759,9:high-high,9:high-high,,0,0,0,0,0,0,0,0.021,*0.979
760,9:high-high,9:high-high,,0,0,0,0,0,0,0,0.001,*0.999
761,9:high-high,9:high-high,,0,0,0,0,0,0,0,0.016,*0.984
762,9:high-high,9:high-high,,0,0,0,0,0,0,0,0,*1
763,9:high-high,9:high-high,,0,0,0,0,0,0,0,0,*1
764,9:high-high,9:high-high,,0,0,0,0,0,0,0,0.01,*0.99
765,9:high-high,9:high-high,,0,0,0,0,0,0,0,0.035,*0.965
766,9:high-high,9:high-high,,0,0,0,0,0,0,0,0.003,*0.997
767,9:high-high,9:high-high,,0,0,0,0,0,0,0,0,*1
768,9:high-high,9:high-high,,0,0,0,0,0,0,0,0.03,*0.97
769,9:high-high,9:high-high,,0,0,0,0,0,0,0,0.119,*0.881
770,9:high-high,9:high-high,,0,0,0,0,0,0,0,0,*1
771,9:high-high,9:high-high,,0,0,0,0,0,0,0,0.001,*0.999
772,9:high-high,9:high-high,,0,0,0,0,0,0,0,0.016,*0.984
773,9:high-high,9:high-high,,0,0,0,0,0,0,0,0.024,*0.976
774,9:high-high,9:high-high,,0,0,0,0,0,0,0,0.014,*0.986
775,9:high-high,9:high-high,,0,0,0,0,0,0,0,0.002,*0.998
776,9:high-high,9:high-high,,0,0,0,0,0,0,0,0.017,*0.983
777,9:high-high,9:high-high,,0,0,0,0,0,0,0,0,*1
778,9:high-high,9:high-high,,0,0,0,0,0,0,0,0,*1
779,9:high-high,9:high-high,,0,0,0,0,0,0,0,0,*1
780,9:high-high,9:high-high,,0,0,0,0,0,0,0,0.002,*0.998
781,9:high-high,9:high-high,,0,0,0,0,0,0,0,0.001,*0.999
782,9:high-high,9:high-high,,0,0,0,0,0,0,0,0.005,*0.995
783,9:high-high,9:high-high,,0,0,0,0,0,0,0,0.007,*0.993
784,9:high-high,9:high-high,,0,0,0,0,0,0,0,0.026,*0.974
785,9:high-high,9:high-high,,0,0,0,0,0,0,0,0.029,*0.971
786,9:high-high,9:high-high,,0,0,0,0,0,0,0,0.031,*0.969
787,9:high-high,9:high-high,,0,0,0,0,0,0,0,0.104,*0.896
788,9:high-high,9:high-high,,0,0,0,0,0,0,0,0.136,*0.864
789,9:high-high,9:high-high,,0,0,0,0,0,0,0,0.119,*0.881
790,9:high-high,9:high-high,,0,0,0,0,0,0,0,0.221,*0.779
791,9:high-high,9:high-high,,0,0,0,0,0,0,0,0.325,*0.675
792,9:high-high,9:high-high,,0,0,0,0,0,0,0,0.396,*0.604
793,9:high-high,9:high-high,,0,0,0,0,0,0,0,0.293,*0.707
794,9:high-high,9:high-high,,0,0,0,0,0,0,0,0.468,*0.532
795,9:high-high,8:high-medium,+,0,0,0,0,0,0,0,*0.5,0.5
796,9:high-high,9:high-high,,0,0,0,0,0,0,0,0.475,*0.525
797,9:high-high,8:high-medium,+,0,0,0,0,0,0,0,*0.569,0.431
798,9:high-high,8:high-medium,+,0,0,0,0,0,0,0,*0.585,0.415
799,9:high-high,8:high-medium,+,0,0,0,0,0,0,0,*0.586,0.414
800,9:high-high,8:high-medium,+,0,0,0,0,0,0,0,*0.598,0.402
801,9:high-high,8:high-medium,+,0,0,0,0,0,0,0,*0.602,0.398
802,9:high-high,8:high-medium,+,0,0,0,0,0,0,0,*0.578,0.422
803,9:high-high,8:high-medium,+,0,0,0,0,0,0,0,*0.574,0.426
804,9:high-high,8:high-medium,+,0,0,0,0,0,0,0,*0.592,0.408
805,9:high-high,8:high-medium,+,0,0,0,0,0,0,0,*0.606,0.394
806,9:high-high,8:high-medium,+,0,0,0,0,0,0,0,*0.602,0.398
807,9:high-high,8:high-medium,+,0,0,0,0,0,0,0,*0.608,0.392
808,9:high-high,8:high-medium,+,0,0,0,0,0,0,0,*0.635,0.365
809,9:high-high,8:high-medium,+,0,0,0,0,0,0,0,*0.67,0.33
810,8:high-medium,8:high-medium,,0,0,0,0,0,0,0,*0.628,0.372
811,8:high-medium,8:high-medium,,0,0,0,0,0,0,0,*0.603,0.397
812,8:high-medium,8:high-medium,,0,0,0,0,0,0,0,*0.639,0.361
813,8:high-medium,8:high-medium,,0,0,0,0,0,0,0,*0.658,0.342
814,8:high-medium,8:high-medium,,0,0,0,0,0,0,0,*0.608,0.392
815,8:high-medium,8:high-medium,,0,0,0,0,0,0,0,*0.603,0.397
816,9:high-high,8:high-medium,+,0,0,0,0,0,0,0,*0.63,0.37
817,8:high-medium,8:high-medium,,0,0,0,0,0,0,0,*0.609,0.39
818,7:high-low,8:high-medium,+,0,0,0,0,0,0,0,*0.612,0.388
819,8:high-medium,8:high-medium,,0,0,0,0,0,0,0,*0.597,0.403
820,8:high-medium,8:high-medium,,0,0,0,0,0,0,0,*0.607,0.393
821,8:high-medium,8:high-medium,,0,0,0,0,0,0,0,*0.587,0.413
822,8:high-medium,8:high-medium,,0,0,0,0,0,0,0,*0.63,0.37
823,8:high-medium,8:high-medium,,0,0,0,0,0,0,0,*0.672,0.328
824,8:high-medium,8:high-medium,,0,0,0,0,0,0,0,*0.543,0.457
825,8:high-medium,8:high-medium,,0,0,0,0,0,0,0,*0.596,0.404
826,9:high-high,9:high-high,,0,0,0,0,0,0,0,0.223,*0.777
827,9:high-high,9:high-high,,0,0,0,0,0,0,0,0.28,*0.72
828,9:high-high,9:high-high,,0,0,0,0,0,0,0,0.109,*0.891
829,9:high-high,8:high-medium,+,0,0,0,0,0,0,0,*0.547,0.453
830,8:high-medium,8:high-medium,,0,0,0,0,0,0,0,*0.586,0.414
831,8:high-medium,8:high-medium,,0,0,0,0,0,0,0,*0.602,0.398
832,8:high-medium,8:high-medium,,0,0,0,0,0,0,0,*0.61,0.39
833,9:high-high,8:high-medium,+,0,0,0,0,0,0,0,*0.617,0.383
834,8:high-medium,8:high-medium,,0,0,0,0,0,0,0,*0.596,0.404
835,9:high-high,8:high-medium,+,0,0,0,0,0,0,0,*0.57,0.43
836,8:high-medium,8:high-medium,,0,0,0,0,0,0,0,*0.6,0.4
837,8:high-medium,8:high-medium,,0,0,0,0,0,0,0,*0.543,0.457
838,9:high-high,8:high-medium,+,0,0,0,0,0,0,0,*0.601,0.399
839,8:high-medium,8:high-medium,,0,0,0,0,0,0,0,*0.61,0.39
840,9:high-high,8:high-medium,+,0,0,0,0,0,0,0,*0.566,0.434
841,8:high-medium,8:high-medium,,0,0,0,0,0,0,0,*0.591,0.409
842,9:high-high,9:high-high,,0,0,0,0,0,0,0,0.475,*0.525
843,9:high-high,9:high-high,,0,0,0,0,0,0,0,0.485,*0.515
844,9:high-high,9:high-high,,0,0,0,0,0,0,0,0.369,*0.631
845,9:high-high,8:high-medium,+,0,0,0,0,0,0,0,*0.574,0.426
846,7:high-low,7:high-low,,0,0,0,0,0,0,*1,0,0
