inst#,actual,predicted,error,distribution,,,,,,,,
1,8:high-medium,8:high-medium,,0,0,0,0,0,0,0.341,*0.648,0.01
2,8:high-medium,8:high-medium,,0,0,0,0,0,0,0.229,*0.758,0.014
3,8:high-medium,8:high-medium,,0,0,0,0,0,0,0.128,*0.82,0.053
4,8:high-medium,8:high-medium,,0,0,0,0,0,0,0.045,*0.896,0.058
5,8:high-medium,8:high-medium,,0,0,0,0,0,0,0.142,*0.805,0.053
6,7:high-low,8:high-medium,+,0,0,0,0,0,0,0.014,*0.918,0.068
7,8:high-medium,8:high-medium,,0,0,0,0,0,0,0.059,*0.753,0.187
8,8:high-medium,8:high-medium,,0,0,0,0,0,0,0.015,*0.829,0.156
9,8:high-medium,8:high-medium,,0,0,0,0,0,0,0.144,*0.785,0.071
10,8:high-medium,8:high-medium,,0,0,0,0,0,0,0.03,*0.889,0.081
11,7:high-low,8:high-medium,+,0,0,0,0,0,0,0.157,*0.81,0.034
12,8:high-medium,8:high-medium,,0,0,0,0,0,0,0.041,*0.848,0.112
13,8:high-medium,8:high-medium,,0,0,0,0,0,0,0.037,*0.867,0.096
14,8:high-medium,8:high-medium,,0,0,0,0,0,0,0.046,*0.82,0.134
15,8:high-medium,8:high-medium,,0,0,0,0,0,0,0.054,*0.787,0.16
16,8:high-medium,8:high-medium,,0,0,0,0,0,0,0.09,*0.828,0.083
17,8:high-medium,8:high-medium,,0,0,0,0,0,0,0.439,*0.542,0.019
18,8:high-medium,8:high-medium,,0,0,0,0,0,0,0.281,*0.706,0.013
19,8:high-medium,8:high-medium,,0,0,0,0,0,0,0.052,*0.869,0.079
20,8:high-medium,8:high-medium,,0,0,0,0,0,0,0.218,*0.761,0.021
21,7:high-low,8:high-medium,+,0,0,0,0,0,0,0.283,*0.68,0.036
22,7:high-low,7:high-low,,0,0,0,0,0,0,*0.501,0.491,0.008
23,7:high-low,8:high-medium,+,0,0,0,0,0,0,0.383,*0.61,0.007
24,7:high-low,8:high-medium,+,0,0,0,0,0,0,0.229,*0.766,0.005
25,7:high-low,7:high-low,,0,0,0,0,0,0,*0.586,0.406,0.007
26,8:high-medium,7:high-low,+,0,0,0,0,0,0,*0.64,0.355,0.005
27,7:high-low,7:high-low,,0,0,0,0,0,0,*0.778,0.219,0.003
28,8:high-medium,7:high-low,+,0,0,0,0,0,0,*0.516,0.476,0.008
29,8:high-medium,8:high-medium,,0,0,0,0,0,0,0.264,*0.727,0.008
30,8:high-medium,8:high-medium,,0,0,0,0,0,0,0.428,*0.559,0.012
31,8:high-medium,7:high-low,+,0,0,0,0,0,0,*0.559,0.433,0.008
32,8:high-medium,8:high-medium,,0,0,0,0,0,0,0.401,*0.59,0.009
33,8:high-medium,8:high-medium,,0,0,0,0,0,0,0.386,*0.596,0.018
34,8:high-medium,8:high-medium,,0,0,0,0,0,0,0.224,*0.764,0.012
35,8:high-medium,8:high-medium,,0,0,0,0,0,0,0.194,*0.785,0.021
36,8:high-medium,8:high-medium,,0,0,0,0,0,0,0.299,*0.688,0.013
37,8:high-medium,8:high-medium,,0,0,0,0,0,0,0.152,*0.836,0.012
38,8:high-medium,8:high-medium,,0,0,0,0,0,0,0.33,*0.661,0.008
39,7:high-low,8:high-medium,+,0,0,0,0,0,0,0.122,*0.871,0.007
40,8:high-medium,8:high-medium,,0,0,0,0,0,0,0.214,*0.71,0.075
41,8:high-medium,8:high-medium,,0,0,0,0,0,0,0.173,*0.763,0.064
42,8:high-medium,8:high-medium,,0,0,0,0,0,0,0.2,*0.75,0.05
43,8:high-medium,8:high-medium,,0,0,0,0,0,0,0.426,*0.565,0.009
44,7:high-low,8:high-medium,+,0,0,0,0,0,0,0.432,*0.557,0.011
45,7:high-low,8:high-medium,+,0,0,0,0,0,0,0.216,*0.771,0.013
46,8:high-medium,8:high-medium,,0,0,0,0,0,0,0.449,*0.522,0.029
47,7:high-low,8:high-medium,+,0,0,0,0,0,0,0.245,*0.727,0.028
48,7:high-low,8:high-medium,+,0,0,0,0,0,0,0.191,*0.754,0.055
49,8:high-medium,8:high-medium,,0,0,0,0,0,0,0.289,*0.691,0.02
50,8:high-medium,8:high-medium,,0,0,0,0,0,0,0.231,*0.751,0.018
51,8:high-medium,8:high-medium,,0,0,0,0,0,0,0.188,*0.737,0.075
52,8:high-medium,8:high-medium,,0,0,0,0,0,0,0.348,*0.634,0.018
53,8:high-medium,8:high-medium,,0,0,0,0,0,0,0.413,*0.58,0.008
54,8:high-medium,8:high-medium,,0,0,0,0,0,0,0.247,*0.729,0.025
55,8:high-medium,8:high-medium,,0,0,0,0,0,0,0.265,*0.719,0.016
56,8:high-medium,8:high-medium,,0,0,0,0,0,0,0.446,*0.516,0.037
57,8:high-medium,8:high-medium,,0,0,0,0,0,0,0.352,*0.602,0.046
58,8:high-medium,7:high-low,+,0,0,0,0,0,0,*0.505,0.475,0.02
59,8:high-medium,7:high-low,+,0,0,0,0,0,0,*0.547,0.442,0.011
60,8:high-medium,7:high-low,+,0,0,0,0,0,0,*0.547,0.43,0.023
61,8:high-medium,7:high-low,+,0,0,0,0,0,0,*0.715,0.273,0.012
62,8:high-medium,7:high-low,+,0,0,0,0,0,0,*0.59,0.399,0.011
63,8:high-medium,7:high-low,+,0,0,0,0,0,0,*0.534,0.452,0.014
64,8:high-medium,8:high-medium,,0,0,0,0,0,0,0.474,*0.514,0.012
65,8:high-medium,8:high-medium,,0,0,0,0,0,0,0.368,*0.578,0.053
66,8:high-medium,7:high-low,+,0,0,0,0,0,0,*0.523,0.465,0.012
67,8:high-medium,7:high-low,+,0,0,0,0,0,0,*0.661,0.332,0.007
68,8:high-medium,8:high-medium,,0,0,0,0,0,0,0.193,*0.789,0.018
69,8:high-medium,8:high-medium,,0,0,0,0,0,0,0.185,*0.796,0.019
70,8:high-medium,8:high-medium,,0,0,0,0,0,0,0.279,*0.703,0.018
71,8:high-medium,8:high-medium,,0,0,0,0,0,0,0.384,*0.605,0.011
72,8:high-medium,8:high-medium,,0,0,0,0,0,0,0.262,*0.717,0.021
73,8:high-medium,8:high-medium,,0,0,0,0,0,0,0.163,*0.832,0.005
74,8:high-medium,8:high-medium,,0,0,0,0,0,0,0.295,*0.698,0.007
75,9:high-high,8:high-medium,+,0,0,0,0,0,0,0.092,*0.899,0.009
76,9:high-high,8:high-medium,+,0,0,0,0,0,0,0.135,*0.859,0.006
77,9:high-high,8:high-medium,+,0,0,0,0,0,0,0.213,*0.77,0.017
78,8:high-medium,8:high-medium,,0,0,0,0,0,0,0.166,*0.773,0.061
79,8:high-medium,8:high-medium,,0,0,0,0,0,0,0.079,*0.896,0.024
80,9:high-high,9:high-high,,0,0,0,0,0,0,0,0.003,*0.997
81,9:high-high,9:high-high,,0,0,0,0,0,0,0.001,0.095,*0.905
82,9:high-high,9:high-high,,0,0,0,0,0,0,0,0.003,*0.997
83,9:high-high,9:high-high,,0,0,0,0,0,0,0,0.003,*0.997
84,9:high-high,9:high-high,,0,0,0,0,0,0,0,0.004,*0.996
85,9:high-high,9:high-high,,0,0,0,0,0,0,0,0.015,*0.985
86,9:high-high,9:high-high,,0,0,0,0,0,0,0,0.067,*0.933
87,9:high-high,9:high-high,,0,0,0,0,0,0,0,0.004,*0.996
88,9:high-high,9:high-high,,0,0,0,0,0,0,0,0.005,*0.995
89,9:high-high,9:high-high,,0,0,0,0,0,0,0,0.023,*0.977
90,9:high-high,9:high-high,,0,0,0,0,0,0,0,0.024,*0.976
91,9:high-high,9:high-high,,0,0,0,0,0,0,0,0.007,*0.993
92,9:high-high,9:high-high,,0,0,0,0,0,0,0,0.007,*0.993
93,9:high-high,9:high-high,,0,0,0,0,0,0,0,0.019,*0.981
94,9:high-high,9:high-high,,0,0,0,0,0,0,0,0.005,*0.995
95,9:high-high,9:high-high,,0,0,0,0,0,0,0,0.003,*0.997
96,9:high-high,9:high-high,,0,0,0,0,0,0,0,0.003,*0.997
97,9:high-high,9:high-high,,0,0,0,0,0,0,0,0.003,*0.997
98,9:high-high,9:high-high,,0,0,0,0,0,0,0,0.003,*0.997
99,9:high-high,9:high-high,,0,0,0,0,0,0,0,0.003,*0.997
100,9:high-high,9:high-high,,0,0,0,0,0,0,0,0.003,*0.997
101,9:high-high,9:high-high,,0,0,0,0,0,0,0,0.003,*0.997
102,9:high-high,9:high-high,,0,0,0,0,0,0,0,0.003,*0.997
103,9:high-high,9:high-high,,0,0,0,0,0,0,0,0.003,*0.997
104,9:high-high,9:high-high,,0,0,0,0,0,0,0,0.003,*0.997
105,9:high-high,9:high-high,,0,0,0,0,0,0,0,0.003,*0.997
106,9:high-high,9:high-high,,0,0,0,0,0,0,0,0.003,*0.997
107,9:high-high,9:high-high,,0,0,0,0,0,0,0,0.003,*0.997
108,9:high-high,9:high-high,,0,0,0,0,0,0,0,0.003,*0.997
109,9:high-high,9:high-high,,0,0,0,0,0,0,0,0.003,*0.997
110,9:high-high,9:high-high,,0,0,0,0,0,0,0,0.003,*0.997
111,9:high-high,9:high-high,,0,0,0,0,0,0,0,0.003,*0.997
112,9:high-high,9:high-high,,0,0,0,0,0,0,0,0.003,*0.997
113,9:high-high,9:high-high,,0,0,0,0,0,0,0,0.004,*0.996
114,9:high-high,9:high-high,,0,0,0,0,0,0,0,0.003,*0.997
115,9:high-high,9:high-high,,0,0,0,0,0,0,0,0.003,*0.997
116,9:high-high,8:high-medium,+,0,0,0,0,0,0,0.016,*0.983,0
117,8:high-medium,8:high-medium,,0,0,0,0,0,0,0.119,*0.818,0.064
118,8:high-medium,9:high-high,+,0,0,0,0,0,0,0,0.005,*0.995
119,9:high-high,9:high-high,,0,0,0,0,0,0,0,0.003,*0.997
120,9:high-high,9:high-high,,0,0,0,0,0,0,0,0.003,*0.997
121,9:high-high,9:high-high,,0,0,0,0,0,0,0,0.003,*0.997
122,9:high-high,9:high-high,,0,0,0,0,0,0,0,0.003,*0.997
123,9:high-high,9:high-high,,0,0,0,0,0,0,0,0.003,*0.997
124,9:high-high,9:high-high,,0,0,0,0,0,0,0,0.003,*0.997
125,9:high-high,9:high-high,,0,0,0,0,0,0,0,0.003,*0.997
126,9:high-high,9:high-high,,0,0,0,0,0,0,0,0.003,*0.997
127,9:high-high,9:high-high,,0,0,0,0,0,0,0,0.003,*0.997
128,9:high-high,9:high-high,,0,0,0,0,0,0,0,0.003,*0.997
129,9:high-high,9:high-high,,0,0,0,0,0,0,0,0.003,*0.997
130,9:high-high,9:high-high,,0,0,0,0,0,0,0,0.003,*0.997
131,9:high-high,9:high-high,,0,0,0,0,0,0,0,0.003,*0.997
132,9:high-high,9:high-high,,0,0,0,0,0,0,0,0.003,*0.997
133,9:high-high,9:high-high,,0,0,0,0,0,0,0,0.003,*0.997
134,9:high-high,9:high-high,,0,0,0,0,0,0,0,0.003,*0.997
135,9:high-high,9:high-high,,0,0,0,0,0,0,0,0.003,*0.997
136,9:high-high,9:high-high,,0,0,0,0,0,0,0,0.003,*0.997
137,9:high-high,9:high-high,,0,0,0,0,0,0,0,0.003,*0.997
138,9:high-high,9:high-high,,0,0,0,0,0,0,0,0.003,*0.997
139,9:high-high,9:high-high,,0,0,0,0,0,0,0,0.003,*0.997
140,9:high-high,9:high-high,,0,0,0,0,0,0,0,0.003,*0.997
141,9:high-high,9:high-high,,0,0,0,0,0,0,0,0.003,*0.997
142,9:high-high,9:high-high,,0,0,0,0,0,0,0,0.003,*0.997
143,9:high-high,9:high-high,,0,0,0,0,0,0,0,0.003,*0.997
144,9:high-high,9:high-high,,0,0,0,0,0,0,0,0.003,*0.997
145,9:high-high,9:high-high,,0,0,0,0,0,0,0,0.003,*0.997
146,9:high-high,9:high-high,,0,0,0,0,0,0,0,0.003,*0.997
147,9:high-high,9:high-high,,0,0,0,0,0,0,0,0.003,*0.997
148,9:high-high,9:high-high,,0,0,0,0,0,0,0,0.003,*0.997
149,9:high-high,9:high-high,,0,0,0,0,0,0,0,0.003,*0.997
150,9:high-high,9:high-high,,0,0,0,0,0,0,0,0.003,*0.997
151,9:high-high,9:high-high,,0,0,0,0,0,0,0,0.003,*0.997
152,9:high-high,9:high-high,,0,0,0,0,0,0,0,0.003,*0.997
153,9:high-high,9:high-high,,0,0,0,0,0,0,0,0.003,*0.997
154,9:high-high,9:high-high,,0,0,0,0,0,0,0,0.003,*0.997
155,9:high-high,9:high-high,,0,0,0,0,0,0,0,0.003,*0.997
156,9:high-high,9:high-high,,0,0,0,0,0,0,0,0.003,*0.997
157,9:high-high,9:high-high,,0,0,0,0,0,0,0,0.003,*0.997
158,9:high-high,9:high-high,,0,0,0,0,0,0,0,0.003,*0.997
159,9:high-high,9:high-high,,0,0,0,0,0,0,0,0.003,*0.997
160,9:high-high,9:high-high,,0,0,0,0,0,0,0,0.003,*0.997
161,9:high-high,9:high-high,,0,0,0,0,0,0,0,0.003,*0.997
162,9:high-high,9:high-high,,0,0,0,0,0,0,0,0.003,*0.997
163,9:high-high,9:high-high,,0,0,0,0,0,0,0,0.003,*0.997
164,9:high-high,9:high-high,,0,0,0,0,0,0,0,0.003,*0.997
165,9:high-high,9:high-high,,0,0,0,0,0,0,0,0.003,*0.997
166,9:high-high,9:high-high,,0,0,0,0,0,0,0,0.003,*0.997
167,9:high-high,9:high-high,,0,0,0,0,0,0,0,0.003,*0.997
168,9:high-high,9:high-high,,0,0,0,0,0,0,0,0.003,*0.997
169,9:high-high,9:high-high,,0,0,0,0,0,0,0,0.003,*0.997
170,9:high-high,9:high-high,,0,0,0,0,0,0,0,0.003,*0.997
171,9:high-high,9:high-high,,0,0,0,0,0,0,0,0.003,*0.997
172,9:high-high,9:high-high,,0,0,0,0,0,0,0,0.003,*0.997
173,9:high-high,9:high-high,,0,0,0,0,0,0,0,0.003,*0.997
174,9:high-high,9:high-high,,0,0,0,0,0,0,0,0.003,*0.997
175,9:high-high,9:high-high,,0,0,0,0,0,0,0,0.003,*0.997
176,9:high-high,9:high-high,,0,0,0,0,0,0,0,0.003,*0.997
177,9:high-high,9:high-high,,0,0,0,0,0,0,0,0.003,*0.997
178,9:high-high,9:high-high,,0,0,0,0,0,0,0,0.003,*0.997
179,9:high-high,9:high-high,,0,0,0,0,0,0,0,0.003,*0.997
180,9:high-high,9:high-high,,0,0,0,0,0,0,0,0.003,*0.997
181,9:high-high,9:high-high,,0,0,0,0,0,0,0,0.003,*0.997
182,9:high-high,9:high-high,,0,0,0,0,0,0,0,0.003,*0.997
183,9:high-high,9:high-high,,0,0,0,0,0,0,0,0.003,*0.997
184,9:high-high,9:high-high,,0,0,0,0,0,0,0,0.003,*0.997
185,9:high-high,9:high-high,,0,0,0,0,0,0,0,0.003,*0.997
186,9:high-high,9:high-high,,0,0,0,0,0,0,0,0.003,*0.997
187,9:high-high,9:high-high,,0,0,0,0,0,0,0,0.003,*0.997
188,9:high-high,9:high-high,,0,0,0,0,0,0,0,0.003,*0.997
189,9:high-high,9:high-high,,0,0,0,0,0,0,0,0.003,*0.997
190,9:high-high,9:high-high,,0,0,0,0,0,0,0,0.003,*0.997
191,9:high-high,9:high-high,,0,0,0,0,0,0,0,0.003,*0.997
192,9:high-high,9:high-high,,0,0,0,0,0,0,0,0.003,*0.997
193,9:high-high,9:high-high,,0,0,0,0,0,0,0,0.003,*0.997
194,9:high-high,9:high-high,,0,0,0,0,0,0,0,0.003,*0.997
195,9:high-high,9:high-high,,0,0,0,0,0,0,0,0.003,*0.997
196,9:high-high,9:high-high,,0,0,0,0,0,0,0,0.003,*0.997
197,9:high-high,9:high-high,,0,0,0,0,0,0,0,0.003,*0.997
198,9:high-high,9:high-high,,0,0,0,0,0,0,0,0.003,*0.997
199,9:high-high,9:high-high,,0,0,0,0,0,0,0,0.003,*0.997
200,9:high-high,9:high-high,,0,0,0,0,0,0,0,0.003,*0.997
201,9:high-high,9:high-high,,0,0,0,0,0,0,0,0.004,*0.996
202,9:high-high,9:high-high,,0,0,0,0,0,0,0,0.004,*0.996
203,8:high-medium,9:high-high,+,0,0,0,0,0,0,0,0.011,*0.989
204,9:high-high,9:high-high,,0,0,0,0,0,0,0,0.013,*0.987
205,9:high-high,9:high-high,,0,0,0,0,0,0,0,0.01,*0.99
206,8:high-medium,9:high-high,+,0,0,0,0,0,0,0,0.033,*0.967
207,9:high-high,9:high-high,,0,0,0,0,0,0,0,0.042,*0.957
208,8:high-medium,9:high-high,+,0,0,0,0,0,0,0,0.033,*0.967
209,8:high-medium,9:high-high,+,0,0,0,0,0,0,0,0.015,*0.985
210,7:high-low,9:high-high,+,0,0,0,0,0,0,0,0.04,*0.96
211,9:high-high,9:high-high,,0,0,0,0,0,0,0,0.03,*0.969
212,9:high-high,9:high-high,,0,0,0,0,0,0,0,0.017,*0.982
213,9:high-high,9:high-high,,0,0,0,0,0,0,0,0.02,*0.98
214,9:high-high,9:high-high,,0,0,0,0,0,0,0,0.006,*0.994
215,9:high-high,9:high-high,,0,0,0,0,0,0,0,0.004,*0.996
216,9:high-high,9:high-high,,0,0,0,0,0,0,0,0.005,*0.995
217,9:high-high,9:high-high,,0,0,0,0,0,0,0,0.005,*0.995
218,9:high-high,9:high-high,,0,0,0,0,0,0,0,0.005,*0.995
219,9:high-high,9:high-high,,0,0,0,0,0,0,0,0.015,*0.985
220,9:high-high,9:high-high,,0,0,0,0,0,0,0,0.011,*0.989
221,9:high-high,9:high-high,,0,0,0,0,0,0,0.001,0.042,*0.957
222,9:high-high,9:high-high,,0,0,0,0,0,0,0.001,0.042,*0.957
223,9:high-high,9:high-high,,0,0,0,0,0,0,0.01,0.108,*0.882
224,8:high-medium,9:high-high,+,0,0,0,0,0,0,0.005,0.076,*0.92
225,8:high-medium,9:high-high,+,0,0,0,0,0,0,0.015,0.132,*0.853
226,9:high-high,9:high-high,,0,0,0,0,0,0,0.1,0.299,*0.601
227,8:high-medium,9:high-high,+,0,0,0,0,0,0,0.028,0.181,*0.791
228,8:high-medium,9:high-high,+,0,0,0,0,0,0,0.112,0.303,*0.585
229,8:high-medium,8:high-medium,,0,0,0,0,0,0,0.224,*0.399,0.376
230,8:high-medium,8:high-medium,,0,0,0,0,0,0,0.237,*0.415,0.348
231,8:high-medium,9:high-high,+,0,0,0,0,0,0,0.172,0.346,*0.482
232,8:high-medium,9:high-high,+,0,0,0,0,0,0,0.231,0.384,*0.385
233,8:high-medium,9:high-high,+,0,0,0,0,0,0,0.168,0.343,*0.489
234,8:high-medium,9:high-high,+,0,0,0,0,0,0,0.21,0.355,*0.435
235,8:high-medium,9:high-high,+,0,0,0,0,0,0,0.003,0.058,*0.939
236,9:high-high,9:high-high,,0,0,0,0,0,0,0.001,0.029,*0.97
237,8:high-medium,9:high-high,+,0,0,0,0,0,0,0.146,0.321,*0.533
238,9:high-high,9:high-high,,0,0,0,0,0,0,0.041,0.199,*0.759
239,8:high-medium,9:high-high,+,0,0,0,0,0,0,0.001,0.028,*0.971
240,9:high-high,9:high-high,,0,0,0,0,0,0,0,0.01,*0.99
241,9:high-high,9:high-high,,0,0,0,0,0,0,0,0.003,*0.997
242,9:high-high,9:high-high,,0,0,0,0,0,0,0,0.003,*0.997
243,9:high-high,9:high-high,,0,0,0,0,0,0,0,0.003,*0.997
244,9:high-high,9:high-high,,0,0,0,0,0,0,0,0.004,*0.996
245,9:high-high,9:high-high,,0,0,0,0,0,0,0,0.003,*0.997
246,9:high-high,9:high-high,,0,0,0,0,0,0,0,0.003,*0.997
247,9:high-high,9:high-high,,0,0,0,0,0,0,0,0.003,*0.997
248,9:high-high,9:high-high,,0,0,0,0,0,0,0,0.003,*0.997
249,9:high-high,9:high-high,,0,0,0,0,0,0,0,0.003,*0.997
250,9:high-high,9:high-high,,0,0,0,0,0,0,0,0.003,*0.997
251,9:high-high,9:high-high,,0,0,0,0,0,0,0,0.003,*0.997
252,9:high-high,9:high-high,,0,0,0,0,0,0,0,0.003,*0.997
253,9:high-high,9:high-high,,0,0,0,0,0,0,0,0.003,*0.997
254,9:high-high,9:high-high,,0,0,0,0,0,0,0,0.003,*0.997
255,9:high-high,9:high-high,,0,0,0,0,0,0,0,0.003,*0.997
256,9:high-high,9:high-high,,0,0,0,0,0,0,0,0.003,*0.997
257,9:high-high,9:high-high,,0,0,0,0,0,0,0,0.003,*0.997
258,9:high-high,9:high-high,,0,0,0,0,0,0,0,0.003,*0.997
259,9:high-high,9:high-high,,0,0,0,0,0,0,0,0.003,*0.997
260,9:high-high,9:high-high,,0,0,0,0,0,0,0,0.003,*0.997
261,9:high-high,9:high-high,,0,0,0,0,0,0,0,0.003,*0.997
262,9:high-high,9:high-high,,0,0,0,0,0,0,0,0.003,*0.997
263,9:high-high,9:high-high,,0,0,0,0,0,0,0,0.011,*0.988
264,9:high-high,9:high-high,,0,0,0,0,0,0,0.001,0.04,*0.958
265,8:high-medium,9:high-high,+,0,0,0,0,0,0,0.224,0.356,*0.421
266,9:high-high,9:high-high,,0,0,0,0,0,0,0.23,0.358,*0.412
267,8:high-medium,9:high-high,+,0,0,0,0,0,0,0,0.018,*0.981
268,9:high-high,9:high-high,,0,0,0,0,0,0,0,0.003,*0.997
269,9:high-high,9:high-high,,0,0,0,0,0,0,0,0.004,*0.996
270,9:high-high,9:high-high,,0,0,0,0,0,0,0.039,0.194,*0.767
271,8:high-medium,9:high-high,+,0,0,0,0,0,0,0.232,0.356,*0.412
272,8:high-medium,9:high-high,+,0,0,0,0,0,0,0.232,0.355,*0.413
273,8:high-medium,9:high-high,+,0,0,0,0,0,0,0.187,0.341,*0.471
274,8:high-medium,9:high-high,+,0,0,0,0,0,0,0.227,0.356,*0.417
275,9:high-high,9:high-high,,0,0,0,0,0,0,0.233,0.355,*0.412
276,8:high-medium,9:high-high,+,0,0,0,0,0,0,0.232,0.356,*0.412
277,8:high-medium,9:high-high,+,0,0,0,0,0,0,0.233,0.356,*0.411
278,8:high-medium,9:high-high,+,0,0,0,0,0,0,0.231,0.357,*0.412
279,8:high-medium,9:high-high,+,0,0,0,0,0,0,0.238,0.353,*0.409
280,8:high-medium,9:high-high,+,0,0,0,0,0,0,0.234,0.356,*0.41
281,8:high-medium,9:high-high,+,0,0,0,0,0,0,0.264,0.332,*0.404
282,8:high-medium,9:high-high,+,0,0,0,0,0,0,0.241,0.348,*0.411
283,8:high-medium,9:high-high,+,0,0,0,0,0,0,0.254,0.336,*0.41
284,8:high-medium,9:high-high,+,0,0,0,0,0,0,0.249,0.342,*0.409
285,8:high-medium,9:high-high,+,0,0,0,0,0,0,0.26,0.333,*0.406
286,8:high-medium,9:high-high,+,0,0,0,0,0,0,0.265,0.33,*0.404
287,8:high-medium,9:high-high,+,0,0,0,0,0,0,0.294,0.301,*0.405
288,8:high-medium,9:high-high,+,0,0,0,0,0,0,0.244,0.348,*0.408
289,8:high-medium,9:high-high,+,0,0,0,0,0,0,0.26,0.332,*0.408
290,8:high-medium,9:high-high,+,0,0,0,0,0,0,0.251,0.346,*0.404
291,8:high-medium,9:high-high,+,0,0,0,0,0,0,0.311,0.298,*0.392
292,8:high-medium,9:high-high,+,0,0,0,0,0,0,0.337,0.277,*0.386
293,8:high-medium,9:high-high,+,0,0,0,0,0,0,0.243,0.352,*0.405
294,8:high-medium,9:high-high,+,0,0,0,0,0,0,0.248,0.347,*0.405
295,8:high-medium,9:high-high,+,0,0,0,0,0,0,0.229,0.357,*0.414
296,8:high-medium,9:high-high,+,0,0,0,0,0,0,0.051,0.215,*0.734
297,8:high-medium,9:high-high,+,0,0,0,0,0,0,0.097,0.279,*0.624
298,8:high-medium,9:high-high,+,0,0,0,0,0,0,0.184,0.34,*0.476
299,8:high-medium,9:high-high,+,0,0,0,0,0,0,0.086,0.267,*0.647
300,8:high-medium,9:high-high,+,0,0,0,0,0,0,0.203,0.348,*0.449
301,8:high-medium,9:high-high,+,0,0,0,0,0,0,0.088,0.267,*0.645
302,8:high-medium,9:high-high,+,0,0,0,0,0,0,0.208,0.35,*0.443
303,8:high-medium,9:high-high,+,0,0,0,0,0,0,0.14,0.315,*0.545
304,8:high-medium,9:high-high,+,0,0,0,0,0,0,0.06,0.232,*0.708
305,8:high-medium,9:high-high,+,0,0,0,0,0,0,0.053,0.221,*0.726
306,8:high-medium,9:high-high,+,0,0,0,0,0,0,0.147,0.32,*0.533
307,8:high-medium,9:high-high,+,0,0,0,0,0,0,0.073,0.251,*0.676
308,8:high-medium,9:high-high,+,0,0,0,0,0,0,0.143,0.317,*0.539
309,8:high-medium,9:high-high,+,0,0,0,0,0,0,0.008,0.094,*0.897
310,8:high-medium,9:high-high,+,0,0,0,0,0,0,0.109,0.29,*0.601
311,8:high-medium,9:high-high,+,0,0,0,0,0,0,0.133,0.31,*0.557
312,8:high-medium,9:high-high,+,0,0,0,0,0,0,0.013,0.119,*0.868
313,8:high-medium,9:high-high,+,0,0,0,0,0,0,0.075,0.252,*0.673
314,8:high-medium,9:high-high,+,0,0,0,0,0,0,0.144,0.318,*0.538
315,8:high-medium,9:high-high,+,0,0,0,0,0,0,0.004,0.068,*0.928
316,8:high-medium,9:high-high,+,0,0,0,0,0,0,0,0.019,*0.98
317,8:high-medium,9:high-high,+,0,0,0,0,0,0,0.032,0.178,*0.789
318,8:high-medium,9:high-high,+,0,0,0,0,0,0,0.11,0.291,*0.598
319,8:high-medium,9:high-high,+,0,0,0,0,0,0,0.189,0.343,*0.468
320,8:high-medium,9:high-high,+,0,0,0,0,0,0,0.199,0.347,*0.454
321,8:high-medium,8:high-medium,,0,0,0,0,0,0,0.244,*0.452,0.304
322,7:high-low,8:high-medium,+,0,0,0,0,0,0,0.244,*0.503,0.252
323,8:high-medium,8:high-medium,,0,0,0,0,0,0,0.224,*0.634,0.142
324,8:high-medium,8:high-medium,,0,0,0,0,0,0,0.248,*0.492,0.26
325,8:high-medium,8:high-medium,,0,0,0,0,0,0,0.246,*0.507,0.247
326,8:high-medium,8:high-medium,,0,0,0,0,0,0,0.245,*0.457,0.298
327,8:high-medium,8:high-medium,,0,0,0,0,0,0,0.246,*0.44,0.314
328,8:high-medium,8:high-medium,,0,0,0,0,0,0,0.24,*0.506,0.254
329,8:high-medium,8:high-medium,,0,0,0,0,0,0,0.183,*0.746,0.07
330,8:high-medium,8:high-medium,,0,0,0,0,0,0,0.223,*0.628,0.149
331,8:high-medium,8:high-medium,,0,0,0,0,0,0,0.231,*0.596,0.173
332,8:high-medium,8:high-medium,,0,0,0,0,0,0,0.209,*0.662,0.129
333,8:high-medium,8:high-medium,,0,0,0,0,0,0,0.229,*0.599,0.172
334,8:high-medium,8:high-medium,,0,0,0,0,0,0,0.208,*0.675,0.117
335,8:high-medium,8:high-medium,,0,0,0,0,0,0,0.208,*0.679,0.113
336,8:high-medium,8:high-medium,,0,0,0,0,0,0,0.237,*0.529,0.234
337,8:high-medium,8:high-medium,,0,0,0,0,0,0,0.242,*0.452,0.306
338,8:high-medium,8:high-medium,,0,0,0,0,0,0,0.241,*0.456,0.303
339,9:high-high,8:high-medium,+,0,0,0,0,0,0,0.242,*0.501,0.257
340,8:high-medium,8:high-medium,,0,0,0,0,0,0,0.239,*0.475,0.286
341,8:high-medium,8:high-medium,,0,0,0,0,0,0,0.244,*0.456,0.3
342,8:high-medium,8:high-medium,,0,0,0,0,0,0,0.236,*0.508,0.255
343,8:high-medium,8:high-medium,,0,0,0,0,0,0,0.223,*0.608,0.169
344,8:high-medium,9:high-high,+,0,0,0,0,0,0,0.124,0.312,*0.564
345,8:high-medium,8:high-medium,,0,0,0,0,0,0,0.234,*0.392,0.373
346,8:high-medium,8:high-medium,,0,0,0,0,0,0,0.24,*0.422,0.338
347,9:high-high,9:high-high,,0,0,0,0,0,0,0,0.008,*0.992
348,9:high-high,8:high-medium,+,0,0,0,0,0,0,0.237,*0.422,0.341
349,8:high-medium,8:high-medium,,0,0,0,0,0,0,0.24,*0.424,0.336
350,9:high-high,9:high-high,,0,0,0,0,0,0,0.001,0.031,*0.969
351,8:high-medium,9:high-high,+,0,0,0,0,0,0,0.13,0.337,*0.533
352,9:high-high,8:high-medium,+,0,0,0,0,0,0,0.232,*0.564,0.205
353,9:high-high,9:high-high,,0,0,0,0,0,0,0.037,0.19,*0.773
354,7:high-low,9:high-high,+,0,0,0,0,0,0,0,0.024,*0.976
355,8:high-medium,8:high-medium,,0,0,0,0,0,0,0.239,*0.477,0.285
356,8:high-medium,8:high-medium,,0,0,0,0,0,0,0.236,*0.389,0.375
357,9:high-high,9:high-high,,0,0,0,0,0,0,0,0.003,*0.997
358,8:high-medium,9:high-high,+,0,0,0,0,0,0,0.226,0.376,*0.398
359,9:high-high,8:high-medium,+,0,0,0,0,0,0,0.24,*0.442,0.318
360,9:high-high,9:high-high,,0,0,0,0,0,0,0.034,0.183,*0.783
361,7:high-low,8:high-medium,+,0,0,0,0,0,0,0.006,*0.994,0
362,7:high-low,8:high-medium,+,0,0,0,0,0,0,0.006,*0.994,0
363,7:high-low,8:high-medium,+,0,0,0,0,0,0,0.006,*0.994,0
364,8:high-medium,9:high-high,+,0,0,0,0,0,0,0.367,0.234,*0.399
365,9:high-high,9:high-high,,0,0,0,0,0,0,0.173,0.146,*0.681
366,9:high-high,9:high-high,,0,0,0,0,0,0,0.027,0.186,*0.787
367,9:high-high,8:high-medium,+,0,0,0,0,0,0,0.017,*0.505,0.479
368,9:high-high,8:high-medium,+,0,0,0,0,0,0,0.078,*0.587,0.336
369,8:high-medium,8:high-medium,,0,0,0,0,0,0,0.001,*0.914,0.084
370,9:high-high,8:high-medium,+,0,0,0,0,0,0,0.062,*0.642,0.296
371,8:high-medium,9:high-high,+,0,0,0,0,0,0,0.272,0.351,*0.377
372,9:high-high,8:high-medium,+,0,0,0,0,0,0,0.15,*0.495,0.355
373,8:high-medium,8:high-medium,,0,0,0,0,0,0,0,*0.975,0.024
374,8:high-medium,8:high-medium,,0,0,0,0,0,0,0,*0.98,0.019
375,8:high-medium,8:high-medium,,0,0,0,0,0,0,0.163,*0.535,0.302
376,9:high-high,8:high-medium,+,0,0,0,0,0,0,0.054,*0.762,0.184
377,8:high-medium,8:high-medium,,0,0,0,0,0,0,0,*0.979,0.021
378,8:high-medium,8:high-medium,,0,0,0,0,0,0,0.013,*0.88,0.107
379,9:high-high,8:high-medium,+,0,0,0,0,0,0,0.146,*0.553,0.301
380,9:high-high,8:high-medium,+,0,0,0,0,0,0,0,*0.984,0.016
381,8:high-medium,8:high-medium,,0,0,0,0,0,0,0.001,*0.956,0.043
382,9:high-high,9:high-high,,0,0,0,0,0,0,0.026,0.339,*0.635
383,9:high-high,8:high-medium,+,0,0,0,0,0,0,0.032,*0.666,0.302
384,9:high-high,8:high-medium,+,0,0,0,0,0,0,0.004,*0.736,0.26
385,9:high-high,9:high-high,,0,0,0,0,0,0,0.005,0.32,*0.675
386,9:high-high,9:high-high,,0,0,0,0,0,0,0.006,0.26,*0.734
387,9:high-high,9:high-high,,0,0,0,0,0,0,0.001,0.044,*0.955
388,9:high-high,9:high-high,,0,0,0,0,0,0,0.007,0.361,*0.632
389,9:high-high,9:high-high,,0,0,0,0,0,0,0.005,0.49,*0.505
390,8:high-medium,9:high-high,+,0,0,0,0,0,0,0.01,0.211,*0.779
391,9:high-high,9:high-high,,0,0,0,0,0,0,0.004,0.087,*0.909
392,9:high-high,8:high-medium,+,0,0,0,0,0,0,0.003,*0.767,0.229
393,9:high-high,9:high-high,,0,0,0,0,0,0,0.024,0.375,*0.602
394,9:high-high,9:high-high,,0,0,0,0,0,0,0.002,0.205,*0.793
395,9:high-high,9:high-high,,0,0,0,0,0,0,0.027,0.235,*0.738
396,9:high-high,8:high-medium,+,0,0,0,0,0,0,0.003,*0.679,0.317
397,9:high-high,9:high-high,,0,0,0,0,0,0,0.001,0.096,*0.902
398,9:high-high,9:high-high,,0,0,0,0,0,0,0.013,0.128,*0.859
399,9:high-high,8:high-medium,+,0,0,0,0,0,0,0.005,*0.623,0.373
400,9:high-high,9:high-high,,0,0,0,0,0,0,0.003,0.171,*0.825
401,9:high-high,9:high-high,,0,0,0,0,0,0,0.009,0.169,*0.822
402,9:high-high,9:high-high,,0,0,0,0,0,0,0.004,0.24,*0.756
403,9:high-high,9:high-high,,0,0,0,0,0,0,0.006,0.093,*0.902
404,9:high-high,9:high-high,,0,0,0,0,0,0,0.003,0.026,*0.971
405,7:high-low,9:high-high,+,0,0,0,0,0,0,0.032,0.343,*0.625
406,9:high-high,9:high-high,,0,0,0,0,0,0,0.133,0.264,*0.603
407,7:high-low,9:high-high,+,0,0,0,0,0,0,0.172,0.265,*0.563
408,9:high-high,9:high-high,,0,0,0,0,0,0,0.035,0.211,*0.754
409,8:high-medium,8:high-medium,,0,0,0,0,0,0,0.004,*0.628,0.368
410,8:high-medium,9:high-high,+,0,0,0,0,0,0,0.019,0.084,*0.896
411,9:high-high,9:high-high,,0,0,0,0,0,0,0.007,0.036,*0.958
412,8:high-medium,9:high-high,+,0,0,0,0,0,0,0.004,0.024,*0.972
413,9:high-high,9:high-high,,0,0,0,0,0,0,0.039,0.177,*0.783
414,9:high-high,9:high-high,,0,0,0,0,0,0,0.011,0.233,*0.756
415,8:high-medium,9:high-high,+,0,0,0,0,0,0,0.005,0.083,*0.912
416,8:high-medium,9:high-high,+,0,0,0,0,0,0,0.038,0.129,*0.833
417,8:high-medium,8:high-medium,,0,0,0,0,0,0,0.006,*0.582,0.412
418,8:high-medium,9:high-high,+,0,0,0,0,0,0,0.009,0.181,*0.81
419,9:high-high,8:high-medium,+,0,0,0,0,0,0,0.005,*0.523,0.472
420,8:high-medium,9:high-high,+,0,0,0,0,0,0,0.032,0.352,*0.616
421,8:high-medium,9:high-high,+,0,0,0,0,0,0,0.008,0.069,*0.923
422,8:high-medium,9:high-high,+,0,0,0,0,0,0,0.266,0.27,*0.465
423,8:high-medium,8:high-medium,,0,0,0,0,0,0,0.245,*0.479,0.276
424,8:high-medium,8:high-medium,,0,0,0,0,0,0,0.284,*0.433,0.283
425,8:high-medium,8:high-medium,,0,0,0,0,0,0,0.228,*0.478,0.293
426,8:high-medium,8:high-medium,,0,0,0,0,0,0,0.005,*0.835,0.16
427,8:high-medium,9:high-high,+,0,0,0,0,0,0,0.266,0.294,*0.44
428,8:high-medium,9:high-high,+,0,0,0,0,0,0,0.28,0.342,*0.378
429,8:high-medium,8:high-medium,,0,0,0,0,0,0,0.004,*0.906,0.09
430,8:high-medium,8:high-medium,,0,0,0,0,0,0,0.332,*0.34,0.328
431,8:high-medium,8:high-medium,,0,0,0,0,0,0,0.019,*0.837,0.144
432,8:high-medium,8:high-medium,,0,0,0,0,0,0,0.151,*0.43,0.418
433,8:high-medium,9:high-high,+,0,0,0,0,0,0,0.336,0.27,*0.394
434,8:high-medium,8:high-medium,,0,0,0,0,0,0,0.274,*0.375,0.351
435,8:high-medium,8:high-medium,,0,0,0,0,0,0,0.001,*0.956,0.043
436,8:high-medium,8:high-medium,,0,0,0,0,0,0,0,*0.961,0.038
437,8:high-medium,8:high-medium,,0,0,0,0,0,0,0,*0.967,0.032
438,8:high-medium,8:high-medium,,0,0,0,0,0,0,0.002,*0.933,0.065
439,8:high-medium,8:high-medium,,0,0,0,0,0,0,0.001,*0.946,0.054
440,8:high-medium,8:high-medium,,0,0,0,0,0,0,0.001,*0.942,0.057
441,8:high-medium,8:high-medium,,0,0,0,0,0,0,0.001,*0.93,0.069
442,8:high-medium,8:high-medium,,0,0,0,0,0,0,0,*0.971,0.029
443,8:high-medium,8:high-medium,,0,0,0,0,0,0,0.058,*0.627,0.315
444,8:high-medium,8:high-medium,,0,0,0,0,0,0,0.001,*0.956,0.044
445,8:high-medium,9:high-high,+,0,0,0,0,0,0,0.178,0.309,*0.512
446,8:high-medium,8:high-medium,,0,0,0,0,0,0,0.001,*0.922,0.077
447,8:high-medium,8:high-medium,,0,0,0,0,0,0,0.02,*0.978,0.002
448,8:high-medium,8:high-medium,,0,0,0,0,0,0,0.028,*0.97,0.002
449,8:high-medium,8:high-medium,,0,0,0,0,0,0,0.001,*0.96,0.039
450,7:high-low,8:high-medium,+,0,0,0,0,0,0,0.322,*0.357,0.321
451,8:high-medium,8:high-medium,,0,0,0,0,0,0,0.007,*0.976,0.017
452,8:high-medium,8:high-medium,,0,0,0,0,0,0,0.002,*0.962,0.036
453,8:high-medium,8:high-medium,,0,0,0,0,0,0,0.282,*0.398,0.32
454,8:high-medium,8:high-medium,,0,0,0,0,0,0,0.093,*0.674,0.233
455,7:high-low,8:high-medium,+,0,0,0,0,0,0,0.01,*0.989,0
456,8:high-medium,8:high-medium,,0,0,0,0,0,0,0.013,*0.987,0
457,8:high-medium,8:high-medium,,0,0,0,0,0,0,0.013,*0.987,0
458,7:high-low,8:high-medium,+,0,0,0,0,0,0,0.014,*0.985,0
459,7:high-low,8:high-medium,+,0,0,0,0,0,0,0.014,*0.986,0
460,8:high-medium,8:high-medium,,0,0,0,0,0,0,0.017,*0.983,0
461,7:high-low,8:high-medium,+,0,0,0,0,0,0,0.014,*0.985,0
462,8:high-medium,8:high-medium,,0,0,0,0,0,0,0.035,*0.964,0
463,7:high-low,8:high-medium,+,0,0,0,0,0,0,0.02,*0.979,0
464,7:high-low,8:high-medium,+,0,0,0,0,0,0,0.054,*0.945,0.001
465,7:high-low,8:high-medium,+,0,0,0,0,0,0,0.032,*0.968,0
466,7:high-low,8:high-medium,+,0,0,0,0,0,0,0.04,*0.959,0.001
467,7:high-low,8:high-medium,+,0,0,0,0,0,0,0.03,*0.969,0.001
468,7:high-low,8:high-medium,+,0,0,0,0,0,0,0.036,*0.963,0.001
469,8:high-medium,8:high-medium,,0,0,0,0,0,0,0.062,*0.933,0.005
470,8:high-medium,8:high-medium,,0,0,0,0,0,0,0.111,*0.865,0.024
471,7:high-low,8:high-medium,+,0,0,0,0,0,0,0.068,*0.925,0.008
472,7:high-low,8:high-medium,+,0,0,0,0,0,0,0.08,*0.909,0.012
473,7:high-low,8:high-medium,+,0,0,0,0,0,0,0.067,*0.925,0.008
474,8:high-medium,8:high-medium,,0,0,0,0,0,0,0.05,*0.947,0.004
475,7:high-low,8:high-medium,+,0,0,0,0,0,0,0.016,*0.983,0
476,8:high-medium,8:high-medium,,0,0,0,0,0,0,0.031,*0.969,0.001
477,7:high-low,8:high-medium,+,0,0,0,0,0,0,0.01,*0.99,0
478,7:high-low,8:high-medium,+,0,0,0,0,0,0,0.014,*0.986,0
479,8:high-medium,8:high-medium,,0,0,0,0,0,0,0.014,*0.986,0
480,7:high-low,8:high-medium,+,0,0,0,0,0,0,0.013,*0.986,0
481,7:high-low,8:high-medium,+,0,0,0,0,0,0,0.02,*0.98,0
482,7:high-low,8:high-medium,+,0,0,0,0,0,0,0.009,*0.991,0
483,7:high-low,8:high-medium,+,0,0,0,0,0,0,0.014,*0.986,0
484,7:high-low,8:high-medium,+,0,0,0,0,0,0,0.008,*0.992,0
485,7:high-low,8:high-medium,+,0,0,0,0,0,0,0.01,*0.99,0
486,8:high-medium,8:high-medium,,0,0,0,0,0,0,0.008,*0.992,0
487,7:high-low,8:high-medium,+,0,0,0,0,0,0,0.01,*0.99,0
488,7:high-low,8:high-medium,+,0,0,0,0,0,0,0.013,*0.987,0
489,7:high-low,8:high-medium,+,0,0,0,0,0,0,0.021,*0.978,0
490,8:high-medium,8:high-medium,,0,0,0,0,0,0,0.017,*0.983,0
491,7:high-low,8:high-medium,+,0,0,0,0,0,0,0.014,*0.985,0
492,8:high-medium,8:high-medium,,0,0,0,0,0,0,0.008,*0.992,0
493,8:high-medium,8:high-medium,,0,0,0,0,0,0,0.01,*0.99,0
494,8:high-medium,8:high-medium,,0,0,0,0,0,0,0.014,*0.985,0.001
495,8:high-medium,8:high-medium,,0,0,0,0,0,0,0.02,*0.975,0.005
496,8:high-medium,8:high-medium,,0,0,0,0,0,0,0.028,*0.97,0.002
497,8:high-medium,8:high-medium,,0,0,0,0,0,0,0.014,*0.985,0.001
498,8:high-medium,8:high-medium,,0,0,0,0,0,0,0.017,*0.982,0
499,8:high-medium,8:high-medium,,0,0,0,0,0,0,0.024,*0.974,0.002
500,8:high-medium,8:high-medium,,0,0,0,0,0,0,0.031,*0.966,0.003
501,9:high-high,8:high-medium,+,0,0,0,0,0,0,0.004,*0.787,0.209
502,8:high-medium,8:high-medium,,0,0,0,0,0,0,0.004,*0.848,0.148
503,8:high-medium,8:high-medium,,0,0,0,0,0,0,0.049,*0.941,0.01
504,9:high-high,8:high-medium,+,0,0,0,0,0,0,0.013,*0.986,0
505,8:high-medium,8:high-medium,,0,0,0,0,0,0,0.014,*0.985,0
506,7:high-low,8:high-medium,+,0,0,0,0,0,0,0.019,*0.981,0
507,7:high-low,8:high-medium,+,0,0,0,0,0,0,0.013,*0.987,0
508,8:high-medium,8:high-medium,,0,0,0,0,0,0,0.032,*0.968,0
509,8:high-medium,8:high-medium,,0,0,0,0,0,0,0.014,*0.986,0
510,8:high-medium,8:high-medium,,0,0,0,0,0,0,0.03,*0.968,0.002
511,8:high-medium,8:high-medium,,0,0,0,0,0,0,0.029,*0.967,0.004
512,8:high-medium,8:high-medium,,0,0,0,0,0,0,0.029,*0.954,0.016
513,8:high-medium,8:high-medium,,0,0,0,0,0,0,0.06,*0.855,0.085
514,9:high-high,9:high-high,,0,0,0,0,0,0,0.002,0.214,*0.784
515,9:high-high,8:high-medium,+,0,0,0,0,0,0,0.005,*0.536,0.459
516,9:high-high,8:high-medium,+,0,0,0,0,0,0,0.066,*0.741,0.192
517,8:high-medium,8:high-medium,,0,0,0,0,0,0,0.069,*0.859,0.072
518,8:high-medium,9:high-high,+,0,0,0,0,0,0,0.002,0.176,*0.822
519,9:high-high,8:high-medium,+,0,0,0,0,0,0,0.008,*0.766,0.226
520,9:high-high,9:high-high,,0,0,0,0,0,0,0.009,0.283,*0.708
521,9:high-high,9:high-high,,0,0,0,0,0,0,0.006,0.375,*0.619
522,9:high-high,9:high-high,,0,0,0,0,0,0,0.001,0.132,*0.867
523,9:high-high,9:high-high,,0,0,0,0,0,0,0.002,0.266,*0.732
524,9:high-high,9:high-high,,0,0,0,0,0,0,0,0.05,*0.95
525,9:high-high,9:high-high,,0,0,0,0,0,0,0,0.028,*0.972
526,9:high-high,9:high-high,,0,0,0,0,0,0,0,0.056,*0.944
527,9:high-high,9:high-high,,0,0,0,0,0,0,0,0.005,*0.995
528,9:high-high,9:high-high,,0,0,0,0,0,0,0,0.022,*0.978
529,8:high-medium,9:high-high,+,0,0,0,0,0,0,0,0.04,*0.959
530,9:high-high,9:high-high,,0,0,0,0,0,0,0,0.044,*0.956
531,9:high-high,9:high-high,,0,0,0,0,0,0,0,0.005,*0.995
532,9:high-high,8:high-medium,+,0,0,0,0,0,0,0.078,*0.772,0.151
533,9:high-high,8:high-medium,+,0,0,0,0,0,0,0.049,*0.874,0.078
534,8:high-medium,8:high-medium,,0,0,0,0,0,0,0.043,*0.953,0.005
535,8:high-medium,8:high-medium,,0,0,0,0,0,0,0.064,*0.914,0.022
536,8:high-medium,8:high-medium,,0,0,0,0,0,0,0.042,*0.888,0.07
537,8:high-medium,8:high-medium,,0,0,0,0,0,0,0.074,*0.914,0.012
538,8:high-medium,8:high-medium,,0,0,0,0,0,0,0.02,*0.977,0.003
539,8:high-medium,8:high-medium,,0,0,0,0,0,0,0.025,*0.972,0.003
540,8:high-medium,8:high-medium,,0,0,0,0,0,0,0.047,*0.949,0.004
541,9:high-high,8:high-medium,+,0,0,0,0,0,0,0.016,*0.983,0.001
542,8:high-medium,8:high-medium,,0,0,0,0,0,0,0.032,*0.965,0.003
543,9:high-high,8:high-medium,+,0,0,0,0,0,0,0.039,*0.888,0.073
544,8:high-medium,8:high-medium,,0,0,0,0,0,0,0.029,*0.953,0.017
545,8:high-medium,8:high-medium,,0,0,0,0,0,0,0.046,*0.947,0.006
546,8:high-medium,8:high-medium,,0,0,0,0,0,0,0.045,*0.941,0.014
547,8:high-medium,8:high-medium,,0,0,0,0,0,0,0.039,*0.958,0.003
548,8:high-medium,8:high-medium,,0,0,0,0,0,0,0.035,*0.94,0.025
549,7:high-low,8:high-medium,+,0,0,0,0,0,0,0.022,*0.976,0.001
550,8:high-medium,8:high-medium,,0,0,0,0,0,0,0.069,*0.918,0.012
551,7:high-low,8:high-medium,+,0,0,0,0,0,0,0.054,*0.941,0.006
552,9:high-high,8:high-medium,+,0,0,0,0,0,0,0.047,*0.943,0.01
553,8:high-medium,8:high-medium,,0,0,0,0,0,0,0.045,*0.952,0.003
554,8:high-medium,8:high-medium,,0,0,0,0,0,0,0.068,*0.859,0.073
555,8:high-medium,8:high-medium,,0,0,0,0,0,0,0.082,*0.877,0.041
556,8:high-medium,8:high-medium,,0,0,0,0,0,0,0.017,*0.982,0
557,8:high-medium,8:high-medium,,0,0,0,0,0,0,0.165,*0.768,0.067
558,8:high-medium,8:high-medium,,0,0,0,0,0,0,0.029,*0.969,0.001
559,8:high-medium,8:high-medium,,0,0,0,0,0,0,0.06,*0.932,0.008
560,7:high-low,8:high-medium,+,0,0,0,0,0,0,0.041,*0.954,0.006
561,8:high-medium,8:high-medium,,0,0,0,0,0,0,0.059,*0.776,0.165
562,8:high-medium,8:high-medium,,0,0,0,0,0,0,0.048,*0.862,0.091
563,8:high-medium,8:high-medium,,0,0,0,0,0,0,0.017,*0.946,0.037
564,8:high-medium,8:high-medium,,0,0,0,0,0,0,0.038,*0.942,0.02
565,8:high-medium,8:high-medium,,0,0,0,0,0,0,0.062,*0.93,0.008
566,8:high-medium,8:high-medium,,0,0,0,0,0,0,0.002,*0.897,0.102
567,8:high-medium,8:high-medium,,0,0,0,0,0,0,0.001,*0.945,0.053
568,8:high-medium,8:high-medium,,0,0,0,0,0,0,0.002,*0.916,0.083
569,8:high-medium,9:high-high,+,0,0,0,0,0,0,0.002,0.29,*0.708
570,9:high-high,8:high-medium,+,0,0,0,0,0,0,0.001,*0.936,0.064
571,8:high-medium,8:high-medium,,0,0,0,0,0,0,0.001,*0.911,0.088
572,9:high-high,9:high-high,,0,0,0,0,0,0,0.003,0.321,*0.676
573,9:high-high,9:high-high,,0,0,0,0,0,0,0.003,0.346,*0.651
574,8:high-medium,9:high-high,+,0,0,0,0,0,0,0.003,0.397,*0.6
575,8:high-medium,9:high-high,+,0,0,0,0,0,0,0.004,0.467,*0.529
576,8:high-medium,9:high-high,+,0,0,0,0,0,0,0.001,0.097,*0.902
577,9:high-high,8:high-medium,+,0,0,0,0,0,0,0.003,*0.7,0.297
578,8:high-medium,8:high-medium,,0,0,0,0,0,0,0.002,*0.88,0.118
579,9:high-high,8:high-medium,+,0,0,0,0,0,0,0.001,*0.914,0.085
580,8:high-medium,8:high-medium,,0,0,0,0,0,0,0.004,*0.957,0.038
581,8:high-medium,8:high-medium,,0,0,0,0,0,0,0.002,*0.988,0.01
582,8:high-medium,8:high-medium,,0,0,0,0,0,0,0.002,*0.958,0.04
583,9:high-high,8:high-medium,+,0,0,0,0,0,0,0.002,*0.957,0.041
584,8:high-medium,8:high-medium,,0,0,0,0,0,0,0.001,*0.92,0.079
585,8:high-medium,8:high-medium,,0,0,0,0,0,0,0.002,*0.861,0.137
586,8:high-medium,8:high-medium,,0,0,0,0,0,0,0.003,*0.659,0.338
587,9:high-high,8:high-medium,+,0,0,0,0,0,0,0.001,*0.915,0.084
588,8:high-medium,8:high-medium,,0,0,0,0,0,0,0.001,*0.973,0.026
589,8:high-medium,8:high-medium,,0,0,0,0,0,0,0.001,*0.961,0.038
590,8:high-medium,8:high-medium,,0,0,0,0,0,0,0.001,*0.951,0.048
591,8:high-medium,8:high-medium,,0,0,0,0,0,0,0.004,*0.565,0.431
592,9:high-high,8:high-medium,+,0,0,0,0,0,0,0.002,*0.92,0.078
593,8:high-medium,8:high-medium,,0,0,0,0,0,0,0.005,*0.944,0.052
594,8:high-medium,8:high-medium,,0,0,0,0,0,0,0.002,*0.789,0.209
595,9:high-high,8:high-medium,+,0,0,0,0,0,0,0.001,*0.886,0.112
596,8:high-medium,8:high-medium,,0,0,0,0,0,0,0.001,*0.919,0.08
597,8:high-medium,8:high-medium,,0,0,0,0,0,0,0.001,*0.961,0.038
598,8:high-medium,8:high-medium,,0,0,0,0,0,0,0.006,*0.98,0.014
599,8:high-medium,8:high-medium,,0,0,0,0,0,0,0.001,*0.978,0.021
600,8:high-medium,8:high-medium,,0,0,0,0,0,0,0.003,*0.987,0.01
601,9:high-high,8:high-medium,+,0,0,0,0,0,0,0.011,*0.985,0.004
602,8:high-medium,8:high-medium,,0,0,0,0,0,0,0.005,*0.982,0.013
603,8:high-medium,8:high-medium,,0,0,0,0,0,0,0.003,*0.983,0.015
604,7:high-low,8:high-medium,+,0,0,0,0,0,0,0.011,*0.988,0
605,7:high-low,8:high-medium,+,0,0,0,0,0,0,0.012,*0.987,0.001
606,8:high-medium,8:high-medium,,0,0,0,0,0,0,0.014,*0.985,0.001
607,8:high-medium,8:high-medium,,0,0,0,0,0,0,0.011,*0.985,0.003
608,8:high-medium,8:high-medium,,0,0,0,0,0,0,0.01,*0.99,0
609,8:high-medium,8:high-medium,,0,0,0,0,0,0,0.019,*0.979,0.002
610,7:high-low,8:high-medium,+,0,0,0,0,0,0,0.017,*0.979,0.004
611,8:high-medium,8:high-medium,,0,0,0,0,0,0,0.016,*0.98,0.004
612,8:high-medium,8:high-medium,,0,0,0,0,0,0,0.014,*0.984,0.002
613,7:high-low,8:high-medium,+,0,0,0,0,0,0,0.015,*0.983,0.002
614,7:high-low,8:high-medium,+,0,0,0,0,0,0,0.021,*0.979,0.001
615,8:high-medium,8:high-medium,,0,0,0,0,0,0,0.012,*0.987,0
616,7:high-low,8:high-medium,+,0,0,0,0,0,0,0.038,*0.959,0.004
617,8:high-medium,8:high-medium,,0,0,0,0,0,0,0.024,*0.968,0.007
618,8:high-medium,8:high-medium,,0,0,0,0,0,0,0.019,*0.98,0.001
619,8:high-medium,8:high-medium,,0,0,0,0,0,0,0.033,*0.961,0.007
620,8:high-medium,8:high-medium,,0,0,0,0,0,0,0.033,*0.962,0.004
621,8:high-medium,8:high-medium,,0,0,0,0,0,0,0.021,*0.978,0.002
622,8:high-medium,8:high-medium,,0,0,0,0,0,0,0.046,*0.948,0.006
623,8:high-medium,8:high-medium,,0,0,0,0,0,0,0.038,*0.947,0.014
624,8:high-medium,8:high-medium,,0,0,0,0,0,0,0.059,*0.916,0.025
625,8:high-medium,8:high-medium,,0,0,0,0,0,0,0.03,*0.752,0.218
626,8:high-medium,8:high-medium,,0,0,0,0,0,0,0.05,*0.845,0.105
627,8:high-medium,8:high-medium,,0,0,0,0,0,0,0.085,*0.705,0.211
628,8:high-medium,8:high-medium,,0,0,0,0,0,0,0.006,*0.598,0.396
629,8:high-medium,8:high-medium,,0,0,0,0,0,0,0.008,*0.911,0.081
630,8:high-medium,8:high-medium,,0,0,0,0,0,0,0.006,*0.766,0.228
631,8:high-medium,8:high-medium,,0,0,0,0,0,0,0.02,*0.833,0.148
632,8:high-medium,8:high-medium,,0,0,0,0,0,0,0.084,*0.794,0.122
633,8:high-medium,8:high-medium,,0,0,0,0,0,0,0.025,*0.869,0.106
634,8:high-medium,8:high-medium,,0,0,0,0,0,0,0.031,*0.939,0.031
635,8:high-medium,8:high-medium,,0,0,0,0,0,0,0.041,*0.916,0.043
636,9:high-high,8:high-medium,+,0,0,0,0,0,0,0.017,*0.844,0.138
637,8:high-medium,8:high-medium,,0,0,0,0,0,0,0.037,*0.916,0.047
638,8:high-medium,8:high-medium,,0,0,0,0,0,0,0.068,*0.897,0.035
639,8:high-medium,8:high-medium,,0,0,0,0,0,0,0.055,*0.895,0.05
640,8:high-medium,8:high-medium,,0,0,0,0,0,0,0.011,*0.733,0.256
641,8:high-medium,8:high-medium,,0,0,0,0,0,0,0.021,*0.869,0.111
642,8:high-medium,8:high-medium,,0,0,0,0,0,0,0.167,*0.691,0.142
643,8:high-medium,8:high-medium,,0,0,0,0,0,0,0.023,*0.919,0.058
644,8:high-medium,8:high-medium,,0,0,0,0,0,0,0.026,*0.951,0.023
645,8:high-medium,8:high-medium,,0,0,0,0,0,0,0.019,*0.967,0.014
646,8:high-medium,8:high-medium,,0,0,0,0,0,0,0.012,*0.915,0.073
647,8:high-medium,8:high-medium,,0,0,0,0,0,0,0.016,*0.96,0.024
648,8:high-medium,8:high-medium,,0,0,0,0,0,0,0.025,*0.929,0.046
649,8:high-medium,8:high-medium,,0,0,0,0,0,0,0.003,*0.948,0.049
650,8:high-medium,8:high-medium,,0,0,0,0,0,0,0.002,*0.835,0.163
651,8:high-medium,8:high-medium,,0,0,0,0,0,0,0,*0.968,0.031
652,8:high-medium,8:high-medium,,0,0,0,0,0,0,0.001,*0.88,0.119
653,8:high-medium,8:high-medium,,0,0,0,0,0,0,0.001,*0.952,0.048
654,8:high-medium,8:high-medium,,0,0,0,0,0,0,0,*0.986,0.014
655,7:high-low,8:high-medium,+,0,0,0,0,0,0,0,*0.986,0.014
656,8:high-medium,8:high-medium,,0,0,0,0,0,0,0,*0.983,0.017
657,8:high-medium,8:high-medium,,0,0,0,0,0,0,0,*0.989,0.01
658,8:high-medium,8:high-medium,,0,0,0,0,0,0,0,*0.982,0.018
659,8:high-medium,8:high-medium,,0,0,0,0,0,0,0,*0.985,0.015
660,8:high-medium,8:high-medium,,0,0,0,0,0,0,0.001,*0.989,0.011
661,8:high-medium,8:high-medium,,0,0,0,0,0,0,0,*0.988,0.011
662,8:high-medium,8:high-medium,,0,0,0,0,0,0,0.001,*0.99,0.008
663,8:high-medium,8:high-medium,,0,0,0,0,0,0,0.001,*0.974,0.026
664,9:high-high,8:high-medium,+,0,0,0,0,0,0,0,*0.982,0.017
665,8:high-medium,8:high-medium,,0,0,0,0,0,0,0,*0.991,0.009
666,8:high-medium,8:high-medium,,0,0,0,0,0,0,0.001,*0.988,0.011
667,8:high-medium,8:high-medium,,0,0,0,0,0,0,0,*0.982,0.017
668,8:high-medium,8:high-medium,,0,0,0,0,0,0,0.012,*0.985,0.003
669,8:high-medium,8:high-medium,,0,0,0,0,0,0,0.005,*0.985,0.01
670,8:high-medium,8:high-medium,,0,0,0,0,0,0,0.004,*0.99,0.006
671,8:high-medium,8:high-medium,,0,0,0,0,0,0,0.002,*0.991,0.007
672,8:high-medium,8:high-medium,,0,0,0,0,0,0,0.003,*0.991,0.006
673,8:high-medium,8:high-medium,,0,0,0,0,0,0,0.005,*0.99,0.006
674,8:high-medium,8:high-medium,,0,0,0,0,0,0,0.007,*0.988,0.005
675,8:high-medium,8:high-medium,,0,0,0,0,0,0,0.003,*0.991,0.006
676,8:high-medium,8:high-medium,,0,0,0,0,0,0,0.008,*0.989,0.002
677,8:high-medium,8:high-medium,,0,0,0,0,0,0,0.004,*0.991,0.006
678,8:high-medium,8:high-medium,,0,0,0,0,0,0,0.007,*0.99,0.002
679,9:high-high,8:high-medium,+,0,0,0,0,0,0,0.001,*0.988,0.011
680,8:high-medium,8:high-medium,,0,0,0,0,0,0,0.006,*0.991,0.002
681,8:high-medium,8:high-medium,,0,0,0,0,0,0,0.006,*0.992,0.001
682,8:high-medium,8:high-medium,,0,0,0,0,0,0,0.003,*0.991,0.006
683,8:high-medium,8:high-medium,,0,0,0,0,0,0,0.006,*0.991,0.003
684,8:high-medium,8:high-medium,,0,0,0,0,0,0,0.005,*0.991,0.004
685,8:high-medium,8:high-medium,,0,0,0,0,0,0,0.006,*0.99,0.004
686,8:high-medium,8:high-medium,,0,0,0,0,0,0,0.007,*0.992,0.001
687,8:high-medium,8:high-medium,,0,0,0,0,0,0,0.006,*0.992,0.003
688,8:high-medium,8:high-medium,,0,0,0,0,0,0,0.007,*0.991,0.002
689,8:high-medium,8:high-medium,,0,0,0,0,0,0,0.008,*0.99,0.002
690,8:high-medium,8:high-medium,,0,0,0,0,0,0,0.008,*0.991,0.001
691,8:high-medium,8:high-medium,,0,0,0,0,0,0,0.006,*0.99,0.004
692,8:high-medium,8:high-medium,,0,0,0,0,0,0,0.003,*0.987,0.009
693,7:high-low,8:high-medium,+,0,0,0,0,0,0,0.005,*0.99,0.005
694,7:high-low,8:high-medium,+,0,0,0,0,0,0,0.006,*0.99,0.004
695,7:high-low,8:high-medium,+,0,0,0,0,0,0,0.006,*0.991,0.003
696,8:high-medium,8:high-medium,,0,0,0,0,0,0,0.004,*0.991,0.004
697,8:high-medium,8:high-medium,,0,0,0,0,0,0,0.004,*0.991,0.005
698,8:high-medium,8:high-medium,,0,0,0,0,0,0,0.004,*0.991,0.006
699,7:high-low,8:high-medium,+,0,0,0,0,0,0,0.002,*0.991,0.007
700,8:high-medium,8:high-medium,,0,0,0,0,0,0,0.01,*0.987,0.003
701,8:high-medium,8:high-medium,,0,0,0,0,0,0,0.003,*0.992,0.004
702,8:high-medium,8:high-medium,,0,0,0,0,0,0,0,*0.992,0.008
703,8:high-medium,8:high-medium,,0,0,0,0,0,0,0.003,*0.988,0.009
704,7:high-low,8:high-medium,+,0,0,0,0,0,0,0.001,*0.987,0.012
705,7:high-low,8:high-medium,+,0,0,0,0,0,0,0.004,*0.991,0.005
706,8:high-medium,8:high-medium,,0,0,0,0,0,0,0.003,*0.988,0.009
707,8:high-medium,8:high-medium,,0,0,0,0,0,0,0,*0.987,0.013
708,8:high-medium,8:high-medium,,0,0,0,0,0,0,0.001,*0.944,0.055
709,8:high-medium,8:high-medium,,0,0,0,0,0,0,0,*0.96,0.04
710,9:high-high,8:high-medium,+,0,0,0,0,0,0,0,*0.974,0.025
711,8:high-medium,8:high-medium,,0,0,0,0,0,0,0,*0.971,0.028
712,8:high-medium,8:high-medium,,0,0,0,0,0,0,0,*0.985,0.014
713,8:high-medium,8:high-medium,,0,0,0,0,0,0,0.001,*0.936,0.063
714,8:high-medium,8:high-medium,,0,0,0,0,0,0,0.001,*0.878,0.121
715,8:high-medium,8:high-medium,,0,0,0,0,0,0,0.001,*0.897,0.102
716,8:high-medium,8:high-medium,,0,0,0,0,0,0,0,*0.99,0.01
717,8:high-medium,8:high-medium,,0,0,0,0,0,0,0,*0.986,0.014
718,8:high-medium,8:high-medium,,0,0,0,0,0,0,0,*0.96,0.04
719,8:high-medium,8:high-medium,,0,0,0,0,0,0,0,*0.975,0.025
720,9:high-high,8:high-medium,+,0,0,0,0,0,0,0.001,*0.941,0.058
721,8:high-medium,8:high-medium,,0,0,0,0,0,0,0.001,*0.951,0.049
722,9:high-high,9:high-high,,0,0,0,0,0,0,0.004,0.445,*0.551
723,9:high-high,8:high-medium,+,0,0,0,0,0,0,0,*0.952,0.048
724,9:high-high,9:high-high,,0,0,0,0,0,0,0,0.003,*0.997
725,9:high-high,9:high-high,,0,0,0,0,0,0,0,0.003,*0.997
726,9:high-high,9:high-high,,0,0,0,0,0,0,0,0.003,*0.997
727,9:high-high,9:high-high,,0,0,0,0,0,0,0,0.003,*0.997
728,9:high-high,9:high-high,,0,0,0,0,0,0,0,0.003,*0.997
729,9:high-high,9:high-high,,0,0,0,0,0,0,0,0.003,*0.997
730,8:high-medium,9:high-high,+,0,0,0,0,0,0,0,0.004,*0.996
731,9:high-high,9:high-high,,0,0,0,0,0,0,0,0.003,*0.997
732,9:high-high,9:high-high,,0,0,0,0,0,0,0,0.003,*0.997
733,8:high-medium,9:high-high,+,0,0,0,0,0,0,0,0.003,*0.997
734,9:high-high,9:high-high,,0,0,0,0,0,0,0,0.003,*0.996
735,8:high-medium,9:high-high,+,0,0,0,0,0,0,0,0.003,*0.997
736,9:high-high,9:high-high,,0,0,0,0,0,0,0,0.003,*0.997
737,9:high-high,9:high-high,,0,0,0,0,0,0,0,0.003,*0.997
738,9:high-high,9:high-high,,0,0,0,0,0,0,0,0.003,*0.997
739,8:high-medium,9:high-high,+,0,0,0,0,0,0,0,0.004,*0.996
740,9:high-high,9:high-high,,0,0,0,0,0,0,0,0.003,*0.997
741,9:high-high,9:high-high,,0,0,0,0,0,0,0,0.003,*0.997
742,9:high-high,9:high-high,,0,0,0,0,0,0,0,0.003,*0.997
743,9:high-high,9:high-high,,0,0,0,0,0,0,0,0.004,*0.996
744,9:high-high,9:high-high,,0,0,0,0,0,0,0,0.003,*0.997
745,9:high-high,9:high-high,,0,0,0,0,0,0,0,0.003,*0.997
746,9:high-high,9:high-high,,0,0,0,0,0,0,0,0.003,*0.997
747,9:high-high,9:high-high,,0,0,0,0,0,0,0,0.003,*0.997
748,9:high-high,9:high-high,,0,0,0,0,0,0,0,0.003,*0.997
749,9:high-high,9:high-high,,0,0,0,0,0,0,0,0.003,*0.997
750,9:high-high,9:high-high,,0,0,0,0,0,0,0,0.003,*0.997
751,9:high-high,9:high-high,,0,0,0,0,0,0,0,0.003,*0.997
752,9:high-high,9:high-high,,0,0,0,0,0,0,0,0.003,*0.997
753,9:high-high,9:high-high,,0,0,0,0,0,0,0,0.003,*0.997
754,9:high-high,9:high-high,,0,0,0,0,0,0,0,0.003,*0.997
755,9:high-high,9:high-high,,0,0,0,0,0,0,0,0.003,*0.997
756,9:high-high,9:high-high,,0,0,0,0,0,0,0,0.003,*0.997
757,9:high-high,9:high-high,,0,0,0,0,0,0,0,0.003,*0.997
758,9:high-high,9:high-high,,0,0,0,0,0,0,0,0.003,*0.997
759,9:high-high,9:high-high,,0,0,0,0,0,0,0,0.003,*0.997
760,9:high-high,9:high-high,,0,0,0,0,0,0,0,0.003,*0.997
761,9:high-high,9:high-high,,0,0,0,0,0,0,0,0.003,*0.997
762,9:high-high,9:high-high,,0,0,0,0,0,0,0,0.003,*0.997
763,9:high-high,9:high-high,,0,0,0,0,0,0,0,0.003,*0.997
764,9:high-high,9:high-high,,0,0,0,0,0,0,0,0.003,*0.997
765,9:high-high,9:high-high,,0,0,0,0,0,0,0,0.003,*0.997
766,9:high-high,9:high-high,,0,0,0,0,0,0,0,0.003,*0.997
767,9:high-high,9:high-high,,0,0,0,0,0,0,0,0.003,*0.997
768,9:high-high,9:high-high,,0,0,0,0,0,0,0,0.003,*0.997
769,9:high-high,9:high-high,,0,0,0,0,0,0,0,0.003,*0.997
770,9:high-high,9:high-high,,0,0,0,0,0,0,0,0.003,*0.997
771,9:high-high,9:high-high,,0,0,0,0,0,0,0,0.003,*0.997
772,9:high-high,9:high-high,,0,0,0,0,0,0,0,0.003,*0.997
773,9:high-high,9:high-high,,0,0,0,0,0,0,0,0.003,*0.997
774,9:high-high,9:high-high,,0,0,0,0,0,0,0,0.003,*0.997
775,9:high-high,9:high-high,,0,0,0,0,0,0,0,0.003,*0.997
776,9:high-high,9:high-high,,0,0,0,0,0,0,0,0.003,*0.997
777,9:high-high,9:high-high,,0,0,0,0,0,0,0,0.003,*0.997
778,9:high-high,9:high-high,,0,0,0,0,0,0,0,0.003,*0.997
779,9:high-high,9:high-high,,0,0,0,0,0,0,0,0.003,*0.997
780,9:high-high,9:high-high,,0,0,0,0,0,0,0,0.004,*0.996
781,9:high-high,9:high-high,,0,0,0,0,0,0,0,0.006,*0.994
782,9:high-high,9:high-high,,0,0,0,0,0,0,0,0.006,*0.994
783,9:high-high,9:high-high,,0,0,0,0,0,0,0,0.006,*0.994
784,9:high-high,9:high-high,,0,0,0,0,0,0,0,0.011,*0.989
785,9:high-high,9:high-high,,0,0,0,0,0,0,0,0.011,*0.989
786,9:high-high,9:high-high,,0,0,0,0,0,0,0,0.01,*0.99
787,9:high-high,9:high-high,,0,0,0,0,0,0,0,0.06,*0.94
788,9:high-high,9:high-high,,0,0,0,0,0,0,0.001,0.12,*0.879
789,9:high-high,9:high-high,,0,0,0,0,0,0,0,0.038,*0.961
790,9:high-high,9:high-high,,0,0,0,0,0,0,0.001,0.099,*0.9
791,9:high-high,9:high-high,,0,0,0,0,0,0,0.002,0.266,*0.732
792,9:high-high,9:high-high,,0,0,0,0,0,0,0.004,0.429,*0.567
793,9:high-high,9:high-high,,0,0,0,0,0,0,0.002,0.24,*0.758
794,9:high-high,8:high-medium,+,0,0,0,0,0,0,0.005,*0.508,0.488
795,9:high-high,8:high-medium,+,0,0,0,0,0,0,0.004,*0.601,0.395
796,9:high-high,8:high-medium,+,0,0,0,0,0,0,0.004,*0.585,0.411
797,9:high-high,8:high-medium,+,0,0,0,0,0,0,0.002,*0.821,0.177
798,9:high-high,8:high-medium,+,0,0,0,0,0,0,0.001,*0.866,0.133
799,9:high-high,8:high-medium,+,0,0,0,0,0,0,0.001,*0.867,0.131
800,9:high-high,8:high-medium,+,0,0,0,0,0,0,0.001,*0.943,0.057
801,9:high-high,8:high-medium,+,0,0,0,0,0,0,0.001,*0.952,0.047
802,9:high-high,8:high-medium,+,0,0,0,0,0,0,0.002,*0.823,0.175
803,9:high-high,8:high-medium,+,0,0,0,0,0,0,0.002,*0.787,0.211
804,9:high-high,8:high-medium,+,0,0,0,0,0,0,0.001,*0.942,0.058
805,9:high-high,8:high-medium,+,0,0,0,0,0,0,0,*0.959,0.041
806,9:high-high,8:high-medium,+,0,0,0,0,0,0,0.001,*0.94,0.06
807,9:high-high,8:high-medium,+,0,0,0,0,0,0,0.001,*0.943,0.056
808,9:high-high,8:high-medium,+,0,0,0,0,0,0,0.001,*0.98,0.019
809,9:high-high,8:high-medium,+,0,0,0,0,0,0,0,*0.988,0.012
810,8:high-medium,8:high-medium,,0,0,0,0,0,0,0.001,*0.983,0.016
811,8:high-medium,8:high-medium,,0,0,0,0,0,0,0,*0.96,0.04
812,8:high-medium,8:high-medium,,0,0,0,0,0,0,0.001,*0.977,0.022
813,8:high-medium,8:high-medium,,0,0,0,0,0,0,0.001,*0.985,0.014
814,8:high-medium,8:high-medium,,0,0,0,0,0,0,0,*0.969,0.031
815,8:high-medium,8:high-medium,,0,0,0,0,0,0,0.001,*0.951,0.048
816,9:high-high,8:high-medium,+,0,0,0,0,0,0,0,*0.974,0.026
817,8:high-medium,8:high-medium,,0,0,0,0,0,0,0,*0.96,0.04
818,7:high-low,8:high-medium,+,0,0,0,0,0,0,0.001,*0.959,0.04
819,8:high-medium,8:high-medium,,0,0,0,0,0,0,0.001,*0.947,0.052
820,8:high-medium,8:high-medium,,0,0,0,0,0,0,0,*0.97,0.03
821,8:high-medium,8:high-medium,,0,0,0,0,0,0,0.001,*0.899,0.1
822,8:high-medium,8:high-medium,,0,0,0,0,0,0,0,*0.975,0.024
823,8:high-medium,8:high-medium,,0,0,0,0,0,0,0.001,*0.982,0.018
824,8:high-medium,8:high-medium,,0,0,0,0,0,0,0.002,*0.78,0.218
825,8:high-medium,8:high-medium,,0,0,0,0,0,0,0.002,*0.86,0.138
826,9:high-high,9:high-high,,0,0,0,0,0,0,0.002,0.253,*0.745
827,9:high-high,9:high-high,,0,0,0,0,0,0,0.002,0.261,*0.737
828,9:high-high,9:high-high,,0,0,0,0,0,0,0.001,0.079,*0.92
829,9:high-high,8:high-medium,+,0,0,0,0,0,0,0.002,*0.78,0.218
830,8:high-medium,8:high-medium,,0,0,0,0,0,0,0.001,*0.892,0.107
831,8:high-medium,8:high-medium,,0,0,0,0,0,0,0,*0.961,0.038
832,8:high-medium,8:high-medium,,0,0,0,0,0,0,0,*0.955,0.044
833,9:high-high,8:high-medium,+,0,0,0,0,0,0,0.001,*0.964,0.035
834,8:high-medium,8:high-medium,,0,0,0,0,0,0,0.001,*0.925,0.074
835,9:high-high,8:high-medium,+,0,0,0,0,0,0,0.002,*0.821,0.177
836,8:high-medium,8:high-medium,,0,0,0,0,0,0,0.001,*0.935,0.065
837,8:high-medium,8:high-medium,,0,0,0,0,0,0,0.002,*0.812,0.185
838,9:high-high,8:high-medium,+,0,0,0,0,0,0,0.001,*0.945,0.053
839,8:high-medium,8:high-medium,,0,0,0,0,0,0,0.001,*0.927,0.072
840,9:high-high,8:high-medium,+,0,0,0,0,0,0,0.002,*0.791,0.207
841,8:high-medium,8:high-medium,,0,0,0,0,0,0,0.001,*0.888,0.111
842,9:high-high,8:high-medium,+,0,0,0,0,0,0,0.004,*0.618,0.379
843,9:high-high,8:high-medium,+,0,0,0,0,0,0,0.003,*0.665,0.332
844,9:high-high,9:high-high,,0,0,0,0,0,0,0.004,0.427,*0.57
845,9:high-high,8:high-medium,+,0,0,0,0,0,0,0.002,*0.853,0.146
846,7:high-low,7:high-low,,0,0,0,0,0,0,*0.996,0.004,0
