inst#,actual,predicted,error,distribution,,,,,,,,
1,8:high-medium,8:high-medium,,0,0,0,0,0,0,0.336,*0.609,0.055
2,8:high-medium,8:high-medium,,0,0,0,0,0,0,0.418,*0.528,0.054
3,8:high-medium,8:high-medium,,0,0,0,0,0,0,0.209,*0.728,0.063
4,8:high-medium,8:high-medium,,0,0,0,0,0,0,0.346,*0.616,0.038
5,8:high-medium,8:high-medium,,0,0,0,0,0,0,0.435,*0.523,0.043
6,7:high-low,8:high-medium,+,0,0,0,0,0,0,0.373,*0.585,0.042
7,8:high-medium,7:high-low,+,0,0,0,0,0,0,*0.539,0.417,0.044
8,8:high-medium,7:high-low,+,0,0,0,0,0,0,*0.653,0.327,0.02
9,8:high-medium,8:high-medium,,0,0,0,0,0,0,0.342,*0.579,0.079
10,8:high-medium,8:high-medium,,0,0,0,0,0,0,0.256,*0.69,0.054
11,7:high-low,8:high-medium,+,0,0,0,0,0,0,0.284,*0.61,0.106
12,8:high-medium,8:high-medium,,0,0,0,0,0,0,0.193,*0.675,0.132
13,8:high-medium,8:high-medium,,0,0,0,0,0,0,0.245,*0.671,0.083
14,8:high-medium,8:high-medium,,0,0,0,0,0,0,0.257,*0.636,0.106
15,8:high-medium,8:high-medium,,0,0,0,0,0,0,0.36,*0.56,0.08
16,8:high-medium,8:high-medium,,0,0,0,0,0,0,0.394,*0.539,0.067
17,8:high-medium,8:high-medium,,0,0,0,0,0,0,0.315,*0.578,0.107
18,8:high-medium,8:high-medium,,0,0,0,0,0,0,0.288,*0.616,0.097
19,8:high-medium,8:high-medium,,0,0,0,0,0,0,0.2,*0.722,0.079
20,8:high-medium,8:high-medium,,0,0,0,0,0,0,0.289,*0.627,0.084
21,7:high-low,8:high-medium,+,0,0,0,0,0,0,0.344,*0.553,0.103
22,7:high-low,8:high-medium,+,0,0,0,0,0,0,0.406,*0.514,0.081
23,7:high-low,8:high-medium,+,0,0,0,0,0,0,0.446,*0.475,0.079
24,7:high-low,8:high-medium,+,0,0,0,0,0,0,0.382,*0.539,0.079
25,7:high-low,8:high-medium,+,0,0,0,0,0,0,0.338,*0.576,0.086
26,8:high-medium,8:high-medium,,0,0,0,0,0,0,0.336,*0.595,0.069
27,7:high-low,8:high-medium,+,0,0,0,0,0,0,0.344,*0.578,0.077
28,8:high-medium,8:high-medium,,0,0,0,0,0,0,0.34,*0.581,0.078
29,8:high-medium,8:high-medium,,0,0,0,0,0,0,0.297,*0.612,0.092
30,8:high-medium,8:high-medium,,0,0,0,0,0,0,0.401,*0.533,0.066
31,8:high-medium,8:high-medium,,0,0,0,0,0,0,0.344,*0.569,0.087
32,8:high-medium,8:high-medium,,0,0,0,0,0,0,0.312,*0.584,0.104
33,8:high-medium,8:high-medium,,0,0,0,0,0,0,0.395,*0.503,0.102
34,8:high-medium,8:high-medium,,0,0,0,0,0,0,0.264,*0.61,0.127
35,8:high-medium,8:high-medium,,0,0,0,0,0,0,0.233,*0.638,0.129
36,8:high-medium,8:high-medium,,0,0,0,0,0,0,0.357,*0.527,0.116
37,8:high-medium,8:high-medium,,0,0,0,0,0,0,0.333,*0.565,0.101
38,8:high-medium,7:high-low,+,0,0,0,0,0,0,*0.7,0.215,0.084
39,7:high-low,8:high-medium,+,0,0,0,0,0,0,0.075,*0.596,0.329
40,8:high-medium,8:high-medium,,0,0,0,0,0,0,0.175,*0.535,0.29
41,8:high-medium,8:high-medium,,0,0,0,0,0,0,0.079,*0.531,0.389
42,8:high-medium,8:high-medium,,0,0,0,0,0,0,0.087,*0.691,0.222
43,8:high-medium,8:high-medium,,0,0,0,0,0,0,0.175,*0.685,0.14
44,7:high-low,8:high-medium,+,0,0,0,0,0,0,0.312,*0.554,0.134
45,7:high-low,8:high-medium,+,0,0,0,0,0,0,0.353,*0.529,0.118
46,8:high-medium,8:high-medium,,0,0,0,0,0,0,0.274,*0.602,0.124
47,7:high-low,8:high-medium,+,0,0,0,0,0,0,0.352,*0.558,0.09
48,7:high-low,8:high-medium,+,0,0,0,0,0,0,0.315,*0.594,0.091
49,8:high-medium,8:high-medium,,0,0,0,0,0,0,0.231,*0.649,0.119
50,8:high-medium,8:high-medium,,0,0,0,0,0,0,0.222,*0.656,0.122
51,8:high-medium,7:high-low,+,0,0,0,0,0,0,*0.694,0.261,0.046
52,8:high-medium,8:high-medium,,0,0,0,0,0,0,0.222,*0.59,0.188
53,8:high-medium,8:high-medium,,0,0,0,0,0,0,0.176,*0.624,0.199
54,8:high-medium,8:high-medium,,0,0,0,0,0,0,0.221,*0.63,0.149
55,8:high-medium,8:high-medium,,0,0,0,0,0,0,0.196,*0.654,0.15
56,8:high-medium,8:high-medium,,0,0,0,0,0,0,0.225,*0.614,0.161
57,8:high-medium,8:high-medium,,0,0,0,0,0,0,0.195,*0.626,0.178
58,8:high-medium,8:high-medium,,0,0,0,0,0,0,0.203,*0.631,0.166
59,8:high-medium,8:high-medium,,0,0,0,0,0,0,0.272,*0.563,0.165
60,8:high-medium,8:high-medium,,0,0,0,0,0,0,0.165,*0.674,0.16
61,8:high-medium,8:high-medium,,0,0,0,0,0,0,0.312,*0.54,0.147
62,8:high-medium,8:high-medium,,0,0,0,0,0,0,0.197,*0.674,0.129
63,8:high-medium,8:high-medium,,0,0,0,0,0,0,0.226,*0.61,0.164
64,8:high-medium,8:high-medium,,0,0,0,0,0,0,0.208,*0.631,0.161
65,8:high-medium,8:high-medium,,0,0,0,0,0,0,0.25,*0.574,0.175
66,8:high-medium,8:high-medium,,0,0,0,0,0,0,0.193,*0.614,0.193
67,8:high-medium,8:high-medium,,0,0,0,0,0,0,0.334,*0.51,0.157
68,8:high-medium,8:high-medium,,0,0,0,0,0,0,0.171,*0.656,0.172
69,8:high-medium,8:high-medium,,0,0,0,0,0,0,0.213,*0.656,0.131
70,8:high-medium,8:high-medium,,0,0,0,0,0,0,0.177,*0.629,0.193
71,8:high-medium,8:high-medium,,0,0,0,0,0,0,0.213,*0.624,0.163
72,8:high-medium,8:high-medium,,0,0,0,0,0,0,0.218,*0.6,0.181
73,8:high-medium,7:high-low,+,0,0,0,0,0,0,*0.616,0.311,0.072
74,8:high-medium,8:high-medium,,0,0,0,0,0,0,0.201,*0.6,0.199
75,9:high-high,8:high-medium,+,0,0,0,0,0,0,0.14,*0.655,0.205
76,9:high-high,8:high-medium,+,0,0,0,0,0,0,0.146,*0.605,0.248
77,9:high-high,8:high-medium,+,0,0,0,0,0,0,0.33,*0.502,0.168
78,8:high-medium,8:high-medium,,0,0,0,0,0,0,0.429,*0.448,0.123
79,8:high-medium,8:high-medium,,0,0,0,0,0,0,0.157,*0.64,0.203
80,9:high-high,7:high-low,+,0,0,0,0,0,0,*0.396,0.331,0.273
81,9:high-high,7:high-low,+,0,0,0,0,0,0,*0.462,0.323,0.215
82,9:high-high,7:high-low,+,0,0,0,0,0,0,*0.436,0.313,0.251
83,9:high-high,7:high-low,+,0,0,0,0,0,0,*0.423,0.368,0.21
84,9:high-high,7:high-low,+,0,0,0,0,0,0,*0.474,0.309,0.217
85,9:high-high,7:high-low,+,0,0,0,0,0,0,*0.5,0.286,0.214
86,9:high-high,7:high-low,+,0,0,0,0,0,0,*0.501,0.316,0.183
87,9:high-high,7:high-low,+,0,0,0,0,0,0,*0.507,0.317,0.177
88,9:high-high,7:high-low,+,0,0,0,0,0,0,*0.487,0.304,0.208
89,9:high-high,7:high-low,+,0,0,0,0,0,0,*0.657,0.208,0.135
90,9:high-high,7:high-low,+,0,0,0,0,0,0,*0.462,0.337,0.201
91,9:high-high,7:high-low,+,0,0,0,0,0,0,*0.468,0.324,0.209
92,9:high-high,7:high-low,+,0,0,0,0,0,0,*0.52,0.287,0.193
93,9:high-high,7:high-low,+,0,0,0,0,0,0,*0.479,0.306,0.215
94,9:high-high,7:high-low,+,0,0,0,0,0,0,*0.485,0.295,0.22
95,9:high-high,7:high-low,+,0,0,0,0,0,0,*0.483,0.309,0.208
96,9:high-high,7:high-low,+,0,0,0,0,0,0,*0.485,0.297,0.219
97,9:high-high,7:high-low,+,0,0,0,0,0,0,*0.431,0.341,0.228
98,9:high-high,9:high-high,,0,0,0,0,0,0,0.265,0.171,*0.564
99,9:high-high,9:high-high,,0,0,0,0,0,0,0.239,0.239,*0.521
100,9:high-high,9:high-high,,0,0,0,0,0,0,0.273,0.161,*0.567
101,9:high-high,7:high-low,+,0,0,0,0,0,0,*0.397,0.21,0.393
102,9:high-high,7:high-low,+,0,0,0,0,0,0,*0.56,0.248,0.192
103,9:high-high,7:high-low,+,0,0,0,0,0,0,*0.418,0.321,0.262
104,9:high-high,9:high-high,,0,0,0,0,0,0,0.209,0.138,*0.653
105,9:high-high,9:high-high,,0,0,0,0,0,0,0.211,0.116,*0.672
106,9:high-high,9:high-high,,0,0,0,0,0,0,0.387,0.117,*0.496
107,9:high-high,9:high-high,,0,0,0,0,0,0,0.39,0.12,*0.49
108,9:high-high,7:high-low,+,0,0,0,0,0,0,*0.441,0.298,0.261
109,9:high-high,7:high-low,+,0,0,0,0,0,0,*0.481,0.282,0.237
110,9:high-high,7:high-low,+,0,0,0,0,0,0,*0.423,0.293,0.284
111,9:high-high,7:high-low,+,0,0,0,0,0,0,*0.356,0.307,0.337
112,9:high-high,7:high-low,+,0,0,0,0,0,0,*0.378,0.285,0.337
113,9:high-high,7:high-low,+,0,0,0,0,0,0,*0.448,0.351,0.202
114,9:high-high,7:high-low,+,0,0,0,0,0,0,*0.473,0.349,0.179
115,9:high-high,7:high-low,+,0,0,0,0,0,0,*0.464,0.311,0.225
116,9:high-high,7:high-low,+,0,0,0,0,0,0,*0.593,0.317,0.09
117,8:high-medium,8:high-medium,,0,0,0,0,0,0,0.328,*0.485,0.187
118,8:high-medium,8:high-medium,,0,0,0,0,0,0,0.209,*0.478,0.313
119,9:high-high,8:high-medium,+,0,0,0,0,0,0,0.189,*0.472,0.339
120,9:high-high,9:high-high,,0,0,0,0,0,0,0.194,0.31,*0.497
121,9:high-high,9:high-high,,0,0,0,0,0,0,0.169,0.342,*0.488
122,9:high-high,9:high-high,,0,0,0,0,0,0,0.184,0.342,*0.474
123,9:high-high,8:high-medium,+,0,0,0,0,0,0,0.204,*0.444,0.352
124,9:high-high,9:high-high,,0,0,0,0,0,0,0.203,0.342,*0.455
125,9:high-high,9:high-high,,0,0,0,0,0,0,0.188,0.33,*0.482
126,9:high-high,9:high-high,,0,0,0,0,0,0,0.174,0.335,*0.491
127,9:high-high,9:high-high,,0,0,0,0,0,0,0.188,0.331,*0.48
128,9:high-high,9:high-high,,0,0,0,0,0,0,0.16,0.339,*0.5
129,9:high-high,9:high-high,,0,0,0,0,0,0,0.17,0.384,*0.446
130,9:high-high,8:high-medium,+,0,0,0,0,0,0,0.335,*0.441,0.223
131,9:high-high,8:high-medium,+,0,0,0,0,0,0,0.395,*0.428,0.176
132,9:high-high,8:high-medium,+,0,0,0,0,0,0,0.393,*0.49,0.117
133,9:high-high,8:high-medium,+,0,0,0,0,0,0,0.338,*0.497,0.165
134,9:high-high,8:high-medium,+,0,0,0,0,0,0,0.418,*0.48,0.102
135,9:high-high,8:high-medium,+,0,0,0,0,0,0,0.388,*0.492,0.12
136,9:high-high,7:high-low,+,0,0,0,0,0,0,*0.479,0.413,0.108
137,9:high-high,8:high-medium,+,0,0,0,0,0,0,0.439,*0.452,0.109
138,9:high-high,8:high-medium,+,0,0,0,0,0,0,0.379,*0.493,0.128
139,9:high-high,8:high-medium,+,0,0,0,0,0,0,0.435,*0.484,0.081
140,9:high-high,8:high-medium,+,0,0,0,0,0,0,0.397,*0.488,0.116
141,9:high-high,7:high-low,+,0,0,0,0,0,0,*0.443,0.414,0.143
142,9:high-high,7:high-low,+,0,0,0,0,0,0,*0.456,0.4,0.144
143,9:high-high,7:high-low,+,0,0,0,0,0,0,*0.471,0.41,0.119
144,9:high-high,8:high-medium,+,0,0,0,0,0,0,0.4,*0.484,0.116
145,9:high-high,8:high-medium,+,0,0,0,0,0,0,0.386,*0.506,0.108
146,9:high-high,8:high-medium,+,0,0,0,0,0,0,0.43,*0.452,0.117
147,9:high-high,7:high-low,+,0,0,0,0,0,0,*0.464,0.428,0.108
148,9:high-high,7:high-low,+,0,0,0,0,0,0,*0.463,0.387,0.149
149,9:high-high,7:high-low,+,0,0,0,0,0,0,*0.439,0.426,0.135
150,9:high-high,7:high-low,+,0,0,0,0,0,0,*0.487,0.443,0.07
151,9:high-high,8:high-medium,+,0,0,0,0,0,0,0.443,*0.463,0.094
152,9:high-high,7:high-low,+,0,0,0,0,0,0,*0.483,0.39,0.127
153,9:high-high,7:high-low,+,0,0,0,0,0,0,*0.496,0.389,0.114
154,9:high-high,7:high-low,+,0,0,0,0,0,0,*0.518,0.37,0.111
155,9:high-high,7:high-low,+,0,0,0,0,0,0,*0.554,0.363,0.084
156,9:high-high,7:high-low,+,0,0,0,0,0,0,*0.602,0.316,0.082
157,9:high-high,7:high-low,+,0,0,0,0,0,0,*0.533,0.377,0.091
158,9:high-high,7:high-low,+,0,0,0,0,0,0,*0.521,0.376,0.103
159,9:high-high,7:high-low,+,0,0,0,0,0,0,*0.507,0.404,0.089
160,9:high-high,7:high-low,+,0,0,0,0,0,0,*0.559,0.373,0.069
161,9:high-high,7:high-low,+,0,0,0,0,0,0,*0.615,0.311,0.073
162,9:high-high,7:high-low,+,0,0,0,0,0,0,*0.481,0.427,0.092
163,9:high-high,7:high-low,+,0,0,0,0,0,0,*0.546,0.36,0.094
164,9:high-high,7:high-low,+,0,0,0,0,0,0,*0.537,0.357,0.106
165,9:high-high,7:high-low,+,0,0,0,0,0,0,*0.517,0.391,0.092
166,9:high-high,7:high-low,+,0,0,0,0,0,0,*0.515,0.394,0.092
167,9:high-high,7:high-low,+,0,0,0,0,0,0,*0.531,0.385,0.084
168,9:high-high,7:high-low,+,0,0,0,0,0,0,*0.529,0.381,0.09
169,9:high-high,7:high-low,+,0,0,0,0,0,0,*0.503,0.388,0.108
170,9:high-high,7:high-low,+,0,0,0,0,0,0,*0.5,0.401,0.1
171,9:high-high,7:high-low,+,0,0,0,0,0,0,*0.506,0.389,0.106
172,9:high-high,7:high-low,+,0,0,0,0,0,0,*0.53,0.38,0.09
173,9:high-high,7:high-low,+,0,0,0,0,0,0,*0.498,0.402,0.1
174,9:high-high,7:high-low,+,0,0,0,0,0,0,*0.497,0.423,0.08
175,9:high-high,7:high-low,+,0,0,0,0,0,0,*0.523,0.39,0.086
176,9:high-high,7:high-low,+,0,0,0,0,0,0,*0.501,0.395,0.104
177,9:high-high,7:high-low,+,0,0,0,0,0,0,*0.475,0.42,0.104
178,9:high-high,8:high-medium,+,0,0,0,0,0,0,0.437,*0.484,0.079
179,9:high-high,7:high-low,+,0,0,0,0,0,0,*0.458,0.439,0.102
180,9:high-high,8:high-medium,+,0,0,0,0,0,0,0.438,*0.476,0.086
181,9:high-high,8:high-medium,+,0,0,0,0,0,0,0.418,*0.488,0.095
182,9:high-high,8:high-medium,+,0,0,0,0,0,0,0.431,*0.488,0.08
183,9:high-high,8:high-medium,+,0,0,0,0,0,0,0.384,*0.506,0.11
184,9:high-high,8:high-medium,+,0,0,0,0,0,0,0.422,*0.492,0.086
185,9:high-high,7:high-low,+,0,0,0,0,0,0,*0.454,0.45,0.095
186,9:high-high,8:high-medium,+,0,0,0,0,0,0,0.364,*0.532,0.105
187,9:high-high,8:high-medium,+,0,0,0,0,0,0,0.411,*0.485,0.104
188,9:high-high,8:high-medium,+,0,0,0,0,0,0,0.345,*0.556,0.1
189,9:high-high,8:high-medium,+,0,0,0,0,0,0,0.432,*0.471,0.098
190,9:high-high,8:high-medium,+,0,0,0,0,0,0,0.334,*0.516,0.151
191,9:high-high,7:high-low,+,0,0,0,0,0,0,*0.59,0.343,0.067
192,9:high-high,8:high-medium,+,0,0,0,0,0,0,0.403,*0.51,0.087
193,9:high-high,8:high-medium,+,0,0,0,0,0,0,0.351,*0.52,0.128
194,9:high-high,8:high-medium,+,0,0,0,0,0,0,0.309,*0.553,0.138
195,9:high-high,8:high-medium,+,0,0,0,0,0,0,0.31,*0.59,0.1
196,9:high-high,8:high-medium,+,0,0,0,0,0,0,0.321,*0.561,0.117
197,9:high-high,8:high-medium,+,0,0,0,0,0,0,0.362,*0.522,0.116
198,9:high-high,8:high-medium,+,0,0,0,0,0,0,0.303,*0.552,0.145
199,9:high-high,8:high-medium,+,0,0,0,0,0,0,0.326,*0.547,0.128
200,9:high-high,8:high-medium,+,0,0,0,0,0,0,0.32,*0.542,0.137
201,9:high-high,8:high-medium,+,0,0,0,0,0,0,0.45,*0.491,0.058
202,9:high-high,7:high-low,+,0,0,0,0,0,0,*0.506,0.465,0.029
203,8:high-medium,7:high-low,+,0,0,0,0,0,0,*0.617,0.345,0.038
204,9:high-high,7:high-low,+,0,0,0,0,0,0,*0.572,0.393,0.034
205,9:high-high,7:high-low,+,0,0,0,0,0,0,*0.494,0.464,0.043
206,8:high-medium,7:high-low,+,0,0,0,0,0,0,*0.536,0.437,0.027
207,9:high-high,7:high-low,+,0,0,0,0,0,0,*0.502,0.466,0.032
208,8:high-medium,7:high-low,+,0,0,0,0,0,0,*0.604,0.372,0.023
209,8:high-medium,7:high-low,+,0,0,0,0,0,0,*0.534,0.43,0.036
210,7:high-low,7:high-low,,0,0,0,0,0,0,*0.524,0.444,0.033
211,9:high-high,7:high-low,+,0,0,0,0,0,0,*0.483,0.48,0.037
212,9:high-high,8:high-medium,+,0,0,0,0,0,0,0.472,*0.49,0.037
213,9:high-high,8:high-medium,+,0,0,0,0,0,0,0.463,*0.506,0.031
214,9:high-high,7:high-low,+,0,0,0,0,0,0,*0.49,0.478,0.032
215,9:high-high,8:high-medium,+,0,0,0,0,0,0,0.459,*0.496,0.045
216,9:high-high,8:high-medium,+,0,0,0,0,0,0,0.441,*0.511,0.048
217,9:high-high,8:high-medium,+,0,0,0,0,0,0,0.475,*0.487,0.038
218,9:high-high,8:high-medium,+,0,0,0,0,0,0,0.456,*0.496,0.048
219,9:high-high,8:high-medium,+,0,0,0,0,0,0,0.408,*0.532,0.06
220,9:high-high,7:high-low,+,0,0,0,0,0,0,*0.488,0.476,0.037
221,9:high-high,7:high-low,+,0,0,0,0,0,0,*0.519,0.45,0.031
222,9:high-high,7:high-low,+,0,0,0,0,0,0,*0.509,0.452,0.038
223,9:high-high,7:high-low,+,0,0,0,0,0,0,*0.491,0.471,0.037
224,8:high-medium,7:high-low,+,0,0,0,0,0,0,*0.558,0.413,0.029
225,8:high-medium,8:high-medium,,0,0,0,0,0,0,0.424,*0.531,0.045
226,9:high-high,8:high-medium,+,0,0,0,0,0,0,0.463,*0.488,0.049
227,8:high-medium,8:high-medium,,0,0,0,0,0,0,0.464,*0.502,0.034
228,8:high-medium,7:high-low,+,0,0,0,0,0,0,*0.508,0.46,0.032
229,8:high-medium,8:high-medium,,0,0,0,0,0,0,0.433,*0.532,0.035
230,8:high-medium,7:high-low,+,0,0,0,0,0,0,*0.554,0.417,0.03
231,8:high-medium,7:high-low,+,0,0,0,0,0,0,*0.553,0.423,0.024
232,8:high-medium,7:high-low,+,0,0,0,0,0,0,*0.485,0.474,0.042
233,8:high-medium,7:high-low,+,0,0,0,0,0,0,*0.512,0.438,0.05
234,8:high-medium,7:high-low,+,0,0,0,0,0,0,*0.575,0.383,0.042
235,8:high-medium,7:high-low,+,0,0,0,0,0,0,*0.562,0.401,0.037
236,9:high-high,8:high-medium,+,0,0,0,0,0,0,0.429,*0.526,0.045
237,8:high-medium,8:high-medium,,0,0,0,0,0,0,0.459,*0.491,0.051
238,9:high-high,8:high-medium,+,0,0,0,0,0,0,0.431,*0.515,0.054
239,8:high-medium,7:high-low,+,0,0,0,0,0,0,*0.479,0.467,0.054
240,9:high-high,8:high-medium,+,0,0,0,0,0,0,0.451,*0.492,0.057
241,9:high-high,7:high-low,+,0,0,0,0,0,0,*0.476,0.455,0.07
242,9:high-high,8:high-medium,+,0,0,0,0,0,0,0.347,*0.563,0.09
243,9:high-high,8:high-medium,+,0,0,0,0,0,0,0.264,*0.595,0.141
244,9:high-high,8:high-medium,+,0,0,0,0,0,0,0.385,*0.503,0.112
245,9:high-high,8:high-medium,+,0,0,0,0,0,0,0.411,*0.48,0.109
246,9:high-high,8:high-medium,+,0,0,0,0,0,0,0.325,*0.539,0.136
247,9:high-high,8:high-medium,+,0,0,0,0,0,0,0.41,*0.473,0.118
248,9:high-high,8:high-medium,+,0,0,0,0,0,0,0.421,*0.46,0.118
249,9:high-high,8:high-medium,+,0,0,0,0,0,0,0.379,*0.503,0.118
250,9:high-high,8:high-medium,+,0,0,0,0,0,0,0.394,*0.503,0.104
251,9:high-high,8:high-medium,+,0,0,0,0,0,0,0.419,*0.455,0.126
252,9:high-high,8:high-medium,+,0,0,0,0,0,0,0.309,*0.547,0.144
253,9:high-high,8:high-medium,+,0,0,0,0,0,0,0.306,*0.532,0.162
254,9:high-high,8:high-medium,+,0,0,0,0,0,0,0.316,*0.527,0.157
255,9:high-high,8:high-medium,+,0,0,0,0,0,0,0.258,*0.563,0.179
256,9:high-high,8:high-medium,+,0,0,0,0,0,0,0.275,*0.567,0.158
257,9:high-high,8:high-medium,+,0,0,0,0,0,0,0.287,*0.572,0.141
258,9:high-high,8:high-medium,+,0,0,0,0,0,0,0.316,*0.532,0.152
259,9:high-high,8:high-medium,+,0,0,0,0,0,0,0.309,*0.537,0.154
260,9:high-high,8:high-medium,+,0,0,0,0,0,0,0.295,*0.56,0.144
261,9:high-high,8:high-medium,+,0,0,0,0,0,0,0.382,*0.498,0.12
262,9:high-high,7:high-low,+,0,0,0,0,0,0,*0.454,0.437,0.109
263,9:high-high,8:high-medium,+,0,0,0,0,0,0,0.351,*0.54,0.109
264,9:high-high,8:high-medium,+,0,0,0,0,0,0,0.317,*0.55,0.133
265,8:high-medium,7:high-low,+,0,0,0,0,0,0,*0.511,0.398,0.091
266,9:high-high,7:high-low,+,0,0,0,0,0,0,*0.542,0.374,0.084
267,8:high-medium,7:high-low,+,0,0,0,0,0,0,*0.536,0.377,0.087
268,9:high-high,7:high-low,+,0,0,0,0,0,0,*0.485,0.436,0.078
269,9:high-high,8:high-medium,+,0,0,0,0,0,0,0.354,*0.508,0.137
270,9:high-high,8:high-medium,+,0,0,0,0,0,0,0.365,*0.523,0.112
271,8:high-medium,7:high-low,+,0,0,0,0,0,0,*0.486,0.417,0.096
272,8:high-medium,7:high-low,+,0,0,0,0,0,0,*0.555,0.372,0.073
273,8:high-medium,7:high-low,+,0,0,0,0,0,0,*0.539,0.393,0.068
274,8:high-medium,8:high-medium,,0,0,0,0,0,0,0.446,*0.472,0.082
275,9:high-high,7:high-low,+,0,0,0,0,0,0,*0.529,0.385,0.086
276,8:high-medium,7:high-low,+,0,0,0,0,0,0,*0.51,0.409,0.081
277,8:high-medium,7:high-low,+,0,0,0,0,0,0,*0.594,0.347,0.059
278,8:high-medium,7:high-low,+,0,0,0,0,0,0,*0.564,0.367,0.069
279,8:high-medium,8:high-medium,,0,0,0,0,0,0,0.402,*0.518,0.081
280,8:high-medium,7:high-low,+,0,0,0,0,0,0,*0.544,0.379,0.077
281,8:high-medium,7:high-low,+,0,0,0,0,0,0,*0.61,0.33,0.06
282,8:high-medium,7:high-low,+,0,0,0,0,0,0,*0.554,0.368,0.078
283,8:high-medium,7:high-low,+,0,0,0,0,0,0,*0.571,0.347,0.083
284,8:high-medium,7:high-low,+,0,0,0,0,0,0,*0.579,0.347,0.074
285,8:high-medium,7:high-low,+,0,0,0,0,0,0,*0.544,0.377,0.079
286,8:high-medium,7:high-low,+,0,0,0,0,0,0,*0.523,0.394,0.083
287,8:high-medium,7:high-low,+,0,0,0,0,0,0,*0.584,0.341,0.075
288,8:high-medium,7:high-low,+,0,0,0,0,0,0,*0.483,0.423,0.094
289,8:high-medium,7:high-low,+,0,0,0,0,0,0,*0.56,0.353,0.087
290,8:high-medium,7:high-low,+,0,0,0,0,0,0,*0.577,0.342,0.08
291,8:high-medium,7:high-low,+,0,0,0,0,0,0,*0.549,0.371,0.079
292,8:high-medium,7:high-low,+,0,0,0,0,0,0,*0.535,0.381,0.084
293,8:high-medium,7:high-low,+,0,0,0,0,0,0,*0.521,0.403,0.076
294,8:high-medium,7:high-low,+,0,0,0,0,0,0,*0.607,0.32,0.073
295,8:high-medium,7:high-low,+,0,0,0,0,0,0,*0.611,0.321,0.068
296,8:high-medium,7:high-low,+,0,0,0,0,0,0,*0.545,0.371,0.084
297,8:high-medium,7:high-low,+,0,0,0,0,0,0,*0.549,0.364,0.087
298,8:high-medium,7:high-low,+,0,0,0,0,0,0,*0.542,0.367,0.091
299,8:high-medium,7:high-low,+,0,0,0,0,0,0,*0.594,0.335,0.071
300,8:high-medium,7:high-low,+,0,0,0,0,0,0,*0.556,0.355,0.09
301,8:high-medium,7:high-low,+,0,0,0,0,0,0,*0.581,0.337,0.081
302,8:high-medium,7:high-low,+,0,0,0,0,0,0,*0.573,0.339,0.088
303,8:high-medium,7:high-low,+,0,0,0,0,0,0,*0.625,0.322,0.054
304,8:high-medium,7:high-low,+,0,0,0,0,0,0,*0.592,0.332,0.077
305,8:high-medium,7:high-low,+,0,0,0,0,0,0,*0.606,0.311,0.084
306,8:high-medium,7:high-low,+,0,0,0,0,0,0,*0.618,0.3,0.082
307,8:high-medium,7:high-low,+,0,0,0,0,0,0,*0.639,0.287,0.074
308,8:high-medium,7:high-low,+,0,0,0,0,0,0,*0.594,0.325,0.081
309,8:high-medium,7:high-low,+,0,0,0,0,0,0,*0.626,0.284,0.09
310,8:high-medium,7:high-low,+,0,0,0,0,0,0,*0.588,0.324,0.088
311,8:high-medium,7:high-low,+,0,0,0,0,0,0,*0.671,0.264,0.065
312,8:high-medium,7:high-low,+,0,0,0,0,0,0,*0.635,0.298,0.067
313,8:high-medium,7:high-low,+,0,0,0,0,0,0,*0.668,0.276,0.055
314,8:high-medium,7:high-low,+,0,0,0,0,0,0,*0.61,0.332,0.057
315,8:high-medium,7:high-low,+,0,0,0,0,0,0,*0.706,0.252,0.042
316,8:high-medium,7:high-low,+,0,0,0,0,0,0,*0.706,0.264,0.03
317,8:high-medium,7:high-low,+,0,0,0,0,0,0,*0.639,0.319,0.042
318,8:high-medium,7:high-low,+,0,0,0,0,0,0,*0.693,0.273,0.034
319,8:high-medium,7:high-low,+,0,0,0,0,0,0,*0.743,0.223,0.034
320,8:high-medium,7:high-low,+,0,0,0,0,0,0,*0.765,0.204,0.031
321,8:high-medium,7:high-low,+,0,0,0,0,0,0,*0.722,0.245,0.033
322,7:high-low,7:high-low,,0,0,0,0,0,0,*0.708,0.251,0.042
323,8:high-medium,7:high-low,+,0,0,0,0,0,0,*0.721,0.244,0.035
324,8:high-medium,7:high-low,+,0,0,0,0,0,0,*0.735,0.225,0.041
325,8:high-medium,7:high-low,+,0,0,0,0,0,0,*0.684,0.273,0.043
326,8:high-medium,7:high-low,+,0,0,0,0,0,0,*0.698,0.259,0.043
327,8:high-medium,7:high-low,+,0,0,0,0,0,0,*0.762,0.214,0.024
328,8:high-medium,7:high-low,+,0,0,0,0,0,0,*0.698,0.268,0.035
329,8:high-medium,7:high-low,+,0,0,0,0,0,0,*0.76,0.214,0.026
330,8:high-medium,7:high-low,+,0,0,0,0,0,0,*0.748,0.222,0.03
331,8:high-medium,7:high-low,+,0,0,0,0,0,0,*0.715,0.258,0.027
332,8:high-medium,7:high-low,+,0,0,0,0,0,0,*0.735,0.24,0.025
333,8:high-medium,7:high-low,+,0,0,0,0,0,0,*0.728,0.241,0.031
334,8:high-medium,7:high-low,+,0,0,0,0,0,0,*0.682,0.293,0.026
335,8:high-medium,7:high-low,+,0,0,0,0,0,0,*0.705,0.273,0.022
336,8:high-medium,7:high-low,+,0,0,0,0,0,0,*0.702,0.274,0.024
337,8:high-medium,7:high-low,+,0,0,0,0,0,0,*0.72,0.256,0.024
338,8:high-medium,7:high-low,+,0,0,0,0,0,0,*0.658,0.317,0.025
339,9:high-high,7:high-low,+,0,0,0,0,0,0,*0.691,0.28,0.029
340,8:high-medium,7:high-low,+,0,0,0,0,0,0,*0.555,0.415,0.03
341,8:high-medium,7:high-low,+,0,0,0,0,0,0,*0.726,0.235,0.038
342,8:high-medium,8:high-medium,,0,0,0,0,0,0,0.475,*0.48,0.046
343,8:high-medium,7:high-low,+,0,0,0,0,0,0,*0.529,0.42,0.051
344,8:high-medium,7:high-low,+,0,0,0,0,0,0,*0.678,0.277,0.045
345,8:high-medium,7:high-low,+,0,0,0,0,0,0,*0.514,0.424,0.062
346,8:high-medium,7:high-low,+,0,0,0,0,0,0,*0.51,0.44,0.05
347,9:high-high,7:high-low,+,0,0,0,0,0,0,*0.669,0.284,0.047
348,9:high-high,7:high-low,+,0,0,0,0,0,0,*0.509,0.434,0.057
349,8:high-medium,7:high-low,+,0,0,0,0,0,0,*0.484,0.458,0.058
350,9:high-high,7:high-low,+,0,0,0,0,0,0,*0.674,0.281,0.046
351,8:high-medium,7:high-low,+,0,0,0,0,0,0,*0.508,0.423,0.068
352,9:high-high,7:high-low,+,0,0,0,0,0,0,*0.467,0.459,0.073
353,9:high-high,7:high-low,+,0,0,0,0,0,0,*0.719,0.244,0.037
354,7:high-low,7:high-low,,0,0,0,0,0,0,*0.551,0.368,0.082
355,8:high-medium,8:high-medium,,0,0,0,0,0,0,0.369,*0.527,0.104
356,8:high-medium,7:high-low,+,0,0,0,0,0,0,*0.631,0.322,0.046
357,9:high-high,7:high-low,+,0,0,0,0,0,0,*0.696,0.251,0.053
358,8:high-medium,8:high-medium,,0,0,0,0,0,0,0.443,*0.491,0.066
359,9:high-high,7:high-low,+,0,0,0,0,0,0,*0.488,0.443,0.068
360,9:high-high,7:high-low,+,0,0,0,0,0,0,*0.676,0.275,0.049
361,7:high-low,7:high-low,,0,0,0,0,0,0,*0.508,0.284,0.208
362,7:high-low,7:high-low,,0,0,0,0,0,0,*0.508,0.284,0.208
363,7:high-low,7:high-low,,0,0,0,0,0,0,*0.586,0.17,0.244
364,8:high-medium,7:high-low,+,0,0,0,0,0,0,*0.718,0.258,0.024
365,9:high-high,7:high-low,+,0,0,0,0,0,0,*0.671,0.302,0.028
366,9:high-high,7:high-low,+,0,0,0,0,0,0,*0.633,0.299,0.069
367,9:high-high,7:high-low,+,0,0,0,0,0,0,*0.62,0.328,0.052
368,9:high-high,7:high-low,+,0,0,0,0,0,0,*0.681,0.296,0.022
369,8:high-medium,7:high-low,+,0,0,0,0,0,0,*0.699,0.278,0.023
370,9:high-high,7:high-low,+,0,0,0,0,0,0,*0.69,0.296,0.014
371,8:high-medium,7:high-low,+,0,0,0,0,0,0,*0.683,0.303,0.014
372,9:high-high,7:high-low,+,0,0,0,0,0,0,*0.689,0.297,0.014
373,8:high-medium,7:high-low,+,0,0,0,0,0,0,*0.696,0.291,0.014
374,8:high-medium,7:high-low,+,0,0,0,0,0,0,*0.691,0.295,0.014
375,8:high-medium,7:high-low,+,0,0,0,0,0,0,*0.687,0.297,0.016
376,9:high-high,7:high-low,+,0,0,0,0,0,0,*0.703,0.282,0.015
377,8:high-medium,7:high-low,+,0,0,0,0,0,0,*0.691,0.294,0.014
378,8:high-medium,7:high-low,+,0,0,0,0,0,0,*0.686,0.293,0.021
379,9:high-high,7:high-low,+,0,0,0,0,0,0,*0.694,0.279,0.027
380,9:high-high,7:high-low,+,0,0,0,0,0,0,*0.705,0.282,0.013
381,8:high-medium,7:high-low,+,0,0,0,0,0,0,*0.728,0.251,0.021
382,9:high-high,7:high-low,+,0,0,0,0,0,0,*0.707,0.263,0.03
383,9:high-high,7:high-low,+,0,0,0,0,0,0,*0.673,0.304,0.022
384,9:high-high,7:high-low,+,0,0,0,0,0,0,*0.562,0.388,0.05
385,9:high-high,7:high-low,+,0,0,0,0,0,0,*0.675,0.282,0.044
386,9:high-high,7:high-low,+,0,0,0,0,0,0,*0.704,0.272,0.024
387,9:high-high,7:high-low,+,0,0,0,0,0,0,*0.701,0.265,0.033
388,9:high-high,7:high-low,+,0,0,0,0,0,0,*0.663,0.302,0.035
389,9:high-high,7:high-low,+,0,0,0,0,0,0,*0.672,0.297,0.031
390,8:high-medium,7:high-low,+,0,0,0,0,0,0,*0.664,0.306,0.03
391,9:high-high,7:high-low,+,0,0,0,0,0,0,*0.693,0.272,0.035
392,9:high-high,7:high-low,+,0,0,0,0,0,0,*0.601,0.355,0.044
393,9:high-high,7:high-low,+,0,0,0,0,0,0,*0.717,0.256,0.027
394,9:high-high,7:high-low,+,0,0,0,0,0,0,*0.658,0.301,0.041
395,9:high-high,7:high-low,+,0,0,0,0,0,0,*0.67,0.3,0.03
396,9:high-high,7:high-low,+,0,0,0,0,0,0,*0.672,0.3,0.028
397,9:high-high,7:high-low,+,0,0,0,0,0,0,*0.662,0.308,0.031
398,9:high-high,7:high-low,+,0,0,0,0,0,0,*0.672,0.291,0.036
399,9:high-high,7:high-low,+,0,0,0,0,0,0,*0.637,0.325,0.037
400,9:high-high,7:high-low,+,0,0,0,0,0,0,*0.63,0.326,0.044
401,9:high-high,7:high-low,+,0,0,0,0,0,0,*0.676,0.287,0.037
402,9:high-high,7:high-low,+,0,0,0,0,0,0,*0.675,0.297,0.028
403,9:high-high,7:high-low,+,0,0,0,0,0,0,*0.667,0.305,0.027
404,9:high-high,7:high-low,+,0,0,0,0,0,0,*0.639,0.318,0.043
405,7:high-low,7:high-low,,0,0,0,0,0,0,*0.63,0.328,0.042
406,9:high-high,7:high-low,+,0,0,0,0,0,0,*0.649,0.311,0.04
407,7:high-low,7:high-low,,0,0,0,0,0,0,*0.687,0.285,0.028
408,9:high-high,7:high-low,+,0,0,0,0,0,0,*0.689,0.276,0.036
409,8:high-medium,7:high-low,+,0,0,0,0,0,0,*0.666,0.306,0.027
410,8:high-medium,7:high-low,+,0,0,0,0,0,0,*0.664,0.297,0.039
411,9:high-high,7:high-low,+,0,0,0,0,0,0,*0.723,0.249,0.028
412,8:high-medium,7:high-low,+,0,0,0,0,0,0,*0.717,0.248,0.034
413,9:high-high,7:high-low,+,0,0,0,0,0,0,*0.632,0.324,0.044
414,9:high-high,7:high-low,+,0,0,0,0,0,0,*0.649,0.313,0.038
415,8:high-medium,7:high-low,+,0,0,0,0,0,0,*0.631,0.32,0.049
416,8:high-medium,7:high-low,+,0,0,0,0,0,0,*0.67,0.292,0.037
417,8:high-medium,7:high-low,+,0,0,0,0,0,0,*0.697,0.277,0.026
418,8:high-medium,7:high-low,+,0,0,0,0,0,0,*0.633,0.32,0.048
419,9:high-high,7:high-low,+,0,0,0,0,0,0,*0.697,0.27,0.032
420,8:high-medium,7:high-low,+,0,0,0,0,0,0,*0.725,0.247,0.027
421,8:high-medium,7:high-low,+,0,0,0,0,0,0,*0.664,0.302,0.034
422,8:high-medium,7:high-low,+,0,0,0,0,0,0,*0.718,0.261,0.021
423,8:high-medium,7:high-low,+,0,0,0,0,0,0,*0.736,0.239,0.025
424,8:high-medium,7:high-low,+,0,0,0,0,0,0,*0.733,0.236,0.031
425,8:high-medium,7:high-low,+,0,0,0,0,0,0,*0.741,0.237,0.023
426,8:high-medium,7:high-low,+,0,0,0,0,0,0,*0.755,0.22,0.025
427,8:high-medium,7:high-low,+,0,0,0,0,0,0,*0.753,0.229,0.018
428,8:high-medium,7:high-low,+,0,0,0,0,0,0,*0.774,0.206,0.02
429,8:high-medium,7:high-low,+,0,0,0,0,0,0,*0.764,0.22,0.016
430,8:high-medium,7:high-low,+,0,0,0,0,0,0,*0.789,0.186,0.026
431,8:high-medium,7:high-low,+,0,0,0,0,0,0,*0.758,0.206,0.036
432,8:high-medium,7:high-low,+,0,0,0,0,0,0,*0.711,0.25,0.04
433,8:high-medium,7:high-low,+,0,0,0,0,0,0,*0.746,0.221,0.033
434,8:high-medium,7:high-low,+,0,0,0,0,0,0,*0.713,0.252,0.035
435,8:high-medium,7:high-low,+,0,0,0,0,0,0,*0.69,0.271,0.039
436,8:high-medium,7:high-low,+,0,0,0,0,0,0,*0.715,0.255,0.03
437,8:high-medium,7:high-low,+,0,0,0,0,0,0,*0.759,0.216,0.025
438,8:high-medium,7:high-low,+,0,0,0,0,0,0,*0.701,0.267,0.032
439,8:high-medium,7:high-low,+,0,0,0,0,0,0,*0.753,0.221,0.025
440,8:high-medium,7:high-low,+,0,0,0,0,0,0,*0.734,0.234,0.032
441,8:high-medium,7:high-low,+,0,0,0,0,0,0,*0.716,0.25,0.034
442,8:high-medium,7:high-low,+,0,0,0,0,0,0,*0.73,0.249,0.02
443,8:high-medium,7:high-low,+,0,0,0,0,0,0,*0.736,0.244,0.02
444,8:high-medium,7:high-low,+,0,0,0,0,0,0,*0.691,0.279,0.031
445,8:high-medium,7:high-low,+,0,0,0,0,0,0,*0.734,0.225,0.041
446,8:high-medium,7:high-low,+,0,0,0,0,0,0,*0.704,0.275,0.021
447,8:high-medium,7:high-low,+,0,0,0,0,0,0,*0.721,0.248,0.031
448,8:high-medium,7:high-low,+,0,0,0,0,0,0,*0.718,0.247,0.035
449,8:high-medium,7:high-low,+,0,0,0,0,0,0,*0.744,0.222,0.035
450,7:high-low,7:high-low,,0,0,0,0,0,0,*0.746,0.229,0.025
451,8:high-medium,7:high-low,+,0,0,0,0,0,0,*0.724,0.248,0.028
452,8:high-medium,7:high-low,+,0,0,0,0,0,0,*0.749,0.215,0.036
453,8:high-medium,7:high-low,+,0,0,0,0,0,0,*0.761,0.205,0.035
454,8:high-medium,7:high-low,+,0,0,0,0,0,0,*0.8,0.16,0.04
455,7:high-low,7:high-low,,0,0,0,0,0,0,*0.711,0.245,0.043
456,8:high-medium,7:high-low,+,0,0,0,0,0,0,*0.788,0.18,0.032
457,8:high-medium,7:high-low,+,0,0,0,0,0,0,*0.727,0.251,0.021
458,7:high-low,7:high-low,,0,0,0,0,0,0,*0.755,0.205,0.04
459,7:high-low,7:high-low,,0,0,0,0,0,0,*0.756,0.221,0.023
460,8:high-medium,7:high-low,+,0,0,0,0,0,0,*0.785,0.183,0.032
461,7:high-low,7:high-low,,0,0,0,0,0,0,*0.761,0.214,0.025
462,8:high-medium,7:high-low,+,0,0,0,0,0,0,*0.788,0.18,0.031
463,7:high-low,7:high-low,,0,0,0,0,0,0,*0.75,0.219,0.03
464,7:high-low,7:high-low,,0,0,0,0,0,0,*0.781,0.194,0.024
465,7:high-low,7:high-low,,0,0,0,0,0,0,*0.783,0.194,0.022
466,7:high-low,7:high-low,,0,0,0,0,0,0,*0.783,0.187,0.03
467,7:high-low,7:high-low,,0,0,0,0,0,0,*0.735,0.195,0.071
468,7:high-low,7:high-low,,0,0,0,0,0,0,*0.73,0.206,0.065
469,8:high-medium,7:high-low,+,0,0,0,0,0,0,*0.658,0.261,0.081
470,8:high-medium,7:high-low,+,0,0,0,0,0,0,*0.666,0.264,0.07
471,7:high-low,7:high-low,,0,0,0,0,0,0,*0.694,0.234,0.072
472,7:high-low,7:high-low,,0,0,0,0,0,0,*0.663,0.27,0.067
473,7:high-low,7:high-low,,0,0,0,0,0,0,*0.664,0.269,0.067
474,8:high-medium,7:high-low,+,0,0,0,0,0,0,*0.719,0.237,0.044
475,7:high-low,7:high-low,,0,0,0,0,0,0,*0.771,0.192,0.037
476,8:high-medium,7:high-low,+,0,0,0,0,0,0,*0.813,0.152,0.034
477,7:high-low,7:high-low,,0,0,0,0,0,0,*0.838,0.141,0.021
478,7:high-low,7:high-low,,0,0,0,0,0,0,*0.808,0.165,0.027
479,8:high-medium,7:high-low,+,0,0,0,0,0,0,*0.798,0.173,0.03
480,7:high-low,7:high-low,,0,0,0,0,0,0,*0.758,0.216,0.026
481,7:high-low,7:high-low,,0,0,0,0,0,0,*0.783,0.188,0.028
482,7:high-low,7:high-low,,0,0,0,0,0,0,*0.74,0.23,0.03
483,7:high-low,7:high-low,,0,0,0,0,0,0,*0.746,0.219,0.035
484,7:high-low,7:high-low,,0,0,0,0,0,0,*0.706,0.253,0.041
485,7:high-low,7:high-low,,0,0,0,0,0,0,*0.755,0.21,0.035
486,8:high-medium,7:high-low,+,0,0,0,0,0,0,*0.758,0.211,0.031
487,7:high-low,7:high-low,,0,0,0,0,0,0,*0.776,0.203,0.02
488,7:high-low,7:high-low,,0,0,0,0,0,0,*0.773,0.197,0.029
489,7:high-low,7:high-low,,0,0,0,0,0,0,*0.811,0.155,0.033
490,8:high-medium,7:high-low,+,0,0,0,0,0,0,*0.823,0.153,0.025
491,7:high-low,7:high-low,,0,0,0,0,0,0,*0.81,0.158,0.032
492,8:high-medium,7:high-low,+,0,0,0,0,0,0,*0.803,0.154,0.042
493,8:high-medium,7:high-low,+,0,0,0,0,0,0,*0.806,0.155,0.039
494,8:high-medium,7:high-low,+,0,0,0,0,0,0,*0.729,0.228,0.043
495,8:high-medium,7:high-low,+,0,0,0,0,0,0,*0.727,0.235,0.038
496,8:high-medium,7:high-low,+,0,0,0,0,0,0,*0.691,0.286,0.023
497,8:high-medium,7:high-low,+,0,0,0,0,0,0,*0.755,0.196,0.049
498,8:high-medium,7:high-low,+,0,0,0,0,0,0,*0.724,0.25,0.026
499,8:high-medium,7:high-low,+,0,0,0,0,0,0,*0.705,0.269,0.027
500,8:high-medium,7:high-low,+,0,0,0,0,0,0,*0.715,0.259,0.025
501,9:high-high,7:high-low,+,0,0,0,0,0,0,*0.623,0.352,0.025
502,8:high-medium,7:high-low,+,0,0,0,0,0,0,*0.641,0.324,0.035
503,8:high-medium,7:high-low,+,0,0,0,0,0,0,*0.617,0.328,0.055
504,9:high-high,7:high-low,+,0,0,0,0,0,0,*0.685,0.28,0.035
505,8:high-medium,7:high-low,+,0,0,0,0,0,0,*0.82,0.153,0.026
506,7:high-low,7:high-low,,0,0,0,0,0,0,*0.811,0.157,0.033
507,7:high-low,7:high-low,,0,0,0,0,0,0,*0.823,0.15,0.027
508,8:high-medium,7:high-low,+,0,0,0,0,0,0,*0.817,0.149,0.034
509,8:high-medium,7:high-low,+,0,0,0,0,0,0,*0.82,0.133,0.047
510,8:high-medium,7:high-low,+,0,0,0,0,0,0,*0.803,0.169,0.029
511,8:high-medium,7:high-low,+,0,0,0,0,0,0,*0.752,0.213,0.035
512,8:high-medium,7:high-low,+,0,0,0,0,0,0,*0.747,0.225,0.028
513,8:high-medium,7:high-low,+,0,0,0,0,0,0,*0.808,0.166,0.025
514,9:high-high,7:high-low,+,0,0,0,0,0,0,*0.719,0.24,0.041
515,9:high-high,7:high-low,+,0,0,0,0,0,0,*0.506,0.405,0.09
516,9:high-high,7:high-low,+,0,0,0,0,0,0,*0.681,0.281,0.038
517,8:high-medium,7:high-low,+,0,0,0,0,0,0,*0.625,0.331,0.044
518,8:high-medium,7:high-low,+,0,0,0,0,0,0,*0.655,0.292,0.053
519,9:high-high,7:high-low,+,0,0,0,0,0,0,*0.513,0.389,0.098
520,9:high-high,7:high-low,+,0,0,0,0,0,0,*0.596,0.367,0.037
521,9:high-high,7:high-low,+,0,0,0,0,0,0,*0.619,0.338,0.043
522,9:high-high,7:high-low,+,0,0,0,0,0,0,*0.54,0.413,0.047
523,9:high-high,7:high-low,+,0,0,0,0,0,0,*0.521,0.43,0.049
524,9:high-high,7:high-low,+,0,0,0,0,0,0,*0.609,0.348,0.044
525,9:high-high,7:high-low,+,0,0,0,0,0,0,*0.62,0.329,0.051
526,9:high-high,7:high-low,+,0,0,0,0,0,0,*0.594,0.352,0.055
527,9:high-high,7:high-low,+,0,0,0,0,0,0,*0.684,0.268,0.049
528,9:high-high,7:high-low,+,0,0,0,0,0,0,*0.664,0.273,0.063
529,8:high-medium,7:high-low,+,0,0,0,0,0,0,*0.645,0.307,0.048
530,9:high-high,7:high-low,+,0,0,0,0,0,0,*0.587,0.357,0.056
531,9:high-high,7:high-low,+,0,0,0,0,0,0,*0.664,0.305,0.03
532,9:high-high,7:high-low,+,0,0,0,0,0,0,*0.609,0.332,0.059
533,9:high-high,7:high-low,+,0,0,0,0,0,0,*0.651,0.3,0.049
534,8:high-medium,7:high-low,+,0,0,0,0,0,0,*0.731,0.243,0.026
535,8:high-medium,7:high-low,+,0,0,0,0,0,0,*0.761,0.208,0.031
536,8:high-medium,7:high-low,+,0,0,0,0,0,0,*0.684,0.288,0.028
537,8:high-medium,7:high-low,+,0,0,0,0,0,0,*0.768,0.201,0.031
538,8:high-medium,7:high-low,+,0,0,0,0,0,0,*0.68,0.271,0.049
539,8:high-medium,7:high-low,+,0,0,0,0,0,0,*0.717,0.261,0.022
540,8:high-medium,7:high-low,+,0,0,0,0,0,0,*0.721,0.237,0.042
541,9:high-high,7:high-low,+,0,0,0,0,0,0,*0.626,0.314,0.06
542,8:high-medium,7:high-low,+,0,0,0,0,0,0,*0.627,0.319,0.053
543,9:high-high,7:high-low,+,0,0,0,0,0,0,*0.597,0.354,0.048
544,8:high-medium,7:high-low,+,0,0,0,0,0,0,*0.524,0.431,0.045
545,8:high-medium,7:high-low,+,0,0,0,0,0,0,*0.601,0.354,0.045
546,8:high-medium,7:high-low,+,0,0,0,0,0,0,*0.62,0.339,0.041
547,8:high-medium,7:high-low,+,0,0,0,0,0,0,*0.571,0.374,0.056
548,8:high-medium,7:high-low,+,0,0,0,0,0,0,*0.597,0.357,0.047
549,7:high-low,8:high-medium,+,0,0,0,0,0,0,0.427,*0.51,0.063
550,8:high-medium,7:high-low,+,0,0,0,0,0,0,*0.542,0.41,0.048
551,7:high-low,7:high-low,,0,0,0,0,0,0,*0.63,0.316,0.053
552,9:high-high,7:high-low,+,0,0,0,0,0,0,*0.576,0.347,0.077
553,8:high-medium,7:high-low,+,0,0,0,0,0,0,*0.619,0.322,0.059
554,8:high-medium,7:high-low,+,0,0,0,0,0,0,*0.661,0.288,0.052
555,8:high-medium,7:high-low,+,0,0,0,0,0,0,*0.678,0.29,0.032
556,8:high-medium,7:high-low,+,0,0,0,0,0,0,*0.644,0.305,0.051
557,8:high-medium,7:high-low,+,0,0,0,0,0,0,*0.659,0.288,0.053
558,8:high-medium,7:high-low,+,0,0,0,0,0,0,*0.663,0.284,0.053
559,8:high-medium,7:high-low,+,0,0,0,0,0,0,*0.617,0.333,0.05
560,7:high-low,7:high-low,,0,0,0,0,0,0,*0.676,0.278,0.047
561,8:high-medium,7:high-low,+,0,0,0,0,0,0,*0.658,0.301,0.041
562,8:high-medium,7:high-low,+,0,0,0,0,0,0,*0.671,0.283,0.046
563,8:high-medium,7:high-low,+,0,0,0,0,0,0,*0.604,0.338,0.057
564,8:high-medium,7:high-low,+,0,0,0,0,0,0,*0.628,0.336,0.036
565,8:high-medium,7:high-low,+,0,0,0,0,0,0,*0.61,0.331,0.058
566,8:high-medium,7:high-low,+,0,0,0,0,0,0,*0.617,0.34,0.042
567,8:high-medium,7:high-low,+,0,0,0,0,0,0,*0.582,0.361,0.057
568,8:high-medium,8:high-medium,,0,0,0,0,0,0,0.465,*0.465,0.07
569,8:high-medium,7:high-low,+,0,0,0,0,0,0,*0.515,0.432,0.053
570,9:high-high,7:high-low,+,0,0,0,0,0,0,*0.504,0.442,0.054
571,8:high-medium,8:high-medium,,0,0,0,0,0,0,0.457,*0.49,0.054
572,9:high-high,8:high-medium,+,0,0,0,0,0,0,0.316,*0.61,0.075
573,9:high-high,8:high-medium,+,0,0,0,0,0,0,0.329,*0.589,0.082
574,8:high-medium,8:high-medium,,0,0,0,0,0,0,0.474,*0.481,0.045
575,8:high-medium,8:high-medium,,0,0,0,0,0,0,0.44,*0.504,0.056
576,8:high-medium,7:high-low,+,0,0,0,0,0,0,*0.518,0.419,0.063
577,9:high-high,8:high-medium,+,0,0,0,0,0,0,0.402,*0.522,0.076
578,8:high-medium,8:high-medium,,0,0,0,0,0,0,0.372,*0.564,0.064
579,9:high-high,8:high-medium,+,0,0,0,0,0,0,0.401,*0.556,0.043
580,8:high-medium,7:high-low,+,0,0,0,0,0,0,*0.497,0.46,0.043
581,8:high-medium,7:high-low,+,0,0,0,0,0,0,*0.475,0.472,0.054
582,8:high-medium,8:high-medium,,0,0,0,0,0,0,0.46,*0.494,0.046
583,9:high-high,7:high-low,+,0,0,0,0,0,0,*0.524,0.421,0.055
584,8:high-medium,7:high-low,+,0,0,0,0,0,0,*0.519,0.439,0.042
585,8:high-medium,7:high-low,+,0,0,0,0,0,0,*0.491,0.474,0.035
586,8:high-medium,7:high-low,+,0,0,0,0,0,0,*0.557,0.406,0.037
587,9:high-high,8:high-medium,+,0,0,0,0,0,0,0.446,*0.503,0.051
588,8:high-medium,8:high-medium,,0,0,0,0,0,0,0.473,*0.489,0.038
589,8:high-medium,8:high-medium,,0,0,0,0,0,0,0.407,*0.536,0.057
590,8:high-medium,8:high-medium,,0,0,0,0,0,0,0.467,*0.488,0.045
591,8:high-medium,7:high-low,+,0,0,0,0,0,0,*0.504,0.432,0.064
592,9:high-high,8:high-medium,+,0,0,0,0,0,0,0.408,*0.544,0.049
593,8:high-medium,8:high-medium,,0,0,0,0,0,0,0.473,*0.483,0.043
594,8:high-medium,7:high-low,+,0,0,0,0,0,0,*0.492,0.466,0.042
595,9:high-high,8:high-medium,+,0,0,0,0,0,0,0.477,*0.493,0.03
596,8:high-medium,7:high-low,+,0,0,0,0,0,0,*0.585,0.37,0.045
597,8:high-medium,8:high-medium,,0,0,0,0,0,0,0.455,*0.497,0.048
598,8:high-medium,7:high-low,+,0,0,0,0,0,0,*0.588,0.381,0.032
599,8:high-medium,7:high-low,+,0,0,0,0,0,0,*0.581,0.38,0.039
600,8:high-medium,8:high-medium,,0,0,0,0,0,0,0.461,*0.509,0.03
601,9:high-high,7:high-low,+,0,0,0,0,0,0,*0.578,0.394,0.027
602,8:high-medium,7:high-low,+,0,0,0,0,0,0,*0.573,0.398,0.028
603,8:high-medium,7:high-low,+,0,0,0,0,0,0,*0.522,0.443,0.036
604,7:high-low,7:high-low,,0,0,0,0,0,0,*0.553,0.425,0.023
605,7:high-low,7:high-low,,0,0,0,0,0,0,*0.581,0.392,0.026
606,8:high-medium,7:high-low,+,0,0,0,0,0,0,*0.648,0.329,0.023
607,8:high-medium,7:high-low,+,0,0,0,0,0,0,*0.587,0.394,0.02
608,8:high-medium,7:high-low,+,0,0,0,0,0,0,*0.598,0.376,0.025
609,8:high-medium,7:high-low,+,0,0,0,0,0,0,*0.767,0.218,0.015
610,7:high-low,7:high-low,,0,0,0,0,0,0,*0.737,0.251,0.012
611,8:high-medium,7:high-low,+,0,0,0,0,0,0,*0.697,0.279,0.024
612,8:high-medium,7:high-low,+,0,0,0,0,0,0,*0.671,0.314,0.016
613,7:high-low,7:high-low,,0,0,0,0,0,0,*0.715,0.262,0.023
614,7:high-low,7:high-low,,0,0,0,0,0,0,*0.752,0.224,0.024
615,8:high-medium,7:high-low,+,0,0,0,0,0,0,*0.709,0.269,0.022
616,7:high-low,7:high-low,,0,0,0,0,0,0,*0.727,0.244,0.029
617,8:high-medium,7:high-low,+,0,0,0,0,0,0,*0.686,0.278,0.037
618,8:high-medium,7:high-low,+,0,0,0,0,0,0,*0.708,0.249,0.042
619,8:high-medium,7:high-low,+,0,0,0,0,0,0,*0.723,0.238,0.038
620,8:high-medium,7:high-low,+,0,0,0,0,0,0,*0.761,0.209,0.03
621,8:high-medium,7:high-low,+,0,0,0,0,0,0,*0.691,0.278,0.03
622,8:high-medium,7:high-low,+,0,0,0,0,0,0,*0.745,0.212,0.044
623,8:high-medium,7:high-low,+,0,0,0,0,0,0,*0.724,0.233,0.043
624,8:high-medium,7:high-low,+,0,0,0,0,0,0,*0.693,0.27,0.037
625,8:high-medium,7:high-low,+,0,0,0,0,0,0,*0.744,0.218,0.038
626,8:high-medium,7:high-low,+,0,0,0,0,0,0,*0.674,0.273,0.053
627,8:high-medium,7:high-low,+,0,0,0,0,0,0,*0.647,0.318,0.035
628,8:high-medium,7:high-low,+,0,0,0,0,0,0,*0.58,0.368,0.052
629,8:high-medium,7:high-low,+,0,0,0,0,0,0,*0.536,0.412,0.051
630,8:high-medium,7:high-low,+,0,0,0,0,0,0,*0.561,0.412,0.027
631,8:high-medium,7:high-low,+,0,0,0,0,0,0,*0.623,0.33,0.047
632,8:high-medium,7:high-low,+,0,0,0,0,0,0,*0.64,0.325,0.036
633,8:high-medium,7:high-low,+,0,0,0,0,0,0,*0.613,0.361,0.026
634,8:high-medium,7:high-low,+,0,0,0,0,0,0,*0.693,0.269,0.038
635,8:high-medium,7:high-low,+,0,0,0,0,0,0,*0.597,0.361,0.042
636,9:high-high,7:high-low,+,0,0,0,0,0,0,*0.671,0.298,0.032
637,8:high-medium,7:high-low,+,0,0,0,0,0,0,*0.664,0.303,0.033
638,8:high-medium,7:high-low,+,0,0,0,0,0,0,*0.687,0.279,0.035
639,8:high-medium,7:high-low,+,0,0,0,0,0,0,*0.677,0.291,0.032
640,8:high-medium,7:high-low,+,0,0,0,0,0,0,*0.685,0.283,0.032
641,8:high-medium,7:high-low,+,0,0,0,0,0,0,*0.693,0.268,0.039
642,8:high-medium,7:high-low,+,0,0,0,0,0,0,*0.644,0.325,0.032
643,8:high-medium,7:high-low,+,0,0,0,0,0,0,*0.748,0.227,0.025
644,8:high-medium,7:high-low,+,0,0,0,0,0,0,*0.752,0.227,0.021
645,8:high-medium,7:high-low,+,0,0,0,0,0,0,*0.713,0.262,0.025
646,8:high-medium,7:high-low,+,0,0,0,0,0,0,*0.749,0.223,0.027
647,8:high-medium,7:high-low,+,0,0,0,0,0,0,*0.731,0.249,0.021
648,8:high-medium,7:high-low,+,0,0,0,0,0,0,*0.718,0.26,0.022
649,8:high-medium,7:high-low,+,0,0,0,0,0,0,*0.677,0.29,0.033
650,8:high-medium,7:high-low,+,0,0,0,0,0,0,*0.646,0.318,0.035
651,8:high-medium,7:high-low,+,0,0,0,0,0,0,*0.634,0.334,0.032
652,8:high-medium,7:high-low,+,0,0,0,0,0,0,*0.685,0.285,0.031
653,8:high-medium,7:high-low,+,0,0,0,0,0,0,*0.681,0.274,0.045
654,8:high-medium,7:high-low,+,0,0,0,0,0,0,*0.678,0.276,0.046
655,7:high-low,7:high-low,,0,0,0,0,0,0,*0.672,0.305,0.023
656,8:high-medium,7:high-low,+,0,0,0,0,0,0,*0.656,0.292,0.053
657,8:high-medium,7:high-low,+,0,0,0,0,0,0,*0.694,0.27,0.036
658,8:high-medium,7:high-low,+,0,0,0,0,0,0,*0.713,0.265,0.022
659,8:high-medium,7:high-low,+,0,0,0,0,0,0,*0.648,0.321,0.03
660,8:high-medium,7:high-low,+,0,0,0,0,0,0,*0.736,0.243,0.021
661,8:high-medium,7:high-low,+,0,0,0,0,0,0,*0.724,0.249,0.027
662,8:high-medium,7:high-low,+,0,0,0,0,0,0,*0.758,0.222,0.02
663,8:high-medium,7:high-low,+,0,0,0,0,0,0,*0.738,0.23,0.032
664,9:high-high,7:high-low,+,0,0,0,0,0,0,*0.656,0.299,0.045
665,8:high-medium,7:high-low,+,0,0,0,0,0,0,*0.654,0.311,0.035
666,8:high-medium,7:high-low,+,0,0,0,0,0,0,*0.676,0.298,0.026
667,8:high-medium,7:high-low,+,0,0,0,0,0,0,*0.731,0.249,0.021
668,8:high-medium,7:high-low,+,0,0,0,0,0,0,*0.8,0.172,0.028
669,8:high-medium,7:high-low,+,0,0,0,0,0,0,*0.752,0.217,0.031
670,8:high-medium,7:high-low,+,0,0,0,0,0,0,*0.753,0.221,0.026
671,8:high-medium,7:high-low,+,0,0,0,0,0,0,*0.744,0.222,0.033
672,8:high-medium,7:high-low,+,0,0,0,0,0,0,*0.756,0.214,0.029
673,8:high-medium,7:high-low,+,0,0,0,0,0,0,*0.722,0.236,0.042
674,8:high-medium,7:high-low,+,0,0,0,0,0,0,*0.761,0.218,0.021
675,8:high-medium,7:high-low,+,0,0,0,0,0,0,*0.746,0.218,0.036
676,8:high-medium,7:high-low,+,0,0,0,0,0,0,*0.741,0.23,0.029
677,8:high-medium,7:high-low,+,0,0,0,0,0,0,*0.752,0.215,0.032
678,8:high-medium,7:high-low,+,0,0,0,0,0,0,*0.737,0.235,0.027
679,9:high-high,7:high-low,+,0,0,0,0,0,0,*0.686,0.288,0.027
680,8:high-medium,7:high-low,+,0,0,0,0,0,0,*0.748,0.215,0.036
681,8:high-medium,7:high-low,+,0,0,0,0,0,0,*0.728,0.243,0.029
682,8:high-medium,7:high-low,+,0,0,0,0,0,0,*0.736,0.243,0.021
683,8:high-medium,7:high-low,+,0,0,0,0,0,0,*0.753,0.217,0.029
684,8:high-medium,7:high-low,+,0,0,0,0,0,0,*0.788,0.179,0.034
685,8:high-medium,7:high-low,+,0,0,0,0,0,0,*0.807,0.176,0.017
686,8:high-medium,7:high-low,+,0,0,0,0,0,0,*0.775,0.183,0.042
687,8:high-medium,7:high-low,+,0,0,0,0,0,0,*0.775,0.199,0.026
688,8:high-medium,7:high-low,+,0,0,0,0,0,0,*0.777,0.195,0.028
689,8:high-medium,7:high-low,+,0,0,0,0,0,0,*0.772,0.21,0.018
690,8:high-medium,7:high-low,+,0,0,0,0,0,0,*0.77,0.205,0.025
691,8:high-medium,7:high-low,+,0,0,0,0,0,0,*0.78,0.178,0.042
692,8:high-medium,7:high-low,+,0,0,0,0,0,0,*0.788,0.175,0.037
693,7:high-low,7:high-low,,0,0,0,0,0,0,*0.763,0.198,0.039
694,7:high-low,7:high-low,,0,0,0,0,0,0,*0.776,0.203,0.021
695,7:high-low,7:high-low,,0,0,0,0,0,0,*0.761,0.211,0.027
696,8:high-medium,7:high-low,+,0,0,0,0,0,0,*0.731,0.238,0.031
697,8:high-medium,7:high-low,+,0,0,0,0,0,0,*0.682,0.287,0.031
698,8:high-medium,7:high-low,+,0,0,0,0,0,0,*0.722,0.24,0.038
699,7:high-low,7:high-low,,0,0,0,0,0,0,*0.693,0.285,0.022
700,8:high-medium,7:high-low,+,0,0,0,0,0,0,*0.721,0.242,0.037
701,8:high-medium,7:high-low,+,0,0,0,0,0,0,*0.716,0.254,0.03
702,8:high-medium,7:high-low,+,0,0,0,0,0,0,*0.748,0.22,0.032
703,8:high-medium,7:high-low,+,0,0,0,0,0,0,*0.763,0.197,0.04
704,7:high-low,7:high-low,,0,0,0,0,0,0,*0.731,0.233,0.035
705,7:high-low,7:high-low,,0,0,0,0,0,0,*0.764,0.202,0.033
706,8:high-medium,7:high-low,+,0,0,0,0,0,0,*0.718,0.245,0.037
707,8:high-medium,7:high-low,+,0,0,0,0,0,0,*0.628,0.333,0.039
708,8:high-medium,7:high-low,+,0,0,0,0,0,0,*0.584,0.36,0.056
709,8:high-medium,7:high-low,+,0,0,0,0,0,0,*0.54,0.411,0.049
710,9:high-high,7:high-low,+,0,0,0,0,0,0,*0.575,0.385,0.041
711,8:high-medium,7:high-low,+,0,0,0,0,0,0,*0.695,0.259,0.046
712,8:high-medium,7:high-low,+,0,0,0,0,0,0,*0.611,0.337,0.052
713,8:high-medium,7:high-low,+,0,0,0,0,0,0,*0.571,0.383,0.046
714,8:high-medium,7:high-low,+,0,0,0,0,0,0,*0.582,0.381,0.038
715,8:high-medium,7:high-low,+,0,0,0,0,0,0,*0.566,0.392,0.042
716,8:high-medium,7:high-low,+,0,0,0,0,0,0,*0.594,0.364,0.042
717,8:high-medium,7:high-low,+,0,0,0,0,0,0,*0.589,0.36,0.051
718,8:high-medium,7:high-low,+,0,0,0,0,0,0,*0.541,0.411,0.048
719,8:high-medium,7:high-low,+,0,0,0,0,0,0,*0.606,0.361,0.033
720,9:high-high,7:high-low,+,0,0,0,0,0,0,*0.587,0.373,0.04
721,8:high-medium,7:high-low,+,0,0,0,0,0,0,*0.587,0.363,0.051
722,9:high-high,7:high-low,+,0,0,0,0,0,0,*0.585,0.37,0.045
723,9:high-high,7:high-low,+,0,0,0,0,0,0,*0.556,0.407,0.037
724,9:high-high,9:high-high,,0,0,0,0,0,0,0.06,0.439,*0.501
725,9:high-high,8:high-medium,+,0,0,0,0,0,0,0.115,*0.569,0.317
726,9:high-high,8:high-medium,+,0,0,0,0,0,0,0.056,*0.521,0.423
727,9:high-high,9:high-high,,0,0,0,0,0,0,0.05,0.47,*0.479
728,9:high-high,8:high-medium,+,0,0,0,0,0,0,0.04,*0.51,0.45
729,9:high-high,8:high-medium,+,0,0,0,0,0,0,0.081,*0.52,0.399
730,8:high-medium,8:high-medium,,0,0,0,0,0,0,0.085,*0.542,0.372
731,9:high-high,8:high-medium,+,0,0,0,0,0,0,0.097,*0.572,0.332
732,9:high-high,8:high-medium,+,0,0,0,0,0,0,0.058,*0.533,0.41
733,8:high-medium,8:high-medium,,0,0,0,0,0,0,0.072,*0.61,0.318
734,9:high-high,8:high-medium,+,0,0,0,0,0,0,0.074,*0.553,0.374
735,8:high-medium,8:high-medium,,0,0,0,0,0,0,0.074,*0.586,0.34
736,9:high-high,8:high-medium,+,0,0,0,0,0,0,0.083,*0.584,0.334
737,9:high-high,8:high-medium,+,0,0,0,0,0,0,0.074,*0.561,0.365
738,9:high-high,8:high-medium,+,0,0,0,0,0,0,0.1,*0.571,0.329
739,8:high-medium,8:high-medium,,0,0,0,0,0,0,0.067,*0.562,0.371
740,9:high-high,8:high-medium,+,0,0,0,0,0,0,0.065,*0.562,0.373
741,9:high-high,8:high-medium,+,0,0,0,0,0,0,0.088,*0.549,0.363
742,9:high-high,9:high-high,,0,0,0,0,0,0,0.032,0.469,*0.499
743,9:high-high,9:high-high,,0,0,0,0,0,0,0.047,0.409,*0.544
744,9:high-high,8:high-medium,+,0,0,0,0,0,0,0.058,*0.535,0.407
745,9:high-high,8:high-medium,+,0,0,0,0,0,0,0.1,*0.528,0.372
746,9:high-high,8:high-medium,+,0,0,0,0,0,0,0.089,*0.534,0.377
747,9:high-high,8:high-medium,+,0,0,0,0,0,0,0.085,*0.542,0.373
748,9:high-high,8:high-medium,+,0,0,0,0,0,0,0.076,*0.562,0.362
749,9:high-high,8:high-medium,+,0,0,0,0,0,0,0.039,*0.503,0.458
750,9:high-high,8:high-medium,+,0,0,0,0,0,0,0.044,*0.529,0.427
751,9:high-high,8:high-medium,+,0,0,0,0,0,0,0.046,*0.496,0.459
752,9:high-high,9:high-high,,0,0,0,0,0,0,0.026,0.41,*0.563
753,9:high-high,9:high-high,,0,0,0,0,0,0,0.047,0.424,*0.529
754,9:high-high,8:high-medium,+,0,0,0,0,0,0,0.042,*0.544,0.413
755,9:high-high,9:high-high,,0,0,0,0,0,0,0.039,0.466,*0.495
756,9:high-high,8:high-medium,+,0,0,0,0,0,0,0.037,*0.515,0.448
757,9:high-high,8:high-medium,+,0,0,0,0,0,0,0.052,*0.533,0.416
758,9:high-high,8:high-medium,+,0,0,0,0,0,0,0.041,*0.555,0.404
759,9:high-high,9:high-high,,0,0,0,0,0,0,0.045,0.461,*0.494
760,9:high-high,9:high-high,,0,0,0,0,0,0,0.037,0.432,*0.531
761,9:high-high,9:high-high,,0,0,0,0,0,0,0.037,0.456,*0.507
762,9:high-high,8:high-medium,+,0,0,0,0,0,0,0.048,*0.56,0.392
763,9:high-high,9:high-high,,0,0,0,0,0,0,0.057,0.456,*0.487
764,9:high-high,8:high-medium,+,0,0,0,0,0,0,0.042,*0.553,0.405
765,9:high-high,9:high-high,,0,0,0,0,0,0,0.04,0.454,*0.506
766,9:high-high,8:high-medium,+,0,0,0,0,0,0,0.036,*0.497,0.466
767,9:high-high,8:high-medium,+,0,0,0,0,0,0,0.051,*0.489,0.46
768,9:high-high,8:high-medium,+,0,0,0,0,0,0,0.051,*0.516,0.434
769,9:high-high,8:high-medium,+,0,0,0,0,0,0,0.052,*0.552,0.396
770,9:high-high,8:high-medium,+,0,0,0,0,0,0,0.04,*0.531,0.429
771,9:high-high,9:high-high,,0,0,0,0,0,0,0.031,0.407,*0.562
772,9:high-high,9:high-high,,0,0,0,0,0,0,0.037,0.414,*0.549
773,9:high-high,9:high-high,,0,0,0,0,0,0,0.053,0.41,*0.537
774,9:high-high,8:high-medium,+,0,0,0,0,0,0,0.046,*0.507,0.446
775,9:high-high,9:high-high,,0,0,0,0,0,0,0.046,0.434,*0.52
776,9:high-high,9:high-high,,0,0,0,0,0,0,0.094,0.436,*0.47
777,9:high-high,8:high-medium,+,0,0,0,0,0,0,0.1,*0.469,0.431
778,9:high-high,9:high-high,,0,0,0,0,0,0,0.073,0.462,*0.465
779,9:high-high,9:high-high,,0,0,0,0,0,0,0.062,0.357,*0.582
780,9:high-high,9:high-high,,0,0,0,0,0,0,0.108,0.341,*0.551
781,9:high-high,8:high-medium,+,0,0,0,0,0,0,0.132,*0.457,0.411
782,9:high-high,9:high-high,,0,0,0,0,0,0,0.133,0.383,*0.484
783,9:high-high,8:high-medium,+,0,0,0,0,0,0,0.133,*0.442,0.425
784,9:high-high,8:high-medium,+,0,0,0,0,0,0,0.119,*0.455,0.426
785,9:high-high,8:high-medium,+,0,0,0,0,0,0,0.118,*0.472,0.41
786,9:high-high,8:high-medium,+,0,0,0,0,0,0,0.11,*0.445,0.445
787,9:high-high,8:high-medium,+,0,0,0,0,0,0,0.092,*0.468,0.44
788,9:high-high,8:high-medium,+,0,0,0,0,0,0,0.113,*0.544,0.344
789,9:high-high,8:high-medium,+,0,0,0,0,0,0,0.123,*0.527,0.35
790,9:high-high,9:high-high,,0,0,0,0,0,0,0.117,0.432,*0.451
791,9:high-high,8:high-medium,+,0,0,0,0,0,0,0.141,*0.611,0.247
792,9:high-high,8:high-medium,+,0,0,0,0,0,0,0.138,*0.624,0.237
793,9:high-high,8:high-medium,+,0,0,0,0,0,0,0.185,*0.564,0.251
794,9:high-high,8:high-medium,+,0,0,0,0,0,0,0.149,*0.536,0.315
795,9:high-high,8:high-medium,+,0,0,0,0,0,0,0.137,*0.777,0.086
796,9:high-high,8:high-medium,+,0,0,0,0,0,0,0.097,*0.762,0.141
797,9:high-high,8:high-medium,+,0,0,0,0,0,0,0.101,*0.841,0.058
798,9:high-high,8:high-medium,+,0,0,0,0,0,0,0.1,*0.802,0.098
799,9:high-high,8:high-medium,+,0,0,0,0,0,0,0.1,*0.825,0.075
800,9:high-high,8:high-medium,+,0,0,0,0,0,0,0.09,*0.85,0.06
801,9:high-high,8:high-medium,+,0,0,0,0,0,0,0.11,*0.837,0.053
802,9:high-high,8:high-medium,+,0,0,0,0,0,0,0.109,*0.82,0.071
803,9:high-high,8:high-medium,+,0,0,0,0,0,0,0.108,*0.795,0.097
804,9:high-high,8:high-medium,+,0,0,0,0,0,0,0.097,*0.837,0.065
805,9:high-high,8:high-medium,+,0,0,0,0,0,0,0.092,*0.829,0.079
806,9:high-high,8:high-medium,+,0,0,0,0,0,0,0.092,*0.826,0.082
807,9:high-high,8:high-medium,+,0,0,0,0,0,0,0.108,*0.829,0.064
808,9:high-high,7:high-low,+,0,0,0,0,0,0,*0.535,0.425,0.041
809,9:high-high,7:high-low,+,0,0,0,0,0,0,*0.67,0.295,0.035
810,8:high-medium,7:high-low,+,0,0,0,0,0,0,*0.627,0.338,0.035
811,8:high-medium,7:high-low,+,0,0,0,0,0,0,*0.688,0.27,0.043
812,8:high-medium,7:high-low,+,0,0,0,0,0,0,*0.637,0.331,0.033
813,8:high-medium,7:high-low,+,0,0,0,0,0,0,*0.72,0.248,0.032
814,8:high-medium,7:high-low,+,0,0,0,0,0,0,*0.631,0.326,0.043
815,8:high-medium,7:high-low,+,0,0,0,0,0,0,*0.568,0.392,0.041
816,9:high-high,7:high-low,+,0,0,0,0,0,0,*0.623,0.34,0.037
817,8:high-medium,7:high-low,+,0,0,0,0,0,0,*0.672,0.292,0.036
818,7:high-low,7:high-low,,0,0,0,0,0,0,*0.703,0.271,0.025
819,8:high-medium,7:high-low,+,0,0,0,0,0,0,*0.714,0.253,0.033
820,8:high-medium,7:high-low,+,0,0,0,0,0,0,*0.668,0.292,0.04
821,8:high-medium,7:high-low,+,0,0,0,0,0,0,*0.574,0.384,0.042
822,8:high-medium,7:high-low,+,0,0,0,0,0,0,*0.61,0.362,0.028
823,8:high-medium,7:high-low,+,0,0,0,0,0,0,*0.614,0.353,0.033
824,8:high-medium,7:high-low,+,0,0,0,0,0,0,*0.756,0.209,0.034
825,8:high-medium,7:high-low,+,0,0,0,0,0,0,*0.501,0.461,0.038
826,9:high-high,8:high-medium,+,0,0,0,0,0,0,0.481,*0.486,0.033
827,9:high-high,8:high-medium,+,0,0,0,0,0,0,0.408,*0.546,0.046
828,9:high-high,8:high-medium,+,0,0,0,0,0,0,0.36,*0.577,0.062
829,9:high-high,7:high-low,+,0,0,0,0,0,0,*0.564,0.41,0.026
830,8:high-medium,7:high-low,+,0,0,0,0,0,0,*0.542,0.405,0.053
831,8:high-medium,7:high-low,+,0,0,0,0,0,0,*0.499,0.454,0.047
832,8:high-medium,7:high-low,+,0,0,0,0,0,0,*0.54,0.43,0.03
833,9:high-high,7:high-low,+,0,0,0,0,0,0,*0.549,0.418,0.033
834,8:high-medium,7:high-low,+,0,0,0,0,0,0,*0.544,0.405,0.051
835,9:high-high,7:high-low,+,0,0,0,0,0,0,*0.487,0.463,0.05
836,8:high-medium,8:high-medium,,0,0,0,0,0,0,0.424,*0.514,0.062
837,8:high-medium,7:high-low,+,0,0,0,0,0,0,*0.479,0.474,0.047
838,9:high-high,7:high-low,+,0,0,0,0,0,0,*0.48,0.479,0.041
839,8:high-medium,7:high-low,+,0,0,0,0,0,0,*0.509,0.452,0.039
840,9:high-high,7:high-low,+,0,0,0,0,0,0,*0.509,0.457,0.035
841,8:high-medium,8:high-medium,,0,0,0,0,0,0,0.42,*0.526,0.055
842,9:high-high,8:high-medium,+,0,0,0,0,0,0,0.305,*0.621,0.074
843,9:high-high,8:high-medium,+,0,0,0,0,0,0,0.394,*0.559,0.047
844,9:high-high,8:high-medium,+,0,0,0,0,0,0,0.456,*0.497,0.047
845,9:high-high,8:high-medium,+,0,0,0,0,0,0,0.41,*0.53,0.06
846,7:high-low,7:high-low,,0,0,0,0,0,0,*0.524,0.269,0.207
