inst#,actual,predicted,error,distribution,,,,,,,,
1,8:high-medium,8:high-medium,,0,0,0,0,0,0,0,*0.999,0
2,8:high-medium,8:high-medium,,0,0,0,0,0,0,0.003,*0.995,0
3,8:high-medium,8:high-medium,,0,0,0,0,0,0,0,*1,0
4,8:high-medium,8:high-medium,,0,0,0,0,0,0,0,*0.999,0
5,8:high-medium,8:high-medium,,0,0,0,0,0,0,0,*0.999,0
6,7:high-low,8:high-medium,+,0,0,0,0,0,0,0,*0.999,0
7,8:high-medium,8:high-medium,,0,0,0,0,0,0,0,*1,0
8,8:high-medium,8:high-medium,,0,0,0,0,0,0,0,*1,0
9,8:high-medium,8:high-medium,,0,0,0,0,0,0,0,*0.999,0
10,8:high-medium,8:high-medium,,0,0,0,0,0,0,0,*0.999,0
11,7:high-low,8:high-medium,+,0,0,0,0,0,0,0.001,*0.997,0.001
12,8:high-medium,8:high-medium,,0,0,0,0,0,0,0,*1,0
13,8:high-medium,8:high-medium,,0,0,0,0,0,0,0,*0.995,0.003
14,8:high-medium,8:high-medium,,0,0,0,0,0,0,0,*0.999,0
15,8:high-medium,8:high-medium,,0,0,0,0,0,0,0,*1,0
16,8:high-medium,8:high-medium,,0,0,0,0,0,0,0,*0.999,0
17,8:high-medium,8:high-medium,,0,0,0,0,0,0,0,*1,0
18,8:high-medium,8:high-medium,,0,0,0,0,0,0,0,*0.995,0.003
19,8:high-medium,8:high-medium,,0,0,0,0,0,0,0,*1,0
20,8:high-medium,8:high-medium,,0,0,0,0,0,0,0,*1,0
21,7:high-low,8:high-medium,+,0,0,0,0,0,0,0,*1,0
22,7:high-low,8:high-medium,+,0,0,0,0,0,0,0,*1,0
23,7:high-low,8:high-medium,+,0,0,0,0,0,0,0,*1,0
24,7:high-low,8:high-medium,+,0,0,0,0,0,0,0,*1,0
25,7:high-low,8:high-medium,+,0,0,0,0,0,0,0,*1,0
26,8:high-medium,8:high-medium,,0,0,0,0,0,0,0,*1,0
27,7:high-low,8:high-medium,+,0,0,0,0,0,0,0,*1,0
28,8:high-medium,8:high-medium,,0,0,0,0,0,0,0,*1,0
29,8:high-medium,8:high-medium,,0,0,0,0,0,0,0,*1,0
30,8:high-medium,8:high-medium,,0,0,0,0,0,0,0,*1,0
31,8:high-medium,8:high-medium,,0,0,0,0,0,0,0,*1,0
32,8:high-medium,8:high-medium,,0,0,0,0,0,0,0,*1,0
33,8:high-medium,8:high-medium,,0,0,0,0,0,0,0,*1,0
34,8:high-medium,8:high-medium,,0,0,0,0,0,0,0,*1,0
35,8:high-medium,8:high-medium,,0,0,0,0,0,0,0,*1,0
36,8:high-medium,8:high-medium,,0,0,0,0,0,0,0,*1,0
37,8:high-medium,8:high-medium,,0,0,0,0,0,0,0,*1,0
38,8:high-medium,8:high-medium,,0.001,0.001,0.001,0.001,0.001,0.001,0.026,*0.969,0.001
39,7:high-low,8:high-medium,+,0,0,0,0,0,0,0,*1,0
40,8:high-medium,8:high-medium,,0,0,0,0,0,0,0,*1,0
41,8:high-medium,8:high-medium,,0.002,0.002,0.002,0.002,0.002,0.002,0.002,*0.829,0.159
42,8:high-medium,8:high-medium,,0,0,0,0,0,0,0,*1,0
43,8:high-medium,8:high-medium,,0,0,0,0,0,0,0,*1,0
44,7:high-low,8:high-medium,+,0,0,0,0,0,0,0,*1,0
45,7:high-low,8:high-medium,+,0,0,0,0,0,0,0,*1,0
46,8:high-medium,8:high-medium,,0,0,0,0,0,0,0,*1,0
47,7:high-low,8:high-medium,+,0,0,0,0,0,0,0,*1,0
48,7:high-low,8:high-medium,+,0,0,0,0,0,0,0,*1,0
49,8:high-medium,8:high-medium,,0,0,0,0,0,0,0,*1,0
50,8:high-medium,8:high-medium,,0,0,0,0,0,0,0,*1,0
51,8:high-medium,8:high-medium,,0.001,0.001,0.001,0.001,0.001,0.001,0.035,*0.959,0.001
52,8:high-medium,8:high-medium,,0,0,0,0,0,0,0,*1,0
53,8:high-medium,8:high-medium,,0,0,0,0,0,0,0,*1,0
54,8:high-medium,8:high-medium,,0,0,0,0,0,0,0,*1,0
55,8:high-medium,8:high-medium,,0,0,0,0,0,0,0,*1,0
56,8:high-medium,8:high-medium,,0,0,0,0,0,0,0,*1,0
57,8:high-medium,8:high-medium,,0,0,0,0,0,0,0,*1,0
58,8:high-medium,8:high-medium,,0,0,0,0,0,0,0,*0.999,0
59,8:high-medium,8:high-medium,,0,0,0,0,0,0,0,*1,0
60,8:high-medium,8:high-medium,,0,0,0,0,0,0,0,*1,0
61,8:high-medium,8:high-medium,,0,0,0,0,0,0,0,*1,0
62,8:high-medium,8:high-medium,,0,0,0,0,0,0,0,*1,0
63,8:high-medium,8:high-medium,,0,0,0,0,0,0,0,*0.999,0
64,8:high-medium,8:high-medium,,0,0,0,0,0,0,0,*1,0
65,8:high-medium,8:high-medium,,0,0,0,0,0,0,0,*1,0
66,8:high-medium,8:high-medium,,0,0,0,0,0,0,0,*0.999,0
67,8:high-medium,8:high-medium,,0,0,0,0,0,0,0,*1,0
68,8:high-medium,8:high-medium,,0,0,0,0,0,0,0,*1,0
69,8:high-medium,8:high-medium,,0,0,0,0,0,0,0,*1,0
70,8:high-medium,8:high-medium,,0,0,0,0,0,0,0,*1,0
71,8:high-medium,8:high-medium,,0,0,0,0,0,0,0,*1,0
72,8:high-medium,8:high-medium,,0,0,0,0,0,0,0,*1,0
73,8:high-medium,8:high-medium,,0,0,0,0,0,0,0,*1,0
74,8:high-medium,8:high-medium,,0,0,0,0,0,0,0,*1,0
75,9:high-high,8:high-medium,+,0,0,0,0,0,0,0,*0.995,0.003
76,9:high-high,8:high-medium,+,0.002,0.002,0.002,0.002,0.002,0.002,0.002,*0.829,0.159
77,9:high-high,8:high-medium,+,0,0,0,0,0,0,0,*0.999,0
78,8:high-medium,8:high-medium,,0,0,0,0,0,0,0,*0.999,0
79,8:high-medium,8:high-medium,,0,0,0,0,0,0,0,*0.996,0.002
80,9:high-high,8:high-medium,+,0,0,0,0,0,0,0.001,*0.997,0.001
81,9:high-high,8:high-medium,+,0,0,0,0,0,0,0,*0.999,0
82,9:high-high,8:high-medium,+,0,0,0,0,0,0,0,*0.999,0
83,9:high-high,8:high-medium,+,0,0,0,0,0,0,0,*0.999,0
84,9:high-high,8:high-medium,+,0,0,0,0,0,0,0.003,*0.995,0
85,9:high-high,8:high-medium,+,0,0,0,0,0,0,0.003,*0.995,0
86,9:high-high,8:high-medium,+,0,0,0,0,0,0,0.003,*0.995,0
87,9:high-high,8:high-medium,+,0,0,0,0,0,0,0.003,*0.995,0
88,9:high-high,8:high-medium,+,0,0,0,0,0,0,0.003,*0.995,0
89,9:high-high,8:high-medium,+,0,0,0,0,0,0,0.003,*0.995,0
90,9:high-high,8:high-medium,+,0,0,0,0,0,0,0.003,*0.995,0
91,9:high-high,8:high-medium,+,0,0,0,0,0,0,0,*0.999,0
92,9:high-high,8:high-medium,+,0,0,0,0,0,0,0,*0.999,0
93,9:high-high,8:high-medium,+,0,0,0,0,0,0,0,*0.999,0
94,9:high-high,8:high-medium,+,0,0,0,0,0,0,0,*0.999,0
95,9:high-high,8:high-medium,+,0,0,0,0,0,0,0.003,*0.995,0
96,9:high-high,8:high-medium,+,0,0,0,0,0,0,0,*0.999,0
97,9:high-high,8:high-medium,+,0,0,0,0,0,0,0,*0.999,0
98,9:high-high,8:high-medium,+,0,0,0,0,0,0,0,*0.995,0.003
99,9:high-high,8:high-medium,+,0,0,0,0,0,0,0,*0.999,0
100,9:high-high,8:high-medium,+,0,0,0,0,0,0,0.003,*0.995,0
101,9:high-high,8:high-medium,+,0,0,0,0,0,0,0,*1,0
102,9:high-high,8:high-medium,+,0,0,0,0,0,0,0.003,*0.995,0
103,9:high-high,8:high-medium,+,0,0,0,0,0,0,0.003,*0.995,0
104,9:high-high,8:high-medium,+,0,0,0,0,0,0,0.001,*0.997,0.001
105,9:high-high,8:high-medium,+,0,0,0,0,0,0,0,*0.999,0
106,9:high-high,8:high-medium,+,0,0,0,0,0,0,0.003,*0.995,0
107,9:high-high,8:high-medium,+,0,0,0,0,0,0,0.003,*0.995,0
108,9:high-high,8:high-medium,+,0,0,0,0,0,0,0.003,*0.995,0
109,9:high-high,8:high-medium,+,0,0,0,0,0,0,0.001,*0.997,0.001
110,9:high-high,8:high-medium,+,0,0,0,0,0,0,0.003,*0.995,0
111,9:high-high,8:high-medium,+,0,0,0,0,0,0,0,*0.999,0
112,9:high-high,8:high-medium,+,0,0,0,0,0,0,0,*0.999,0
113,9:high-high,8:high-medium,+,0,0,0,0,0,0,0.003,*0.995,0
114,9:high-high,8:high-medium,+,0,0,0,0,0,0,0.003,*0.995,0
115,9:high-high,8:high-medium,+,0,0,0,0,0,0,0,*0.999,0
116,9:high-high,8:high-medium,+,0,0,0,0,0,0,0,*1,0
117,8:high-medium,8:high-medium,,0,0,0,0,0,0,0,*0.999,0
118,8:high-medium,8:high-medium,,0,0,0,0,0,0,0,*1,0
119,9:high-high,8:high-medium,+,0,0,0,0,0,0,0,*0.999,0
120,9:high-high,8:high-medium,+,0,0,0,0,0,0,0,*0.999,0
121,9:high-high,8:high-medium,+,0,0,0,0,0,0,0,*0.999,0
122,9:high-high,8:high-medium,+,0,0,0,0,0,0,0,*0.999,0
123,9:high-high,8:high-medium,+,0,0,0,0,0,0,0.003,*0.995,0
124,9:high-high,8:high-medium,+,0,0,0,0,0,0,0.003,*0.995,0
125,9:high-high,8:high-medium,+,0,0,0,0,0,0,0,*0.999,0
126,9:high-high,8:high-medium,+,0,0,0,0,0,0,0.003,*0.995,0
127,9:high-high,8:high-medium,+,0,0,0,0,0,0,0,*0.999,0
128,9:high-high,8:high-medium,+,0,0,0,0,0,0,0.003,*0.995,0
129,9:high-high,8:high-medium,+,0,0,0,0,0,0,0,*0.999,0
130,9:high-high,8:high-medium,+,0,0,0,0,0,0,0,*0.999,0
131,9:high-high,8:high-medium,+,0,0,0,0,0,0,0,*0.999,0
132,9:high-high,8:high-medium,+,0,0,0,0,0,0,0.003,*0.995,0
133,9:high-high,8:high-medium,+,0,0,0,0,0,0,0,*1,0
134,9:high-high,8:high-medium,+,0,0,0,0,0,0,0,*0.999,0
135,9:high-high,8:high-medium,+,0,0,0,0,0,0,0,*0.999,0
136,9:high-high,8:high-medium,+,0,0,0,0,0,0,0.003,*0.995,0
137,9:high-high,8:high-medium,+,0,0,0,0,0,0,0,*0.999,0
138,9:high-high,8:high-medium,+,0,0,0,0,0,0,0,*0.999,0
139,9:high-high,8:high-medium,+,0,0,0,0,0,0,0,*0.999,0
140,9:high-high,8:high-medium,+,0,0,0,0,0,0,0,*0.999,0
141,9:high-high,8:high-medium,+,0,0,0,0,0,0,0,*0.999,0
142,9:high-high,8:high-medium,+,0,0,0,0,0,0,0,*0.999,0
143,9:high-high,8:high-medium,+,0,0,0,0,0,0,0,*0.999,0
144,9:high-high,8:high-medium,+,0,0,0,0,0,0,0.003,*0.995,0
145,9:high-high,8:high-medium,+,0,0,0,0,0,0,0,*0.999,0
146,9:high-high,8:high-medium,+,0,0,0,0,0,0,0,*1,0
147,9:high-high,8:high-medium,+,0,0,0,0,0,0,0,*0.999,0
148,9:high-high,8:high-medium,+,0,0,0,0,0,0,0,*0.999,0
149,9:high-high,8:high-medium,+,0,0,0,0,0,0,0,*0.999,0
150,9:high-high,8:high-medium,+,0,0,0,0,0,0,0,*1,0
151,9:high-high,8:high-medium,+,0,0,0,0,0,0,0,*0.999,0
152,9:high-high,8:high-medium,+,0,0,0,0,0,0,0,*0.999,0
153,9:high-high,8:high-medium,+,0,0,0,0,0,0,0,*0.999,0
154,9:high-high,8:high-medium,+,0,0,0,0,0,0,0.003,*0.995,0
155,9:high-high,8:high-medium,+,0,0,0,0,0,0,0.003,*0.995,0
156,9:high-high,8:high-medium,+,0,0,0,0,0,0,0.003,*0.995,0
157,9:high-high,8:high-medium,+,0,0,0,0,0,0,0,*1,0
158,9:high-high,8:high-medium,+,0,0,0,0,0,0,0,*0.999,0
159,9:high-high,8:high-medium,+,0,0,0,0,0,0,0.003,*0.995,0
160,9:high-high,8:high-medium,+,0,0,0,0,0,0,0.003,*0.995,0
161,9:high-high,8:high-medium,+,0,0,0,0,0,0,0.003,*0.995,0
162,9:high-high,8:high-medium,+,0,0,0,0,0,0,0,*1,0
163,9:high-high,8:high-medium,+,0,0,0,0,0,0,0.003,*0.995,0
164,9:high-high,8:high-medium,+,0,0,0,0,0,0,0.003,*0.995,0
165,9:high-high,8:high-medium,+,0,0,0,0,0,0,0,*0.999,0
166,9:high-high,8:high-medium,+,0,0,0,0,0,0,0,*0.999,0
167,9:high-high,8:high-medium,+,0,0,0,0,0,0,0.003,*0.995,0
168,9:high-high,8:high-medium,+,0,0,0,0,0,0,0.003,*0.995,0
169,9:high-high,8:high-medium,+,0,0,0,0,0,0,0.003,*0.995,0
170,9:high-high,8:high-medium,+,0,0,0,0,0,0,0,*0.999,0
171,9:high-high,8:high-medium,+,0,0,0,0,0,0,0,*0.999,0
172,9:high-high,8:high-medium,+,0,0,0,0,0,0,0.003,*0.995,0
173,9:high-high,8:high-medium,+,0,0,0,0,0,0,0.003,*0.995,0
174,9:high-high,8:high-medium,+,0,0,0,0,0,0,0.003,*0.995,0
175,9:high-high,8:high-medium,+,0,0,0,0,0,0,0.003,*0.995,0
176,9:high-high,8:high-medium,+,0,0,0,0,0,0,0.003,*0.995,0
177,9:high-high,8:high-medium,+,0,0,0,0,0,0,0.003,*0.995,0
178,9:high-high,8:high-medium,+,0,0,0,0,0,0,0,*0.999,0
179,9:high-high,8:high-medium,+,0,0,0,0,0,0,0.003,*0.995,0
180,9:high-high,8:high-medium,+,0,0,0,0,0,0,0.003,*0.995,0
181,9:high-high,8:high-medium,+,0,0,0,0,0,0,0,*0.999,0
182,9:high-high,8:high-medium,+,0,0,0,0,0,0,0.003,*0.995,0
183,9:high-high,8:high-medium,+,0,0,0,0,0,0,0.003,*0.995,0
184,9:high-high,8:high-medium,+,0,0,0,0,0,0,0,*0.999,0
185,9:high-high,8:high-medium,+,0,0,0,0,0,0,0.003,*0.995,0
186,9:high-high,8:high-medium,+,0,0,0,0,0,0,0,*0.999,0
187,9:high-high,8:high-medium,+,0,0,0,0,0,0,0.003,*0.995,0
188,9:high-high,8:high-medium,+,0,0,0,0,0,0,0.003,*0.995,0
189,9:high-high,8:high-medium,+,0,0,0,0,0,0,0.003,*0.995,0
190,9:high-high,8:high-medium,+,0,0,0,0,0,0,0,*0.999,0
191,9:high-high,8:high-medium,+,0,0,0,0,0,0,0.003,*0.995,0
192,9:high-high,8:high-medium,+,0,0,0,0,0,0,0.003,*0.995,0
193,9:high-high,8:high-medium,+,0,0,0,0,0,0,0.003,*0.995,0
194,9:high-high,8:high-medium,+,0,0,0,0,0,0,0.003,*0.995,0
195,9:high-high,8:high-medium,+,0,0,0,0,0,0,0.003,*0.995,0
196,9:high-high,8:high-medium,+,0,0,0,0,0,0,0.003,*0.995,0
197,9:high-high,8:high-medium,+,0,0,0,0,0,0,0.003,*0.995,0
198,9:high-high,8:high-medium,+,0,0,0,0,0,0,0.003,*0.995,0
199,9:high-high,8:high-medium,+,0,0,0,0,0,0,0,*0.999,0
200,9:high-high,8:high-medium,+,0,0,0,0,0,0,0,*0.999,0
201,9:high-high,8:high-medium,+,0,0,0,0,0,0,0.002,*0.997,0
202,9:high-high,8:high-medium,+,0,0,0,0,0,0,0,*0.999,0
203,8:high-medium,8:high-medium,,0,0,0,0,0,0,0.002,*0.996,0
204,9:high-high,8:high-medium,+,0,0,0,0,0,0,0,*0.999,0
205,9:high-high,8:high-medium,+,0,0,0,0,0,0,0.002,*0.997,0
206,8:high-medium,8:high-medium,,0,0,0,0,0,0,0.002,*0.996,0
207,9:high-high,8:high-medium,+,0,0,0,0,0,0,0.002,*0.996,0
208,8:high-medium,8:high-medium,,0,0,0,0,0,0,0.002,*0.996,0
209,8:high-medium,8:high-medium,,0,0,0,0,0,0,0.002,*0.996,0
210,7:high-low,8:high-medium,+,0,0,0,0,0,0,0.002,*0.996,0
211,9:high-high,8:high-medium,+,0,0,0,0,0,0,0.002,*0.996,0
212,9:high-high,8:high-medium,+,0,0,0,0,0,0,0.002,*0.996,0
213,9:high-high,8:high-medium,+,0,0,0,0,0,0,0.002,*0.996,0
214,9:high-high,8:high-medium,+,0.001,0.001,0.001,0.001,0.001,0.001,0.019,*0.976,0.001
215,9:high-high,8:high-medium,+,0,0,0,0,0,0,0,*0.999,0
216,9:high-high,8:high-medium,+,0.002,0.002,0.002,0.002,0.002,0.002,0.203,*0.784,0.002
217,9:high-high,8:high-medium,+,0,0,0,0,0,0,0,*0.999,0
218,9:high-high,8:high-medium,+,0.001,0.001,0.001,0.001,0.001,0.001,0.019,*0.976,0.001
219,9:high-high,8:high-medium,+,0,0,0,0,0,0,0,*0.999,0
220,9:high-high,8:high-medium,+,0,0,0,0,0,0,0.002,*0.996,0
221,9:high-high,8:high-medium,+,0,0,0,0,0,0,0.002,*0.996,0
222,9:high-high,8:high-medium,+,0.001,0.001,0.001,0.001,0.001,0.001,0.019,*0.976,0.001
223,9:high-high,8:high-medium,+,0,0,0,0,0,0,0.002,*0.996,0
224,8:high-medium,8:high-medium,,0,0,0,0,0,0,0.002,*0.996,0
225,8:high-medium,8:high-medium,,0,0,0,0,0,0,0.002,*0.996,0
226,9:high-high,8:high-medium,+,0,0,0,0,0,0,0.002,*0.996,0
227,8:high-medium,8:high-medium,,0.001,0.001,0.001,0.001,0.001,0.001,0.019,*0.976,0.001
228,8:high-medium,8:high-medium,,0.001,0.001,0.001,0.001,0.001,0.001,0.027,*0.968,0.001
229,8:high-medium,8:high-medium,,0.001,0.001,0.001,0.001,0.001,0.001,0.036,*0.958,0.001
230,8:high-medium,8:high-medium,,0.002,0.002,0.002,0.002,0.002,0.002,0.328,*0.657,0.002
231,8:high-medium,8:high-medium,,0.001,0.001,0.001,0.001,0.001,0.001,0.036,*0.958,0.001
232,8:high-medium,8:high-medium,,0,0,0,0,0,0,0.002,*0.996,0
233,8:high-medium,8:high-medium,,0,0,0,0,0,0,0.002,*0.996,0
234,8:high-medium,8:high-medium,,0.002,0.002,0.002,0.002,0.002,0.002,0.328,*0.657,0.002
235,8:high-medium,8:high-medium,,0,0,0,0,0,0,0.002,*0.996,0
236,9:high-high,8:high-medium,+,0,0,0,0,0,0,0.002,*0.996,0
237,8:high-medium,8:high-medium,,0.001,0.001,0.001,0.001,0.001,0.001,0.019,*0.976,0.001
238,9:high-high,8:high-medium,+,0,0,0,0,0,0,0.002,*0.996,0
239,8:high-medium,8:high-medium,,0,0,0,0,0,0,0.002,*0.996,0
240,9:high-high,8:high-medium,+,0,0,0,0,0,0,0.002,*0.996,0
241,9:high-high,8:high-medium,+,0.001,0.001,0.001,0.001,0.001,0.001,0.027,*0.968,0.001
242,9:high-high,8:high-medium,+,0.001,0.001,0.001,0.001,0.001,0.001,0.021,*0.974,0.001
243,9:high-high,8:high-medium,+,0,0,0,0,0,0,0,*0.999,0
244,9:high-high,8:high-medium,+,0.001,0.001,0.001,0.001,0.001,0.001,0.021,*0.974,0.001
245,9:high-high,8:high-medium,+,0,0,0,0,0,0,0.002,*0.996,0
246,9:high-high,8:high-medium,+,0,0,0,0,0,0,0,*1,0
247,9:high-high,8:high-medium,+,0.002,0.002,0.002,0.002,0.002,0.002,0.203,*0.784,0.002
248,9:high-high,8:high-medium,+,0.002,0.002,0.002,0.002,0.002,0.002,0.203,*0.784,0.002
249,9:high-high,8:high-medium,+,0.002,0.002,0.002,0.002,0.002,0.002,0.203,*0.784,0.002
250,9:high-high,8:high-medium,+,0.001,0.001,0.001,0.001,0.001,0.001,0.027,*0.968,0.001
251,9:high-high,8:high-medium,+,0.001,0.001,0.001,0.001,0.001,0.001,0.021,*0.974,0.001
252,9:high-high,8:high-medium,+,0,0,0,0,0,0,0,*0.999,0
253,9:high-high,8:high-medium,+,0.001,0.001,0.001,0.001,0.001,0.001,0.021,*0.974,0.001
254,9:high-high,8:high-medium,+,0,0,0,0,0,0,0,*0.999,0
255,9:high-high,8:high-medium,+,0.001,0.001,0.001,0.001,0.001,0.001,0.019,*0.976,0.001
256,9:high-high,8:high-medium,+,0.001,0.001,0.001,0.001,0.001,0.001,0.021,*0.974,0.001
257,9:high-high,8:high-medium,+,0,0,0,0,0,0,0.002,*0.996,0
258,9:high-high,8:high-medium,+,0,0,0,0,0,0,0,*0.999,0
259,9:high-high,8:high-medium,+,0,0,0,0,0,0,0,*1,0
260,9:high-high,8:high-medium,+,0.001,0.001,0.001,0.001,0.001,0.001,0.019,*0.976,0.001
261,9:high-high,8:high-medium,+,0,0,0,0,0,0,0,*0.999,0
262,9:high-high,8:high-medium,+,0.001,0.001,0.001,0.001,0.001,0.001,0.027,*0.968,0.001
263,9:high-high,8:high-medium,+,0,0,0,0,0,0,0.002,*0.996,0
264,9:high-high,8:high-medium,+,0,0,0,0,0,0,0,*0.999,0
265,8:high-medium,8:high-medium,,0,0,0,0,0,0,0.002,*0.996,0
266,9:high-high,8:high-medium,+,0.001,0.001,0.001,0.001,0.001,0.001,0.036,*0.958,0.001
267,8:high-medium,8:high-medium,,0.001,0.001,0.001,0.001,0.001,0.001,0.027,*0.968,0.001
268,9:high-high,8:high-medium,+,0.001,0.001,0.001,0.001,0.001,0.001,0.027,*0.968,0.001
269,9:high-high,8:high-medium,+,0,0,0,0,0,0,0,*0.999,0
270,9:high-high,8:high-medium,+,0,0,0,0,0,0,0,*0.999,0
271,8:high-medium,8:high-medium,,0,0,0,0,0,0,0.002,*0.996,0
272,8:high-medium,8:high-medium,,0.001,0.001,0.001,0.001,0.001,0.001,0.036,*0.958,0.001
273,8:high-medium,8:high-medium,,0,0,0,0,0,0,0.002,*0.996,0
274,8:high-medium,8:high-medium,,0,0,0,0,0,0,0.002,*0.996,0
275,9:high-high,8:high-medium,+,0.001,0.001,0.001,0.001,0.001,0.001,0.036,*0.958,0.001
276,8:high-medium,8:high-medium,,0.001,0.001,0.001,0.001,0.001,0.001,0.036,*0.958,0.001
277,8:high-medium,8:high-medium,,0.002,0.002,0.002,0.002,0.002,0.002,0.328,*0.657,0.002
278,8:high-medium,8:high-medium,,0.002,0.002,0.002,0.002,0.002,0.002,0.328,*0.657,0.002
279,8:high-medium,8:high-medium,,0,0,0,0,0,0,0.002,*0.996,0
280,8:high-medium,8:high-medium,,0.001,0.001,0.001,0.001,0.001,0.001,0.036,*0.958,0.001
281,8:high-medium,8:high-medium,,0.002,0.002,0.002,0.002,0.002,0.002,0.297,*0.688,0.002
282,8:high-medium,8:high-medium,,0.002,0.002,0.002,0.002,0.002,0.002,0.297,*0.688,0.002
283,8:high-medium,7:high-low,+,0.002,0.002,0.002,0.002,0.002,0.002,*0.842,0.147,0.002
284,8:high-medium,8:high-medium,,0.002,0.002,0.002,0.002,0.002,0.002,0.297,*0.688,0.002
285,8:high-medium,8:high-medium,,0.002,0.002,0.002,0.002,0.002,0.002,0.297,*0.688,0.002
286,8:high-medium,8:high-medium,,0.002,0.002,0.002,0.002,0.002,0.002,0.297,*0.688,0.002
287,8:high-medium,8:high-medium,,0.002,0.002,0.002,0.002,0.002,0.002,0.297,*0.688,0.002
288,8:high-medium,8:high-medium,,0.001,0.001,0.001,0.001,0.001,0.001,0.036,*0.958,0.001
289,8:high-medium,7:high-low,+,0.002,0.002,0.002,0.002,0.002,0.002,*0.842,0.147,0.002
290,8:high-medium,8:high-medium,,0.002,0.002,0.002,0.002,0.002,0.002,0.297,*0.688,0.002
291,8:high-medium,8:high-medium,,0.002,0.002,0.002,0.002,0.002,0.002,0.297,*0.688,0.002
292,8:high-medium,8:high-medium,,0.002,0.002,0.002,0.002,0.002,0.002,0.297,*0.688,0.002
293,8:high-medium,8:high-medium,,0.002,0.002,0.002,0.002,0.002,0.002,0.297,*0.688,0.002
294,8:high-medium,8:high-medium,,0.002,0.002,0.002,0.002,0.002,0.002,0.297,*0.688,0.002
295,8:high-medium,7:high-low,+,0.002,0.002,0.002,0.002,0.002,0.002,*0.842,0.147,0.002
296,8:high-medium,8:high-medium,,0.001,0.001,0.001,0.001,0.001,0.001,0.036,*0.958,0.001
297,8:high-medium,8:high-medium,,0.002,0.002,0.002,0.002,0.002,0.002,0.328,*0.657,0.002
298,8:high-medium,8:high-medium,,0.001,0.001,0.001,0.001,0.001,0.001,0.036,*0.958,0.001
299,8:high-medium,8:high-medium,,0.002,0.002,0.002,0.002,0.002,0.002,0.297,*0.688,0.002
300,8:high-medium,8:high-medium,,0.002,0.002,0.002,0.002,0.002,0.002,0.297,*0.688,0.002
301,8:high-medium,8:high-medium,,0.002,0.002,0.002,0.002,0.002,0.002,0.297,*0.688,0.002
302,8:high-medium,8:high-medium,,0.002,0.002,0.002,0.002,0.002,0.002,0.297,*0.688,0.002
303,8:high-medium,8:high-medium,,0.002,0.002,0.002,0.002,0.002,0.002,0.297,*0.688,0.002
304,8:high-medium,8:high-medium,,0.002,0.002,0.002,0.002,0.002,0.002,0.297,*0.688,0.002
305,8:high-medium,8:high-medium,,0.002,0.002,0.002,0.002,0.002,0.002,0.297,*0.688,0.002
306,8:high-medium,8:high-medium,,0.002,0.002,0.002,0.002,0.002,0.002,0.297,*0.688,0.002
307,8:high-medium,7:high-low,+,0.002,0.002,0.002,0.002,0.002,0.002,*0.842,0.147,0.002
308,8:high-medium,8:high-medium,,0.002,0.002,0.002,0.002,0.002,0.002,0.297,*0.688,0.002
309,8:high-medium,8:high-medium,,0.002,0.002,0.002,0.002,0.002,0.002,0.297,*0.688,0.002
310,8:high-medium,8:high-medium,,0.002,0.002,0.002,0.002,0.002,0.002,0.297,*0.688,0.002
311,8:high-medium,7:high-low,+,0.002,0.002,0.002,0.002,0.002,0.002,*0.842,0.147,0.002
312,8:high-medium,8:high-medium,,0.002,0.002,0.002,0.002,0.002,0.002,0.297,*0.688,0.002
313,8:high-medium,8:high-medium,,0.002,0.002,0.002,0.002,0.002,0.002,0.297,*0.688,0.002
314,8:high-medium,8:high-medium,,0.002,0.002,0.002,0.002,0.002,0.002,0.297,*0.688,0.002
315,8:high-medium,8:high-medium,,0.002,0.002,0.002,0.002,0.002,0.002,0.297,*0.688,0.002
316,8:high-medium,8:high-medium,,0.002,0.002,0.002,0.002,0.002,0.002,0.297,*0.688,0.002
317,8:high-medium,7:high-low,+,0.002,0.002,0.002,0.002,0.002,0.002,*0.842,0.147,0.002
318,8:high-medium,8:high-medium,,0.001,0.001,0.001,0.001,0.001,0.001,0.036,*0.958,0.001
319,8:high-medium,7:high-low,+,0.002,0.002,0.002,0.002,0.002,0.002,*0.842,0.147,0.002
320,8:high-medium,7:high-low,+,0.002,0.002,0.002,0.002,0.002,0.002,*0.798,0.189,0.002
321,8:high-medium,7:high-low,+,0.002,0.002,0.002,0.002,0.002,0.002,*0.798,0.189,0.002
322,7:high-low,7:high-low,,0.002,0.002,0.002,0.002,0.002,0.002,*0.798,0.189,0.002
323,8:high-medium,7:high-low,+,0.002,0.002,0.002,0.002,0.002,0.002,*0.842,0.147,0.002
324,8:high-medium,8:high-medium,,0.002,0.002,0.002,0.002,0.002,0.002,0.297,*0.688,0.002
325,8:high-medium,8:high-medium,,0.002,0.002,0.002,0.002,0.002,0.002,0.297,*0.688,0.002
326,8:high-medium,8:high-medium,,0.002,0.002,0.002,0.002,0.002,0.002,0.297,*0.688,0.002
327,8:high-medium,7:high-low,+,0.002,0.002,0.002,0.002,0.002,0.002,*0.798,0.189,0.002
328,8:high-medium,8:high-medium,,0.002,0.002,0.002,0.002,0.002,0.002,0.297,*0.688,0.002
329,8:high-medium,7:high-low,+,0.002,0.002,0.002,0.002,0.002,0.002,*0.842,0.147,0.002
330,8:high-medium,8:high-medium,,0.002,0.002,0.002,0.002,0.002,0.002,0.297,*0.688,0.002
331,8:high-medium,8:high-medium,,0.002,0.002,0.002,0.002,0.002,0.002,0.297,*0.688,0.002
332,8:high-medium,7:high-low,+,0.002,0.002,0.002,0.002,0.002,0.002,*0.798,0.189,0.002
333,8:high-medium,8:high-medium,,0.002,0.002,0.002,0.002,0.002,0.002,0.297,*0.688,0.002
334,8:high-medium,8:high-medium,,0.002,0.002,0.002,0.002,0.002,0.002,0.297,*0.688,0.002
335,8:high-medium,8:high-medium,,0.002,0.002,0.002,0.002,0.002,0.002,0.297,*0.688,0.002
336,8:high-medium,8:high-medium,,0.002,0.002,0.002,0.002,0.002,0.002,0.328,*0.657,0.002
337,8:high-medium,8:high-medium,,0.002,0.002,0.002,0.002,0.002,0.002,0.297,*0.688,0.002
338,8:high-medium,8:high-medium,,0.002,0.002,0.002,0.002,0.002,0.002,0.297,*0.688,0.002
339,9:high-high,8:high-medium,+,0.002,0.002,0.002,0.002,0.002,0.002,0.297,*0.688,0.002
340,8:high-medium,8:high-medium,,0.002,0.002,0.002,0.002,0.002,0.002,0.297,*0.688,0.002
341,8:high-medium,8:high-medium,,0.002,0.002,0.002,0.002,0.002,0.002,0.297,*0.688,0.002
342,8:high-medium,8:high-medium,,0,0,0,0,0,0,0.002,*0.996,0
343,8:high-medium,8:high-medium,,0.002,0.002,0.002,0.002,0.002,0.002,0.238,*0.748,0.002
344,8:high-medium,7:high-low,+,0.002,0.002,0.002,0.002,0.002,0.002,*0.798,0.189,0.002
345,8:high-medium,8:high-medium,,0.002,0.002,0.002,0.002,0.002,0.002,0.141,*0.847,0.002
346,8:high-medium,8:high-medium,,0.002,0.002,0.002,0.002,0.002,0.002,0.203,*0.784,0.002
347,9:high-high,8:high-medium,+,0.002,0.002,0.002,0.002,0.002,0.002,0.297,*0.688,0.002
348,9:high-high,8:high-medium,+,0,0,0,0,0,0,0,*0.999,0
349,8:high-medium,8:high-medium,,0.001,0.001,0.001,0.001,0.001,0.001,0.021,*0.974,0.001
350,9:high-high,7:high-low,+,0.002,0.002,0.002,0.002,0.002,0.002,*0.798,0.189,0.002
351,8:high-medium,8:high-medium,,0,0,0,0,0,0,0,*0.999,0
352,9:high-high,8:high-medium,+,0.001,0.001,0.001,0.001,0.001,0.001,0.014,*0.982,0.001
353,9:high-high,8:high-medium,+,0.002,0.002,0.002,0.002,0.002,0.002,0.297,*0.688,0.002
354,7:high-low,8:high-medium,+,0.001,0.001,0.001,0.001,0.001,0.001,0.036,*0.958,0.001
355,8:high-medium,8:high-medium,,0.001,0.001,0.001,0.001,0.001,0.001,0.021,*0.974,0.001
356,8:high-medium,7:high-low,+,0.002,0.002,0.002,0.002,0.002,0.002,*0.842,0.147,0.002
357,9:high-high,8:high-medium,+,0.002,0.002,0.002,0.002,0.002,0.002,0.297,*0.688,0.002
358,8:high-medium,8:high-medium,,0.001,0.001,0.001,0.001,0.001,0.001,0.021,*0.974,0.001
359,9:high-high,8:high-medium,+,0.001,0.001,0.001,0.001,0.001,0.001,0.019,*0.976,0.001
360,9:high-high,8:high-medium,+,0.002,0.002,0.002,0.002,0.002,0.002,0.297,*0.688,0.002
361,7:high-low,9:high-high,+,0.087,0.003,0.003,0.003,0.003,0.003,0.003,0.012,*0.885
362,7:high-low,9:high-high,+,0.087,0.003,0.003,0.003,0.003,0.003,0.003,0.012,*0.885
363,7:high-low,8:high-medium,+,0,0,0,0,0,0,0,*1,0
364,8:high-medium,8:high-medium,,0,0,0,0,0,0,0.002,*0.996,0
365,9:high-high,8:high-medium,+,0,0,0,0,0,0,0,*0.999,0
366,9:high-high,8:high-medium,+,0,0,0,0,0,0,0,*1,0
367,9:high-high,8:high-medium,+,0,0,0,0,0,0,0.002,*0.997,0
368,9:high-high,8:high-medium,+,0,0,0,0,0,0,0,*0.999,0
369,8:high-medium,8:high-medium,,0,0,0,0,0,0,0.002,*0.996,0
370,9:high-high,8:high-medium,+,0,0,0,0,0,0,0.002,*0.996,0
371,8:high-medium,8:high-medium,,0,0,0,0,0,0,0.002,*0.996,0
372,9:high-high,8:high-medium,+,0.002,0.002,0.002,0.002,0.002,0.002,0.265,*0.72,0.002
373,8:high-medium,8:high-medium,,0,0,0,0,0,0,0.002,*0.996,0
374,8:high-medium,8:high-medium,,0.002,0.002,0.002,0.002,0.002,0.002,0.265,*0.72,0.002
375,8:high-medium,8:high-medium,,0,0,0,0,0,0,0.002,*0.996,0
376,9:high-high,8:high-medium,+,0,0,0,0,0,0,0.002,*0.996,0
377,8:high-medium,8:high-medium,,0,0,0,0,0,0,0.002,*0.996,0
378,8:high-medium,8:high-medium,,0.002,0.002,0.002,0.002,0.002,0.002,0.265,*0.72,0.002
379,9:high-high,8:high-medium,+,0.001,0.001,0.001,0.001,0.001,0.001,0.027,*0.968,0.001
380,9:high-high,8:high-medium,+,0,0,0,0,0,0,0.002,*0.996,0
381,8:high-medium,8:high-medium,,0,0,0,0,0,0,0.002,*0.996,0
382,9:high-high,8:high-medium,+,0,0,0,0,0,0,0.002,*0.996,0
383,9:high-high,8:high-medium,+,0,0,0,0,0,0,0.002,*0.996,0
384,9:high-high,8:high-medium,+,0,0,0,0,0,0,0.003,*0.995,0
385,9:high-high,8:high-medium,+,0,0,0,0,0,0,0,*0.999,0
386,9:high-high,8:high-medium,+,0,0,0,0,0,0,0,*0.999,0
387,9:high-high,8:high-medium,+,0,0,0,0,0,0,0.002,*0.996,0
388,9:high-high,8:high-medium,+,0,0,0,0,0,0,0,*0.999,0
389,9:high-high,8:high-medium,+,0,0,0,0,0,0,0,*0.999,0
390,8:high-medium,8:high-medium,,0,0,0,0,0,0,0.002,*0.996,0
391,9:high-high,8:high-medium,+,0,0,0,0,0,0,0.002,*0.996,0
392,9:high-high,8:high-medium,+,0,0,0,0,0,0,0,*0.999,0
393,9:high-high,8:high-medium,+,0,0,0,0,0,0,0.002,*0.996,0
394,9:high-high,8:high-medium,+,0,0,0,0,0,0,0,*0.999,0
395,9:high-high,8:high-medium,+,0,0,0,0,0,0,0.002,*0.996,0
396,9:high-high,8:high-medium,+,0,0,0,0,0,0,0.002,*0.996,0
397,9:high-high,8:high-medium,+,0,0,0,0,0,0,0.002,*0.996,0
398,9:high-high,8:high-medium,+,0,0,0,0,0,0,0.002,*0.996,0
399,9:high-high,8:high-medium,+,0,0,0,0,0,0,0,*0.999,0
400,9:high-high,8:high-medium,+,0,0,0,0,0,0,0,*0.999,0
401,9:high-high,8:high-medium,+,0,0,0,0,0,0,0.002,*0.996,0
402,9:high-high,8:high-medium,+,0,0,0,0,0,0,0.002,*0.996,0
403,9:high-high,8:high-medium,+,0,0,0,0,0,0,0.002,*0.996,0
404,9:high-high,8:high-medium,+,0,0,0,0,0,0,0.002,*0.996,0
405,7:high-low,8:high-medium,+,0,0,0,0,0,0,0,*1,0
406,9:high-high,8:high-medium,+,0,0,0,0,0,0,0,*0.999,0
407,7:high-low,8:high-medium,+,0.001,0.001,0.001,0.001,0.001,0.001,0.027,*0.968,0.001
408,9:high-high,8:high-medium,+,0,0,0,0,0,0,0,*0.999,0
409,8:high-medium,8:high-medium,,0.001,0.001,0.001,0.001,0.001,0.001,0.027,*0.968,0.001
410,8:high-medium,8:high-medium,,0,0,0,0,0,0,0,*1,0
411,9:high-high,8:high-medium,+,0.001,0.001,0.001,0.001,0.001,0.001,0.027,*0.968,0.001
412,8:high-medium,8:high-medium,,0.002,0.002,0.002,0.002,0.002,0.002,0.238,*0.748,0.002
413,9:high-high,8:high-medium,+,0,0,0,0,0,0,0.003,*0.995,0
414,9:high-high,8:high-medium,+,0,0,0,0,0,0,0,*0.999,0
415,8:high-medium,8:high-medium,,0,0,0,0,0,0,0,*1,0
416,8:high-medium,8:high-medium,,0,0,0,0,0,0,0,*1,0
417,8:high-medium,8:high-medium,,0,0,0,0,0,0,0.002,*0.996,0
418,8:high-medium,8:high-medium,,0,0,0,0,0,0,0,*1,0
419,9:high-high,8:high-medium,+,0.001,0.001,0.001,0.001,0.001,0.001,0.019,*0.976,0.001
420,8:high-medium,8:high-medium,,0,0,0,0,0,0,0.002,*0.996,0
421,8:high-medium,8:high-medium,,0,0,0,0,0,0,0,*0.999,0
422,8:high-medium,8:high-medium,,0,0,0,0,0,0,0.002,*0.996,0
423,8:high-medium,7:high-low,+,0.002,0.002,0.002,0.002,0.002,0.002,*0.798,0.189,0.002
424,8:high-medium,8:high-medium,,0.001,0.001,0.001,0.001,0.001,0.001,0.02,*0.975,0.001
425,8:high-medium,8:high-medium,,0.002,0.002,0.002,0.002,0.002,0.002,0.187,*0.8,0.002
426,8:high-medium,8:high-medium,,0.001,0.001,0.001,0.001,0.001,0.001,0.023,*0.972,0.001
427,8:high-medium,8:high-medium,,0.001,0.001,0.001,0.001,0.001,0.001,0.023,*0.972,0.001
428,8:high-medium,8:high-medium,,0,0,0,0,0,0,0.002,*0.996,0
429,8:high-medium,8:high-medium,,0,0,0,0,0,0,0.002,*0.996,0
430,8:high-medium,8:high-medium,,0.002,0.002,0.002,0.002,0.002,0.002,0.297,*0.688,0.002
431,8:high-medium,7:high-low,+,0.002,0.002,0.002,0.002,0.002,0.002,*0.842,0.147,0.002
432,8:high-medium,8:high-medium,,0.001,0.001,0.001,0.001,0.001,0.001,0.036,*0.958,0.001
433,8:high-medium,7:high-low,+,0.002,0.002,0.002,0.002,0.002,0.002,*0.798,0.189,0.002
434,8:high-medium,8:high-medium,,0,0,0,0,0,0,0.002,*0.996,0
435,8:high-medium,8:high-medium,,0,0,0,0,0,0,0.002,*0.996,0
436,8:high-medium,8:high-medium,,0.002,0.002,0.002,0.002,0.002,0.002,0.265,*0.72,0.002
437,8:high-medium,7:high-low,+,0.001,0.001,0.001,0.001,0.001,0.001,*0.978,0.017,0.001
438,8:high-medium,8:high-medium,,0.002,0.002,0.002,0.002,0.002,0.002,0.203,*0.784,0.002
439,8:high-medium,7:high-low,+,0.002,0.002,0.002,0.002,0.002,0.002,*0.82,0.168,0.002
440,8:high-medium,8:high-medium,,0,0,0,0,0,0,0.002,*0.996,0
441,8:high-medium,8:high-medium,,0.002,0.002,0.002,0.002,0.002,0.002,0.238,*0.748,0.002
442,8:high-medium,8:high-medium,,0.001,0.001,0.001,0.001,0.001,0.001,0.02,*0.975,0.001
443,8:high-medium,8:high-medium,,0.001,0.001,0.001,0.001,0.001,0.001,0.027,*0.968,0.001
444,8:high-medium,8:high-medium,,0,0,0,0,0,0,0.002,*0.996,0
445,8:high-medium,8:high-medium,,0,0,0,0,0,0,0.002,*0.996,0
446,8:high-medium,8:high-medium,,0.002,0.002,0.002,0.002,0.002,0.002,0.203,*0.784,0.002
447,8:high-medium,7:high-low,+,0.002,0.002,0.002,0.002,0.002,0.002,*0.798,0.189,0.002
448,8:high-medium,7:high-low,+,0.002,0.002,0.002,0.002,0.002,0.002,*0.798,0.189,0.002
449,8:high-medium,7:high-low,+,0.001,0.001,0.001,0.001,0.001,0.001,*0.978,0.017,0.001
450,7:high-low,8:high-medium,+,0.002,0.002,0.002,0.002,0.002,0.002,0.265,*0.72,0.002
451,8:high-medium,8:high-medium,,0.001,0.001,0.001,0.001,0.001,0.001,0.036,*0.958,0.001
452,8:high-medium,7:high-low,+,0.001,0.001,0.001,0.001,0.001,0.001,*0.978,0.017,0.001
453,8:high-medium,8:high-medium,,0.002,0.002,0.002,0.002,0.002,0.002,0.265,*0.72,0.002
454,8:high-medium,7:high-low,+,0.002,0.002,0.002,0.002,0.002,0.002,*0.798,0.189,0.002
455,7:high-low,7:high-low,,0.001,0.001,0.001,0.001,0.001,0.001,*0.977,0.018,0.001
456,8:high-medium,7:high-low,+,0.002,0.002,0.002,0.002,0.002,0.002,*0.798,0.189,0.002
457,8:high-medium,7:high-low,+,0.002,0.002,0.002,0.002,0.002,0.002,*0.842,0.147,0.002
458,7:high-low,8:high-medium,+,0.002,0.002,0.002,0.002,0.002,0.002,0.297,*0.688,0.002
459,7:high-low,7:high-low,,0.002,0.002,0.002,0.002,0.002,0.002,*0.798,0.189,0.002
460,8:high-medium,7:high-low,+,0.002,0.002,0.002,0.002,0.002,0.002,*0.798,0.189,0.002
461,7:high-low,7:high-low,,0.002,0.002,0.002,0.002,0.002,0.002,*0.842,0.147,0.002
462,8:high-medium,8:high-medium,,0.002,0.002,0.002,0.002,0.002,0.002,0.297,*0.688,0.002
463,7:high-low,7:high-low,,0.002,0.002,0.002,0.002,0.002,0.002,*0.842,0.147,0.002
464,7:high-low,7:high-low,,0.002,0.002,0.002,0.002,0.002,0.002,*0.798,0.189,0.002
465,7:high-low,7:high-low,,0.002,0.002,0.002,0.002,0.002,0.002,*0.798,0.189,0.002
466,7:high-low,7:high-low,,0.002,0.002,0.002,0.002,0.002,0.002,*0.777,0.21,0.002
467,7:high-low,8:high-medium,+,0.002,0.002,0.002,0.002,0.002,0.002,0.297,*0.688,0.002
468,7:high-low,7:high-low,,0.002,0.002,0.002,0.002,0.002,0.002,*0.798,0.189,0.002
469,8:high-medium,8:high-medium,,0.001,0.001,0.001,0.001,0.001,0.001,0.036,*0.958,0.001
470,8:high-medium,7:high-low,+,0.002,0.002,0.002,0.002,0.002,0.002,*0.798,0.189,0.002
471,7:high-low,7:high-low,,0.002,0.002,0.002,0.002,0.002,0.002,*0.842,0.147,0.002
472,7:high-low,8:high-medium,+,0.002,0.002,0.002,0.002,0.002,0.002,0.297,*0.688,0.002
473,7:high-low,7:high-low,,0.002,0.002,0.002,0.002,0.002,0.002,*0.842,0.147,0.002
474,8:high-medium,8:high-medium,,0.001,0.001,0.001,0.001,0.001,0.001,0.036,*0.958,0.001
475,7:high-low,7:high-low,,0.001,0.001,0.001,0.001,0.001,0.001,*0.978,0.017,0.001
476,8:high-medium,7:high-low,+,0.002,0.002,0.002,0.002,0.002,0.002,*0.798,0.189,0.002
477,7:high-low,7:high-low,,0.002,0.002,0.002,0.002,0.002,0.002,*0.798,0.189,0.002
478,7:high-low,7:high-low,,0.002,0.002,0.002,0.002,0.002,0.002,*0.798,0.189,0.002
479,8:high-medium,7:high-low,+,0.002,0.002,0.002,0.002,0.002,0.002,*0.798,0.189,0.002
480,7:high-low,7:high-low,,0.002,0.002,0.002,0.002,0.002,0.002,*0.798,0.189,0.002
481,7:high-low,7:high-low,,0.002,0.002,0.002,0.002,0.002,0.002,*0.798,0.189,0.002
482,7:high-low,7:high-low,,0.002,0.002,0.002,0.002,0.002,0.002,*0.798,0.189,0.002
483,7:high-low,7:high-low,,0.002,0.002,0.002,0.002,0.002,0.002,*0.798,0.189,0.002
484,7:high-low,7:high-low,,0.002,0.002,0.002,0.002,0.002,0.002,*0.798,0.189,0.002
485,7:high-low,7:high-low,,0.002,0.002,0.002,0.002,0.002,0.002,*0.798,0.189,0.002
486,8:high-medium,7:high-low,+,0.002,0.002,0.002,0.002,0.002,0.002,*0.798,0.189,0.002
487,7:high-low,7:high-low,,0.001,0.001,0.001,0.001,0.001,0.001,*0.978,0.017,0.001
488,7:high-low,8:high-medium,+,0.002,0.002,0.002,0.002,0.002,0.002,0.265,*0.72,0.002
489,7:high-low,7:high-low,,0.001,0.001,0.001,0.001,0.001,0.001,*0.978,0.017,0.001
490,8:high-medium,8:high-medium,,0.002,0.002,0.002,0.002,0.002,0.002,0.265,*0.72,0.002
491,7:high-low,7:high-low,,0.001,0.001,0.001,0.001,0.001,0.001,*0.978,0.017,0.001
492,8:high-medium,7:high-low,+,0.002,0.002,0.002,0.002,0.002,0.002,*0.798,0.189,0.002
493,8:high-medium,7:high-low,+,0.002,0.002,0.002,0.002,0.002,0.002,*0.798,0.189,0.002
494,8:high-medium,8:high-medium,,0.002,0.002,0.002,0.002,0.002,0.002,0.328,*0.657,0.002
495,8:high-medium,8:high-medium,,0.002,0.002,0.002,0.002,0.002,0.002,0.265,*0.72,0.002
496,8:high-medium,7:high-low,+,0.002,0.002,0.002,0.002,0.002,0.002,*0.82,0.168,0.002
497,8:high-medium,8:high-medium,,0.002,0.002,0.002,0.002,0.002,0.002,0.265,*0.72,0.002
498,8:high-medium,7:high-low,+,0.002,0.002,0.002,0.002,0.002,0.002,*0.82,0.168,0.002
499,8:high-medium,7:high-low,+,0.002,0.002,0.002,0.002,0.002,0.002,*0.82,0.168,0.002
500,8:high-medium,7:high-low,+,0.001,0.001,0.001,0.001,0.001,0.001,*0.978,0.017,0.001
501,9:high-high,8:high-medium,+,0.001,0.001,0.001,0.001,0.001,0.001,0.036,*0.958,0.001
502,8:high-medium,8:high-medium,,0,0,0,0,0,0,0.002,*0.996,0
503,8:high-medium,8:high-medium,,0.001,0.001,0.001,0.001,0.001,0.001,0.019,*0.976,0.001
504,9:high-high,8:high-medium,+,0.002,0.002,0.002,0.002,0.002,0.002,0.265,*0.72,0.002
505,8:high-medium,8:high-medium,,0.002,0.002,0.002,0.002,0.002,0.002,0.265,*0.72,0.002
506,7:high-low,7:high-low,,0.002,0.002,0.002,0.002,0.002,0.002,*0.82,0.168,0.002
507,7:high-low,7:high-low,,0.002,0.002,0.002,0.002,0.002,0.002,*0.798,0.189,0.002
508,8:high-medium,7:high-low,+,0.002,0.002,0.002,0.002,0.002,0.002,*0.798,0.189,0.002
509,8:high-medium,7:high-low,+,0.002,0.002,0.002,0.002,0.002,0.002,*0.798,0.189,0.002
510,8:high-medium,7:high-low,+,0.002,0.002,0.002,0.002,0.002,0.002,*0.842,0.147,0.002
511,8:high-medium,8:high-medium,,0.002,0.002,0.002,0.002,0.002,0.002,0.265,*0.72,0.002
512,8:high-medium,8:high-medium,,0.001,0.001,0.001,0.001,0.001,0.001,0.036,*0.958,0.001
513,8:high-medium,8:high-medium,,0.002,0.002,0.002,0.002,0.002,0.002,0.238,*0.748,0.002
514,9:high-high,8:high-medium,+,0.001,0.001,0.001,0.001,0.001,0.001,0.027,*0.968,0.001
515,9:high-high,8:high-medium,+,0,0,0,0,0,0,0,*0.999,0
516,9:high-high,8:high-medium,+,0.001,0.001,0.001,0.001,0.001,0.001,0.027,*0.968,0.001
517,8:high-medium,8:high-medium,,0,0,0,0,0,0,0.002,*0.996,0
518,8:high-medium,8:high-medium,,0.001,0.001,0.001,0.001,0.001,0.001,0.027,*0.968,0.001
519,9:high-high,8:high-medium,+,0,0,0,0,0,0,0.002,*0.996,0
520,9:high-high,8:high-medium,+,0,0,0,0,0,0,0.002,*0.996,0
521,9:high-high,8:high-medium,+,0.002,0.002,0.002,0.002,0.002,0.002,0.203,*0.784,0.002
522,9:high-high,8:high-medium,+,0,0,0,0,0,0,0,*0.999,0
523,9:high-high,8:high-medium,+,0,0,0,0,0,0,0,*0.999,0
524,9:high-high,8:high-medium,+,0.002,0.002,0.002,0.002,0.002,0.002,0.203,*0.784,0.002
525,9:high-high,8:high-medium,+,0,0,0,0,0,0,0,*0.999,0
526,9:high-high,8:high-medium,+,0,0,0,0,0,0,0,*0.999,0
527,9:high-high,8:high-medium,+,0.002,0.002,0.002,0.002,0.002,0.002,0.203,*0.784,0.002
528,9:high-high,8:high-medium,+,0,0,0,0,0,0,0,*0.999,0
529,8:high-medium,8:high-medium,,0.001,0.001,0.001,0.001,0.001,0.001,0.021,*0.974,0.001
530,9:high-high,8:high-medium,+,0,0,0,0,0,0,0,*0.999,0
531,9:high-high,8:high-medium,+,0,0,0,0,0,0,0.002,*0.996,0
532,9:high-high,8:high-medium,+,0,0,0,0,0,0,0,*0.999,0
533,9:high-high,8:high-medium,+,0,0,0,0,0,0,0.002,*0.996,0
534,8:high-medium,8:high-medium,,0.001,0.001,0.001,0.001,0.001,0.001,0.036,*0.958,0.001
535,8:high-medium,8:high-medium,,0.001,0.001,0.001,0.001,0.001,0.001,0.036,*0.958,0.001
536,8:high-medium,8:high-medium,,0,0,0,0,0,0,0.002,*0.996,0
537,8:high-medium,8:high-medium,,0.001,0.001,0.001,0.001,0.001,0.001,0.027,*0.968,0.001
538,8:high-medium,8:high-medium,,0,0,0,0,0,0,0.002,*0.996,0
539,8:high-medium,8:high-medium,,0,0,0,0,0,0,0.002,*0.996,0
540,8:high-medium,8:high-medium,,0.002,0.002,0.002,0.002,0.002,0.002,0.203,*0.784,0.002
541,9:high-high,8:high-medium,+,0,0,0,0,0,0,0.002,*0.996,0
542,8:high-medium,8:high-medium,,0.002,0.002,0.002,0.002,0.002,0.002,0.203,*0.784,0.002
543,9:high-high,8:high-medium,+,0,0,0,0,0,0,0,*0.999,0
544,8:high-medium,8:high-medium,,0,0,0,0,0,0,0.002,*0.997,0
545,8:high-medium,8:high-medium,,0.001,0.001,0.001,0.001,0.001,0.001,0.021,*0.974,0.001
546,8:high-medium,8:high-medium,,0.002,0.002,0.002,0.002,0.002,0.002,0.203,*0.784,0.002
547,8:high-medium,8:high-medium,,0.001,0.001,0.001,0.001,0.001,0.001,0.021,*0.974,0.001
548,8:high-medium,8:high-medium,,0,0,0,0,0,0,0,*0.999,0
549,7:high-low,8:high-medium,+,0,0,0,0,0,0,0,*0.999,0
550,8:high-medium,8:high-medium,,0.001,0.001,0.001,0.001,0.001,0.001,0.021,*0.974,0.001
551,7:high-low,7:high-low,,0.002,0.002,0.002,0.002,0.002,0.002,*0.679,0.305,0.002
552,9:high-high,8:high-medium,+,0.001,0.001,0.001,0.001,0.001,0.001,0.021,*0.974,0.001
553,8:high-medium,8:high-medium,,0.002,0.002,0.002,0.002,0.002,0.002,0.155,*0.833,0.002
554,8:high-medium,8:high-medium,,0,0,0,0,0,0,0.002,*0.997,0
555,8:high-medium,8:high-medium,,0.002,0.002,0.002,0.002,0.002,0.002,0.155,*0.833,0.002
556,8:high-medium,8:high-medium,,0.002,0.002,0.002,0.002,0.002,0.002,0.155,*0.833,0.002
557,8:high-medium,8:high-medium,,0,0,0,0,0,0,0.003,*0.995,0
558,8:high-medium,8:high-medium,,0.002,0.002,0.002,0.002,0.002,0.002,0.203,*0.784,0.002
559,8:high-medium,8:high-medium,,0,0,0,0,0,0,0.003,*0.995,0
560,7:high-low,8:high-medium,+,0.001,0.001,0.001,0.001,0.001,0.001,0.032,*0.962,0.001
561,8:high-medium,8:high-medium,,0.001,0.001,0.001,0.001,0.001,0.001,0.032,*0.962,0.001
562,8:high-medium,8:high-medium,,0.001,0.001,0.001,0.001,0.001,0.001,0.032,*0.962,0.001
563,8:high-medium,8:high-medium,,0,0,0,0,0,0,0.003,*0.995,0
564,8:high-medium,8:high-medium,,0.002,0.002,0.002,0.002,0.002,0.002,0.278,*0.707,0.002
565,8:high-medium,8:high-medium,,0,0,0,0,0,0,0.003,*0.995,0
566,8:high-medium,8:high-medium,,0,0,0,0,0,0,0.003,*0.995,0
567,8:high-medium,8:high-medium,,0.001,0.001,0.001,0.001,0.001,0.001,0.024,*0.971,0.001
568,8:high-medium,8:high-medium,,0,0,0,0,0,0,0.003,*0.995,0
569,8:high-medium,8:high-medium,,0,0,0,0,0,0,0.003,*0.995,0
570,9:high-high,8:high-medium,+,0,0,0,0,0,0,0.003,*0.995,0
571,8:high-medium,8:high-medium,,0.001,0.001,0.001,0.001,0.001,0.001,0.024,*0.971,0.001
572,9:high-high,8:high-medium,+,0,0,0,0,0,0,0.003,*0.995,0
573,9:high-high,8:high-medium,+,0.001,0.001,0.001,0.001,0.001,0.001,0.024,*0.971,0.001
574,8:high-medium,8:high-medium,,0.001,0.001,0.001,0.001,0.001,0.001,0.024,*0.971,0.001
575,8:high-medium,8:high-medium,,0.002,0.002,0.002,0.002,0.002,0.002,0.217,*0.769,0.002
576,8:high-medium,8:high-medium,,0.001,0.001,0.001,0.001,0.001,0.001,0.024,*0.971,0.001
577,9:high-high,8:high-medium,+,0.001,0.001,0.001,0.001,0.001,0.001,0.024,*0.971,0.001
578,8:high-medium,8:high-medium,,0,0,0,0,0,0,0.003,*0.995,0
579,9:high-high,8:high-medium,+,0,0,0,0,0,0,0.003,*0.995,0
580,8:high-medium,8:high-medium,,0,0,0,0,0,0,0.003,*0.995,0
581,8:high-medium,8:high-medium,,0,0,0,0,0,0,0.003,*0.995,0
582,8:high-medium,8:high-medium,,0,0,0,0,0,0,0.003,*0.995,0
583,9:high-high,8:high-medium,+,0,0,0,0,0,0,0.003,*0.995,0
584,8:high-medium,8:high-medium,,0,0,0,0,0,0,0,*1,0
585,8:high-medium,8:high-medium,,0,0,0,0,0,0,0.003,*0.995,0
586,8:high-medium,8:high-medium,,0.001,0.001,0.001,0.001,0.001,0.001,0.033,*0.961,0.001
587,9:high-high,8:high-medium,+,0,0,0,0,0,0,0,*0.999,0
588,8:high-medium,8:high-medium,,0,0,0,0,0,0,0.003,*0.995,0
589,8:high-medium,8:high-medium,,0,0,0,0,0,0,0.003,*0.995,0
590,8:high-medium,8:high-medium,,0,0,0,0,0,0,0.003,*0.995,0
591,8:high-medium,8:high-medium,,0,0,0,0,0,0,0.003,*0.995,0
592,9:high-high,8:high-medium,+,0,0,0,0,0,0,0.003,*0.995,0
593,8:high-medium,8:high-medium,,0,0,0,0,0,0,0.003,*0.995,0
594,8:high-medium,8:high-medium,,0.001,0.001,0.001,0.001,0.001,0.001,0.021,*0.974,0.001
595,9:high-high,8:high-medium,+,0.001,0.001,0.001,0.001,0.001,0.001,0.021,*0.974,0.001
596,8:high-medium,8:high-medium,,0.001,0.001,0.001,0.001,0.001,0.001,0.033,*0.961,0.001
597,8:high-medium,8:high-medium,,0,0,0,0,0,0,0,*0.999,0
598,8:high-medium,8:high-medium,,0.002,0.002,0.002,0.002,0.002,0.002,0.203,*0.784,0.002
599,8:high-medium,8:high-medium,,0,0,0,0,0,0,0.002,*0.996,0
600,8:high-medium,8:high-medium,,0,0,0,0,0,0,0.002,*0.997,0
601,9:high-high,8:high-medium,+,0,0,0,0,0,0,0.002,*0.996,0
602,8:high-medium,8:high-medium,,0,0,0,0,0,0,0.002,*0.996,0
603,8:high-medium,8:high-medium,,0.001,0.001,0.001,0.001,0.001,0.001,0.019,*0.976,0.001
604,7:high-low,8:high-medium,+,0,0,0,0,0,0,0.002,*0.996,0
605,7:high-low,8:high-medium,+,0.001,0.001,0.001,0.001,0.001,0.001,0.036,*0.958,0.001
606,8:high-medium,8:high-medium,,0.001,0.001,0.001,0.001,0.001,0.001,0.036,*0.958,0.001
607,8:high-medium,8:high-medium,,0.002,0.002,0.002,0.002,0.002,0.002,0.265,*0.72,0.002
608,8:high-medium,7:high-low,+,0.002,0.002,0.002,0.002,0.002,0.002,*0.82,0.168,0.002
609,8:high-medium,7:high-low,+,0.001,0.001,0.001,0.001,0.001,0.001,*0.978,0.017,0.001
610,7:high-low,8:high-medium,+,0.002,0.002,0.002,0.002,0.002,0.002,0.265,*0.72,0.002
611,8:high-medium,7:high-low,+,0.002,0.002,0.002,0.002,0.002,0.002,*0.82,0.168,0.002
612,8:high-medium,8:high-medium,,0.002,0.002,0.002,0.002,0.002,0.002,0.265,*0.72,0.002
613,7:high-low,8:high-medium,+,0.002,0.002,0.002,0.002,0.002,0.002,0.265,*0.72,0.002
614,7:high-low,7:high-low,,0.002,0.002,0.002,0.002,0.002,0.002,*0.82,0.168,0.002
615,8:high-medium,8:high-medium,,0.002,0.002,0.002,0.002,0.002,0.002,0.265,*0.72,0.002
616,7:high-low,7:high-low,,0.001,0.001,0.001,0.001,0.001,0.001,*0.978,0.017,0.001
617,8:high-medium,8:high-medium,,0.002,0.002,0.002,0.002,0.002,0.002,0.265,*0.72,0.002
618,8:high-medium,8:high-medium,,0.002,0.002,0.002,0.002,0.002,0.002,0.265,*0.72,0.002
619,8:high-medium,8:high-medium,,0.002,0.002,0.002,0.002,0.002,0.002,0.265,*0.72,0.002
620,8:high-medium,7:high-low,+,0.002,0.002,0.002,0.002,0.002,0.002,*0.82,0.168,0.002
621,8:high-medium,8:high-medium,,0.002,0.002,0.002,0.002,0.002,0.002,0.265,*0.72,0.002
622,8:high-medium,8:high-medium,,0.002,0.002,0.002,0.002,0.002,0.002,0.265,*0.72,0.002
623,8:high-medium,7:high-low,+,0.002,0.002,0.002,0.002,0.002,0.002,*0.798,0.189,0.002
624,8:high-medium,8:high-medium,,0.002,0.002,0.002,0.002,0.002,0.002,0.265,*0.72,0.002
625,8:high-medium,7:high-low,+,0.001,0.001,0.001,0.001,0.001,0.001,*0.978,0.017,0.001
626,8:high-medium,8:high-medium,,0.002,0.002,0.002,0.002,0.002,0.002,0.265,*0.72,0.002
627,8:high-medium,8:high-medium,,0.001,0.001,0.001,0.001,0.001,0.001,0.027,*0.968,0.001
628,8:high-medium,8:high-medium,,0,0,0,0,0,0,0.002,*0.996,0
629,8:high-medium,8:high-medium,,0,0,0,0,0,0,0.002,*0.996,0
630,8:high-medium,8:high-medium,,0.001,0.001,0.001,0.001,0.001,0.001,0.02,*0.975,0.001
631,8:high-medium,8:high-medium,,0,0,0,0,0,0,0.002,*0.996,0
632,8:high-medium,8:high-medium,,0.001,0.001,0.001,0.001,0.001,0.001,0.027,*0.968,0.001
633,8:high-medium,8:high-medium,,0.002,0.002,0.002,0.002,0.002,0.002,0.265,*0.72,0.002
634,8:high-medium,8:high-medium,,0.001,0.001,0.001,0.001,0.001,0.001,0.027,*0.968,0.001
635,8:high-medium,8:high-medium,,0,0,0,0,0,0,0.002,*0.996,0
636,9:high-high,8:high-medium,+,0,0,0,0,0,0,0.002,*0.996,0
637,8:high-medium,8:high-medium,,0.002,0.002,0.002,0.002,0.002,0.002,0.265,*0.72,0.002
638,8:high-medium,8:high-medium,,0.002,0.002,0.002,0.002,0.002,0.002,0.21,*0.776,0.002
639,8:high-medium,8:high-medium,,0.002,0.002,0.002,0.002,0.002,0.002,0.265,*0.72,0.002
640,8:high-medium,8:high-medium,,0.002,0.002,0.002,0.002,0.002,0.002,0.265,*0.72,0.002
641,8:high-medium,8:high-medium,,0.002,0.002,0.002,0.002,0.002,0.002,0.265,*0.72,0.002
642,8:high-medium,8:high-medium,,0.002,0.002,0.002,0.002,0.002,0.002,0.265,*0.72,0.002
643,8:high-medium,8:high-medium,,0.002,0.002,0.002,0.002,0.002,0.002,0.265,*0.72,0.002
644,8:high-medium,8:high-medium,,0.002,0.002,0.002,0.002,0.002,0.002,0.297,*0.688,0.002
645,8:high-medium,8:high-medium,,0,0,0,0,0,0,0.002,*0.996,0
646,8:high-medium,8:high-medium,,0.002,0.002,0.002,0.002,0.002,0.002,0.297,*0.688,0.002
647,8:high-medium,7:high-low,+,0.002,0.002,0.002,0.002,0.002,0.002,*0.798,0.189,0.002
648,8:high-medium,7:high-low,+,0.002,0.002,0.002,0.002,0.002,0.002,*0.798,0.189,0.002
649,8:high-medium,7:high-low,+,0.002,0.002,0.002,0.002,0.002,0.002,*0.842,0.147,0.002
650,8:high-medium,8:high-medium,,0.001,0.001,0.001,0.001,0.001,0.001,0.02,*0.975,0.001
651,8:high-medium,8:high-medium,,0,0,0,0,0,0,0.002,*0.997,0
652,8:high-medium,8:high-medium,,0.001,0.001,0.001,0.001,0.001,0.001,0.027,*0.968,0.001
653,8:high-medium,8:high-medium,,0,0,0,0,0,0,0.002,*0.996,0
654,8:high-medium,8:high-medium,,0,0,0,0,0,0,0.002,*0.996,0
655,7:high-low,8:high-medium,+,0.001,0.001,0.001,0.001,0.001,0.001,0.02,*0.975,0.001
656,8:high-medium,8:high-medium,,0,0,0,0,0,0,0.002,*0.996,0
657,8:high-medium,8:high-medium,,0.001,0.001,0.001,0.001,0.001,0.001,0.02,*0.975,0.001
658,8:high-medium,8:high-medium,,0.001,0.001,0.001,0.001,0.001,0.001,0.02,*0.975,0.001
659,8:high-medium,8:high-medium,,0,0,0,0,0,0,0,*0.999,0
660,8:high-medium,8:high-medium,,0.002,0.002,0.002,0.002,0.002,0.002,0.21,*0.776,0.002
661,8:high-medium,8:high-medium,,0.001,0.001,0.001,0.001,0.001,0.001,0.02,*0.975,0.001
662,8:high-medium,8:high-medium,,0.002,0.002,0.002,0.002,0.002,0.002,0.21,*0.776,0.002
663,8:high-medium,8:high-medium,,0.002,0.002,0.002,0.002,0.002,0.002,0.21,*0.776,0.002
664,9:high-high,8:high-medium,+,0,0,0,0,0,0,0.002,*0.996,0
665,8:high-medium,8:high-medium,,0,0,0,0,0,0,0.002,*0.997,0
666,8:high-medium,8:high-medium,,0.001,0.001,0.001,0.001,0.001,0.001,0.02,*0.975,0.001
667,8:high-medium,8:high-medium,,0.002,0.002,0.002,0.002,0.002,0.002,0.21,*0.776,0.002
668,8:high-medium,7:high-low,+,0.002,0.002,0.002,0.002,0.002,0.002,*0.82,0.168,0.002
669,8:high-medium,8:high-medium,,0.002,0.002,0.002,0.002,0.002,0.002,0.265,*0.72,0.002
670,8:high-medium,7:high-low,+,0.001,0.001,0.001,0.001,0.001,0.001,*0.978,0.017,0.001
671,8:high-medium,8:high-medium,,0.002,0.002,0.002,0.002,0.002,0.002,0.265,*0.72,0.002
672,8:high-medium,8:high-medium,,0.002,0.002,0.002,0.002,0.002,0.002,0.265,*0.72,0.002
673,8:high-medium,8:high-medium,,0.002,0.002,0.002,0.002,0.002,0.002,0.265,*0.72,0.002
674,8:high-medium,7:high-low,+,0.001,0.001,0.001,0.001,0.001,0.001,*0.978,0.017,0.001
675,8:high-medium,8:high-medium,,0.002,0.002,0.002,0.002,0.002,0.002,0.265,*0.72,0.002
676,8:high-medium,7:high-low,+,0.002,0.002,0.002,0.002,0.002,0.002,*0.798,0.189,0.002
677,8:high-medium,7:high-low,+,0.002,0.002,0.002,0.002,0.002,0.002,*0.798,0.189,0.002
678,8:high-medium,7:high-low,+,0.001,0.001,0.001,0.001,0.001,0.001,*0.978,0.017,0.001
679,9:high-high,8:high-medium,+,0.002,0.002,0.002,0.002,0.002,0.002,0.265,*0.72,0.002
680,8:high-medium,7:high-low,+,0.001,0.001,0.001,0.001,0.001,0.001,*0.978,0.017,0.001
681,8:high-medium,7:high-low,+,0.002,0.002,0.002,0.002,0.002,0.002,*0.798,0.189,0.002
682,8:high-medium,8:high-medium,,0.002,0.002,0.002,0.002,0.002,0.002,0.265,*0.72,0.002
683,8:high-medium,8:high-medium,,0.002,0.002,0.002,0.002,0.002,0.002,0.265,*0.72,0.002
684,8:high-medium,7:high-low,+,0.002,0.002,0.002,0.002,0.002,0.002,*0.798,0.189,0.002
685,8:high-medium,7:high-low,+,0.002,0.002,0.002,0.002,0.002,0.002,*0.798,0.189,0.002
686,8:high-medium,8:high-medium,,0.002,0.002,0.002,0.002,0.002,0.002,0.265,*0.72,0.002
687,8:high-medium,8:high-medium,,0.002,0.002,0.002,0.002,0.002,0.002,0.265,*0.72,0.002
688,8:high-medium,7:high-low,+,0.002,0.002,0.002,0.002,0.002,0.002,*0.798,0.189,0.002
689,8:high-medium,7:high-low,+,0.001,0.001,0.001,0.001,0.001,0.001,*0.978,0.017,0.001
690,8:high-medium,7:high-low,+,0.001,0.001,0.001,0.001,0.001,0.001,*0.978,0.017,0.001
691,8:high-medium,7:high-low,+,0.002,0.002,0.002,0.002,0.002,0.002,*0.842,0.147,0.002
692,8:high-medium,7:high-low,+,0.002,0.002,0.002,0.002,0.002,0.002,*0.798,0.189,0.002
693,7:high-low,8:high-medium,+,0.002,0.002,0.002,0.002,0.002,0.002,0.265,*0.72,0.002
694,7:high-low,7:high-low,,0.001,0.001,0.001,0.001,0.001,0.001,*0.978,0.017,0.001
695,7:high-low,7:high-low,,0.002,0.002,0.002,0.002,0.002,0.002,*0.798,0.189,0.002
696,8:high-medium,7:high-low,+,0.001,0.001,0.001,0.001,0.001,0.001,*0.978,0.017,0.001
697,8:high-medium,8:high-medium,,0.002,0.002,0.002,0.002,0.002,0.002,0.265,*0.72,0.002
698,8:high-medium,8:high-medium,,0.002,0.002,0.002,0.002,0.002,0.002,0.265,*0.72,0.002
699,7:high-low,7:high-low,,0.001,0.001,0.001,0.001,0.001,0.001,*0.978,0.017,0.001
700,8:high-medium,7:high-low,+,0.002,0.002,0.002,0.002,0.002,0.002,*0.798,0.189,0.002
701,8:high-medium,8:high-medium,,0.002,0.002,0.002,0.002,0.002,0.002,0.265,*0.72,0.002
702,8:high-medium,8:high-medium,,0.002,0.002,0.002,0.002,0.002,0.002,0.265,*0.72,0.002
703,8:high-medium,7:high-low,+,0.002,0.002,0.002,0.002,0.002,0.002,*0.798,0.189,0.002
704,7:high-low,8:high-medium,+,0.001,0.001,0.001,0.001,0.001,0.001,0.02,*0.975,0.001
705,7:high-low,7:high-low,,0.002,0.002,0.002,0.002,0.002,0.002,*0.798,0.189,0.002
706,8:high-medium,8:high-medium,,0.001,0.001,0.001,0.001,0.001,0.001,0.02,*0.975,0.001
707,8:high-medium,8:high-medium,,0,0,0,0,0,0,0.002,*0.997,0
708,8:high-medium,8:high-medium,,0,0,0,0,0,0,0.002,*0.997,0
709,8:high-medium,8:high-medium,,0,0,0,0,0,0,0,*1,0
710,9:high-high,8:high-medium,+,0,0,0,0,0,0,0,*0.999,0
711,8:high-medium,8:high-medium,,0.002,0.002,0.002,0.002,0.002,0.002,0.265,*0.72,0.002
712,8:high-medium,8:high-medium,,0.001,0.001,0.001,0.001,0.001,0.001,0.02,*0.975,0.001
713,8:high-medium,8:high-medium,,0.001,0.001,0.001,0.001,0.001,0.001,0.02,*0.975,0.001
714,8:high-medium,8:high-medium,,0.001,0.001,0.001,0.001,0.001,0.001,0.02,*0.975,0.001
715,8:high-medium,8:high-medium,,0.001,0.001,0.001,0.001,0.001,0.001,0.02,*0.975,0.001
716,8:high-medium,8:high-medium,,0,0,0,0,0,0,0,*0.999,0
717,8:high-medium,8:high-medium,,0,0,0,0,0,0,0.002,*0.997,0
718,8:high-medium,8:high-medium,,0,0,0,0,0,0,0,*0.999,0
719,8:high-medium,8:high-medium,,0,0,0,0,0,0,0,*0.999,0
720,9:high-high,8:high-medium,+,0,0,0,0,0,0,0.002,*0.997,0
721,8:high-medium,8:high-medium,,0,0,0,0,0,0,0,*0.999,0
722,9:high-high,8:high-medium,+,0,0,0,0,0,0,0,*1,0
723,9:high-high,8:high-medium,+,0,0,0,0,0,0,0,*1,0
724,9:high-high,8:high-medium,+,0,0,0,0,0,0,0,*0.999,0
725,9:high-high,8:high-medium,+,0.001,0.001,0.001,0.001,0.001,0.001,0.026,*0.969,0.001
726,9:high-high,8:high-medium,+,0,0,0,0,0,0,0,*1,0
727,9:high-high,8:high-medium,+,0,0,0,0,0,0,0,*1,0
728,9:high-high,8:high-medium,+,0,0,0,0,0,0,0,*1,0
729,9:high-high,8:high-medium,+,0,0,0,0,0,0,0,*1,0
730,8:high-medium,8:high-medium,,0,0,0,0,0,0,0,*1,0
731,9:high-high,8:high-medium,+,0,0,0,0,0,0,0,*0.999,0
732,9:high-high,8:high-medium,+,0,0,0,0,0,0,0,*1,0
733,8:high-medium,8:high-medium,,0,0,0,0,0,0,0,*1,0
734,9:high-high,8:high-medium,+,0,0,0,0,0,0,0,*1,0
735,8:high-medium,8:high-medium,,0,0,0,0,0,0,0,*1,0
736,9:high-high,8:high-medium,+,0,0,0,0,0,0,0,*1,0
737,9:high-high,8:high-medium,+,0,0,0,0,0,0,0,*1,0
738,9:high-high,8:high-medium,+,0,0,0,0,0,0,0,*0.999,0
739,8:high-medium,8:high-medium,,0,0,0,0,0,0,0,*1,0
740,9:high-high,8:high-medium,+,0,0,0,0,0,0,0,*1,0
741,9:high-high,8:high-medium,+,0,0,0,0,0,0,0,*1,0
742,9:high-high,8:high-medium,+,0,0,0,0,0,0,0,*0.999,0
743,9:high-high,8:high-medium,+,0,0,0,0,0,0,0,*0.999,0
744,9:high-high,8:high-medium,+,0,0,0,0,0,0,0,*1,0
745,9:high-high,8:high-medium,+,0,0,0,0,0,0,0,*0.999,0
746,9:high-high,8:high-medium,+,0,0,0,0,0,0,0,*0.999,0
747,9:high-high,8:high-medium,+,0,0,0,0,0,0,0,*1,0
748,9:high-high,8:high-medium,+,0,0,0,0,0,0,0,*1,0
749,9:high-high,8:high-medium,+,0,0,0,0,0,0,0,*1,0
750,9:high-high,8:high-medium,+,0,0,0,0,0,0,0,*1,0
751,9:high-high,8:high-medium,+,0,0,0,0,0,0,0,*1,0
752,9:high-high,8:high-medium,+,0,0,0,0,0,0,0,*1,0
753,9:high-high,8:high-medium,+,0,0,0,0,0,0,0,*1,0
754,9:high-high,8:high-medium,+,0,0,0,0,0,0,0,*1,0
755,9:high-high,8:high-medium,+,0,0,0,0,0,0,0,*1,0
756,9:high-high,8:high-medium,+,0,0,0,0,0,0,0,*1,0
757,9:high-high,8:high-medium,+,0,0,0,0,0,0,0,*1,0
758,9:high-high,8:high-medium,+,0,0,0,0,0,0,0,*1,0
759,9:high-high,8:high-medium,+,0,0,0,0,0,0,0,*1,0
760,9:high-high,8:high-medium,+,0,0,0,0,0,0,0,*1,0
761,9:high-high,8:high-medium,+,0,0,0,0,0,0,0,*1,0
762,9:high-high,8:high-medium,+,0,0,0,0,0,0,0,*1,0
763,9:high-high,8:high-medium,+,0,0,0,0,0,0,0,*1,0
764,9:high-high,8:high-medium,+,0,0,0,0,0,0,0,*1,0
765,9:high-high,8:high-medium,+,0,0,0,0,0,0,0,*1,0
766,9:high-high,8:high-medium,+,0,0,0,0,0,0,0,*1,0
767,9:high-high,8:high-medium,+,0,0,0,0,0,0,0,*1,0
768,9:high-high,8:high-medium,+,0,0,0,0,0,0,0,*1,0
769,9:high-high,8:high-medium,+,0,0,0,0,0,0,0,*1,0
770,9:high-high,8:high-medium,+,0,0,0,0,0,0,0,*1,0
771,9:high-high,8:high-medium,+,0,0,0,0,0,0,0,*1,0
772,9:high-high,8:high-medium,+,0,0,0,0,0,0,0,*1,0
773,9:high-high,8:high-medium,+,0,0,0,0,0,0,0,*1,0
774,9:high-high,8:high-medium,+,0,0,0,0,0,0,0,*1,0
775,9:high-high,8:high-medium,+,0,0,0,0,0,0,0,*0.999,0
776,9:high-high,8:high-medium,+,0,0,0,0,0,0,0,*0.999,0
777,9:high-high,8:high-medium,+,0,0,0,0,0,0,0,*0.999,0
778,9:high-high,8:high-medium,+,0,0,0,0,0,0,0,*0.999,0
779,9:high-high,8:high-medium,+,0,0,0,0,0,0,0,*0.999,0
780,9:high-high,8:high-medium,+,0,0,0,0,0,0,0.001,*0.997,0.001
781,9:high-high,8:high-medium,+,0,0,0,0,0,0,0,*1,0
782,9:high-high,8:high-medium,+,0,0,0,0,0,0,0,*0.999,0
783,9:high-high,8:high-medium,+,0,0,0,0,0,0,0,*0.999,0
784,9:high-high,8:high-medium,+,0,0,0,0,0,0,0,*1,0
785,9:high-high,8:high-medium,+,0,0,0,0,0,0,0,*1,0
786,9:high-high,8:high-medium,+,0,0,0,0,0,0,0,*1,0
787,9:high-high,8:high-medium,+,0,0,0,0,0,0,0,*1,0
788,9:high-high,8:high-medium,+,0,0,0,0,0,0,0,*1,0
789,9:high-high,8:high-medium,+,0,0,0,0,0,0,0,*0.999,0
790,9:high-high,8:high-medium,+,0,0,0,0,0,0,0.002,*0.996,0
791,9:high-high,8:high-medium,+,0,0,0,0,0,0,0,*1,0
792,9:high-high,8:high-medium,+,0.001,0.001,0.001,0.001,0.001,0.001,0.019,*0.976,0.001
793,9:high-high,8:high-medium,+,0.001,0.001,0.001,0.001,0.001,0.001,0.026,*0.969,0.001
794,9:high-high,8:high-medium,+,0.001,0.001,0.001,0.001,0.001,0.001,0.023,*0.972,0.001
795,9:high-high,8:high-medium,+,0,0,0,0,0,0,0,*1,0
796,9:high-high,8:high-medium,+,0,0,0,0,0,0,0.002,*0.996,0
797,9:high-high,8:high-medium,+,0.001,0.001,0.001,0.001,0.001,0.001,0.023,*0.972,0.001
798,9:high-high,8:high-medium,+,0,0,0,0,0,0,0.003,*0.995,0
799,9:high-high,8:high-medium,+,0,0,0,0,0,0,0.003,*0.995,0
800,9:high-high,8:high-medium,+,0,0,0,0,0,0,0,*0.999,0
801,9:high-high,8:high-medium,+,0,0,0,0,0,0,0.003,*0.996,0
802,9:high-high,8:high-medium,+,0,0,0,0,0,0,0.003,*0.995,0
803,9:high-high,8:high-medium,+,0.001,0.001,0.001,0.001,0.001,0.001,0.023,*0.972,0.001
804,9:high-high,8:high-medium,+,0,0,0,0,0,0,0.003,*0.995,0
805,9:high-high,8:high-medium,+,0.002,0.002,0.002,0.002,0.002,0.002,0.187,*0.8,0.002
806,9:high-high,8:high-medium,+,0.002,0.002,0.002,0.002,0.002,0.002,0.187,*0.8,0.002
807,9:high-high,8:high-medium,+,0,0,0,0,0,0,0.003,*0.995,0
808,9:high-high,8:high-medium,+,0,0,0,0,0,0,0.002,*0.997,0
809,9:high-high,7:high-low,+,0.002,0.002,0.002,0.002,0.002,0.002,*0.798,0.189,0.002
810,8:high-medium,7:high-low,+,0.002,0.002,0.002,0.002,0.002,0.002,*0.798,0.189,0.002
811,8:high-medium,7:high-low,+,0.002,0.002,0.002,0.002,0.002,0.002,*0.842,0.147,0.002
812,8:high-medium,7:high-low,+,0.002,0.002,0.002,0.002,0.002,0.002,*0.798,0.189,0.002
813,8:high-medium,8:high-medium,,0.002,0.002,0.002,0.002,0.002,0.002,0.297,*0.688,0.002
814,8:high-medium,8:high-medium,,0.002,0.002,0.002,0.002,0.002,0.002,0.297,*0.688,0.002
815,8:high-medium,8:high-medium,,0.002,0.002,0.002,0.002,0.002,0.002,0.187,*0.8,0.002
816,9:high-high,7:high-low,+,0.002,0.002,0.002,0.002,0.002,0.002,*0.798,0.189,0.002
817,8:high-medium,8:high-medium,,0.002,0.002,0.002,0.002,0.002,0.002,0.297,*0.688,0.002
818,7:high-low,7:high-low,,0.002,0.002,0.002,0.002,0.002,0.002,*0.798,0.189,0.002
819,8:high-medium,8:high-medium,,0,0,0,0,0,0,0.002,*0.996,0
820,8:high-medium,8:high-medium,,0.001,0.001,0.001,0.001,0.001,0.001,0.02,*0.975,0.001
821,8:high-medium,8:high-medium,,0,0,0,0,0,0,0.002,*0.996,0
822,8:high-medium,8:high-medium,,0.002,0.002,0.002,0.002,0.002,0.002,0.297,*0.688,0.002
823,8:high-medium,7:high-low,+,0.002,0.002,0.002,0.002,0.002,0.002,*0.798,0.189,0.002
824,8:high-medium,7:high-low,+,0.001,0.001,0.001,0.001,0.001,0.001,*0.978,0.017,0.001
825,8:high-medium,8:high-medium,,0,0,0,0,0,0,0,*0.999,0
826,9:high-high,8:high-medium,+,0,0,0,0,0,0,0.002,*0.996,0
827,9:high-high,8:high-medium,+,0,0,0,0,0,0,0,*0.999,0
828,9:high-high,8:high-medium,+,0,0,0,0,0,0,0,*1,0
829,9:high-high,8:high-medium,+,0,0,0,0,0,0,0,*0.999,0
830,8:high-medium,8:high-medium,,0,0,0,0,0,0,0,*0.999,0
831,8:high-medium,8:high-medium,,0,0,0,0,0,0,0,*0.999,0
832,8:high-medium,8:high-medium,,0.001,0.001,0.001,0.001,0.001,0.001,0.02,*0.975,0.001
833,9:high-high,7:high-low,+,0.002,0.002,0.002,0.002,0.002,0.002,*0.798,0.189,0.002
834,8:high-medium,8:high-medium,,0.001,0.001,0.001,0.001,0.001,0.001,0.023,*0.972,0.001
835,9:high-high,8:high-medium,+,0,0,0,0,0,0,0.002,*0.996,0
836,8:high-medium,8:high-medium,,0,0,0,0,0,0,0,*0.999,0
837,8:high-medium,8:high-medium,,0,0,0,0,0,0,0.002,*0.996,0
838,9:high-high,8:high-medium,+,0,0,0,0,0,0,0.002,*0.996,0
839,8:high-medium,8:high-medium,,0,0,0,0,0,0,0.002,*0.996,0
840,9:high-high,8:high-medium,+,0,0,0,0,0,0,0.002,*0.996,0
841,8:high-medium,8:high-medium,,0,0,0,0,0,0,0.002,*0.997,0
842,9:high-high,8:high-medium,+,0,0,0,0,0,0,0,*0.999,0
843,9:high-high,8:high-medium,+,0,0,0,0,0,0,0,*0.999,0
844,9:high-high,8:high-medium,+,0,0,0,0,0,0,0,*0.999,0
845,9:high-high,8:high-medium,+,0,0,0,0,0,0,0.002,*0.997,0
846,7:high-low,9:high-high,+,0.087,0.003,0.003,0.003,0.003,0.003,0.003,0.012,*0.885
